dataset_id,dataset_name,outer_cv_split,number,value,datetime_start,datetime_complete,duration,params_n_max,params_n_layers,params_lr,params_batch_size,state,system_attrs_fixed_params
287.0,k2204_BPV,1.0,0.0,4.346732748672366e-05,2022-10-21 09:49:21.879024,2022-10-21 09:50:17.057706,0 days 00:00:55.178682,64.0,2.0,0.001,512.0,COMPLETE,"{'n_max': 64, 'n_layers': 2, 'lr': 0.001, 'batch_size': 512}"
287.0,k2204_BPV,1.0,1.0,0.0001289147767238,2022-10-21 09:50:17.058235,2022-10-21 09:55:36.402314,0 days 00:05:19.344079,371.0,3.0,1.1776044054960748e-05,2048.0,COMPLETE,
287.0,k2204_BPV,1.0,2.0,0.0112902726978063,2022-10-21 09:55:36.402823,2022-10-21 09:55:54.590813,0 days 00:00:18.187990,709.0,4.0,0.0010096842081848,8124.0,COMPLETE,
287.0,k2204_BPV,1.0,3.0,0.0733960643410682,2022-10-21 09:55:54.591273,2022-10-21 09:56:16.121630,0 days 00:00:21.530357,892.0,5.0,0.0036761359974581,4096.0,COMPLETE,
287.0,k2204_BPV,1.0,4.0,4.530111982603557e-05,2022-10-21 09:56:16.122084,2022-10-21 09:56:44.216457,0 days 00:00:28.094373,51.0,2.0,0.0041552933994043,512.0,COMPLETE,
287.0,k2204_BPV,1.0,5.0,0.0015985774807631,2022-10-21 09:56:44.216972,2022-10-21 10:00:25.379297,0 days 00:03:41.162325,34.0,4.0,0.00041309413809,8124.0,COMPLETE,
287.0,k2204_BPV,1.0,6.0,3.0295059332274832e-05,2022-10-21 10:00:25.379869,2022-10-21 10:05:36.096784,0 days 00:05:10.716915,375.0,2.0,4.9264815056525975e-05,2048.0,COMPLETE,
287.0,k2204_BPV,1.0,7.0,0.0073281903751194,2022-10-21 10:05:36.097243,2022-10-21 10:07:36.315550,0 days 00:02:00.218307,945.0,5.0,2.5047408414776946e-05,4096.0,COMPLETE,
287.0,k2204_BPV,1.0,8.0,7.985324191395193e-05,2022-10-21 10:07:36.316009,2022-10-21 10:09:41.289521,0 days 00:02:04.973512,68.0,2.0,0.0014026220708483,8124.0,COMPLETE,
287.0,k2204_BPV,1.0,9.0,0.0081051867455244,2022-10-21 10:09:41.290048,2022-10-21 10:09:56.829492,0 days 00:00:15.539444,1020.0,5.0,0.000965052475059,512.0,COMPLETE,
287.0,k2204_BPV,1.0,10.0,0.2087860405445099,2022-10-21 10:09:56.829954,2022-10-21 10:10:08.562884,0 days 00:00:11.732930,387.0,6.0,0.049996565481341,1024.0,COMPLETE,
287.0,k2204_BPV,1.0,11.0,2.4059499992290512e-05,2022-10-21 10:10:08.563329,2022-10-21 10:14:35.173369,0 days 00:04:26.610040,283.0,2.0,9.9448395464816e-05,2048.0,COMPLETE,
287.0,k2204_BPV,1.0,12.0,2.457018308632541e-05,2022-10-21 10:14:35.173905,2022-10-21 10:16:02.305931,0 days 00:01:27.132026,314.0,3.0,8.343573606096365e-05,2048.0,COMPLETE,
287.0,k2204_BPV,1.0,13.0,1.9267152310931124e-05,2022-10-21 10:16:02.306482,2022-10-21 10:17:21.553740,0 days 00:01:19.247258,272.0,3.0,0.0001198965862525,2048.0,COMPLETE,
287.0,k2204_BPV,1.0,14.0,1.704688838799484e-05,2022-10-21 10:17:21.554284,2022-10-21 10:18:50.269344,0 days 00:01:28.715060,210.0,3.0,0.0001428693373438,2048.0,COMPLETE,
287.0,k2204_BPV,1.0,15.0,0.0004542480455711,2022-10-21 10:18:50.269784,2022-10-21 10:19:18.922702,0 days 00:00:28.652918,541.0,3.0,0.0001966905938145,2048.0,COMPLETE,
287.0,k2204_BPV,1.0,16.0,1.0881028174480887e-05,2022-10-21 10:19:18.923233,2022-10-21 10:19:50.087191,0 days 00:00:31.163958,246.0,3.0,0.0002463467504718,1024.0,COMPLETE,
287.0,k2204_BPV,1.0,17.0,0.053261674940586,2022-10-21 10:19:50.087713,2022-10-21 10:20:01.442215,0 days 00:00:11.354502,171.0,4.0,0.0288859662897129,1024.0,COMPLETE,
287.0,k2204_BPV,1.0,18.0,3.846365871140733e-05,2022-10-21 10:20:01.442738,2022-10-21 10:20:21.571843,0 days 00:00:20.129105,492.0,3.0,0.0002993476837193,1024.0,COMPLETE,
287.0,k2204_BPV,1.0,19.0,7.677402209083084e-06,2022-10-21 10:20:21.572408,2022-10-21 10:23:00.336686,0 days 00:02:38.764278,189.0,4.0,3.355471787818981e-05,1024.0,COMPLETE,
287.0,k2204_BPV,1.0,20.0,2.160226540581789e-05,2022-10-21 10:23:00.337179,2022-10-21 10:24:02.733272,0 days 00:01:02.396093,535.0,4.0,3.281930575710028e-05,1024.0,COMPLETE,
287.0,k2204_BPV,1.0,21.0,0.0015354484785348,2022-10-21 10:24:02.733723,2022-10-21 10:29:36.902005,0 days 00:05:34.168282,164.0,4.0,1.0995361414803794e-05,1024.0,COMPLETE,
287.0,k2204_BPV,1.0,22.0,2.1661257051164284e-05,2022-10-21 10:29:36.902500,2022-10-21 10:30:04.423425,0 days 00:00:27.520925,217.0,3.0,0.0003753704250333,1024.0,COMPLETE,
287.0,k2204_BPV,1.0,23.0,0.0001078695568139,2022-10-21 10:30:04.423938,2022-10-21 10:32:37.805338,0 days 00:02:33.381400,163.0,4.0,3.929250328475301e-05,1024.0,COMPLETE,
287.0,k2204_BPV,1.0,24.0,1.9647415683721192e-05,2022-10-21 10:32:37.805861,2022-10-21 10:33:04.071760,0 days 00:00:26.265899,448.0,3.0,0.0001596173527947,1024.0,COMPLETE,
287.0,k2204_BPV,1.0,25.0,0.0327790528535842,2022-10-21 10:33:04.072289,2022-10-21 10:33:43.685196,0 days 00:00:39.612907,613.0,5.0,6.662337344495031e-05,4096.0,COMPLETE,
287.0,k2204_BPV,1.0,26.0,0.0004198192618787,2022-10-21 10:33:43.685748,2022-10-21 10:36:43.728690,0 days 00:03:00.042942,242.0,6.0,2.155548836128448e-05,1024.0,COMPLETE,
287.0,k2204_BPV,1.0,27.0,1.986510687856935e-05,2022-10-21 10:36:43.729154,2022-10-21 10:37:21.702157,0 days 00:00:37.973003,123.0,3.0,0.0004779721843696,1024.0,COMPLETE,
287.0,k2204_BPV,1.0,28.0,0.0078120790421962,2022-10-21 10:37:21.702637,2022-10-21 10:37:40.161450,0 days 00:00:18.458813,662.0,3.0,0.0022932124930487,2048.0,COMPLETE,
287.0,k2204_BPV,1.0,29.0,0.0004299326974432,2022-10-21 10:37:40.161966,2022-10-21 10:37:53.286854,0 days 00:00:13.124888,101.0,2.0,0.0097033557629206,512.0,COMPLETE,
287.0,k2204_BPV,1.0,30.0,0.0378237441182136,2022-10-21 10:37:53.287389,2022-10-21 10:38:17.688871,0 days 00:00:24.401482,327.0,4.0,0.0001970681827226,8124.0,COMPLETE,
287.0,k2204_BPV,1.0,31.0,0.000950826506596,2022-10-21 10:38:17.689421,2022-10-21 10:38:51.981218,0 days 00:00:34.291797,235.0,3.0,0.0005958237758373,2048.0,COMPLETE,
287.0,k2204_BPV,1.0,32.0,0.0001579832751303,2022-10-21 10:38:51.981760,2022-10-21 10:40:07.627900,0 days 00:01:15.646140,282.0,3.0,0.0001116533324379,2048.0,COMPLETE,
287.0,k2204_BPV,1.0,33.0,6.053423021512572e-06,2022-10-21 10:40:07.628431,2022-10-21 10:43:35.852373,0 days 00:03:28.223942,436.0,3.0,2.17551267242308e-05,2048.0,COMPLETE,
287.0,k2204_BPV,1.0,34.0,0.0062791258096694,2022-10-21 10:43:35.852903,2022-10-21 10:48:46.887417,0 days 00:05:11.034514,435.0,2.0,1.7940791887488005e-05,2048.0,COMPLETE,
287.0,k2204_BPV,1.0,35.0,0.0096598509699106,2022-10-21 10:48:46.887898,2022-10-21 10:49:52.278021,0 days 00:01:05.390123,775.0,4.0,5.473320723732627e-05,4096.0,COMPLETE,
287.0,k2204_BPV,1.0,36.0,3.267642568971496e-06,2022-10-21 10:49:52.278590,2022-10-21 10:52:16.109570,0 days 00:02:23.830980,345.0,4.0,1.4022340347736274e-05,512.0,COMPLETE,
287.0,k2204_BPV,1.0,37.0,6.697582193737617e-06,2022-10-21 10:52:16.110074,2022-10-21 10:54:58.771717,0 days 00:02:42.661643,339.0,5.0,1.3132238157106844e-05,512.0,COMPLETE,
287.0,k2204_BPV,1.0,38.0,1.31349079310894e-05,2022-10-21 10:54:58.772283,2022-10-21 10:56:59.752242,0 days 00:02:00.979959,421.0,5.0,1.3792549138728662e-05,512.0,COMPLETE,
287.0,k2204_BPV,1.0,39.0,6.76087165629724e-06,2022-10-21 10:56:59.752827,2022-10-21 10:59:55.240499,0 days 00:02:55.487672,362.0,5.0,1.1591785858077115e-05,512.0,COMPLETE,
287.0,k2204_BPV,1.0,40.0,7.060270945657976e-06,2022-10-21 10:59:55.241050,2022-10-21 11:02:02.572013,0 days 00:02:07.330963,371.0,5.0,1.5975277330410903e-05,512.0,COMPLETE,
287.0,k2204_BPV,1.0,41.0,1.1393104614398908e-05,2022-10-21 11:02:02.572572,2022-10-21 11:04:50.242934,0 days 00:02:47.670362,344.0,5.0,1.1368810965796022e-05,512.0,COMPLETE,
287.0,k2204_BPV,1.0,42.0,1.3547345588449389e-05,2022-10-21 11:04:50.243500,2022-10-21 11:06:15.111917,0 days 00:01:24.868417,492.0,5.0,1.786642781371669e-05,512.0,COMPLETE,
287.0,k2204_BPV,1.0,43.0,9.161907655652612e-06,2022-10-21 11:06:15.112488,2022-10-21 11:09:34.096529,0 days 00:03:18.984041,376.0,6.0,1.0337624823899115e-05,512.0,COMPLETE,
287.0,k2204_BPV,1.0,44.0,1.8357677618041635e-05,2022-10-21 11:09:34.097116,2022-10-21 11:10:34.654749,0 days 00:01:00.557633,575.0,5.0,2.6610285574325663e-05,512.0,COMPLETE,
287.0,k2204_BPV,1.0,45.0,0.0001768428046489,2022-10-21 11:10:34.655314,2022-10-21 11:12:26.511337,0 days 00:01:51.856023,409.0,6.0,1.8347361575726505e-05,512.0,COMPLETE,
287.0,k2204_BPV,1.0,46.0,1.72553463926306e-05,2022-10-21 11:12:26.511919,2022-10-21 11:13:21.215925,0 days 00:00:54.704006,468.0,5.0,4.703477190260978e-05,512.0,COMPLETE,
287.0,k2204_BPV,1.0,47.0,9.355860129289796e-06,2022-10-21 11:13:21.216432,2022-10-21 11:15:40.567135,0 days 00:02:19.350703,335.0,5.0,1.5276122923511018e-05,512.0,COMPLETE,
287.0,k2204_BPV,1.0,48.0,2.5534947781125084e-05,2022-10-21 11:15:40.567712,2022-10-21 11:17:15.718012,0 days 00:01:35.150300,378.0,6.0,2.647170455544288e-05,512.0,COMPLETE,
287.0,k2204_BPV,1.0,49.0,2.706854502321221e-05,2022-10-21 11:17:15.718604,2022-10-21 11:18:11.357655,0 days 00:00:55.639051,324.0,5.0,6.586304066264139e-05,512.0,COMPLETE,
287.0,k2204_BPV,1.0,50.0,3.457499769865535e-05,2022-10-21 11:18:11.358233,2022-10-21 11:23:31.839887,0 days 00:05:20.481654,784.0,5.0,1.0337848025800924e-05,8124.0,COMPLETE,
287.0,k2204_BPV,1.0,51.0,9.034528375195803e-06,2022-10-21 11:23:31.840365,2022-10-21 11:24:55.914583,0 days 00:01:24.074218,284.0,4.0,3.3939951982749834e-05,512.0,COMPLETE,
287.0,k2204_BPV,1.0,52.0,6.13968131801812e-06,2022-10-21 11:24:55.915085,2022-10-21 11:26:25.133251,0 days 00:01:29.218166,361.0,4.0,2.3770338614547203e-05,512.0,COMPLETE,
287.0,k2204_BPV,1.0,53.0,4.458201146917418e-06,2022-10-21 11:26:25.133818,2022-10-21 11:27:54.568965,0 days 00:01:29.435147,408.0,4.0,2.074831470886045e-05,512.0,COMPLETE,
287.0,k2204_BPV,1.0,54.0,8.967032954387832e-06,2022-10-21 11:27:54.569525,2022-10-21 11:29:05.522150,0 days 00:01:10.952625,484.0,4.0,2.1189566693263302e-05,512.0,COMPLETE,
287.0,k2204_BPV,1.0,55.0,8.519754373992328e-06,2022-10-21 11:29:05.522622,2022-10-21 11:30:12.668198,0 days 00:01:07.145576,404.0,4.0,2.732977427522999e-05,512.0,COMPLETE,
287.0,k2204_BPV,1.0,56.0,1.090377918444574e-05,2022-10-21 11:30:12.668684,2022-10-21 11:30:53.744687,0 days 00:00:41.076003,511.0,4.0,4.933550688199375e-05,512.0,COMPLETE,
287.0,k2204_BPV,1.0,57.0,3.545610888977535e-05,2022-10-21 11:30:53.745241,2022-10-21 11:34:06.867936,0 days 00:03:13.122695,450.0,4.0,3.863574300583999e-05,4096.0,COMPLETE,
287.0,k2204_BPV,1.0,58.0,5.486755253514275e-05,2022-10-21 11:34:06.868426,2022-10-21 11:34:36.131614,0 days 00:00:29.263188,575.0,4.0,8.840714902789104e-05,512.0,COMPLETE,
287.0,k2204_BPV,1.0,59.0,0.0071304682642221,2022-10-21 11:34:36.132161,2022-10-21 11:40:10.422202,0 days 00:05:34.290041,356.0,4.0,1.4469844958191715e-05,8124.0,COMPLETE,
287.0,k2204_BPV,1.0,60.0,7.65238200983731e-06,2022-10-21 11:40:10.422723,2022-10-21 11:41:58.131416,0 days 00:01:47.708693,299.0,4.0,2.362169974178165e-05,512.0,COMPLETE,
287.0,k2204_BPV,1.0,61.0,9.937918548530432e-06,2022-10-21 11:41:58.131971,2022-10-21 11:43:55.497161,0 days 00:01:57.365190,387.0,5.0,1.4777401704532117e-05,512.0,COMPLETE,
287.0,k2204_BPV,1.0,62.0,8.395317126996815e-05,2022-10-21 11:43:55.497652,2022-10-21 11:47:13.777379,0 days 00:03:18.279727,258.0,5.0,1.434787452960772e-05,512.0,COMPLETE,
287.0,k2204_BPV,1.0,63.0,1.037105994328158e-05,2022-10-21 11:47:13.777982,2022-10-21 11:48:34.649359,0 days 00:01:20.871377,365.0,5.0,3.1176126013527833e-05,512.0,COMPLETE,
287.0,k2204_BPV,1.0,64.0,5.20072990184417e-06,2022-10-21 11:48:34.649936,2022-10-21 11:49:56.845974,0 days 00:01:22.196038,423.0,4.0,2.1192644328033548e-05,512.0,COMPLETE,
287.0,k2204_BPV,1.0,65.0,2.531465725041926e-05,2022-10-21 11:49:56.846559,2022-10-21 11:50:37.272153,0 days 00:00:40.425594,443.0,4.0,6.527083304901474e-05,512.0,COMPLETE,
287.0,k2204_BPV,1.0,66.0,0.0528371855616569,2022-10-21 11:50:37.272672,2022-10-21 11:50:54.287914,0 days 00:00:17.015242,416.0,4.0,0.0087136333875462,2048.0,COMPLETE,
287.0,k2204_BPV,1.0,67.0,6.670459697488695e-06,2022-10-21 11:50:54.288455,2022-10-21 11:52:49.164253,0 days 00:01:54.875798,305.0,4.0,2.1643691837493702e-05,512.0,COMPLETE,
287.0,k2204_BPV,1.0,68.0,2.683187631191685e-05,2022-10-21 11:52:49.164812,2022-10-21 11:56:58.516930,0 days 00:04:09.352118,302.0,4.0,4.285903834269092e-05,4096.0,COMPLETE,
287.0,k2204_BPV,1.0,69.0,5.131422767590266e-06,2022-10-21 11:56:58.517523,2022-10-21 11:59:53.765962,0 days 00:02:55.248439,210.0,4.0,2.160570381703156e-05,512.0,COMPLETE,
287.0,k2204_BPV,1.0,70.0,0.0002936731034424,2022-10-21 11:59:53.766466,2022-10-21 12:01:57.997449,0 days 00:02:04.230983,203.0,4.0,7.799741313875353e-05,2048.0,COMPLETE,
287.0,k2204_BPV,1.0,71.0,4.175894737243652,2022-10-21 12:01:57.998017,2022-10-21 12:02:09.549705,0 days 00:00:11.551688,253.0,4.0,0.0930864213907474,512.0,COMPLETE,
287.0,k2204_BPV,1.0,72.0,8.602084562880918e-06,2022-10-21 12:02:09.550249,2022-10-21 12:03:55.122695,0 days 00:01:45.572446,314.0,4.0,2.1485258224012243e-05,512.0,COMPLETE,
287.0,k2204_BPV,1.0,73.0,4.516753961070208e-06,2022-10-21 12:03:55.123260,2022-10-21 12:07:58.342087,0 days 00:04:03.218827,130.0,3.0,3.3628731058029845e-05,512.0,COMPLETE,
287.0,k2204_BPV,1.0,74.0,4.730250111606438e-06,2022-10-21 12:07:58.342657,2022-10-21 12:12:06.534078,0 days 00:04:08.191421,130.0,3.0,3.211982107983702e-05,512.0,COMPLETE,
287.0,k2204_BPV,1.0,75.0,1.488288489781553e-05,2022-10-21 12:12:06.534632,2022-10-21 12:17:54.257881,0 days 00:05:47.723249,72.0,3.0,3.415911782006723e-05,512.0,COMPLETE,
287.0,k2204_BPV,1.0,76.0,6.99868860465358e-06,2022-10-21 12:17:54.258460,2022-10-21 12:19:47.318208,0 days 00:01:53.059748,157.0,3.0,5.737720005288142e-05,512.0,COMPLETE,
287.0,k2204_BPV,1.0,77.0,0.0138106402009725,2022-10-21 12:19:47.318803,2022-10-21 12:25:15.373168,0 days 00:05:28.054365,115.0,3.0,4.025722459962104e-05,8124.0,COMPLETE,
287.0,k2204_BPV,1.0,78.0,4.899633495369926e-05,2022-10-21 12:25:15.373740,2022-10-21 12:30:34.614375,0 days 00:05:19.240635,195.0,3.0,2.853658195554592e-05,2048.0,COMPLETE,
287.0,k2204_BPV,1.0,79.0,3.1480401958106086e-05,2022-10-21 12:30:34.614837,2022-10-21 12:31:11.631445,0 days 00:00:37.016608,91.0,2.0,0.0014583071713206,512.0,COMPLETE,
287.0,k2204_BPV,1.0,80.0,1.6918960682232864e-05,2022-10-21 12:31:11.631955,2022-10-21 12:33:25.085236,0 days 00:02:13.453281,60.0,3.0,0.0001505328616203,512.0,COMPLETE,
287.0,k2204_BPV,1.0,81.0,7.381301657005679e-06,2022-10-21 12:33:25.085837,2022-10-21 12:37:53.115432,0 days 00:04:28.029595,142.0,4.0,1.9967190649944488e-05,512.0,COMPLETE,
287.0,k2204_BPV,1.0,82.0,0.0372462607920169,2022-10-21 12:37:53.115925,2022-10-21 12:44:02.832165,0 days 00:06:09.716240,25.0,3.0,2.3114018328612407e-05,512.0,COMPLETE,
287.0,k2204_BPV,1.0,83.0,3.172229980918928e-06,2022-10-21 12:44:02.832686,2022-10-21 12:47:34.413502,0 days 00:03:31.580816,227.0,3.0,1.9817764794875383e-05,512.0,COMPLETE,
287.0,k2204_BPV,1.0,84.0,3.843230842903722e-06,2022-10-21 12:47:34.414087,2022-10-21 12:51:12.482077,0 days 00:03:38.067990,219.0,3.0,1.7916232130076102e-05,512.0,COMPLETE,
287.0,k2204_BPV,1.0,85.0,3.5547309380490333e-06,2022-10-21 12:51:12.482666,2022-10-21 12:55:11.158111,0 days 00:03:58.675445,221.0,3.0,1.7222711950029325e-05,512.0,COMPLETE,
287.0,k2204_BPV,1.0,86.0,3.4380278520984575e-05,2022-10-21 12:55:11.158621,2022-10-21 13:01:24.872636,0 days 00:06:13.714015,133.0,3.0,1.2597390699272673e-05,512.0,COMPLETE,
287.0,k2204_BPV,1.0,87.0,0.0001208072499139,2022-10-21 13:01:24.873217,2022-10-21 13:07:12.519950,0 days 00:05:47.646733,230.0,2.0,1.7982668901472638e-05,512.0,COMPLETE,
287.0,k2204_BPV,1.0,88.0,1.0172485417569987e-05,2022-10-21 13:07:12.520473,2022-10-21 13:13:27.001107,0 days 00:06:14.480634,182.0,3.0,1.0383466062453957e-05,512.0,COMPLETE,
287.0,k2204_BPV,1.0,89.0,4.897361577604897e-06,2022-10-21 13:13:27.001616,2022-10-21 13:15:29.218739,0 days 00:02:02.217123,223.0,3.0,3.211070980373669e-05,512.0,COMPLETE,
287.0,k2204_BPV,1.0,90.0,5.040168161940528e-06,2022-10-21 13:15:29.219314,2022-10-21 13:17:31.660602,0 days 00:02:02.441288,218.0,3.0,3.284726129705383e-05,512.0,COMPLETE,
287.0,k2204_BPV,1.0,91.0,5.56965687792399e-06,2022-10-21 13:17:31.661156,2022-10-21 13:19:19.935441,0 days 00:01:48.274285,231.0,3.0,3.4392099737695105e-05,512.0,COMPLETE,
287.0,k2204_BPV,1.0,92.0,5.823893843626138e-06,2022-10-21 13:19:19.935983,2022-10-21 13:21:19.110225,0 days 00:01:59.174242,168.0,3.0,4.871090361795036e-05,512.0,COMPLETE,
287.0,k2204_BPV,1.0,93.0,4.563394213619176e-06,2022-10-21 13:21:19.110773,2022-10-21 13:23:52.094042,0 days 00:02:32.983269,212.0,3.0,2.91503980651626e-05,512.0,COMPLETE,
287.0,k2204_BPV,1.0,94.0,6.509206741611706e-06,2022-10-21 13:23:52.094630,2022-10-21 13:25:31.968403,0 days 00:01:39.873773,272.0,3.0,3.2555859754771075e-05,512.0,COMPLETE,
287.0,k2204_BPV,1.0,95.0,0.0141793508082628,2022-10-21 13:25:31.968988,2022-10-21 13:31:00.087782,0 days 00:05:28.118794,88.0,3.0,5.885164906833487e-05,4096.0,COMPLETE,
287.0,k2204_BPV,1.0,96.0,9.856301403488033e-06,2022-10-21 13:31:00.088312,2022-10-21 13:32:07.729963,0 days 00:01:07.641651,156.0,3.0,0.0001097976936958,512.0,COMPLETE,
287.0,k2204_BPV,1.0,97.0,0.0014487719163298,2022-10-21 13:32:07.730478,2022-10-21 13:37:54.823825,0 days 00:05:47.093347,183.0,2.0,1.6732940032291677e-05,512.0,COMPLETE,
287.0,k2204_BPV,1.0,98.0,1.2813690773327837e-05,2022-10-21 13:37:54.824359,2022-10-21 13:38:52.987946,0 days 00:00:58.163587,215.0,3.0,7.542591024713724e-05,512.0,COMPLETE,
287.0,k2204_BPV,1.0,99.0,0.0156332794576883,2022-10-21 13:38:52.988514,2022-10-21 13:44:21.069082,0 days 00:05:28.080568,113.0,3.0,4.2168419186982414e-05,8124.0,COMPLETE,
287.0,k2204_BPV,2.0,0.0,2.69953889073804e-05,2022-10-21 13:46:20.471669,2022-10-21 13:47:21.339952,0 days 00:01:00.868283,64.0,2.0,0.001,512.0,COMPLETE,"{'n_max': 64, 'n_layers': 2, 'lr': 0.001, 'batch_size': 512}"
287.0,k2204_BPV,2.0,1.0,2.1326382920960896e-05,2022-10-21 13:47:21.340491,2022-10-21 13:50:40.249119,0 days 00:03:18.908628,953.0,4.0,1.527575587390737e-05,8124.0,COMPLETE,
287.0,k2204_BPV,2.0,2.0,0.0326238721609115,2022-10-21 13:50:40.249656,2022-10-21 13:51:00.604891,0 days 00:00:20.355235,751.0,6.0,0.0002535863728513,4096.0,COMPLETE,
287.0,k2204_BPV,2.0,3.0,0.004552636295557,2022-10-21 13:51:00.605442,2022-10-21 13:56:47.769809,0 days 00:05:47.164367,116.0,2.0,1.8984316974459585e-05,512.0,COMPLETE,
287.0,k2204_BPV,2.0,4.0,0.1595193594694137,2022-10-21 13:56:47.770309,2022-10-21 13:56:59.978947,0 days 00:00:12.208638,545.0,5.0,0.0055753784743092,1024.0,COMPLETE,
287.0,k2204_BPV,2.0,5.0,0.0002630435628816,2022-10-21 13:56:59.979407,2022-10-21 14:00:44.961995,0 days 00:03:44.982588,482.0,5.0,2.8325792390869527e-05,8124.0,COMPLETE,
287.0,k2204_BPV,2.0,6.0,24.45538330078125,2022-10-21 14:00:44.962562,2022-10-21 14:00:55.920811,0 days 00:00:10.958249,476.0,2.0,0.0341939922910747,512.0,COMPLETE,
287.0,k2204_BPV,2.0,7.0,0.0075926566496491,2022-10-21 14:00:55.921357,2022-10-21 14:01:18.819946,0 days 00:00:22.898589,956.0,6.0,0.0003626245287941,2048.0,COMPLETE,
287.0,k2204_BPV,2.0,8.0,0.0004982212558388,2022-10-21 14:01:18.820412,2022-10-21 14:01:37.748671,0 days 00:00:18.928259,63.0,2.0,0.0141975958020051,2048.0,COMPLETE,
287.0,k2204_BPV,2.0,9.0,1.512950530013768e-05,2022-10-21 14:01:37.749193,2022-10-21 14:05:26.557434,0 days 00:03:48.808241,685.0,2.0,2.823663524070516e-05,1024.0,COMPLETE,
287.0,k2204_BPV,2.0,10.0,2.9130131224519573e-05,2022-10-21 14:05:26.557890,2022-10-21 14:05:54.460214,0 days 00:00:27.902324,693.0,3.0,7.978169556357223e-05,1024.0,COMPLETE,
287.0,k2204_BPV,2.0,11.0,3.30049624608364e-05,2022-10-21 14:05:54.460767,2022-10-21 14:09:48.438938,0 days 00:03:53.978171,1011.0,4.0,1.1188487906352592e-05,8124.0,COMPLETE,
287.0,k2204_BPV,2.0,12.0,6.257049972191453e-05,2022-10-21 14:09:48.439486,2022-10-21 14:10:18.936073,0 days 00:00:30.496587,830.0,4.0,9.21185991576614e-05,1024.0,COMPLETE,
287.0,k2204_BPV,2.0,13.0,0.0015908033819869,2022-10-21 14:10:18.936612,2022-10-21 14:12:07.535126,0 days 00:01:48.598514,643.0,3.0,5.543831618140376e-05,8124.0,COMPLETE,
287.0,k2204_BPV,2.0,14.0,0.0210511311888694,2022-10-21 14:12:07.535656,2022-10-21 14:17:38.794390,0 days 00:05:31.258734,313.0,3.0,1.0256068511554313e-05,4096.0,COMPLETE,
287.0,k2204_BPV,2.0,15.0,0.1084719747304916,2022-10-21 14:17:38.794897,2022-10-21 14:17:58.827079,0 days 00:00:20.032182,873.0,5.0,0.0028641570744302,8124.0,COMPLETE,
287.0,k2204_BPV,2.0,16.0,0.0001843932695919,2022-10-21 14:17:58.827538,2022-10-21 14:18:16.148886,0 days 00:00:17.321348,857.0,3.0,0.0002859257622925,1024.0,COMPLETE,
287.0,k2204_BPV,2.0,17.0,112327.296875,2022-10-21 14:18:16.149424,2022-10-21 14:18:24.574760,0 days 00:00:08.425336,340.0,4.0,0.0958609783412781,8124.0,COMPLETE,
287.0,k2204_BPV,2.0,18.0,3.818697587121278e-05,2022-10-21 14:18:24.575302,2022-10-21 14:19:19.529913,0 days 00:00:54.954611,624.0,5.0,3.854822762223258e-05,1024.0,COMPLETE,
287.0,k2204_BPV,2.0,19.0,0.0579532235860824,2022-10-21 14:19:19.530497,2022-10-21 14:19:31.159145,0 days 00:00:11.628648,765.0,3.0,0.0001339411202166,4096.0,COMPLETE,
287.0,k2204_BPV,2.0,20.0,0.0072521911934018,2022-10-21 14:19:31.159598,2022-10-21 14:19:46.417277,0 days 00:00:15.257679,929.0,4.0,0.000880385026581,2048.0,COMPLETE,
287.0,k2204_BPV,2.0,21.0,4.1731149394763634e-05,2022-10-21 14:19:46.417751,2022-10-21 14:20:09.379605,0 days 00:00:22.961854,309.0,2.0,0.0011096865885339,512.0,COMPLETE,
287.0,k2204_BPV,2.0,22.0,3.9580598240718246e-05,2022-10-21 14:20:09.380075,2022-10-21 14:20:35.711748,0 days 00:00:26.331673,192.0,2.0,0.0014062238111952,512.0,COMPLETE,
287.0,k2204_BPV,2.0,23.0,1.3657208910444751e-05,2022-10-21 14:20:35.712288,2022-10-21 14:24:50.451371,0 days 00:04:14.739083,566.0,2.0,2.687066859031033e-05,512.0,COMPLETE,
287.0,k2204_BPV,2.0,24.0,1.5892774172243662e-05,2022-10-21 14:24:50.451884,2022-10-21 14:28:58.353492,0 days 00:04:07.901608,596.0,3.0,2.2691206864000024e-05,8124.0,COMPLETE,
287.0,k2204_BPV,2.0,25.0,9.681911251391284e-06,2022-10-21 14:28:58.353971,2022-10-21 14:29:56.886514,0 days 00:00:58.532543,585.0,3.0,3.5318598872433635e-05,1024.0,COMPLETE,
287.0,k2204_BPV,2.0,26.0,3.46922388416715e-05,2022-10-21 14:29:56.887063,2022-10-21 14:30:54.425750,0 days 00:00:57.538687,466.0,2.0,0.0001633858704979,1024.0,COMPLETE,
287.0,k2204_BPV,2.0,27.0,8.100444574665744e-06,2022-10-21 14:30:54.426288,2022-10-21 14:32:19.576536,0 days 00:01:25.150248,407.0,3.0,3.5773354319575813e-05,1024.0,COMPLETE,
287.0,k2204_BPV,2.0,28.0,9.981986295315435e-06,2022-10-21 14:32:19.577123,2022-10-21 14:33:19.875731,0 days 00:01:00.298608,376.0,3.0,5.305025723613501e-05,1024.0,COMPLETE,
287.0,k2204_BPV,2.0,29.0,8.456938303424977e-06,2022-10-21 14:33:19.876266,2022-10-21 14:34:23.505049,0 days 00:01:03.628783,355.0,3.0,5.612011767155816e-05,1024.0,COMPLETE,
287.0,k2204_BPV,2.0,30.0,8.694993448443711e-05,2022-10-21 14:34:23.505604,2022-10-21 14:34:48.270006,0 days 00:00:24.764402,226.0,3.0,0.0005400671368199,1024.0,COMPLETE,
287.0,k2204_BPV,2.0,31.0,1.3150680388207547e-05,2022-10-21 14:34:48.270579,2022-10-21 14:35:41.317054,0 days 00:00:53.046475,398.0,3.0,6.216799727227872e-05,1024.0,COMPLETE,
287.0,k2204_BPV,2.0,32.0,3.086522701778449e-05,2022-10-21 14:35:41.317631,2022-10-21 14:36:14.723834,0 days 00:00:33.406203,381.0,3.0,0.0001341888100419,1024.0,COMPLETE,
287.0,k2204_BPV,2.0,33.0,1.857158167695161e-05,2022-10-21 14:36:14.724380,2022-10-21 14:37:03.106887,0 days 00:00:48.382507,429.0,4.0,6.299590879190913e-05,1024.0,COMPLETE,
287.0,k2204_BPV,2.0,34.0,5.838873221364338e-06,2022-10-21 14:37:03.107453,2022-10-21 14:41:57.459832,0 days 00:04:54.352379,252.0,3.0,1.5772315828926533e-05,1024.0,COMPLETE,
287.0,k2204_BPV,2.0,35.0,8.731755769986194e-06,2022-10-21 14:41:57.460394,2022-10-21 14:47:12.462262,0 days 00:05:15.001868,218.0,3.0,1.6249541941815886e-05,1024.0,COMPLETE,
287.0,k2204_BPV,2.0,36.0,6.774274879717268e-06,2022-10-21 14:47:12.462798,2022-10-21 14:51:24.024843,0 days 00:04:11.562045,241.0,4.0,1.519223765052892e-05,1024.0,COMPLETE,
287.0,k2204_BPV,2.0,37.0,7.157118488976266e-06,2022-10-21 14:51:24.025384,2022-10-21 14:55:27.553452,0 days 00:04:03.528068,274.0,4.0,1.369733329824799e-05,1024.0,COMPLETE,
287.0,k2204_BPV,2.0,38.0,0.085378274321556,2022-10-21 14:55:27.553979,2022-10-21 15:01:02.275599,0 days 00:05:34.721620,144.0,4.0,1.572143732513225e-05,4096.0,COMPLETE,
287.0,k2204_BPV,2.0,39.0,1.9050004993914627e-05,2022-10-21 15:01:02.276080,2022-10-21 15:05:37.442039,0 days 00:04:35.165959,262.0,5.0,1.2029654614613414e-05,1024.0,COMPLETE,
287.0,k2204_BPV,2.0,40.0,0.0116740353405475,2022-10-21 15:05:37.442649,2022-10-21 15:11:07.169379,0 days 00:05:29.726730,125.0,4.0,1.9194243188429964e-05,2048.0,COMPLETE,
287.0,k2204_BPV,2.0,41.0,0.0001600551186129,2022-10-21 15:11:07.169886,2022-10-21 15:12:47.469934,0 days 00:01:40.300048,268.0,4.0,4.194196846168715e-05,1024.0,COMPLETE,
287.0,k2204_BPV,2.0,42.0,0.0977321416139602,2022-10-21 15:12:47.470545,2022-10-21 15:18:28.700173,0 days 00:05:41.229628,33.0,4.0,2.108640249866436e-05,1024.0,COMPLETE,
287.0,k2204_BPV,2.0,43.0,0.0005803055828437,2022-10-21 15:18:28.700707,2022-10-21 15:24:27.648229,0 days 00:05:58.947522,180.0,5.0,1.0359583310232215e-05,1024.0,COMPLETE,
287.0,k2204_BPV,2.0,44.0,3.850318171316758e-05,2022-10-21 15:24:27.648734,2022-10-21 15:25:04.443762,0 days 00:00:36.795028,514.0,4.0,9.319222427449908e-05,1024.0,COMPLETE,
287.0,k2204_BPV,2.0,45.0,0.0004833959974348,2022-10-21 15:25:04.444337,2022-10-21 15:27:24.619324,0 days 00:02:20.174987,269.0,6.0,2.545223955974367e-05,1024.0,COMPLETE,
287.0,k2204_BPV,2.0,46.0,9.419664820597973e-06,2022-10-21 15:27:24.619883,2022-10-21 15:29:02.314444,0 days 00:01:37.694561,340.0,3.0,3.712406358687756e-05,1024.0,COMPLETE,
287.0,k2204_BPV,2.0,47.0,9.12123650778085e-05,2022-10-21 15:29:02.314992,2022-10-21 15:30:20.446314,0 days 00:01:18.131322,93.0,4.0,0.0001840949093637,1024.0,COMPLETE,
287.0,k2204_BPV,2.0,48.0,0.0007067202823236,2022-10-21 15:30:20.446869,2022-10-21 15:35:54.422010,0 days 00:05:33.975141,437.0,3.0,1.6153405846812116e-05,4096.0,COMPLETE,
287.0,k2204_BPV,2.0,49.0,0.2372258901596069,2022-10-21 15:35:54.422547,2022-10-21 15:36:05.843917,0 days 00:00:11.421370,163.0,5.0,0.0126281686984469,2048.0,COMPLETE,
287.0,k2204_BPV,2.0,50.0,2.36235555348685e-05,2022-10-21 15:36:05.844468,2022-10-21 15:36:36.161199,0 days 00:00:30.316731,519.0,3.0,9.528977070239256e-05,1024.0,COMPLETE,
287.0,k2204_BPV,2.0,51.0,5.180179869057611e-06,2022-10-21 15:36:36.161756,2022-10-21 15:42:02.131108,0 days 00:05:25.969352,236.0,3.0,1.4667610680675557e-05,1024.0,COMPLETE,
287.0,k2204_BPV,2.0,52.0,4.327675924287178e-06,2022-10-21 15:42:02.131579,2022-10-21 15:46:16.936967,0 days 00:04:14.805388,304.0,3.0,1.4649677859677037e-05,1024.0,COMPLETE,
287.0,k2204_BPV,2.0,53.0,7.406159511447186e-06,2022-10-21 15:46:16.937520,2022-10-21 15:51:46.231479,0 days 00:05:29.293959,306.0,3.0,1.004222371368142e-05,1024.0,COMPLETE,
287.0,k2204_BPV,2.0,54.0,0.0068441154435276,2022-10-21 15:51:46.231982,2022-10-21 15:57:04.275581,0 days 00:05:18.043599,302.0,2.0,1.2635857264256523e-05,1024.0,COMPLETE,
287.0,k2204_BPV,2.0,55.0,8.298376997117884e-06,2022-10-21 15:57:04.276104,2022-10-21 16:01:21.763440,0 days 00:04:17.487336,218.0,4.0,1.761032467181342e-05,1024.0,COMPLETE,
287.0,k2204_BPV,2.0,56.0,0.0070726061239838,2022-10-21 16:01:21.763988,2022-10-21 16:07:35.841698,0 days 00:06:14.077710,95.0,3.0,1.0546729444638886e-05,512.0,COMPLETE,
287.0,k2204_BPV,2.0,57.0,1.1832054951810278e-05,2022-10-21 16:07:35.842254,2022-10-21 16:09:56.768592,0 days 00:02:20.926338,251.0,4.0,2.8360583304284725e-05,1024.0,COMPLETE,
287.0,k2204_BPV,2.0,58.0,0.0038796609733253,2022-10-21 16:09:56.769098,2022-10-21 16:15:15.186368,0 days 00:05:18.417270,320.0,2.0,1.4379869499313816e-05,1024.0,COMPLETE,
287.0,k2204_BPV,2.0,59.0,0.0023209704086184,2022-10-21 16:15:15.186871,2022-10-21 16:20:49.563032,0 days 00:05:34.376161,295.0,3.0,2.338792143917553e-05,8124.0,COMPLETE,
287.0,k2204_BPV,2.0,60.0,0.0144879128783941,2022-10-21 16:20:49.563534,2022-10-21 16:26:23.424453,0 days 00:05:33.860919,210.0,4.0,1.0033757454438876e-05,2048.0,COMPLETE,
287.0,k2204_BPV,2.0,61.0,7.922931217763107e-06,2022-10-21 16:26:23.424980,2022-10-21 16:27:52.759143,0 days 00:01:29.334163,411.0,3.0,3.060493328118411e-05,1024.0,COMPLETE,
287.0,k2204_BPV,2.0,62.0,6.907315309945261e-06,2022-10-21 16:27:52.759802,2022-10-21 16:29:44.755613,0 days 00:01:51.995811,353.0,3.0,2.9931056320072577e-05,1024.0,COMPLETE,
287.0,k2204_BPV,2.0,63.0,7.112219918781193e-06,2022-10-21 16:29:44.756178,2022-10-21 16:33:07.260167,0 days 00:03:22.503989,284.0,3.0,1.999606993821583e-05,1024.0,COMPLETE,
287.0,k2204_BPV,2.0,64.0,5.679901732946746e-06,2022-10-21 16:33:07.260736,2022-10-21 16:37:24.693340,0 days 00:04:17.432604,252.0,3.0,1.9280782909137112e-05,1024.0,COMPLETE,
287.0,k2204_BPV,2.0,65.0,0.0031829392537474,2022-10-21 16:37:24.693893,2022-10-21 16:42:53.871549,0 days 00:05:29.177656,172.0,3.0,4.589321450352776e-05,4096.0,COMPLETE,
287.0,k2204_BPV,2.0,66.0,6.0871525420225225e-06,2022-10-21 16:42:53.872051,2022-10-21 16:46:58.397322,0 days 00:04:04.525271,241.0,3.0,2.112902537152262e-05,1024.0,COMPLETE,
287.0,k2204_BPV,2.0,67.0,0.0001032233703881,2022-10-21 16:46:58.397798,2022-10-21 16:52:13.868958,0 days 00:05:15.471160,233.0,2.0,2.99927189268052e-05,1024.0,COMPLETE,
287.0,k2204_BPV,2.0,68.0,1.637550121813547e-05,2022-10-21 16:52:13.869456,2022-10-21 16:52:53.457442,0 days 00:00:39.587986,357.0,3.0,7.780598812412075e-05,512.0,COMPLETE,
287.0,k2204_BPV,2.0,69.0,0.0008655425626784,2022-10-21 16:52:53.458055,2022-10-21 16:53:06.873677,0 days 00:00:13.415622,195.0,3.0,0.0029556996734662,1024.0,COMPLETE,
287.0,k2204_BPV,2.0,70.0,0.2183374762535095,2022-10-21 16:53:06.874243,2022-10-21 16:58:31.587920,0 days 00:05:24.713677,152.0,2.0,2.153376689358981e-05,8124.0,COMPLETE,
287.0,k2204_BPV,2.0,71.0,6.945761924725957e-06,2022-10-21 16:58:31.588413,2022-10-21 17:02:53.988530,0 days 00:04:22.400117,242.0,3.0,1.823773137467888e-05,1024.0,COMPLETE,
287.0,k2204_BPV,2.0,72.0,4.865832124778535e-06,2022-10-21 17:02:53.988994,2022-10-21 17:07:53.795848,0 days 00:04:59.806854,242.0,3.0,1.6440733934355075e-05,1024.0,COMPLETE,
287.0,k2204_BPV,2.0,73.0,5.078107278677635e-06,2022-10-21 17:07:53.796373,2022-10-21 17:12:04.313625,0 days 00:04:10.517252,325.0,3.0,1.3992668283726693e-05,1024.0,COMPLETE,
287.0,k2204_BPV,2.0,74.0,7.699529305682518e-06,2022-10-21 17:12:04.314195,2022-10-21 17:13:25.732344,0 days 00:01:21.418149,325.0,3.0,4.710869976204539e-05,1024.0,COMPLETE,
287.0,k2204_BPV,2.0,75.0,0.0035361151676625,2022-10-21 17:13:25.732889,2022-10-21 17:18:58.801086,0 days 00:05:33.068197,128.0,3.0,1.5041365231110516e-05,1024.0,COMPLETE,
287.0,k2204_BPV,2.0,76.0,5.3262727305991575e-05,2022-10-21 17:18:58.801631,2022-10-21 17:24:32.071369,0 days 00:05:33.269738,198.0,3.0,1.3732131136654722e-05,1024.0,COMPLETE,
287.0,k2204_BPV,2.0,77.0,0.003538844641298,2022-10-21 17:24:32.071847,2022-10-21 17:30:04.530872,0 days 00:05:32.459025,86.0,3.0,2.2057780948295315e-05,1024.0,COMPLETE,
287.0,k2204_BPV,2.0,78.0,214.71435546875,2022-10-21 17:30:04.531366,2022-10-21 17:30:14.246904,0 days 00:00:09.715538,243.0,3.0,0.0793767977979873,1024.0,COMPLETE,
287.0,k2204_BPV,2.0,79.0,2.503590621927288e-05,2022-10-21 17:30:14.247417,2022-10-21 17:35:23.781735,0 days 00:05:09.534318,281.0,2.0,3.715977345468366e-05,1024.0,COMPLETE,
287.0,k2204_BPV,2.0,80.0,0.0065088020637631,2022-10-21 17:35:23.782290,2022-10-21 17:40:58.092103,0 days 00:05:34.309813,381.0,3.0,1.2989937188432064e-05,4096.0,COMPLETE,
287.0,k2204_BPV,2.0,81.0,1.1523394277901389e-05,2022-10-21 17:40:58.092600,2022-10-21 17:42:55.851580,0 days 00:01:57.758980,355.0,3.0,2.7926384571867075e-05,1024.0,COMPLETE,
287.0,k2204_BPV,2.0,82.0,6.311110155365896e-06,2022-10-21 17:42:55.852128,2022-10-21 17:45:22.633246,0 days 00:02:26.781118,330.0,3.0,2.397325537007848e-05,1024.0,COMPLETE,
287.0,k2204_BPV,2.0,83.0,5.670076461683493e-06,2022-10-21 17:45:22.633722,2022-10-21 17:50:22.798264,0 days 00:05:00.164542,223.0,3.0,1.7828349527288825e-05,1024.0,COMPLETE,
287.0,k2204_BPV,2.0,84.0,5.851822606928181e-06,2022-10-21 17:50:22.798868,2022-10-21 17:52:41.563823,0 days 00:02:18.764955,463.0,3.0,1.7261117486538567e-05,1024.0,COMPLETE,
287.0,k2204_BPV,2.0,85.0,9.733777005749287e-06,2022-10-21 17:52:41.564374,2022-10-21 17:54:05.199541,0 days 00:01:23.635167,670.0,3.0,1.7753297866765593e-05,1024.0,COMPLETE,
287.0,k2204_BPV,2.0,86.0,5.393736500991508e-06,2022-10-21 17:54:05.200114,2022-10-21 17:59:08.173350,0 days 00:05:02.973236,477.0,3.0,1.30221672531376e-05,2048.0,COMPLETE,
287.0,k2204_BPV,2.0,87.0,5.628477083519101e-06,2022-10-21 17:59:08.173900,2022-10-21 18:04:20.927710,0 days 00:05:12.753810,485.0,3.0,1.2432971773008776e-05,2048.0,COMPLETE,
287.0,k2204_BPV,2.0,88.0,7.476369319192599e-06,2022-10-21 18:04:20.928251,2022-10-21 18:09:39.375337,0 days 00:05:18.447086,440.0,3.0,1.3250292886854194e-05,2048.0,COMPLETE,
287.0,k2204_BPV,2.0,89.0,5.174638772587059e-06,2022-10-21 18:09:39.375854,2022-10-21 18:14:30.580964,0 days 00:04:51.205110,545.0,3.0,1.1788791362629774e-05,2048.0,COMPLETE,
287.0,k2204_BPV,2.0,90.0,0.000192075225641,2022-10-21 18:14:30.581511,2022-10-21 18:14:50.801081,0 days 00:00:20.219570,498.0,3.0,0.0005687868004513,2048.0,COMPLETE,
287.0,k2204_BPV,2.0,91.0,4.97064866067376e-06,2022-10-21 18:14:50.801659,2022-10-21 18:18:50.887965,0 days 00:04:00.086306,610.0,3.0,1.206333672837528e-05,2048.0,COMPLETE,
287.0,k2204_BPV,2.0,92.0,6.124404990259791e-06,2022-10-21 18:18:50.888565,2022-10-21 18:23:07.385239,0 days 00:04:16.496674,573.0,3.0,1.2612827917225888e-05,2048.0,COMPLETE,
287.0,k2204_BPV,2.0,93.0,7.110831575118937e-06,2022-10-21 18:23:07.385707,2022-10-21 18:26:16.712360,0 days 00:03:09.326653,734.0,3.0,1.250822685037828e-05,2048.0,COMPLETE,
287.0,k2204_BPV,2.0,94.0,5.038123617850943e-06,2022-10-21 18:26:16.712915,2022-10-21 18:31:04.385757,0 days 00:04:47.672842,618.0,3.0,1.0067283257700946e-05,2048.0,COMPLETE,
287.0,k2204_BPV,2.0,95.0,5.289146884024376e-06,2022-10-21 18:31:04.386343,2022-10-21 18:35:11.262630,0 days 00:04:06.876287,647.0,3.0,1.1142822976723564e-05,2048.0,COMPLETE,
287.0,k2204_BPV,2.0,96.0,5.725484697904904e-06,2022-10-21 18:35:11.263190,2022-10-21 18:38:51.543255,0 days 00:03:40.280065,612.0,3.0,1.3382393764628392e-05,2048.0,COMPLETE,
287.0,k2204_BPV,2.0,97.0,5.402553142630495e-06,2022-10-21 18:38:51.543808,2022-10-21 18:44:01.513500,0 days 00:05:09.969692,549.0,3.0,1.0402395884161498e-05,2048.0,COMPLETE,
287.0,k2204_BPV,2.0,98.0,6.02437648922205e-06,2022-10-21 18:44:01.514062,2022-10-21 18:48:21.858999,0 days 00:04:20.344937,646.0,3.0,1.0985115789142693e-05,2048.0,COMPLETE,
287.0,k2204_BPV,2.0,99.0,0.0119203990325331,2022-10-21 18:48:21.859557,2022-10-21 18:53:36.587137,0 days 00:05:14.727580,721.0,2.0,1.0564983149930485e-05,2048.0,COMPLETE,
287.0,k2204_BPV,3.0,0.0,3.031546475540381e-05,2022-10-21 18:55:51.764154,2022-10-21 18:56:56.326560,0 days 00:01:04.562406,64.0,2.0,0.001,512.0,COMPLETE,"{'n_max': 64, 'n_layers': 2, 'lr': 0.001, 'batch_size': 512}"
287.0,k2204_BPV,3.0,1.0,0.0137884486466646,2022-10-21 18:56:56.327097,2022-10-21 18:57:36.175948,0 days 00:00:39.848851,623.0,3.0,9.71313666256641e-05,4096.0,COMPLETE,
287.0,k2204_BPV,3.0,2.0,0.0223870109766721,2022-10-21 18:57:36.176480,2022-10-21 18:57:53.052869,0 days 00:00:16.876389,662.0,6.0,0.0006358468814351,2048.0,COMPLETE,
287.0,k2204_BPV,3.0,3.0,0.0131184812635183,2022-10-21 18:57:53.053339,2022-10-21 18:58:49.519477,0 days 00:00:56.466138,54.0,5.0,0.0004202432405202,2048.0,COMPLETE,
287.0,k2204_BPV,3.0,4.0,4.911416908726096e-05,2022-10-21 18:58:49.519963,2022-10-21 18:59:17.624365,0 days 00:00:28.104402,546.0,2.0,0.0004376136387187,512.0,COMPLETE,
287.0,k2204_BPV,3.0,5.0,0.0003257560019847,2022-10-21 18:59:17.624933,2022-10-21 18:59:50.911261,0 days 00:00:33.286328,119.0,5.0,0.0006642833391429,1024.0,COMPLETE,
287.0,k2204_BPV,3.0,6.0,0.3271906673908233,2022-10-21 18:59:50.911841,2022-10-21 19:00:04.742673,0 days 00:00:13.830832,818.0,5.0,0.003962531412927,2048.0,COMPLETE,
287.0,k2204_BPV,3.0,7.0,0.1425211578607559,2022-10-21 19:00:04.743233,2022-10-21 19:00:15.098884,0 days 00:00:10.355651,485.0,6.0,0.0026399048968089,8124.0,COMPLETE,
287.0,k2204_BPV,3.0,8.0,0.0490034818649292,2022-10-21 19:00:15.099356,2022-10-21 19:00:27.700727,0 days 00:00:12.601371,138.0,6.0,0.0275596026750341,1024.0,COMPLETE,
287.0,k2204_BPV,3.0,9.0,1.7706201106193475e-05,2022-10-21 19:00:27.701214,2022-10-21 19:03:38.112801,0 days 00:03:10.411587,780.0,2.0,2.3820907195628663e-05,512.0,COMPLETE,
287.0,k2204_BPV,3.0,10.0,8.628106115793344e-06,2022-10-21 19:03:38.113362,2022-10-21 19:04:39.363339,0 days 00:01:01.249977,1004.0,3.0,1.1058016545079834e-05,512.0,COMPLETE,
287.0,k2204_BPV,3.0,11.0,5.447957391879754e-06,2022-10-21 19:04:39.363884,2022-10-21 19:05:35.352314,0 days 00:00:55.988430,1019.0,3.0,1.1127919507360692e-05,512.0,COMPLETE,
287.0,k2204_BPV,3.0,12.0,5.830803729622858e-06,2022-10-21 19:05:35.352859,2022-10-21 19:06:20.356140,0 days 00:00:45.003281,1019.0,3.0,1.6556921562765456e-05,512.0,COMPLETE,
287.0,k2204_BPV,3.0,13.0,2.839917942765169e-05,2022-10-21 19:06:20.356685,2022-10-21 19:06:43.468465,0 days 00:00:23.111780,981.0,3.0,5.5449320833651554e-05,512.0,COMPLETE,
287.0,k2204_BPV,3.0,14.0,0.0020671798847615,2022-10-21 19:06:43.469021,2022-10-21 19:09:02.501762,0 days 00:02:19.032741,330.0,4.0,7.303338544841859e-05,4096.0,COMPLETE,
287.0,k2204_BPV,3.0,15.0,2.2155196347739547e-05,2022-10-21 19:09:02.502347,2022-10-21 19:13:08.090282,0 days 00:04:05.587935,872.0,4.0,1.2856895414222794e-05,8124.0,COMPLETE,
287.0,k2204_BPV,3.0,16.0,3.0465280360658653e-05,2022-10-21 19:13:08.090845,2022-10-21 19:13:25.614632,0 days 00:00:17.523787,905.0,3.0,0.0001178241983117,512.0,COMPLETE,
287.0,k2204_BPV,3.0,17.0,7.54045731810038e-06,2022-10-21 19:13:25.615104,2022-10-21 19:14:04.528471,0 days 00:00:38.913367,737.0,4.0,3.140725273757949e-05,512.0,COMPLETE,
287.0,k2204_BPV,3.0,18.0,308.6365051269531,2022-10-21 19:14:04.529030,2022-10-21 19:14:28.413839,0 days 00:00:23.884809,999.0,3.0,0.0980913720517654,512.0,COMPLETE,
287.0,k2204_BPV,3.0,19.0,3.866820043185726e-05,2022-10-21 19:14:28.414472,2022-10-21 19:18:00.403899,0 days 00:03:31.989427,293.0,2.0,0.0002360940266913,4096.0,COMPLETE,
287.0,k2204_BPV,3.0,20.0,0.0002025733265327,2022-10-21 19:18:00.404449,2022-10-21 19:20:06.220272,0 days 00:02:05.815823,900.0,3.0,2.790408684937817e-05,8124.0,COMPLETE,
287.0,k2204_BPV,3.0,21.0,1.1822385204141028e-05,2022-10-21 19:20:06.220736,2022-10-21 19:20:46.041796,0 days 00:00:39.821060,738.0,4.0,3.024048209290541e-05,512.0,COMPLETE,
287.0,k2204_BPV,3.0,22.0,9.460998626309449e-06,2022-10-21 19:20:46.042374,2022-10-21 19:21:41.391267,0 days 00:00:55.348893,908.0,4.0,1.1940435233769036e-05,512.0,COMPLETE,
287.0,k2204_BPV,3.0,23.0,2.241290530946572e-05,2022-10-21 19:21:41.391830,2022-10-21 19:22:20.372610,0 days 00:00:38.980780,711.0,4.0,3.4319701863256825e-05,512.0,COMPLETE,
287.0,k2204_BPV,3.0,24.0,3.3882046409416944e-05,2022-10-21 19:22:20.373098,2022-10-21 19:22:40.080604,0 days 00:00:19.707506,831.0,3.0,0.000118474830187,512.0,COMPLETE,
287.0,k2204_BPV,3.0,25.0,0.0016863708151504,2022-10-21 19:22:40.081144,2022-10-21 19:23:01.051068,0 days 00:00:20.969924,1013.0,5.0,0.0001967577381113,1024.0,COMPLETE,
287.0,k2204_BPV,3.0,26.0,6.713798029522877e-06,2022-10-21 19:23:01.051659,2022-10-21 19:24:18.388660,0 days 00:01:17.337001,461.0,4.0,1.917250605234316e-05,512.0,COMPLETE,
287.0,k2204_BPV,3.0,27.0,5.823028914164752e-06,2022-10-21 19:24:18.389222,2022-10-21 19:26:23.004998,0 days 00:02:04.615776,397.0,3.0,1.64382120093234e-05,512.0,COMPLETE,
287.0,k2204_BPV,3.0,28.0,1.3331185982679015e-05,2022-10-21 19:26:23.005540,2022-10-21 19:29:38.065587,0 days 00:03:15.060047,314.0,2.0,5.203838019061426e-05,512.0,COMPLETE,
287.0,k2204_BPV,3.0,29.0,0.000195385684492,2022-10-21 19:29:38.066141,2022-10-21 19:29:55.568190,0 days 00:00:17.502049,396.0,2.0,0.0016790445050096,512.0,COMPLETE,
287.0,k2204_BPV,3.0,30.0,60.24993515014648,2022-10-21 19:29:55.568727,2022-10-21 19:30:02.946690,0 days 00:00:07.377963,603.0,3.0,0.0136169649054138,1024.0,COMPLETE,
287.0,k2204_BPV,3.0,31.0,4.777177764481166e-06,2022-10-21 19:30:02.947221,2022-10-21 19:31:50.770858,0 days 00:01:47.823637,423.0,3.0,1.779676965754137e-05,512.0,COMPLETE,
287.0,k2204_BPV,3.0,32.0,4.738207280752249e-06,2022-10-21 19:31:50.771406,2022-10-21 19:37:44.113693,0 days 00:05:53.342287,227.0,3.0,1.0263361458873212e-05,512.0,COMPLETE,
287.0,k2204_BPV,3.0,33.0,0.0003021860029548,2022-10-21 19:37:44.114234,2022-10-21 19:43:14.759492,0 days 00:05:30.645258,217.0,3.0,4.432823537830252e-05,4096.0,COMPLETE,
287.0,k2204_BPV,3.0,34.0,6.594587830477394e-06,2022-10-21 19:43:14.759991,2022-10-21 19:47:31.809196,0 days 00:04:17.049205,407.0,3.0,1.9308473646257773e-05,2048.0,COMPLETE,
287.0,k2204_BPV,3.0,35.0,0.0018747928552329,2022-10-21 19:47:31.809733,2022-10-21 19:53:23.421854,0 days 00:05:51.612121,250.0,2.0,1.1455010740409018e-05,512.0,COMPLETE,
287.0,k2204_BPV,3.0,36.0,3.6619285310735e-06,2022-10-21 19:53:23.422398,2022-10-21 19:55:33.829800,0 days 00:02:10.407402,549.0,3.0,1.017886358436309e-05,512.0,COMPLETE,
287.0,k2204_BPV,3.0,37.0,0.098868653178215,2022-10-21 19:55:33.830372,2022-10-21 20:00:46.779662,0 days 00:05:12.949290,24.0,2.0,8.456502404631244e-05,2048.0,COMPLETE,
287.0,k2204_BPV,3.0,38.0,0.0026234616525471,2022-10-21 20:00:46.780167,2022-10-21 20:06:24.221190,0 days 00:05:37.441023,540.0,3.0,1.0186127404466257e-05,8124.0,COMPLETE,
287.0,k2204_BPV,3.0,39.0,1.9272831195849e-05,2022-10-21 20:06:24.221702,2022-10-21 20:08:30.225920,0 days 00:02:06.004218,171.0,2.0,0.0002121305850171,512.0,COMPLETE,
287.0,k2204_BPV,3.0,40.0,0.0002071932831313,2022-10-21 20:08:30.226547,2022-10-21 20:11:54.158556,0 days 00:03:23.932009,617.0,4.0,2.416193996701918e-05,4096.0,COMPLETE,
287.0,k2204_BPV,3.0,41.0,3.594092277126037e-06,2022-10-21 20:11:54.159115,2022-10-21 20:13:57.474763,0 days 00:02:03.315648,362.0,3.0,1.860590244082462e-05,512.0,COMPLETE,
287.0,k2204_BPV,3.0,42.0,9.823324035096448e-06,2022-10-21 20:13:57.475315,2022-10-21 20:14:39.641537,0 days 00:00:42.166222,475.0,3.0,4.355226872487863e-05,512.0,COMPLETE,
287.0,k2204_BPV,3.0,43.0,4.381550752441399e-06,2022-10-21 20:14:39.642104,2022-10-21 20:16:54.188123,0 days 00:02:14.546019,348.0,3.0,1.7069529529035165e-05,512.0,COMPLETE,
287.0,k2204_BPV,3.0,44.0,4.2283445509383455e-06,2022-10-21 20:16:54.188614,2022-10-21 20:18:52.605168,0 days 00:01:58.416554,367.0,3.0,1.8518843653122725e-05,512.0,COMPLETE,
287.0,k2204_BPV,3.0,45.0,1.3836055586580189e-05,2022-10-21 20:18:52.605723,2022-10-21 20:20:36.794670,0 days 00:01:44.188947,342.0,3.0,6.346983486133584e-05,2048.0,COMPLETE,
287.0,k2204_BPV,3.0,46.0,3.785268927458674e-05,2022-10-21 20:20:36.795205,2022-10-21 20:21:11.909648,0 days 00:00:35.114443,228.0,2.0,0.0007909163093004,512.0,COMPLETE,
287.0,k2204_BPV,3.0,47.0,0.0004897333565168,2022-10-21 20:21:11.910198,2022-10-21 20:21:24.897334,0 days 00:00:12.987136,123.0,3.0,0.0047046610541618,1024.0,COMPLETE,
287.0,k2204_BPV,3.0,48.0,0.0008142605074681,2022-10-21 20:21:24.897892,2022-10-21 20:21:46.321233,0 days 00:00:21.423341,361.0,5.0,0.0004060066690737,512.0,COMPLETE,
287.0,k2204_BPV,3.0,49.0,6.347924227156909e-06,2022-10-21 20:21:46.321804,2022-10-21 20:23:03.810390,0 days 00:01:17.488586,284.0,3.0,4.066627038056476e-05,512.0,COMPLETE,
287.0,k2204_BPV,3.0,50.0,2.9166445528971963e-05,2022-10-21 20:23:03.810969,2022-10-21 20:28:38.342952,0 days 00:05:34.531983,571.0,3.0,1.6321775218681788e-05,8124.0,COMPLETE,
287.0,k2204_BPV,3.0,51.0,4.28518114858889e-06,2022-10-21 20:28:38.343426,2022-10-21 20:29:59.114752,0 days 00:01:20.771326,447.0,3.0,2.3249173637228928e-05,512.0,COMPLETE,
287.0,k2204_BPV,3.0,52.0,5.16630825586617e-06,2022-10-21 20:29:59.115299,2022-10-21 20:31:04.951965,0 days 00:01:05.836666,504.0,3.0,2.5830448309966243e-05,512.0,COMPLETE,
287.0,k2204_BPV,3.0,53.0,3.2470704809384188e-06,2022-10-21 20:31:04.952514,2022-10-21 20:33:51.049199,0 days 00:02:46.096685,446.0,3.0,1.0297582033306855e-05,512.0,COMPLETE,
287.0,k2204_BPV,3.0,54.0,7.514342996728374e-06,2022-10-21 20:33:51.049762,2022-10-21 20:35:26.983624,0 days 00:01:35.933862,436.0,4.0,1.52203464183408e-05,512.0,COMPLETE,
287.0,k2204_BPV,3.0,55.0,1.1986232493654825e-05,2022-10-21 20:35:26.984195,2022-10-21 20:39:16.301788,0 days 00:03:49.317593,663.0,2.0,2.6785818610785835e-05,512.0,COMPLETE,
287.0,k2204_BPV,3.0,56.0,1.0180856406805106e-05,2022-10-21 20:39:16.302369,2022-10-21 20:39:53.000044,0 days 00:00:36.697675,374.0,4.0,0.0001155541738977,512.0,COMPLETE,
287.0,k2204_BPV,3.0,57.0,1.686154973867815e-05,2022-10-21 20:39:53.000617,2022-10-21 20:40:24.658776,0 days 00:00:31.658159,520.0,3.0,6.32139652832024e-05,512.0,COMPLETE,
287.0,k2204_BPV,3.0,58.0,1.4785189705435188e-05,2022-10-21 20:40:24.659305,2022-10-21 20:45:41.604423,0 days 00:05:16.945118,573.0,3.0,1.8812740509484863e-05,4096.0,COMPLETE,
287.0,k2204_BPV,3.0,59.0,5.353126198315295e-06,2022-10-21 20:45:41.604965,2022-10-21 20:46:56.023386,0 days 00:01:14.418421,461.0,3.0,2.305756329803897e-05,512.0,COMPLETE,
287.0,k2204_BPV,3.0,60.0,1.0384189408796374e-05,2022-10-21 20:46:56.023936,2022-10-21 20:48:46.727256,0 days 00:01:50.703320,293.0,4.0,3.283293374672376e-05,1024.0,COMPLETE,
287.0,k2204_BPV,3.0,61.0,6.83088956066058e-06,2022-10-21 20:48:46.727822,2022-10-21 20:54:44.894485,0 days 00:05:58.166663,170.0,3.0,1.3218497711392309e-05,512.0,COMPLETE,
287.0,k2204_BPV,3.0,62.0,3.708587883011205e-06,2022-10-21 20:54:44.895014,2022-10-21 20:57:04.484684,0 days 00:02:19.589670,446.0,3.0,1.1810236512221976e-05,512.0,COMPLETE,
287.0,k2204_BPV,3.0,63.0,3.577365760065732e-06,2022-10-21 20:57:04.485229,2022-10-21 20:59:05.485490,0 days 00:02:01.000261,446.0,3.0,1.453045959752444e-05,512.0,COMPLETE,
287.0,k2204_BPV,3.0,64.0,3.3041724236682057e-06,2022-10-21 20:59:05.486079,2022-10-21 21:01:55.891226,0 days 00:02:50.405147,445.0,3.0,1.0152587812005685e-05,512.0,COMPLETE,
287.0,k2204_BPV,3.0,65.0,3.532185928634135e-06,2022-10-21 21:01:55.891791,2022-10-21 21:03:48.546526,0 days 00:01:52.654735,498.0,3.0,1.3392635233769017e-05,512.0,COMPLETE,
287.0,k2204_BPV,3.0,66.0,3.991439007222653e-05,2022-10-21 21:03:48.547105,2022-10-21 21:09:36.676705,0 days 00:05:48.129600,507.0,2.0,1.0146249579121334e-05,512.0,COMPLETE,
287.0,k2204_BPV,3.0,67.0,2.6091656764037907e-05,2022-10-21 21:09:36.677236,2022-10-21 21:15:13.797407,0 days 00:05:37.120171,652.0,3.0,1.3588885200594477e-05,8124.0,COMPLETE,
287.0,k2204_BPV,3.0,68.0,1.412529672961682e-05,2022-10-21 21:15:13.797880,2022-10-21 21:16:00.147906,0 days 00:00:46.350026,553.0,4.0,3.5353678826017775e-05,512.0,COMPLETE,
287.0,k2204_BPV,3.0,69.0,5.284816325001884e-06,2022-10-21 21:16:00.148482,2022-10-21 21:20:52.008469,0 days 00:04:51.859987,500.0,3.0,1.3459406659477335e-05,2048.0,COMPLETE,
287.0,k2204_BPV,3.0,70.0,1.3806507922708988e-05,2022-10-21 21:20:52.009009,2022-10-21 21:23:14.296662,0 days 00:02:22.287653,425.0,6.0,1.417862980031244e-05,512.0,COMPLETE,
287.0,k2204_BPV,3.0,71.0,5.479562787513714e-06,2022-10-21 21:23:14.297262,2022-10-21 21:24:49.442030,0 days 00:01:35.144768,389.0,3.0,2.130996838491556e-05,512.0,COMPLETE,
287.0,k2204_BPV,3.0,72.0,2.909389650085359e-06,2022-10-21 21:24:49.442621,2022-10-21 21:27:35.343615,0 days 00:02:45.900994,478.0,3.0,1.0019824412643036e-05,512.0,COMPLETE,
287.0,k2204_BPV,3.0,73.0,3.843811100523453e-06,2022-10-21 21:27:35.344182,2022-10-21 21:29:50.640777,0 days 00:02:15.296595,477.0,3.0,1.1221405981280755e-05,512.0,COMPLETE,
287.0,k2204_BPV,3.0,74.0,5.7391907830606215e-06,2022-10-21 21:29:50.641387,2022-10-21 21:31:16.617690,0 days 00:01:25.976303,586.0,3.0,1.4654713239654102e-05,512.0,COMPLETE,
287.0,k2204_BPV,3.0,75.0,9.041667908604722e-06,2022-10-21 21:31:16.618350,2022-10-21 21:32:08.294350,0 days 00:00:51.676000,540.0,3.0,2.950041001345337e-05,512.0,COMPLETE,
287.0,k2204_BPV,3.0,76.0,1.0408578418719117e-05,2022-10-21 21:32:08.294926,2022-10-21 21:32:54.111030,0 days 00:00:45.816104,431.0,3.0,5.145924020603183e-05,512.0,COMPLETE,
287.0,k2204_BPV,3.0,77.0,3.677078211694607e-06,2022-10-21 21:32:54.111574,2022-10-21 21:35:19.943507,0 days 00:02:25.831933,490.0,3.0,1.0026058092541587e-05,512.0,COMPLETE,
287.0,k2204_BPV,3.0,78.0,0.1275840997695922,2022-10-21 21:35:19.944079,2022-10-21 21:40:48.248785,0 days 00:05:28.304706,494.0,2.0,1.0373042780752038e-05,4096.0,COMPLETE,
287.0,k2204_BPV,3.0,79.0,1.30263078972348e-05,2022-10-21 21:40:48.249295,2022-10-21 21:41:45.512558,0 days 00:00:57.263263,648.0,4.0,2.1641840466238013e-05,512.0,COMPLETE,
287.0,k2204_BPV,3.0,80.0,37.32122802734375,2022-10-21 21:41:45.513066,2022-10-21 21:41:54.450632,0 days 00:00:08.937566,320.0,3.0,0.0409700366930956,1024.0,COMPLETE,
287.0,k2204_BPV,3.0,81.0,4.092651579412632e-06,2022-10-21 21:41:54.451189,2022-10-21 21:44:04.338385,0 days 00:02:09.887196,458.0,3.0,1.3095315168768464e-05,512.0,COMPLETE,
287.0,k2204_BPV,3.0,82.0,3.6207252378517296e-06,2022-10-21 21:44:04.338981,2022-10-21 21:46:03.354177,0 days 00:01:59.015196,407.0,3.0,1.6392433235303624e-05,512.0,COMPLETE,
287.0,k2204_BPV,3.0,83.0,2.5295787509094225e-06,2022-10-21 21:46:03.354766,2022-10-21 21:49:32.841520,0 days 00:03:29.486754,393.0,3.0,1.0005655506338786e-05,512.0,COMPLETE,
287.0,k2204_BPV,3.0,84.0,3.7530555800913135e-06,2022-10-21 21:49:32.842107,2022-10-21 21:51:25.043054,0 days 00:01:52.200947,407.0,3.0,1.6960094367037663e-05,512.0,COMPLETE,
287.0,k2204_BPV,3.0,85.0,1.092247293854598e-05,2022-10-21 21:51:25.043620,2022-10-21 21:52:32.157456,0 days 00:01:07.113836,380.0,3.0,3.437147509593092e-05,512.0,COMPLETE,
287.0,k2204_BPV,3.0,86.0,1.0455229130457155e-05,2022-10-21 21:52:32.158033,2022-10-21 21:54:04.445550,0 days 00:01:32.287517,411.0,3.0,2.0326078905177983e-05,512.0,COMPLETE,
287.0,k2204_BPV,3.0,87.0,5.808247806271538e-05,2022-10-21 21:54:04.446128,2022-10-21 21:59:40.986121,0 days 00:05:36.539993,546.0,3.0,1.53635681774445e-05,8124.0,COMPLETE,
287.0,k2204_BPV,3.0,88.0,7.297729098354466e-06,2022-10-21 21:59:40.986683,2022-10-21 22:02:01.905348,0 days 00:02:20.918665,525.0,3.0,2.595650284425489e-05,2048.0,COMPLETE,
287.0,k2204_BPV,3.0,89.0,0.002000683452934,2022-10-21 22:02:01.905893,2022-10-21 22:02:14.810960,0 days 00:00:12.905067,350.0,3.0,0.0018426795598163,512.0,COMPLETE,
287.0,k2204_BPV,3.0,90.0,1.6850606698426418e-05,2022-10-21 22:02:14.811479,2022-10-21 22:05:57.247230,0 days 00:03:42.435751,325.0,2.0,3.983403611985336e-05,512.0,COMPLETE,
287.0,k2204_BPV,3.0,91.0,3.573903313736082e-06,2022-10-21 22:05:57.247695,2022-10-21 22:08:10.632477,0 days 00:02:13.384782,482.0,3.0,1.1892429575446226e-05,512.0,COMPLETE,
287.0,k2204_BPV,3.0,92.0,3.417588459342369e-06,2022-10-21 22:08:10.633048,2022-10-21 22:10:23.030306,0 days 00:02:12.397258,454.0,3.0,1.2838503281909625e-05,512.0,COMPLETE,
287.0,k2204_BPV,3.0,93.0,5.444790531328181e-06,2022-10-21 22:10:23.030900,2022-10-21 22:11:54.005756,0 days 00:01:30.974856,464.0,3.0,1.822744655730832e-05,512.0,COMPLETE,
287.0,k2204_BPV,3.0,94.0,4.1075522858591285e-06,2022-10-21 22:11:54.006329,2022-10-21 22:14:08.466934,0 days 00:02:14.460605,420.0,3.0,1.3316496897779976e-05,512.0,COMPLETE,
287.0,k2204_BPV,3.0,95.0,3.854121132462751e-06,2022-10-21 22:14:08.467500,2022-10-21 22:16:21.067137,0 days 00:02:12.599637,390.0,3.0,1.535850796004201e-05,512.0,COMPLETE,
287.0,k2204_BPV,3.0,96.0,4.572571015160065e-06,2022-10-21 22:16:21.067715,2022-10-21 22:17:30.808072,0 days 00:01:09.740357,522.0,3.0,2.130329458526775e-05,512.0,COMPLETE,
287.0,k2204_BPV,3.0,97.0,4.767206519318279e-06,2022-10-21 22:17:30.808640,2022-10-21 22:19:45.028744,0 days 00:02:14.220104,444.0,5.0,1.2357711914179963e-05,512.0,COMPLETE,
287.0,k2204_BPV,3.0,98.0,0.0026463191024959,2022-10-21 22:19:45.029322,2022-10-21 22:20:01.802153,0 days 00:00:16.772831,484.0,3.0,0.0049933350627076,512.0,COMPLETE,
287.0,k2204_BPV,3.0,99.0,0.0016780791338533,2022-10-21 22:20:01.802723,2022-10-21 22:25:33.768373,0 days 00:05:31.965650,270.0,3.0,2.808274280068642e-05,4096.0,COMPLETE,
287.0,k2204_BPV,4.0,0.0,2.217114524682984e-05,2022-10-21 22:27:27.118008,2022-10-21 22:28:42.044031,0 days 00:01:14.926023,64.0,2.0,0.001,512.0,COMPLETE,"{'n_max': 64, 'n_layers': 2, 'lr': 0.001, 'batch_size': 512}"
287.0,k2204_BPV,4.0,1.0,0.1960580796003341,2022-10-21 22:28:42.044556,2022-10-21 22:28:52.681573,0 days 00:00:10.637017,151.0,6.0,0.0062154309479861,2048.0,COMPLETE,
287.0,k2204_BPV,4.0,2.0,0.0782558172941207,2022-10-21 22:28:52.682122,2022-10-21 22:29:10.624782,0 days 00:00:17.942660,351.0,5.0,0.0002976708157831,8124.0,COMPLETE,
287.0,k2204_BPV,4.0,3.0,0.0752422660589218,2022-10-21 22:29:10.625339,2022-10-21 22:29:22.597857,0 days 00:00:11.972518,67.0,5.0,0.0097312405675273,1024.0,COMPLETE,
287.0,k2204_BPV,4.0,4.0,0.0006634050514549,2022-10-21 22:29:22.598371,2022-10-21 22:30:05.419423,0 days 00:00:42.821052,814.0,3.0,5.644405031032635e-05,2048.0,COMPLETE,
287.0,k2204_BPV,4.0,5.0,0.0600381754338741,2022-10-21 22:30:05.419967,2022-10-21 22:30:37.565652,0 days 00:00:32.145685,306.0,6.0,0.0001880847276632,4096.0,COMPLETE,
287.0,k2204_BPV,4.0,6.0,1.8207130779046565e-05,2022-10-21 22:30:37.566138,2022-10-21 22:33:37.008196,0 days 00:02:59.442058,958.0,3.0,1.812440846582202e-05,8124.0,COMPLETE,
287.0,k2204_BPV,4.0,7.0,60.010498046875,2022-10-21 22:33:37.008646,2022-10-21 22:33:45.174010,0 days 00:00:08.165364,678.0,2.0,0.027687273721384,1024.0,COMPLETE,
287.0,k2204_BPV,4.0,8.0,0.0197751391679048,2022-10-21 22:33:45.174570,2022-10-21 22:39:09.767604,0 days 00:05:24.593034,293.0,2.0,3.461061519415019e-05,8124.0,COMPLETE,
287.0,k2204_BPV,4.0,9.0,0.000372159469407,2022-10-21 22:39:09.768091,2022-10-21 22:39:41.973544,0 days 00:00:32.205453,161.0,6.0,0.0005659216516162,1024.0,COMPLETE,
287.0,k2204_BPV,4.0,10.0,2.8039885364705697e-05,2022-10-21 22:39:41.974002,2022-10-21 22:43:01.170604,0 days 00:03:19.196602,1022.0,4.0,1.3627876057873251e-05,8124.0,COMPLETE,
287.0,k2204_BPV,4.0,11.0,0.006276436150074,2022-10-21 22:43:01.171152,2022-10-21 22:43:13.304992,0 days 00:00:12.133840,609.0,3.0,0.0018585251456718,512.0,COMPLETE,
287.0,k2204_BPV,4.0,12.0,34.71033477783203,2022-10-21 22:43:13.305534,2022-10-21 22:43:39.468906,0 days 00:00:26.163372,976.0,3.0,0.0674304357346296,512.0,COMPLETE,
287.0,k2204_BPV,4.0,13.0,0.0001919486530823,2022-10-21 22:43:39.469497,2022-10-21 22:43:53.922172,0 days 00:00:14.452675,450.0,2.0,0.0019547242622423,512.0,COMPLETE,
287.0,k2204_BPV,4.0,14.0,0.0426306687295436,2022-10-21 22:43:53.922743,2022-10-21 22:44:07.655822,0 days 00:00:13.733079,799.0,3.0,9.51149842863993e-05,4096.0,COMPLETE,
287.0,k2204_BPV,4.0,15.0,0.0018084589391946,2022-10-21 22:44:07.656355,2022-10-21 22:49:49.406728,0 days 00:05:41.750373,515.0,4.0,1.1182164570076471e-05,8124.0,COMPLETE,
287.0,k2204_BPV,4.0,16.0,0.0001651244529057,2022-10-21 22:49:49.407254,2022-10-21 22:50:07.221172,0 days 00:00:17.813918,868.0,2.0,0.0006849148942461,512.0,COMPLETE,
287.0,k2204_BPV,4.0,17.0,16.0578556060791,2022-10-21 22:50:07.221702,2022-10-21 22:50:19.774823,0 days 00:00:12.553121,662.0,3.0,0.008315253386554,512.0,COMPLETE,
287.0,k2204_BPV,4.0,18.0,2.50104239967186e-05,2022-10-21 22:50:19.775373,2022-10-21 22:54:41.960481,0 days 00:04:22.185108,406.0,4.0,2.902031471904405e-05,8124.0,COMPLETE,
287.0,k2204_BPV,4.0,19.0,2.1088195353513584e-05,2022-10-21 22:54:41.961022,2022-10-21 22:57:41.187275,0 days 00:02:59.226253,186.0,2.0,0.000209968018553,2048.0,COMPLETE,
287.0,k2204_BPV,4.0,20.0,1.894323395390529e-05,2022-10-21 22:57:41.187799,2022-10-21 22:59:09.660759,0 days 00:01:28.472960,197.0,3.0,0.0001530248995284,2048.0,COMPLETE,
287.0,k2204_BPV,4.0,21.0,1.812661685107741e-05,2022-10-21 22:59:09.661216,2022-10-21 23:00:39.318191,0 days 00:01:29.656975,212.0,3.0,0.0001311547791675,2048.0,COMPLETE,
287.0,k2204_BPV,4.0,22.0,1.6615487766102888e-05,2022-10-21 23:00:39.318673,2022-10-21 23:02:21.808881,0 days 00:01:42.490208,251.0,3.0,9.481144744420548e-05,2048.0,COMPLETE,
287.0,k2204_BPV,4.0,23.0,0.0001632044004509,2022-10-21 23:02:21.809417,2022-10-21 23:04:21.522108,0 days 00:01:59.712691,248.0,4.0,6.270951667839442e-05,2048.0,COMPLETE,
287.0,k2204_BPV,4.0,24.0,0.4001159071922302,2022-10-21 23:04:21.522668,2022-10-21 23:09:43.783622,0 days 00:05:22.260954,28.0,3.0,2.134510684448904e-05,2048.0,COMPLETE,
287.0,k2204_BPV,4.0,25.0,0.0093113053590059,2022-10-21 23:09:43.784126,2022-10-21 23:10:22.326994,0 days 00:00:38.542868,565.0,5.0,8.283264977703346e-05,2048.0,COMPLETE,
287.0,k2204_BPV,4.0,26.0,1.0087851478601806e-05,2022-10-21 23:10:22.327553,2022-10-21 23:12:14.712654,0 days 00:01:52.385101,428.0,3.0,4.464144199614931e-05,2048.0,COMPLETE,
287.0,k2204_BPV,4.0,27.0,0.0002184557088185,2022-10-21 23:12:14.713127,2022-10-21 23:12:46.013767,0 days 00:00:31.300640,444.0,4.0,0.0003638977822904,2048.0,COMPLETE,
287.0,k2204_BPV,4.0,28.0,1.1097380593128037e-05,2022-10-21 23:12:46.014379,2022-10-21 23:14:54.571827,0 days 00:02:08.557448,369.0,3.0,4.526101411113853e-05,2048.0,COMPLETE,
287.0,k2204_BPV,4.0,29.0,2.109705383190885e-05,2022-10-21 23:14:54.572367,2022-10-21 23:16:54.911603,0 days 00:02:00.339236,376.0,4.0,4.0066948407309805e-05,2048.0,COMPLETE,
287.0,k2204_BPV,4.0,30.0,0.0972221493721008,2022-10-21 23:16:54.912149,2022-10-21 23:22:22.608635,0 days 00:05:27.696486,516.0,2.0,1.0276473459836711e-05,4096.0,COMPLETE,
287.0,k2204_BPV,4.0,31.0,1.7843831301433966e-05,2022-10-21 23:22:22.609107,2022-10-21 23:24:33.417006,0 days 00:02:10.807899,243.0,3.0,7.256144050350577e-05,2048.0,COMPLETE,
287.0,k2204_BPV,4.0,32.0,0.0016765880864113,2022-10-21 23:24:33.417577,2022-10-21 23:29:55.095810,0 days 00:05:21.678233,87.0,3.0,5.036728901030031e-05,2048.0,COMPLETE,
287.0,k2204_BPV,4.0,33.0,1.3555048099078704e-05,2022-10-21 23:29:55.096327,2022-10-21 23:31:17.671962,0 days 00:01:22.575635,310.0,3.0,9.12697908523198e-05,2048.0,COMPLETE,
287.0,k2204_BPV,4.0,34.0,0.0015441953437402,2022-10-21 23:31:17.672508,2022-10-21 23:31:49.189641,0 days 00:00:31.517133,337.0,3.0,0.0003031788446677,2048.0,COMPLETE,
287.0,k2204_BPV,4.0,35.0,0.0011179943103343,2022-10-21 23:31:49.190188,2022-10-21 23:37:04.206435,0 days 00:05:15.016247,450.0,2.0,2.7928191093066512e-05,2048.0,COMPLETE,
287.0,k2204_BPV,4.0,36.0,0.0004007210081908,2022-10-21 23:37:04.206949,2022-10-21 23:39:28.380895,0 days 00:02:24.173946,120.0,4.0,0.000117465411712,2048.0,COMPLETE,
287.0,k2204_BPV,4.0,37.0,0.0004559162189252,2022-10-21 23:39:28.381442,2022-10-21 23:39:50.585658,0 days 00:00:22.204216,284.0,3.0,0.0011374665262405,2048.0,COMPLETE,
287.0,k2204_BPV,4.0,38.0,0.0001445669913664,2022-10-21 23:39:50.586204,2022-10-21 23:40:21.417497,0 days 00:00:30.831293,381.0,5.0,0.0002352348446301,1024.0,COMPLETE,
287.0,k2204_BPV,4.0,39.0,0.0126563068479299,2022-10-21 23:40:21.418088,2022-10-21 23:45:37.113578,0 days 00:05:15.695490,330.0,2.0,1.9104943615394456e-05,2048.0,COMPLETE,
287.0,k2204_BPV,4.0,40.0,0.0281872358173131,2022-10-21 23:45:37.114092,2022-10-21 23:46:00.044432,0 days 00:00:22.930340,262.0,3.0,0.000408429017553,4096.0,COMPLETE,
287.0,k2204_BPV,4.0,41.0,1.568998777656816e-05,2022-10-21 23:46:00.044982,2022-10-21 23:48:44.470790,0 days 00:02:44.425808,231.0,3.0,6.011559686935112e-05,2048.0,COMPLETE,
287.0,k2204_BPV,4.0,42.0,1.00123370430083e-05,2022-10-21 23:48:44.471333,2022-10-21 23:51:10.278880,0 days 00:02:25.807547,415.0,3.0,3.573742064739959e-05,2048.0,COMPLETE,
287.0,k2204_BPV,4.0,43.0,1.0725327229010873e-05,2022-10-21 23:51:10.279409,2022-10-21 23:53:13.659664,0 days 00:02:03.380255,416.0,3.0,4.187369329452095e-05,2048.0,COMPLETE,
287.0,k2204_BPV,4.0,44.0,1.829614848247729e-05,2022-10-21 23:53:13.660120,2022-10-21 23:54:27.994155,0 days 00:01:14.334035,415.0,4.0,3.2722123478177854e-05,1024.0,COMPLETE,
287.0,k2204_BPV,4.0,45.0,5.655172117258189e-06,2022-10-21 23:54:27.994756,2022-10-21 23:58:21.785604,0 days 00:03:53.790848,503.0,3.0,1.5985790268992193e-05,2048.0,COMPLETE,
287.0,k2204_BPV,4.0,46.0,0.0096763651818037,2022-10-21 23:58:21.786172,2022-10-22 00:03:38.070892,0 days 00:05:16.284720,490.0,2.0,1.6782420608849083e-05,2048.0,COMPLETE,
287.0,k2204_BPV,4.0,47.0,5.877517196495319e-06,2022-10-22 00:03:38.071477,2022-10-22 00:06:02.199787,0 days 00:02:24.128310,568.0,3.0,2.3874477306225636e-05,2048.0,COMPLETE,
287.0,k2204_BPV,4.0,48.0,1.9396273273741823e-05,2022-10-22 00:06:02.200332,2022-10-22 00:08:01.177494,0 days 00:01:58.977162,587.0,4.0,2.24862788434171e-05,2048.0,COMPLETE,
287.0,k2204_BPV,4.0,49.0,0.0259120874106884,2022-10-22 00:08:01.178053,2022-10-22 00:13:29.823623,0 days 00:05:28.645570,656.0,2.0,1.521106025061242e-05,4096.0,COMPLETE,
287.0,k2204_BPV,4.0,50.0,1.3825656424160115e-05,2022-10-22 00:13:29.824126,2022-10-22 00:14:30.543794,0 days 00:01:00.719668,554.0,3.0,3.2994458238345526e-05,1024.0,COMPLETE,
287.0,k2204_BPV,4.0,51.0,8.33291414892301e-06,2022-10-22 00:14:30.544361,2022-10-22 00:16:12.280799,0 days 00:01:41.736438,474.0,3.0,4.482243540940662e-05,2048.0,COMPLETE,
287.0,k2204_BPV,4.0,52.0,0.0158787295222282,2022-10-22 00:16:12.281342,2022-10-22 00:16:28.783888,0 days 00:00:16.502546,492.0,3.0,0.0033106240420635,2048.0,COMPLETE,
287.0,k2204_BPV,4.0,53.0,339.19403076171875,2022-10-22 00:16:28.784468,2022-10-22 00:16:35.112456,0 days 00:00:06.327988,612.0,3.0,0.0193310471279904,2048.0,COMPLETE,
287.0,k2204_BPV,4.0,54.0,5.435204457171494e-06,2022-10-22 00:16:35.113027,2022-10-22 00:21:52.490823,0 days 00:05:17.377796,453.0,3.0,1.3255360116423333e-05,2048.0,COMPLETE,
287.0,k2204_BPV,4.0,55.0,1.0766846571641508e-05,2022-10-22 00:21:52.491348,2022-10-22 00:27:25.876116,0 days 00:05:33.384768,729.0,3.0,1.2743929197784984e-05,8124.0,COMPLETE,
287.0,k2204_BPV,4.0,56.0,7.034900136204669e-06,2022-10-22 00:27:25.876671,2022-10-22 00:28:36.289636,0 days 00:01:10.412965,449.0,4.0,2.441495621932941e-05,512.0,COMPLETE,
287.0,k2204_BPV,4.0,57.0,1.5252803677867632e-05,2022-10-22 00:28:36.290231,2022-10-22 00:29:57.271530,0 days 00:01:20.981299,486.0,5.0,2.245766830033082e-05,512.0,COMPLETE,
287.0,k2204_BPV,4.0,58.0,1.5014597011031585e-05,2022-10-22 00:29:57.272029,2022-10-22 00:31:51.867523,0 days 00:01:54.595494,550.0,6.0,1.3775502433114191e-05,512.0,COMPLETE,
287.0,k2204_BPV,4.0,59.0,5.146830517333001e-06,2022-10-22 00:31:51.868148,2022-10-22 00:33:28.362256,0 days 00:01:36.494108,616.0,4.0,1.0161001420123293e-05,512.0,COMPLETE,
287.0,k2204_BPV,4.0,60.0,1.0743015081970952e-05,2022-10-22 00:33:28.362875,2022-10-22 00:35:00.404518,0 days 00:01:32.041643,705.0,5.0,1.1141723129858116e-05,512.0,COMPLETE,
287.0,k2204_BPV,4.0,61.0,1.1335697308823e-05,2022-10-22 00:35:00.405102,2022-10-22 00:35:49.376666,0 days 00:00:48.971564,627.0,4.0,2.7081859422831787e-05,512.0,COMPLETE,
287.0,k2204_BPV,4.0,62.0,6.24520362180192e-06,2022-10-22 00:35:49.377268,2022-10-22 00:37:16.923489,0 days 00:01:27.546221,474.0,4.0,1.6541766165164393e-05,512.0,COMPLETE,
287.0,k2204_BPV,4.0,63.0,1.1515714504639618e-05,2022-10-22 00:37:16.924064,2022-10-22 00:38:38.063818,0 days 00:01:21.139754,475.0,4.0,1.9047385206061248e-05,512.0,COMPLETE,
287.0,k2204_BPV,4.0,64.0,4.749736490339274e-06,2022-10-22 00:38:38.064391,2022-10-22 00:40:31.687932,0 days 00:01:53.623541,523.0,4.0,1.0346108661810682e-05,512.0,COMPLETE,
287.0,k2204_BPV,4.0,65.0,3.917194590030704e-06,2022-10-22 00:40:31.688511,2022-10-22 00:42:27.935989,0 days 00:01:56.247478,535.0,4.0,1.064819627191656e-05,512.0,COMPLETE,
287.0,k2204_BPV,4.0,66.0,4.928671842208132e-06,2022-10-22 00:42:27.936585,2022-10-22 00:43:52.820250,0 days 00:01:24.883665,533.0,4.0,1.420795468539594e-05,512.0,COMPLETE,
287.0,k2204_BPV,4.0,67.0,6.227097856026376e-06,2022-10-22 00:43:52.820848,2022-10-22 00:45:41.783130,0 days 00:01:48.962282,529.0,4.0,1.1269600451789886e-05,512.0,COMPLETE,
287.0,k2204_BPV,4.0,68.0,1.2049441465933342e-05,2022-10-22 00:45:41.783708,2022-10-22 00:46:48.635666,0 days 00:01:06.851958,747.0,4.0,1.4185288632492177e-05,512.0,COMPLETE,
287.0,k2204_BPV,4.0,69.0,5.758940460509621e-06,2022-10-22 00:46:48.636165,2022-10-22 00:48:22.020568,0 days 00:01:33.384403,642.0,4.0,1.0235527467950065e-05,512.0,COMPLETE,
287.0,k2204_BPV,4.0,70.0,3.995361566921929e-06,2022-10-22 00:48:22.021161,2022-10-22 00:49:57.629045,0 days 00:01:35.607884,636.0,4.0,1.049660496783728e-05,512.0,COMPLETE,
287.0,k2204_BPV,4.0,71.0,4.149128926655976e-06,2022-10-22 00:49:57.629598,2022-10-22 00:51:41.352013,0 days 00:01:43.722415,594.0,4.0,1.0106148872786016e-05,512.0,COMPLETE,
287.0,k2204_BPV,4.0,72.0,9.896217306959444e-06,2022-10-22 00:51:41.352587,2022-10-22 00:53:06.164601,0 days 00:01:24.812014,593.0,5.0,1.5273667658294666e-05,512.0,COMPLETE,
287.0,k2204_BPV,4.0,73.0,8.06554362497991e-06,2022-10-22 00:53:06.165184,2022-10-22 00:54:40.156254,0 days 00:01:33.991070,680.0,4.0,1.0503543668733636e-05,512.0,COMPLETE,
287.0,k2204_BPV,4.0,74.0,7.270724836416775e-06,2022-10-22 00:54:40.156815,2022-10-22 00:55:56.796897,0 days 00:01:16.640082,534.0,4.0,1.7997840455790335e-05,512.0,COMPLETE,
287.0,k2204_BPV,4.0,75.0,8.067895578278694e-06,2022-10-22 00:55:56.797478,2022-10-22 00:57:17.741173,0 days 00:01:20.943695,586.0,4.0,1.3270698572812628e-05,512.0,COMPLETE,
287.0,k2204_BPV,4.0,76.0,1.3857059457222933e-05,2022-10-22 00:57:17.741754,2022-10-22 00:58:46.445690,0 days 00:01:28.703936,513.0,5.0,1.8458476781947187e-05,512.0,COMPLETE,
287.0,k2204_BPV,4.0,77.0,1.4745821317774244e-05,2022-10-22 00:58:46.446293,2022-10-22 00:59:33.130994,0 days 00:00:46.684701,621.0,4.0,2.875831841360642e-05,512.0,COMPLETE,
287.0,k2204_BPV,4.0,78.0,86492.015625,2022-10-22 00:59:33.131578,2022-10-22 00:59:55.299189,0 days 00:00:22.167611,694.0,4.0,0.061676131283385,512.0,COMPLETE,
287.0,k2204_BPV,4.0,79.0,5.408785000327043e-06,2022-10-22 00:59:55.299770,2022-10-22 01:01:13.035909,0 days 00:01:17.736139,792.0,4.0,1.043312899141134e-05,512.0,COMPLETE,
287.0,k2204_BPV,4.0,80.0,1.1172090125910472e-05,2022-10-22 01:01:13.036519,2022-10-22 01:02:46.286554,0 days 00:01:33.250035,757.0,5.0,1.0505958281794398e-05,512.0,COMPLETE,
287.0,k2204_BPV,4.0,81.0,6.845204097771784e-06,2022-10-22 01:02:46.287168,2022-10-22 01:03:52.294650,0 days 00:01:06.007482,869.0,4.0,1.2615437516103804e-05,512.0,COMPLETE,
287.0,k2204_BPV,4.0,82.0,7.180213287938386e-06,2022-10-22 01:03:52.295246,2022-10-22 01:04:49.016209,0 days 00:00:56.720963,821.0,4.0,1.5081020014834862e-05,512.0,COMPLETE,
287.0,k2204_BPV,4.0,83.0,2.3899714506114836e-05,2022-10-22 01:04:49.016782,2022-10-22 01:09:29.442386,0 days 00:04:40.425604,508.0,4.0,2.027311707624879e-05,8124.0,COMPLETE,
287.0,k2204_BPV,4.0,84.0,7.555675438197795e-06,2022-10-22 01:09:29.442957,2022-10-22 01:10:23.953596,0 days 00:00:54.510639,931.0,4.0,1.3917721260262957e-05,512.0,COMPLETE,
287.0,k2204_BPV,4.0,85.0,4.342319698480424e-06,2022-10-22 01:10:23.954183,2022-10-22 01:12:09.470391,0 days 00:01:45.516208,566.0,4.0,1.0443476447178878e-05,512.0,COMPLETE,
287.0,k2204_BPV,4.0,86.0,8.186559171008412e-06,2022-10-22 01:12:09.470900,2022-10-22 01:13:55.004700,0 days 00:01:45.533800,570.0,4.0,1.0396558245703289e-05,512.0,COMPLETE,
287.0,k2204_BPV,4.0,87.0,5.472032626130385e-06,2022-10-22 01:13:55.005302,2022-10-22 01:14:49.929309,0 days 00:00:54.924007,660.0,4.0,2.228908392270071e-05,512.0,COMPLETE,
287.0,k2204_BPV,4.0,88.0,1.7541129636811092e-05,2022-10-22 01:14:49.929833,2022-10-22 01:15:33.169484,0 days 00:00:43.239651,601.0,4.0,3.307109652940743e-05,512.0,COMPLETE,
287.0,k2204_BPV,4.0,89.0,4.447674200491747e-06,2022-10-22 01:15:33.170088,2022-10-22 01:17:10.178802,0 days 00:01:37.008714,536.0,4.0,1.2725913208473155e-05,512.0,COMPLETE,
287.0,k2204_BPV,4.0,90.0,3.748854396690149e-06,2022-10-22 01:17:10.179364,2022-10-22 01:19:08.683435,0 days 00:01:58.504071,542.0,4.0,1.0063289983667104e-05,512.0,COMPLETE,
287.0,k2204_BPV,4.0,91.0,4.714624992629979e-06,2022-10-22 01:19:08.684023,2022-10-22 01:20:24.605125,0 days 00:01:15.921102,541.0,4.0,1.8220572291287475e-05,512.0,COMPLETE,
287.0,k2204_BPV,4.0,92.0,4.809148776985239e-06,2022-10-22 01:20:24.605715,2022-10-22 01:21:39.394591,0 days 00:01:14.788876,541.0,4.0,1.7988243901888928e-05,512.0,COMPLETE,
287.0,k2204_BPV,4.0,93.0,6.687908353342209e-06,2022-10-22 01:21:39.395177,2022-10-22 01:22:58.075047,0 days 00:01:18.679870,546.0,4.0,1.7459507658489065e-05,512.0,COMPLETE,
287.0,k2204_BPV,4.0,94.0,5.6582630350021645e-06,2022-10-22 01:22:58.075651,2022-10-22 01:23:51.094375,0 days 00:00:53.018724,574.0,4.0,2.560574450810737e-05,512.0,COMPLETE,
287.0,k2204_BPV,4.0,95.0,6.156653853395255e-06,2022-10-22 01:23:51.094973,2022-10-22 01:25:00.757313,0 days 00:01:09.662340,540.0,4.0,2.0020736810479296e-05,512.0,COMPLETE,
287.0,k2204_BPV,4.0,96.0,0.003250750247389,2022-10-22 01:25:00.757891,2022-10-22 01:26:34.009987,0 days 00:01:33.252096,644.0,4.0,5.343827256930827e-05,4096.0,COMPLETE,
287.0,k2204_BPV,4.0,97.0,9.71698227658635e-06,2022-10-22 01:26:34.010572,2022-10-22 01:27:19.856427,0 days 00:00:45.845855,531.0,4.0,3.8946396005833387e-05,512.0,COMPLETE,
287.0,k2204_BPV,4.0,98.0,7.023485068202717e-06,2022-10-22 01:27:19.857009,2022-10-22 01:29:08.161257,0 days 00:01:48.304248,575.0,4.0,1.3707716926997534e-05,1024.0,COMPLETE,
287.0,k2204_BPV,4.0,99.0,6.644772383879172e-06,2022-10-22 01:29:08.161738,2022-10-22 01:30:04.831027,0 days 00:00:56.669289,557.0,4.0,2.6442803634904413e-05,512.0,COMPLETE,
287.0,k2204_BPV,5.0,0.0,3.1874187698122114e-05,2022-10-22 01:31:06.427110,2022-10-22 01:32:10.156089,0 days 00:01:03.728979,64.0,2.0,0.001,512.0,COMPLETE,"{'n_max': 64, 'n_layers': 2, 'lr': 0.001, 'batch_size': 512}"
287.0,k2204_BPV,5.0,1.0,1.2630846500396729,2022-10-22 01:32:10.156637,2022-10-22 01:32:21.662086,0 days 00:00:11.505449,908.0,4.0,0.005437504859967631,2048.0,COMPLETE,
287.0,k2204_BPV,5.0,2.0,0.293371319770813,2022-10-22 01:32:21.662639,2022-10-22 01:32:35.734977,0 days 00:00:14.072338,978.0,6.0,0.024693064805820227,8124.0,COMPLETE,
287.0,k2204_BPV,5.0,3.0,0.008308351039886475,2022-10-22 01:32:35.735547,2022-10-22 01:34:05.068593,0 days 00:01:29.333046,274.0,6.0,5.856158798014589e-05,2048.0,COMPLETE,
287.0,k2204_BPV,5.0,4.0,0.002059845020994544,2022-10-22 01:34:05.069099,2022-10-22 01:34:23.319556,0 days 00:00:18.250457,194.0,4.0,0.0016884116088365453,512.0,COMPLETE,
287.0,k2204_BPV,5.0,5.0,0.06208782643079758,2022-10-22 01:34:23.320134,2022-10-22 01:34:49.737825,0 days 00:00:26.417691,896.0,6.0,7.616344104507445e-05,4096.0,COMPLETE,
287.0,k2204_BPV,5.0,6.0,0.003925117198377848,2022-10-22 01:34:49.738309,2022-10-22 01:35:10.847047,0 days 00:00:21.108738,1020.0,4.0,0.0006721365620025706,4096.0,COMPLETE,
287.0,k2204_BPV,5.0,7.0,3.527466469677165e-05,2022-10-22 01:35:10.847588,2022-10-22 01:36:07.702550,0 days 00:00:56.854962,757.0,2.0,9.897955357899066e-05,1024.0,COMPLETE,
287.0,k2204_BPV,5.0,8.0,0.05712931603193283,2022-10-22 01:36:07.703116,2022-10-22 01:36:21.773969,0 days 00:00:14.070853,695.0,5.0,0.001525663484687199,8124.0,COMPLETE,
287.0,k2204_BPV,5.0,9.0,6.424399907700717e-05,2022-10-22 01:36:21.774477,2022-10-22 01:38:38.483090,0 days 00:02:16.708613,24.0,3.0,0.00043761601804215674,1024.0,COMPLETE,
287.0,k2204_BPV,5.0,10.0,171.17742919921875,2022-10-22 01:38:38.483581,2022-10-22 01:39:02.403671,0 days 00:00:23.920090,439.0,2.0,0.08848954436645325,512.0,COMPLETE,
287.0,k2204_BPV,5.0,11.0,3.125939838355407e-05,2022-10-22 01:39:02.404135,2022-10-22 01:40:01.795085,0 days 00:00:59.390950,629.0,2.0,0.0001318549712854455,1024.0,COMPLETE,
287.0,k2204_BPV,5.0,12.0,6.337602826533839e-06,2022-10-22 01:40:01.795638,2022-10-22 01:41:34.577326,0 days 00:01:32.781688,566.0,3.0,1.3916976538795845e-05,512.0,COMPLETE,
287.0,k2204_BPV,5.0,13.0,5.8359041759104e-06,2022-10-22 01:41:34.577874,2022-10-22 01:43:35.271753,0 days 00:02:00.693879,555.0,3.0,1.528042433516101e-05,1024.0,COMPLETE,
287.0,k2204_BPV,5.0,14.0,4.505630386120174e-06,2022-10-22 01:43:35.272284,2022-10-22 01:47:15.533352,0 days 00:03:40.261068,470.0,3.0,1.008611243297705e-05,1024.0,COMPLETE,
287.0,k2204_BPV,5.0,15.0,5.532820978260133e-06,2022-10-22 01:47:15.533903,2022-10-22 01:51:02.459636,0 days 00:03:46.925733,406.0,3.0,1.1616715473570364e-05,1024.0,COMPLETE,
287.0,k2204_BPV,5.0,16.0,4.843280294153374e-06,2022-10-22 01:51:02.460196,2022-10-22 01:55:31.511625,0 days 00:04:29.051429,406.0,3.0,1.0061577470783644e-05,1024.0,COMPLETE,
287.0,k2204_BPV,5.0,17.0,0.00020932267943862826,2022-10-22 01:55:31.512151,2022-10-22 01:57:14.950699,0 days 00:01:43.438548,343.0,5.0,2.861750958257626e-05,1024.0,COMPLETE,
287.0,k2204_BPV,5.0,18.0,6.245786789804697e-05,2022-10-22 01:57:14.951261,2022-10-22 01:57:38.802567,0 days 00:00:23.851306,459.0,3.0,0.000256047182560497,1024.0,COMPLETE,
287.0,k2204_BPV,5.0,19.0,2.524439332773909e-05,2022-10-22 01:57:38.803104,2022-10-22 01:59:35.568674,0 days 00:01:56.765570,201.0,4.0,4.5458510236616166e-05,1024.0,COMPLETE,
287.0,k2204_BPV,5.0,20.0,0.10021162033081055,2022-10-22 01:59:35.569239,2022-10-22 01:59:45.517531,0 days 00:00:09.948292,326.0,5.0,0.004161186677135408,8124.0,COMPLETE,
287.0,k2204_BPV,5.0,21.0,4.621427706297254e-06,2022-10-22 01:59:45.518035,2022-10-22 02:03:53.227250,0 days 00:04:07.709215,418.0,3.0,1.0346261777172392e-05,1024.0,COMPLETE,
287.0,k2204_BPV,5.0,22.0,7.353460205195006e-06,2022-10-22 02:03:53.227783,2022-10-22 02:05:13.766358,0 days 00:01:20.538575,515.0,3.0,2.7355557794628637e-05,1024.0,COMPLETE,
287.0,k2204_BPV,5.0,23.0,9.452228550799191e-05,2022-10-22 02:05:13.766913,2022-10-22 02:10:49.844568,0 days 00:05:36.077655,237.0,3.0,1.0731123705279011e-05,1024.0,COMPLETE,
287.0,k2204_BPV,5.0,24.0,2.4891685825423338e-05,2022-10-22 02:10:49.845080,2022-10-22 02:16:05.409846,0 days 00:05:15.564766,375.0,2.0,2.9127767788626667e-05,1024.0,COMPLETE,
287.0,k2204_BPV,5.0,25.0,0.04325589910149574,2022-10-22 02:16:05.410356,2022-10-22 02:16:23.668271,0 days 00:00:18.257915,491.0,4.0,0.0001931637543389844,4096.0,COMPLETE,
287.0,k2204_BPV,5.0,26.0,0.0029132692143321037,2022-10-22 02:16:23.668821,2022-10-22 02:21:46.536530,0 days 00:05:22.867709,127.0,3.0,3.104962325390435e-05,2048.0,COMPLETE,
287.0,k2204_BPV,5.0,27.0,8.725248335395008e-06,2022-10-22 02:21:46.537008,2022-10-22 02:23:11.920852,0 days 00:01:25.383844,616.0,3.0,1.9255076775127262e-05,1024.0,COMPLETE,
287.0,k2204_BPV,5.0,28.0,2.3420156139764003e-05,2022-10-22 02:23:11.921381,2022-10-22 02:24:43.930348,0 days 00:01:32.008967,758.0,2.0,6.154526075064217e-05,1024.0,COMPLETE,
287.0,k2204_BPV,5.0,29.0,2.6592344511300325e-05,2022-10-22 02:24:43.930854,2022-10-22 02:25:44.248798,0 days 00:01:00.317944,305.0,2.0,0.00024406352253216783,1024.0,COMPLETE,
287.0,k2204_BPV,5.0,30.0,2.229641359008383e-05,2022-10-22 02:25:44.249339,2022-10-22 02:27:35.210053,0 days 00:01:50.960714,400.0,4.0,4.2930683005537595e-05,2048.0,COMPLETE,
287.0,k2204_BPV,5.0,31.0,5.719000910175964e-06,2022-10-22 02:27:35.210630,2022-10-22 02:31:16.671497,0 days 00:03:41.460867,452.0,3.0,1.0323491045183406e-05,1024.0,COMPLETE,
287.0,k2204_BPV,5.0,32.0,3.947840468754293e-06,2022-10-22 02:31:16.672033,2022-10-22 02:35:39.548334,0 days 00:04:22.876301,392.0,3.0,1.0340963195253629e-05,1024.0,COMPLETE,
287.0,k2204_BPV,5.0,33.0,0.00012443639570847154,2022-10-22 02:35:39.548873,2022-10-22 02:41:14.268334,0 days 00:05:34.719461,130.0,3.0,2.092826206216452e-05,1024.0,COMPLETE,
287.0,k2204_BPV,5.0,34.0,0.014493267051875591,2022-10-22 02:41:14.268840,2022-10-22 02:46:54.900002,0 days 00:05:40.631162,368.0,4.0,1.0298421735615301e-05,8124.0,COMPLETE,
287.0,k2204_BPV,5.0,35.0,110.87132263183594,2022-10-22 02:46:54.900520,2022-10-22 02:47:02.123497,0 days 00:00:07.222977,599.0,3.0,0.014568151488413493,2048.0,COMPLETE,
287.0,k2204_BPV,5.0,36.0,5.035139110987075e-06,2022-10-22 02:47:02.124045,2022-10-22 02:49:43.302831,0 days 00:02:41.178786,251.0,4.0,1.9641501995688203e-05,512.0,COMPLETE,
287.0,k2204_BPV,5.0,37.0,0.0028690651524811983,2022-10-22 02:49:43.303439,2022-10-22 02:55:11.136694,0 days 00:05:27.833255,504.0,2.0,4.375567198294059e-05,4096.0,COMPLETE,
287.0,k2204_BPV,5.0,38.0,2.3490376406698488e-05,2022-10-22 02:55:11.137182,2022-10-22 02:56:02.481962,0 days 00:00:51.344780,295.0,3.0,0.00010067663332302465,1024.0,COMPLETE,
287.0,k2204_BPV,5.0,39.0,3.371747152414173e-05,2022-10-22 02:56:02.482543,2022-10-22 02:56:38.775577,0 days 00:00:36.293034,662.0,4.0,6.843385691196387e-05,1024.0,COMPLETE,
287.0,k2204_BPV,5.0,40.0,0.03217325359582901,2022-10-22 02:56:38.776158,2022-10-22 03:02:06.779127,0 days 00:05:28.002969,428.0,2.0,1.888682858465338e-05,8124.0,COMPLETE,
287.0,k2204_BPV,5.0,41.0,3.041185664187651e-06,2022-10-22 03:02:06.779626,2022-10-22 03:05:13.834346,0 days 00:03:07.054720,236.0,4.0,1.6863124689739932e-05,512.0,COMPLETE,
287.0,k2204_BPV,5.0,42.0,0.00019883124332409352,2022-10-22 03:05:13.834922,2022-10-22 03:10:31.164685,0 days 00:05:17.329763,118.0,5.0,1.8676343916103002e-05,512.0,COMPLETE,
287.0,k2204_BPV,5.0,43.0,6.82524159856257e-06,2022-10-22 03:10:31.165169,2022-10-22 03:12:30.542923,0 days 00:01:59.377754,215.0,4.0,3.1935568248355866e-05,512.0,COMPLETE,
287.0,k2204_BPV,5.0,44.0,3.679448354887427e-06,2022-10-22 03:12:30.543499,2022-10-22 03:17:00.580649,0 days 00:04:30.037150,283.0,3.0,1.0172324979859971e-05,512.0,COMPLETE,
287.0,k2204_BPV,5.0,45.0,0.0007700688438490033,2022-10-22 03:17:00.581194,2022-10-22 03:21:42.373654,0 days 00:04:41.792460,176.0,6.0,1.5524737427377123e-05,512.0,COMPLETE,
287.0,k2204_BPV,5.0,46.0,0.0370209626853466,2022-10-22 03:21:42.374239,2022-10-22 03:21:53.565213,0 days 00:00:11.190974,297.0,5.0,0.004128370928297525,512.0,COMPLETE,
287.0,k2204_BPV,5.0,47.0,0.0005777759943157434,2022-10-22 03:21:53.565790,2022-10-22 03:22:12.912296,0 days 00:00:19.346506,265.0,4.0,0.0008159807656206461,512.0,COMPLETE,
287.0,k2204_BPV,5.0,48.0,0.06592358648777008,2022-10-22 03:22:12.912852,2022-10-22 03:22:22.119706,0 days 00:00:09.206854,52.0,3.0,0.05437762807992095,512.0,COMPLETE,
287.0,k2204_BPV,5.0,49.0,1.1044372513424605e-05,2022-10-22 03:22:22.120265,2022-10-22 03:22:58.897064,0 days 00:00:36.776799,338.0,3.0,9.480198285245834e-05,512.0,COMPLETE,
287.0,k2204_BPV,5.0,50.0,0.047872982919216156,2022-10-22 03:22:58.897622,2022-10-22 03:23:10.842770,0 days 00:00:11.945148,476.0,4.0,0.0004182677351429078,4096.0,COMPLETE,
287.0,k2204_BPV,5.0,51.0,3.8442785808001645e-06,2022-10-22 03:23:10.843247,2022-10-22 03:26:12.847671,0 days 00:03:02.004424,545.0,3.0,1.005258487323179e-05,1024.0,COMPLETE,
287.0,k2204_BPV,5.0,52.0,4.537128006631974e-06,2022-10-22 03:26:12.848223,2022-10-22 03:27:47.325930,0 days 00:01:34.477707,547.0,3.0,1.3956026031232045e-05,512.0,COMPLETE,
287.0,k2204_BPV,5.0,53.0,4.182850716460962e-06,2022-10-22 03:27:47.326552,2022-10-22 03:29:14.578899,0 days 00:01:27.252347,549.0,3.0,1.5083001919105206e-05,512.0,COMPLETE,
287.0,k2204_BPV,5.0,54.0,8.351437827514019e-06,2022-10-22 03:29:14.579407,2022-10-22 03:30:14.282388,0 days 00:00:59.702981,539.0,3.0,2.4619944276263338e-05,512.0,COMPLETE,
287.0,k2204_BPV,5.0,55.0,1.606503428774886e-05,2022-10-22 03:30:14.282975,2022-10-22 03:32:21.705893,0 days 00:02:07.422918,719.0,2.0,4.088630603361999e-05,512.0,COMPLETE,
287.0,k2204_BPV,5.0,56.0,4.460039235709701e-06,2022-10-22 03:32:21.706468,2022-10-22 03:33:48.336209,0 days 00:01:26.629741,590.0,3.0,1.4446134173567315e-05,512.0,COMPLETE,
287.0,k2204_BPV,5.0,57.0,5.994389084662544e-06,2022-10-22 03:33:48.336749,2022-10-22 03:34:42.089734,0 days 00:00:53.752985,836.0,3.0,1.5389545387651275e-05,512.0,COMPLETE,
287.0,k2204_BPV,5.0,58.0,1.2493907888710964e-05,2022-10-22 03:34:42.090301,2022-10-22 03:39:41.795447,0 days 00:04:59.705146,718.0,2.0,1.4216960741960813e-05,512.0,COMPLETE,
287.0,k2204_BPV,5.0,59.0,0.0021152261178940535,2022-10-22 03:39:41.796006,2022-10-22 03:39:54.622736,0 days 00:00:12.826730,582.0,3.0,0.0014074492582317293,512.0,COMPLETE,
287.0,k2204_BPV,5.0,60.0,5.0895519052573945e-06,2022-10-22 03:39:54.623305,2022-10-22 03:42:25.825928,0 days 00:02:31.202623,168.0,3.0,3.747247878559622e-05,512.0,COMPLETE,
287.0,k2204_BPV,5.0,61.0,1.2398118997225538e-05,2022-10-22 03:42:25.826509,2022-10-22 03:43:17.134724,0 days 00:00:51.308215,648.0,3.0,2.4965831008200057e-05,512.0,COMPLETE,
287.0,k2204_BPV,5.0,62.0,0.00015177385648712516,2022-10-22 03:43:17.135288,2022-10-22 03:48:52.341977,0 days 00:05:35.206689,524.0,3.0,1.4689146660389253e-05,8124.0,COMPLETE,
287.0,k2204_BPV,5.0,63.0,1.33593403006671e-05,2022-10-22 03:48:52.342528,2022-10-22 03:50:42.744361,0 days 00:01:50.401833,360.0,3.0,5.426018004363592e-05,2048.0,COMPLETE,
287.0,k2204_BPV,5.0,64.0,4.915226327284472e-06,2022-10-22 03:50:42.744830,2022-10-22 03:53:01.343076,0 days 00:02:18.598246,575.0,3.0,1.3100616310104718e-05,1024.0,COMPLETE,
287.0,k2204_BPV,5.0,65.0,2.325088826182764e-05,2022-10-22 03:53:01.343667,2022-10-22 03:57:43.232996,0 days 00:04:41.889329,482.0,4.0,2.0620427848835742e-05,4096.0,COMPLETE,
287.0,k2204_BPV,5.0,66.0,3.536087660904741e-06,2022-10-22 03:57:43.233546,2022-10-22 04:01:03.256349,0 days 00:03:20.022803,384.0,3.0,1.0320723304583724e-05,512.0,COMPLETE,
287.0,k2204_BPV,5.0,67.0,7.752895726298448e-06,2022-10-22 04:01:03.256934,2022-10-22 04:02:21.107347,0 days 00:01:17.850413,440.0,3.0,2.4158526402635384e-05,512.0,COMPLETE,
287.0,k2204_BPV,5.0,68.0,2.962415919682826e-06,2022-10-22 04:02:21.107931,2022-10-22 04:07:57.447513,0 days 00:05:36.339582,224.0,3.0,1.2516640344396352e-05,512.0,COMPLETE,
287.0,k2204_BPV,5.0,69.0,1.7059595847968012e-05,2022-10-22 04:07:57.448078,2022-10-22 04:12:00.193922,0 days 00:04:02.745844,384.0,2.0,3.287326839053415e-05,512.0,COMPLETE,
287.0,k2204_BPV,5.0,70.0,7.379551789199468e-06,2022-10-22 04:12:00.194484,2022-10-22 04:17:25.767752,0 days 00:05:25.573268,216.0,4.0,1.0369905982073796e-05,512.0,COMPLETE,
287.0,k2204_BPV,5.0,71.0,5.3151197789702564e-06,2022-10-22 04:17:25.768310,2022-10-22 04:20:00.243560,0 days 00:02:34.475250,317.0,3.0,1.681327731428369e-05,512.0,COMPLETE,
287.0,k2204_BPV,5.0,72.0,3.0043649985600496e-06,2022-10-22 04:20:00.244107,2022-10-22 04:24:06.418236,0 days 00:04:06.174129,278.0,3.0,1.2551006508693833e-05,512.0,COMPLETE,
287.0,k2204_BPV,5.0,73.0,3.425941486057127e-06,2022-10-22 04:24:06.418839,2022-10-22 04:28:10.772404,0 days 00:04:04.353565,274.0,3.0,1.217568287436704e-05,512.0,COMPLETE,
287.0,k2204_BPV,5.0,74.0,3.2196905976888957e-06,2022-10-22 04:28:10.772952,2022-10-22 04:32:27.952227,0 days 00:04:17.179275,274.0,3.0,1.2502308839870075e-05,512.0,COMPLETE,
287.0,k2204_BPV,5.0,75.0,4.376965534902411e-06,2022-10-22 04:32:27.952791,2022-10-22 04:34:56.295483,0 days 00:02:28.342692,246.0,3.0,2.416833912605548e-05,512.0,COMPLETE,
287.0,k2204_BPV,5.0,76.0,3.018768984475173e-05,2022-10-22 04:34:56.296053,2022-10-22 04:41:13.844925,0 days 00:06:17.548872,151.0,3.0,1.1831089733203587e-05,512.0,COMPLETE,
287.0,k2204_BPV,5.0,77.0,7.447286407114007e-06,2022-10-22 04:41:13.845435,2022-10-22 04:42:15.552415,0 days 00:01:01.706980,288.0,3.0,5.4865214438256124e-05,512.0,COMPLETE,
287.0,k2204_BPV,5.0,78.0,9.78542520897463e-05,2022-10-22 04:42:15.552999,2022-10-22 04:48:05.716503,0 days 00:05:50.163504,230.0,2.0,1.9610254479187133e-05,512.0,COMPLETE,
287.0,k2204_BPV,5.0,79.0,6.607142040593317e-06,2022-10-22 04:48:05.717012,2022-10-22 04:49:38.404557,0 days 00:01:32.687545,272.0,4.0,3.06509835085371e-05,512.0,COMPLETE,
287.0,k2204_BPV,5.0,80.0,0.009849311783909798,2022-10-22 04:49:38.405048,2022-10-22 04:55:20.545151,0 days 00:05:42.140103,196.0,5.0,1.2882193525286924e-05,2048.0,COMPLETE,
287.0,k2204_BPV,5.0,81.0,2.450497959216591e-06,2022-10-22 04:55:20.545689,2022-10-22 04:59:22.520913,0 days 00:04:01.975224,348.0,3.0,1.0227878320602418e-05,512.0,COMPLETE,
287.0,k2204_BPV,5.0,82.0,4.422221536515281e-06,2022-10-22 04:59:22.521501,2022-10-22 05:01:37.351769,0 days 00:02:14.830268,348.0,3.0,1.7866237094036927e-05,512.0,COMPLETE,
287.0,k2204_BPV,5.0,83.0,2.920017777796602e-06,2022-10-22 05:01:37.352334,2022-10-22 05:06:57.808991,0 days 00:05:20.456657,271.0,3.0,1.0066135888290866e-05,512.0,COMPLETE,
287.0,k2204_BPV,5.0,84.0,7.095839009707561e-06,2022-10-22 05:06:57.809556,2022-10-22 05:13:06.576800,0 days 00:06:08.767244,105.0,3.0,2.2379289402488746e-05,512.0,COMPLETE,
287.0,k2204_BPV,5.0,85.0,2.892257953135413e-06,2022-10-22 05:13:06.577317,2022-10-22 05:16:31.407033,0 days 00:03:24.829716,322.0,3.0,1.2639495250925226e-05,512.0,COMPLETE,
287.0,k2204_BPV,5.0,86.0,0.004677728284150362,2022-10-22 05:16:31.407617,2022-10-22 05:16:46.839650,0 days 00:00:15.432033,328.0,3.0,0.01024305887723182,512.0,COMPLETE,
287.0,k2204_BPV,5.0,87.0,3.3188443921972066e-06,2022-10-22 05:16:46.840217,2022-10-22 05:21:16.532981,0 days 00:04:29.692764,258.0,3.0,1.2662862612385691e-05,512.0,COMPLETE,
287.0,k2204_BPV,5.0,88.0,4.376516244519735e-06,2022-10-22 05:21:16.533534,2022-10-22 05:26:32.910705,0 days 00:05:16.377171,179.0,3.0,1.683254104434723e-05,512.0,COMPLETE,
287.0,k2204_BPV,5.0,89.0,0.039451487362384796,2022-10-22 05:26:32.911261,2022-10-22 05:32:09.670037,0 days 00:05:36.758776,90.0,4.0,3.535588206573106e-05,8124.0,COMPLETE,
287.0,k2204_BPV,5.0,90.0,3.1496092560701072e-06,2022-10-22 05:32:09.670573,2022-10-22 05:36:25.986702,0 days 00:04:16.316129,263.0,3.0,1.2400072354601655e-05,512.0,COMPLETE,
287.0,k2204_BPV,5.0,91.0,3.380759380888776e-06,2022-10-22 05:36:25.987252,2022-10-22 05:40:31.626738,0 days 00:04:05.639486,262.0,3.0,1.3656404505296681e-05,512.0,COMPLETE,
287.0,k2204_BPV,5.0,92.0,4.274042566976277e-06,2022-10-22 05:40:31.627320,2022-10-22 05:42:52.565395,0 days 00:02:20.938075,227.0,3.0,2.7125622262584795e-05,512.0,COMPLETE,
287.0,k2204_BPV,5.0,93.0,3.431965069466969e-06,2022-10-22 05:42:52.565972,2022-10-22 05:47:18.803267,0 days 00:04:26.237295,250.0,3.0,1.2919966502142079e-05,512.0,COMPLETE,
287.0,k2204_BPV,5.0,94.0,3.3751525734260213e-06,2022-10-22 05:47:18.803840,2022-10-22 05:49:50.246107,0 days 00:02:31.442267,315.0,3.0,1.8233829981164156e-05,512.0,COMPLETE,
287.0,k2204_BPV,5.0,95.0,3.839493729174137e-06,2022-10-22 05:49:50.246694,2022-10-22 05:52:17.610317,0 days 00:02:27.363623,317.0,3.0,1.820261128992464e-05,512.0,COMPLETE,
287.0,k2204_BPV,5.0,96.0,5.830576355947414e-06,2022-10-22 05:52:17.610924,2022-10-22 05:57:15.793914,0 days 00:04:58.182990,150.0,3.0,2.200969225583644e-05,512.0,COMPLETE,
287.0,k2204_BPV,5.0,97.0,0.03513287380337715,2022-10-22 05:57:15.794528,2022-10-22 06:02:43.588509,0 days 00:05:27.793981,204.0,2.0,4.579639245221348e-05,4096.0,COMPLETE,
287.0,k2204_BPV,5.0,98.0,1.0124414984602481e-05,2022-10-22 06:02:43.589019,2022-10-22 06:05:25.482258,0 days 00:02:41.893239,306.0,6.0,1.7041338877103975e-05,512.0,COMPLETE,
287.0,k2204_BPV,5.0,99.0,0.008684076368808746,2022-10-22 06:05:25.482882,2022-10-22 06:05:38.112043,0 days 00:00:12.629161,345.0,3.0,0.002527099436529723,512.0,COMPLETE,
