dataset_id,dataset_name,outer_cv_split,number,value,datetime_start,datetime_complete,duration,params_n_max,params_n_layers,params_lr,params_batch_size,state,system_attrs_completed_rung_0,system_attrs_completed_rung_1,system_attrs_completed_rung_2,system_attrs_fixed_params,system_attrs_completed_rung_3
44027.0,year,1.0,0.0,89.89878845214844,2022-11-03 21:41:23.733763,2022-11-03 22:06:56.809359,0 days 00:25:33.075596,64.0,2.0,0.001,512.0,COMPLETE,2566208.25,502324.0625,728.1535034179688,"{'n_max': 64, 'n_layers': 2, 'lr': 0.001, 'batch_size': 512}",
44027.0,year,1.0,1.0,186.7070159912109,2022-11-03 22:06:56.810110,2022-11-03 22:44:02.444445,0 days 00:37:05.634335,860.0,6.0,0.0061070258962246,4096.0,COMPLETE,388537.53125,219579.359375,,,
44027.0,year,1.0,2.0,3967637.25,2022-11-03 22:44:02.445104,2022-11-03 22:45:27.789805,0 days 00:01:25.344701,529.0,2.0,6.421244988110779e-05,2048.0,PRUNED,3967637.25,,,,
44027.0,year,1.0,3.0,91.7799072265625,2022-11-03 22:45:27.790128,2022-11-03 23:05:38.308405,0 days 00:20:10.518277,619.0,5.0,0.0016496584730458,1024.0,COMPLETE,252453.109375,206686.859375,473.0048828125,,
44027.0,year,1.0,4.0,3909.884765625,2022-11-03 23:05:38.309080,2022-11-03 23:45:44.594076,0 days 00:40:06.284996,299.0,4.0,2.4907210669817424e-05,1024.0,COMPLETE,31776.6015625,,,,
44027.0,year,1.0,5.0,127.29228973388672,2022-11-03 23:45:44.594725,2022-11-04 00:02:46.004764,0 days 00:17:01.410039,442.0,4.0,0.0355396648554365,4096.0,COMPLETE,,,,,
44027.0,year,1.0,6.0,500562.4375,2022-11-04 00:02:46.005438,2022-11-04 00:04:32.942159,0 days 00:01:46.936721,963.0,6.0,0.0001929678048083,2048.0,PRUNED,500562.4375,,,,
44027.0,year,1.0,7.0,260198.890625,2022-11-04 00:04:32.942497,2022-11-04 00:36:09.016441,0 days 00:31:36.073944,356.0,2.0,5.324127534629957e-05,1024.0,PRUNED,260198.890625,,,,
44027.0,year,1.0,8.0,622971.25,2022-11-04 00:36:09.016760,2022-11-04 00:37:40.406218,0 days 00:01:31.389458,315.0,4.0,0.0005405118769988,2048.0,PRUNED,622971.25,,,,
44027.0,year,1.0,9.0,399707.1875,2022-11-04 00:37:40.406559,2022-11-04 00:39:21.687864,0 days 00:01:41.281305,951.0,6.0,0.0018464143524982,4096.0,COMPLETE,,,,,
44027.0,year,1.0,10.0,3852106.75,2022-11-04 00:39:21.688554,2022-11-04 00:40:52.450928,0 days 00:01:30.762374,696.0,3.0,3.549719344656093e-05,1024.0,PRUNED,3852106.75,,,,
44027.0,year,1.0,11.0,108.54803466796876,2022-11-04 00:40:52.451247,2022-11-04 00:52:11.774932,0 days 00:11:19.323685,781.0,6.0,0.0054063757394912,512.0,COMPLETE,427.6863708496094,,,,
44027.0,year,1.0,12.0,117.99797058105467,2022-11-04 00:52:11.775653,2022-11-04 00:56:09.858047,0 days 00:03:58.082394,907.0,3.0,0.0229781207397036,512.0,COMPLETE,,,,,
44027.0,year,1.0,13.0,3949623.5,2022-11-04 00:56:09.858772,2022-11-04 01:00:11.430896,0 days 00:04:01.572124,334.0,4.0,1.4355473423590551e-05,2048.0,PRUNED,3949623.5,,,,
44027.0,year,1.0,14.0,212214.265625,2022-11-04 01:00:11.431197,2022-11-04 01:04:08.129712,0 days 00:03:56.698515,616.0,3.0,0.0089195282266264,4096.0,PRUNED,343480.40625,212214.265625,,,
44027.0,year,1.0,15.0,442014.03125,2022-11-04 01:04:08.130067,2022-11-04 01:09:07.646763,0 days 00:04:59.516696,630.0,6.0,6.147676511939062e-05,2048.0,COMPLETE,,,,,
44027.0,year,1.0,16.0,3303722.0,2022-11-04 01:09:07.647442,2022-11-04 01:12:58.560399,0 days 00:03:50.912957,732.0,2.0,0.0004405002604809,4096.0,PRUNED,3303722.0,,,,
44027.0,year,1.0,17.0,91.151123046875,2022-11-04 01:12:58.560701,2022-11-04 01:20:29.731137,0 days 00:07:31.170436,997.0,2.0,0.0281033345924296,512.0,COMPLETE,9471.4541015625,106.13958740234376,,,
44027.0,year,1.0,18.0,161.41690063476562,2022-11-04 01:20:29.731877,2022-11-04 01:38:23.830608,0 days 00:17:54.098731,474.0,4.0,0.0007019414151718,1024.0,COMPLETE,,,,,
44027.0,year,1.0,19.0,197973.515625,2022-11-04 01:38:23.831346,2022-11-04 01:44:29.567959,0 days 00:06:05.736613,577.0,6.0,0.0007000588525423,512.0,PRUNED,271427.125,197973.515625,,,
44027.0,year,1.0,20.0,448627.09375,2022-11-04 01:44:29.568305,2022-11-04 01:46:10.656928,0 days 00:01:41.088623,966.0,6.0,0.0012443430721715,8124.0,PRUNED,448627.09375,,,,
44027.0,year,1.0,21.0,118.27655029296876,2022-11-04 01:46:10.657261,2022-11-04 01:51:54.206992,0 days 00:05:43.549731,20.0,3.0,0.0971524631946805,512.0,COMPLETE,525.8978881835938,180.3128356933593,,,
44027.0,year,1.0,22.0,157488.609375,2022-11-04 01:51:54.207699,2022-11-04 01:56:40.319608,0 days 00:04:46.111909,450.0,3.0,0.0006532283085073,512.0,PRUNED,157488.609375,,,,
44027.0,year,1.0,23.0,1735.47119140625,2022-11-04 01:56:40.319958,2022-11-04 02:00:56.183420,0 days 00:04:15.863462,250.0,2.0,0.0128030184849328,512.0,PRUNED,192527.359375,1735.47119140625,,,
44027.0,year,1.0,24.0,445078.28125,2022-11-04 02:00:56.183784,2022-11-04 02:02:31.361249,0 days 00:01:35.177465,74.0,2.0,0.0060910310698962,512.0,PRUNED,445078.28125,,,,
44027.0,year,1.0,25.0,89.11322784423828,2022-11-04 02:02:31.361610,2022-11-04 02:42:39.708580,0 days 00:40:08.346970,63.0,4.0,0.000221758362291,512.0,COMPLETE,,,,,
44027.0,year,1.0,26.0,3717426.5,2022-11-04 02:42:39.709222,2022-11-04 02:44:40.902138,0 days 00:02:01.192916,835.0,4.0,1.0935354356113122e-05,512.0,PRUNED,3717426.5,,,,
44027.0,year,1.0,27.0,379668.8125,2022-11-04 02:44:40.902503,2022-11-04 02:46:07.473455,0 days 00:01:26.570952,328.0,2.0,0.05884821427888,4096.0,PRUNED,379668.8125,,,,
44027.0,year,1.0,28.0,200.70620727539065,2022-11-04 02:46:07.473772,2022-11-04 03:26:07.938560,0 days 00:40:00.464788,538.0,4.0,0.0002114402575467,2048.0,COMPLETE,714.3984985351562,,,,
44027.0,year,1.0,29.0,764688.4375,2022-11-04 03:26:07.939248,2022-11-04 03:27:51.779667,0 days 00:01:43.840419,197.0,4.0,0.0332362901355204,8124.0,COMPLETE,,,,,
44027.0,year,1.0,30.0,703485.8125,2022-11-04 03:27:51.780417,2022-11-04 03:29:21.171295,0 days 00:01:29.390878,416.0,3.0,0.0244179078415183,8124.0,PRUNED,703485.8125,,,,
44027.0,year,1.0,31.0,523140.8125,2022-11-04 03:29:21.171654,2022-11-04 03:30:56.318775,0 days 00:01:35.147121,156.0,2.0,0.0030094440989252,512.0,PRUNED,523140.8125,,,,
44027.0,year,1.0,32.0,216557.359375,2022-11-04 03:30:56.319114,2022-11-04 03:36:47.889049,0 days 00:05:51.569935,802.0,5.0,0.0002444959090051,512.0,PRUNED,304046.0625,216557.359375,,,
44027.0,year,1.0,33.0,132.86988830566406,2022-11-04 03:36:47.889405,2022-11-04 03:40:39.071644,0 days 00:03:51.182239,400.0,3.0,0.0340085432261752,512.0,COMPLETE,154.0755157470703,,,,
44027.0,year,1.0,34.0,138919.8125,2022-11-04 03:40:39.072419,2022-11-04 03:45:00.882126,0 days 00:04:21.809707,798.0,4.0,0.0037795596966524,1024.0,PRUNED,189043.140625,138919.8125,,,
44027.0,year,1.0,35.0,3982259.0,2022-11-04 03:45:00.882588,2022-11-04 03:46:28.440703,0 days 00:01:27.558115,153.0,2.0,0.0002658891647867,8124.0,PRUNED,3982259.0,,,,
44027.0,year,1.0,36.0,115.0536651611328,2022-11-04 03:46:28.441054,2022-11-04 04:11:29.833162,0 days 00:25:01.392108,159.0,6.0,0.000281415441714,1024.0,COMPLETE,186171.328125,,,,
44027.0,year,1.0,37.0,201110.90625,2022-11-04 04:11:29.833899,2022-11-04 04:16:03.707282,0 days 00:04:33.873383,659.0,5.0,0.0015060275905801,1024.0,PRUNED,245716.25,201110.90625,,,
44027.0,year,1.0,38.0,238536.109375,2022-11-04 04:16:03.707628,2022-11-04 04:19:58.436219,0 days 00:03:54.728591,265.0,3.0,0.0103341802889023,4096.0,PRUNED,238536.109375,,,,
44027.0,year,1.0,39.0,249178.125,2022-11-04 04:19:58.436561,2022-11-04 04:23:49.330129,0 days 00:03:50.893568,597.0,2.0,0.0221999091200109,4096.0,PRUNED,249178.125,,,,
44027.0,year,1.0,40.0,277696.0,2022-11-04 04:23:49.330481,2022-11-04 04:25:29.888857,0 days 00:01:40.558376,459.0,5.0,0.0018330057378209,1024.0,PRUNED,277696.0,,,,
44027.0,year,1.0,41.0,484497.1875,2022-11-04 04:25:29.889158,2022-11-04 04:27:15.613189,0 days 00:01:45.724031,874.0,5.0,0.0170169742653156,1024.0,PRUNED,484497.1875,,,,
44027.0,year,1.0,42.0,157680.296875,2022-11-04 04:27:15.613500,2022-11-04 04:31:21.358185,0 days 00:04:05.744685,23.0,5.0,0.047313598724794,2048.0,PRUNED,157680.296875,,,,
44027.0,year,1.0,43.0,241176.4375,2022-11-04 04:31:21.358514,2022-11-04 04:36:15.279339,0 days 00:04:53.920825,735.0,6.0,0.0036242715596821,1024.0,PRUNED,241176.4375,,,,
44027.0,year,1.0,44.0,408257.8125,2022-11-04 04:36:15.279679,2022-11-04 04:40:25.057406,0 days 00:04:09.777727,810.0,5.0,0.00011198955958,2048.0,COMPLETE,,,,,
44027.0,year,1.0,45.0,2826275.0,2022-11-04 04:40:25.058163,2022-11-04 04:44:47.204086,0 days 00:04:22.145923,986.0,5.0,8.376753771946296e-05,8124.0,PRUNED,2826275.0,,,,
44027.0,year,1.0,46.0,270.3785400390625,2022-11-04 04:44:47.204437,2022-11-04 04:51:18.266595,0 days 00:06:31.062158,1022.0,4.0,0.0937864974782699,512.0,COMPLETE,1311.5421142578125,,,,
44027.0,year,1.0,47.0,3701225.5,2022-11-04 04:51:18.267362,2022-11-04 05:02:28.633262,0 days 00:11:10.365900,988.0,2.0,6.392794163600967e-05,4096.0,PRUNED,3701225.5,,,,
44027.0,year,1.0,48.0,3772273.25,2022-11-04 05:02:28.633605,2022-11-04 05:04:02.354896,0 days 00:01:33.721291,727.0,4.0,9.617895459062836e-05,4096.0,PRUNED,3772273.25,,,,
44027.0,year,1.0,49.0,176252.984375,2022-11-04 05:04:02.355232,2022-11-04 05:08:48.322679,0 days 00:04:45.967447,927.0,5.0,0.004899739088274,1024.0,PRUNED,252028.0625,176252.984375,,,
44027.0,year,1.0,50.0,452518.5,2022-11-04 05:08:48.322999,2022-11-04 05:10:35.418573,0 days 00:01:47.095574,498.0,3.0,0.0005476279163482,512.0,PRUNED,452518.5,,,,
44027.0,year,1.0,51.0,441635.65625,2022-11-04 05:10:35.418910,2022-11-04 05:16:50.449429,0 days 00:06:15.030519,704.0,6.0,8.525331356992948e-05,4096.0,COMPLETE,,,,,
44027.0,year,1.0,52.0,426563.40625,2022-11-04 05:16:50.450186,2022-11-04 05:18:27.465758,0 days 00:01:37.015572,757.0,2.0,0.0018695274396197,512.0,PRUNED,426563.40625,,,,
44027.0,year,1.0,53.0,84.00888061523438,2022-11-04 05:18:27.466106,2022-11-04 05:31:51.897452,0 days 00:13:24.431346,825.0,3.0,0.0020726298816832,512.0,COMPLETE,41028.83984375,,,,
44027.0,year,1.0,54.0,113.41329956054688,2022-11-04 05:31:51.898087,2022-11-04 05:36:32.892187,0 days 00:04:40.994100,230.0,3.0,0.0436170040804094,1024.0,COMPLETE,93413.4296875,121.98368072509766,,,
44027.0,year,1.0,55.0,88.1182861328125,2022-11-04 05:36:32.892846,2022-11-04 05:52:32.056672,0 days 00:15:59.163826,730.0,5.0,0.0021295038063293,512.0,COMPLETE,119661.28125,,,,
44027.0,year,1.0,56.0,3985076.25,2022-11-04 05:52:32.057339,2022-11-04 05:53:58.571423,0 days 00:01:26.514084,551.0,2.0,2.5564962404733345e-05,2048.0,PRUNED,3985076.25,,,,
44027.0,year,1.0,57.0,533575.375,2022-11-04 05:53:58.571751,2022-11-04 05:55:34.398106,0 days 00:01:35.826355,996.0,4.0,0.007854036910556,8124.0,PRUNED,533575.375,,,,
44027.0,year,1.0,58.0,3992304.75,2022-11-04 05:55:34.398477,2022-11-04 06:06:36.576227,0 days 00:11:02.177750,32.0,2.0,1.0259941908316676e-05,4096.0,PRUNED,3992304.75,,,,
44027.0,year,1.0,59.0,137294.53125,2022-11-04 06:06:36.576573,2022-11-04 06:12:18.025095,0 days 00:05:41.448522,601.0,5.0,0.0017050080594083,512.0,PRUNED,137294.53125,,,,
44027.0,year,1.0,60.0,145.83401489257812,2022-11-04 06:12:18.025510,2022-11-04 06:17:13.028275,0 days 00:04:55.002765,186.0,3.0,0.0438338337324145,1024.0,COMPLETE,175706.6875,246.1150817871093,,,
44027.0,year,1.0,61.0,17081.53515625,2022-11-04 06:17:13.028926,2022-11-04 06:20:55.885346,0 days 00:03:42.856420,63.0,2.0,0.0798082404766668,1024.0,PRUNED,178914.46875,17081.53515625,,,
44027.0,year,1.0,62.0,168.427978515625,2022-11-04 06:20:55.885721,2022-11-04 06:27:20.594275,0 days 00:06:24.708554,397.0,5.0,0.0400129064775735,1024.0,COMPLETE,,,,,
44027.0,year,1.0,63.0,446463.09375,2022-11-04 06:27:20.594959,2022-11-04 06:38:40.442598,0 days 00:11:19.847639,691.0,2.0,0.0038282624855934,8124.0,PRUNED,446463.09375,,,,
44027.0,year,1.0,64.0,3887790.75,2022-11-04 06:38:40.442948,2022-11-04 06:40:09.698050,0 days 00:01:29.255102,292.0,3.0,0.0001072224531299,2048.0,PRUNED,3887790.75,,,,
44027.0,year,1.0,65.0,135329.09375,2022-11-04 06:40:09.698414,2022-11-04 06:43:53.759389,0 days 00:03:44.060975,194.0,2.0,0.0214841472164989,1024.0,PRUNED,249404.671875,135329.09375,,,
44027.0,year,1.0,66.0,3517144.75,2022-11-04 06:43:53.759750,2022-11-04 06:48:00.704088,0 days 00:04:06.944338,640.0,4.0,0.000117901213866,8124.0,PRUNED,3517144.75,,,,
44027.0,year,1.0,67.0,3340684.0,2022-11-04 06:48:00.704415,2022-11-04 06:49:28.783379,0 days 00:01:28.078964,95.0,3.0,0.0003388342150942,1024.0,PRUNED,3340684.0,,,,
44027.0,year,1.0,68.0,393962.71875,2022-11-04 06:49:28.783720,2022-11-04 06:51:06.793375,0 days 00:01:38.009655,369.0,6.0,0.0009941941289519,2048.0,PRUNED,393962.71875,,,,
44027.0,year,1.0,69.0,544182.125,2022-11-04 06:51:06.793705,2022-11-04 07:02:30.930757,0 days 00:11:24.137052,178.0,4.0,0.0002261160620878,4096.0,PRUNED,544182.125,,,,
44027.0,year,1.0,70.0,545085.9375,2022-11-04 07:02:30.931111,2022-11-04 07:06:32.170747,0 days 00:04:01.239636,423.0,3.0,0.000264089877643,1024.0,PRUNED,545085.9375,,,,
44027.0,year,1.0,71.0,602230.875,2022-11-04 07:06:32.171061,2022-11-04 07:07:58.517162,0 days 00:01:26.346101,240.0,2.0,0.013473448058914,4096.0,PRUNED,602230.875,,,,
44027.0,year,1.0,72.0,243.50454711914065,2022-11-04 07:07:58.517506,2022-11-04 07:13:09.109405,0 days 00:05:10.591899,643.0,4.0,0.0325147699772216,1024.0,COMPLETE,200906.421875,904.5690307617188,,,
44027.0,year,1.0,73.0,1868507.75,2022-11-04 07:13:09.110062,2022-11-04 07:14:53.121787,0 days 00:01:44.011725,32.0,3.0,0.0007488731537011,512.0,PRUNED,1868507.75,,,,
44027.0,year,1.0,74.0,98.34757232666016,2022-11-04 07:14:53.122204,2022-11-04 07:55:08.967389,0 days 00:40:15.845185,596.0,4.0,7.671708814598327e-05,512.0,COMPLETE,,,,,
44027.0,year,1.0,75.0,127.92294311523438,2022-11-04 07:55:08.967955,2022-11-04 08:07:28.696441,0 days 00:12:19.728486,601.0,6.0,0.0094072823299526,512.0,COMPLETE,171000.046875,823.7520751953125,,,
44027.0,year,1.0,76.0,178.40457153320312,2022-11-04 08:07:28.697106,2022-11-04 08:14:07.934127,0 days 00:06:39.237021,30.0,3.0,0.0897147492763829,512.0,COMPLETE,892.9308471679688,435.185791015625,,,
44027.0,year,1.0,77.0,161249.359375,2022-11-04 08:14:07.934851,2022-11-04 08:19:59.611975,0 days 00:05:51.677124,790.0,5.0,0.0014262902935256,512.0,PRUNED,161249.359375,,,,
44027.0,year,1.0,78.0,115.0552215576172,2022-11-04 08:19:59.612335,2022-11-04 08:25:30.940225,0 days 00:05:31.327890,104.0,3.0,0.0498025918519196,512.0,COMPLETE,13714.029296875,131.55714416503906,,,
44027.0,year,1.0,79.0,110.81388092041016,2022-11-04 08:25:30.940891,2022-11-04 08:32:26.294402,0 days 00:06:55.353511,118.0,2.0,0.0659833362078322,512.0,COMPLETE,46975.07421875,140.2898712158203,,,
44027.0,year,1.0,80.0,90.109130859375,2022-11-04 08:32:26.295057,2022-11-04 08:39:53.079793,0 days 00:07:26.784736,131.0,2.0,0.0279933051966392,512.0,COMPLETE,158777.3125,167.26133728027344,,,
44027.0,year,1.0,81.0,387369.09375,2022-11-04 08:39:53.080472,2022-11-04 09:13:11.811125,0 days 00:33:18.730653,26.0,2.0,0.0072206564397833,8124.0,PRUNED,387369.09375,,,,
44027.0,year,1.0,82.0,105.3427734375,2022-11-04 09:13:11.811515,2022-11-04 09:38:49.108661,0 days 00:25:37.297146,67.0,6.0,0.0415686781636291,4096.0,COMPLETE,167021.515625,,,,
44027.0,year,1.0,83.0,501656.96875,2022-11-04 09:38:49.109306,2022-11-04 09:40:25.040099,0 days 00:01:35.930793,153.0,2.0,0.0032945837624293,512.0,PRUNED,501656.96875,,,,
44027.0,year,1.0,84.0,105.31526184082033,2022-11-04 09:40:25.040456,2022-11-04 10:20:37.167831,0 days 00:40:12.127375,342.0,5.0,0.0001001156473759,1024.0,COMPLETE,172067.765625,111.48148345947266,,,
44027.0,year,1.0,85.0,98.97216796875,2022-11-04 10:20:37.168428,2022-11-04 10:26:47.095373,0 days 00:06:09.926945,301.0,2.0,0.0251359284095904,512.0,COMPLETE,134163.421875,128.15235900878906,,,
44027.0,year,1.0,86.0,11924.92578125,2022-11-04 10:26:47.096047,2022-11-04 10:31:03.701991,0 days 00:04:16.605944,283.0,2.0,0.0094478639027938,512.0,PRUNED,219855.453125,11924.92578125,,,
44027.0,year,1.0,87.0,635433.6875,2022-11-04 10:31:03.702398,2022-11-04 11:00:36.154384,0 days 00:29:32.451986,37.0,3.0,1.615532292267029e-05,512.0,COMPLETE,,,,,
44027.0,year,1.0,88.0,104.13929748535156,2022-11-04 11:00:36.155046,2022-11-04 11:18:22.428664,0 days 00:17:46.273618,205.0,3.0,0.0005112565446348,512.0,COMPLETE,,,,,
44027.0,year,1.0,89.0,325.833251953125,2022-11-04 11:18:22.429332,2022-11-04 11:22:39.912427,0 days 00:04:17.483095,354.0,2.0,0.0148154967652993,512.0,PRUNED,167369.640625,325.833251953125,,,
44027.0,year,1.0,90.0,87.27751159667969,2022-11-04 11:22:39.912778,2022-11-04 11:28:21.961285,0 days 00:05:42.048507,1022.0,2.0,0.0272020751053945,512.0,COMPLETE,7830.2744140625,87.27751159667969,,,
44027.0,year,1.0,91.0,81.61690521240234,2022-11-04 11:28:21.961920,2022-11-04 11:50:00.509180,0 days 00:21:38.547260,877.0,2.0,0.001605352352928,512.0,COMPLETE,147579.0625,95.93769073486328,,,
44027.0,year,1.0,92.0,218976.765625,2022-11-04 11:50:00.509916,2022-11-04 11:51:38.280826,0 days 00:01:37.770910,932.0,2.0,0.0053115634109951,512.0,PRUNED,218976.765625,,,,
44027.0,year,1.0,93.0,89.75241088867188,2022-11-04 11:51:38.281187,2022-11-04 11:58:09.405083,0 days 00:06:31.123896,1007.0,2.0,0.0256809757452326,512.0,COMPLETE,14134.8369140625,105.20369720458984,,,
44027.0,year,1.0,94.0,2700596.75,2022-11-04 11:58:09.405795,2022-11-04 12:02:29.515054,0 days 00:04:20.109259,903.0,2.0,5.250140392235475e-05,512.0,PRUNED,2700596.75,,,,
44027.0,year,1.0,95.0,3773838.25,2022-11-04 12:02:29.515410,2022-11-04 12:06:25.589093,0 days 00:03:56.073683,179.0,2.0,0.000756074166541,8124.0,PRUNED,3773838.25,,,,
44027.0,year,1.0,96.0,89.6557846069336,2022-11-04 12:06:25.589437,2022-11-04 12:13:27.717678,0 days 00:07:02.128241,1023.0,2.0,0.026318932653507,512.0,COMPLETE,13696.2470703125,108.1082763671875,,,
44027.0,year,1.0,97.0,91.30518341064452,2022-11-04 12:13:27.718444,2022-11-04 12:18:52.921382,0 days 00:05:25.202938,1011.0,2.0,0.031212601347009,512.0,COMPLETE,4171.400390625,98.68946075439452,,,
44027.0,year,1.0,98.0,81.76233673095703,2022-11-04 12:18:52.922139,2022-11-04 12:33:56.995378,0 days 00:15:04.073239,673.0,3.0,0.0022765419120661,512.0,COMPLETE,31797.408203125,86.51103973388672,,,
44027.0,year,1.0,99.0,102.78182220458984,2022-11-04 12:33:56.996035,2022-11-04 12:45:54.090593,0 days 00:11:57.094558,402.0,5.0,0.0024269435467012,512.0,COMPLETE,,,,,
44027.0,year,2.0,0.0,112.56453704833984,2022-11-04 13:08:35.224513,2022-11-04 13:29:49.204169,0 days 00:21:13.979656,64.0,2.0,0.001,512.0,COMPLETE,511815.40625,823.0203857421875,,"{'n_max': 64, 'n_layers': 2, 'lr': 0.001, 'batch_size': 512}",
44027.0,year,2.0,1.0,127.4990234375,2022-11-04 13:29:49.204867,2022-11-04 14:09:55.473139,0 days 00:40:06.268272,328.0,4.0,0.0003980952109554,2048.0,COMPLETE,1193419.875,457170.53125,202127.78125,,289.6693725585937
44027.0,year,2.0,2.0,107.747314453125,2022-11-04 14:09:55.473744,2022-11-04 14:22:17.835655,0 days 00:12:22.361911,686.0,4.0,0.0021113199813378,512.0,COMPLETE,163004.234375,28685.859375,,,
44027.0,year,2.0,3.0,89.10374450683594,2022-11-04 14:22:17.836263,2022-11-04 14:38:18.370878,0 days 00:16:00.534615,761.0,5.0,0.0039124346654298,1024.0,COMPLETE,,,,,
44027.0,year,2.0,4.0,1290148.25,2022-11-04 14:38:18.371496,2022-11-04 14:39:54.882965,0 days 00:01:36.511469,44.0,5.0,0.0004423463046067,1024.0,PRUNED,1290148.25,,,,
44027.0,year,2.0,5.0,503630.96875,2022-11-04 14:39:54.883313,2022-11-04 14:41:21.569706,0 days 00:01:26.686393,569.0,2.0,0.0149486768998009,4096.0,PRUNED,503630.96875,,,,
44027.0,year,2.0,6.0,39964.1171875,2022-11-04 14:41:21.570028,2022-11-04 14:53:37.568152,0 days 00:12:15.998124,184.0,6.0,0.0166453653689158,2048.0,PRUNED,276474.6875,39964.1171875,,,
44027.0,year,2.0,7.0,3988812.5,2022-11-04 14:53:37.568519,2022-11-04 14:55:07.369907,0 days 00:01:29.801388,742.0,3.0,1.5899639601413744e-05,4096.0,PRUNED,3988812.5,,,,
44027.0,year,2.0,8.0,97.80243682861328,2022-11-04 14:55:07.370229,2022-11-04 15:06:49.800874,0 days 00:11:42.430645,671.0,4.0,0.0040863301110102,512.0,COMPLETE,151403.484375,1778.14306640625,,,
44027.0,year,2.0,9.0,3848906.25,2022-11-04 15:06:49.801512,2022-11-04 15:08:15.951064,0 days 00:01:26.149552,361.0,2.0,0.0002837175496443,2048.0,PRUNED,3848906.25,,,,
44027.0,year,2.0,10.0,431.9731140136719,2022-11-04 15:08:15.951404,2022-11-04 15:48:29.396823,0 days 00:40:13.445419,253.0,2.0,0.0078716231819302,4096.0,COMPLETE,260177.6875,26082.3984375,,,
44027.0,year,2.0,11.0,592442.4375,2022-11-04 15:48:29.397355,2022-11-04 15:53:08.262958,0 days 00:04:38.865603,51.0,4.0,0.0018500055223544,4096.0,COMPLETE,,,,,
44027.0,year,2.0,12.0,3967824.5,2022-11-04 15:53:08.263588,2022-11-04 15:54:35.557823,0 days 00:01:27.294235,87.0,2.0,0.0006483764050038,8124.0,PRUNED,3967824.5,,,,
44027.0,year,2.0,13.0,3809231.0,2022-11-04 15:54:35.558226,2022-11-04 15:56:12.640989,0 days 00:01:37.082763,1009.0,2.0,4.3968713131567744e-05,512.0,PRUNED,3809231.0,,,,
44027.0,year,2.0,14.0,182721.9375,2022-11-04 15:56:12.641347,2022-11-04 16:00:31.304884,0 days 00:04:18.663537,913.0,4.0,0.0026409883212201,2048.0,PRUNED,241855.09375,182721.9375,,,
44027.0,year,2.0,15.0,1070784.25,2022-11-04 16:00:31.305214,2022-11-04 16:02:22.055998,0 days 00:01:50.750784,660.0,5.0,0.0666208285781301,4096.0,COMPLETE,,,,,
44027.0,year,2.0,16.0,3991743.25,2022-11-04 16:02:22.056635,2022-11-04 16:06:20.989529,0 days 00:03:58.932894,198.0,5.0,1.2292653393765424e-05,8124.0,PRUNED,3991743.25,,,,
44027.0,year,2.0,17.0,8297.2314453125,2022-11-04 16:06:20.989936,2022-11-04 16:12:41.252612,0 days 00:06:20.262676,798.0,6.0,0.0811954895846179,512.0,PRUNED,121806.4140625,8297.2314453125,,,
44027.0,year,2.0,18.0,100460.015625,2022-11-04 16:12:41.252940,2022-11-04 16:18:01.587882,0 days 00:05:20.334942,595.0,5.0,0.0050265319815544,512.0,COMPLETE,209036.734375,,,,
44027.0,year,2.0,19.0,186.5638732910156,2022-11-04 16:18:01.588525,2022-11-04 16:24:12.482764,0 days 00:06:10.894239,695.0,5.0,0.0185175077190661,512.0,COMPLETE,187031.546875,2215.31005859375,,,
44027.0,year,2.0,20.0,320130.65625,2022-11-04 16:24:12.483365,2022-11-04 16:28:25.970197,0 days 00:04:13.486832,951.0,4.0,0.0006721655940613,4096.0,PRUNED,320130.65625,,,,
44027.0,year,2.0,21.0,2112175.25,2022-11-04 16:28:25.970561,2022-11-04 16:32:25.398916,0 days 00:03:59.428355,67.0,5.0,0.0008602798127593,8124.0,PRUNED,2112175.25,,,,
44027.0,year,2.0,22.0,3993869.5,2022-11-04 16:32:25.399268,2022-11-04 16:34:09.183252,0 days 00:01:43.783984,34.0,4.0,6.438474134582515e-05,8124.0,COMPLETE,,,,,
44027.0,year,2.0,23.0,416387.84375,2022-11-04 16:34:09.183878,2022-11-04 16:38:01.629257,0 days 00:03:52.445379,89.0,3.0,0.0079258479910011,4096.0,PRUNED,416387.84375,,,,
44027.0,year,2.0,24.0,90.57115173339844,2022-11-04 16:38:01.629588,2022-11-04 17:14:35.640298,0 days 00:36:34.010710,388.0,3.0,0.0025660209875349,2048.0,COMPLETE,129219.15625,92.7545166015625,,,
44027.0,year,2.0,25.0,460216.03125,2022-11-04 17:14:35.640934,2022-11-04 17:35:52.167295,0 days 00:21:16.526361,521.0,4.0,5.2766116852741936e-05,4096.0,COMPLETE,,,,,
44027.0,year,2.0,26.0,137271.34375,2022-11-04 17:35:52.167966,2022-11-04 17:47:21.157794,0 days 00:11:28.989828,726.0,3.0,0.0107606999682703,4096.0,PRUNED,220735.703125,137271.34375,,,
44027.0,year,2.0,27.0,19690.435546875,2022-11-04 17:47:21.158141,2022-11-04 17:52:07.847120,0 days 00:04:46.688979,460.0,3.0,0.0034859480612434,512.0,PRUNED,169280.046875,19690.435546875,,,
44027.0,year,2.0,28.0,2517839.75,2022-11-04 17:52:07.847464,2022-11-04 18:04:27.784762,0 days 00:12:19.937298,236.0,6.0,1.4922039972661324e-05,2048.0,PRUNED,2517839.75,,,,
44027.0,year,2.0,29.0,165.75209045410156,2022-11-04 18:04:27.785098,2022-11-04 18:16:05.157873,0 days 00:11:37.372775,513.0,5.0,0.0117291611231139,1024.0,COMPLETE,,,,,
44027.0,year,2.0,30.0,3101190.75,2022-11-04 18:16:05.158567,2022-11-04 18:17:37.758840,0 days 00:01:32.600273,823.0,3.0,0.0001022584297906,1024.0,PRUNED,3101190.75,,,,
44027.0,year,2.0,31.0,437525.90625,2022-11-04 18:17:37.759167,2022-11-04 18:21:30.299141,0 days 00:03:52.539974,684.0,2.0,0.0062358123805063,4096.0,PRUNED,437525.90625,,,,
44027.0,year,2.0,32.0,97.63255310058594,2022-11-04 18:21:30.299457,2022-11-04 18:30:10.233231,0 days 00:08:39.933774,656.0,3.0,0.0114295735778045,1024.0,COMPLETE,,,,,
44027.0,year,2.0,33.0,430500.34375,2022-11-04 18:30:10.233889,2022-11-04 18:31:42.859694,0 days 00:01:32.625805,631.0,4.0,0.0016171443137256,8124.0,PRUNED,430500.34375,,,,
44027.0,year,2.0,34.0,193382.390625,2022-11-04 18:31:42.860035,2022-11-04 18:33:59.890806,0 days 00:02:17.030771,475.0,6.0,0.0124539841196149,512.0,PRUNED,193382.390625,,,,
44027.0,year,2.0,35.0,113.62033081054688,2022-11-04 18:33:59.891192,2022-11-04 19:14:17.304041,0 days 00:40:17.412849,233.0,6.0,4.860212241332596e-05,512.0,COMPLETE,45375.890625,,,,
44027.0,year,2.0,36.0,555.025634765625,2022-11-04 19:14:17.304655,2022-11-04 19:20:19.830131,0 days 00:06:02.525476,908.0,5.0,0.0850512484225823,512.0,COMPLETE,1774.052001953125,,,,
44027.0,year,2.0,37.0,12762.1298828125,2022-11-04 19:20:19.830828,2022-11-04 19:25:23.990755,0 days 00:05:04.159927,205.0,4.0,0.0060338133519289,512.0,PRUNED,151148.34375,12762.1298828125,,,
44027.0,year,2.0,38.0,2208241.25,2022-11-04 19:25:23.991121,2022-11-04 19:29:27.785176,0 days 00:04:03.794055,957.0,3.0,0.0002372210536418,4096.0,PRUNED,2208241.25,,,,
44027.0,year,2.0,39.0,445046.25,2022-11-04 19:29:27.785520,2022-11-04 19:33:17.089491,0 days 00:03:49.303971,530.0,4.0,0.0012603202704518,8124.0,COMPLETE,,,,,
44027.0,year,2.0,40.0,162.9993438720703,2022-11-04 19:33:17.090181,2022-11-04 19:40:18.835694,0 days 00:07:01.745513,201.0,5.0,0.0662038913985885,2048.0,COMPLETE,,,,,
44027.0,year,2.0,41.0,1629391.125,2022-11-04 19:40:18.836384,2022-11-04 19:41:49.037799,0 days 00:01:30.201415,666.0,3.0,0.0010389440893955,4096.0,PRUNED,1629391.125,,,,
44027.0,year,2.0,42.0,3945345.5,2022-11-04 19:41:49.038162,2022-11-04 19:43:20.311803,0 days 00:01:31.273641,397.0,4.0,0.0001389196436251,8124.0,PRUNED,3945345.5,,,,
44027.0,year,2.0,43.0,510239.65625,2022-11-04 19:43:20.312189,2022-11-04 19:44:52.079826,0 days 00:01:31.767637,249.0,4.0,0.0013140601977155,2048.0,PRUNED,510239.65625,,,,
44027.0,year,2.0,44.0,96.1077117919922,2022-11-04 19:44:52.080165,2022-11-04 20:04:13.713405,0 days 00:19:21.633240,496.0,3.0,0.024370368852008,4096.0,COMPLETE,689.9335327148438,,,,
44027.0,year,2.0,45.0,2231120.25,2022-11-04 20:04:13.714041,2022-11-04 20:05:48.520916,0 days 00:01:34.806875,292.0,5.0,0.0001898784759887,2048.0,PRUNED,2231120.25,,,,
44027.0,year,2.0,46.0,442805.90625,2022-11-04 20:05:48.521228,2022-11-04 20:07:22.987218,0 days 00:01:34.465990,523.0,4.0,0.0007499349947464,2048.0,PRUNED,442805.90625,,,,
44027.0,year,2.0,47.0,127.457763671875,2022-11-04 20:07:22.987565,2022-11-04 20:39:01.917965,0 days 00:31:38.930400,693.0,6.0,7.307720766325509e-05,512.0,COMPLETE,277640.15625,275.298828125,,,
44027.0,year,2.0,48.0,101.91571807861328,2022-11-04 20:39:01.918669,2022-11-04 20:46:26.693174,0 days 00:07:24.774505,176.0,3.0,0.0362060884223888,1024.0,COMPLETE,183675.140625,2107.473388671875,,,
44027.0,year,2.0,49.0,2402.53955078125,2022-11-04 20:46:26.693813,2022-11-04 20:50:23.948645,0 days 00:03:57.254832,159.0,3.0,0.0357038233079055,1024.0,PRUNED,177916.09375,2402.53955078125,,,
44027.0,year,2.0,50.0,99.55445098876952,2022-11-04 20:50:23.949007,2022-11-04 20:55:31.562452,0 days 00:05:07.613445,361.0,2.0,0.0583164029662928,512.0,COMPLETE,114.56471252441406,,,,
44027.0,year,2.0,51.0,108.56885528564452,2022-11-04 20:55:31.563074,2022-11-04 21:00:06.806179,0 days 00:04:35.243105,406.0,2.0,0.0878846920374537,512.0,COMPLETE,111.6243896484375,,,,
44027.0,year,2.0,52.0,28882.302734375,2022-11-04 21:00:06.806877,2022-11-04 21:04:13.857085,0 days 00:04:07.050208,782.0,3.0,0.0084512265218596,1024.0,PRUNED,179606.25,28882.302734375,,,
44027.0,year,2.0,53.0,426517.3125,2022-11-04 21:04:13.857452,2022-11-04 21:15:26.656302,0 days 00:11:12.798850,958.0,2.0,0.0005459284960696,2048.0,PRUNED,426517.3125,,,,
44027.0,year,2.0,54.0,100.4223861694336,2022-11-04 21:15:26.656612,2022-11-04 21:25:05.685842,0 days 00:09:39.029230,424.0,3.0,0.0984090877889739,4096.0,COMPLETE,,,,,
44027.0,year,2.0,55.0,142952.21875,2022-11-04 21:25:05.686487,2022-11-04 21:36:54.371052,0 days 00:11:48.684565,832.0,3.0,0.0013490229746352,2048.0,PRUNED,142952.21875,,,,
44027.0,year,2.0,56.0,97.639892578125,2022-11-04 21:36:54.371414,2022-11-04 21:43:06.779062,0 days 00:06:12.407648,392.0,2.0,0.0335231321745364,512.0,COMPLETE,110.48458862304688,,,,
44027.0,year,2.0,57.0,91.8974838256836,2022-11-04 21:43:06.779766,2022-11-04 21:51:36.552981,0 days 00:08:29.773215,394.0,2.0,0.0539920113861835,1024.0,COMPLETE,122.22979736328124,,,,
44027.0,year,2.0,58.0,342740.40625,2022-11-04 21:51:36.553670,2022-11-04 21:53:07.609626,0 days 00:01:31.055956,438.0,3.0,0.0021932147157545,1024.0,PRUNED,342740.40625,,,,
44027.0,year,2.0,59.0,87.4111328125,2022-11-04 21:53:07.609977,2022-11-04 22:05:40.621468,0 days 00:12:33.011491,374.0,3.0,0.0038960521921824,512.0,COMPLETE,,,,,
44027.0,year,2.0,60.0,101.5754165649414,2022-11-04 22:05:40.622113,2022-11-04 22:10:28.685305,0 days 00:04:48.063192,515.0,3.0,0.0373968264969873,1024.0,COMPLETE,110.86893463134766,,,,
44027.0,year,2.0,61.0,118.44373321533205,2022-11-04 22:10:28.685923,2022-11-04 22:14:26.370971,0 days 00:03:57.685048,703.0,3.0,0.0511300517658641,512.0,COMPLETE,123.28911590576172,,,,
44027.0,year,2.0,62.0,525436.75,2022-11-04 22:14:26.371647,2022-11-04 22:16:08.871426,0 days 00:01:42.499779,562.0,5.0,0.0320981026638171,1024.0,PRUNED,525436.75,,,,
44027.0,year,2.0,63.0,87.77436828613281,2022-11-04 22:16:08.871793,2022-11-04 22:31:06.621266,0 days 00:14:57.749473,831.0,2.0,0.0074228092807252,1024.0,COMPLETE,,,,,
44027.0,year,2.0,64.0,87.5011978149414,2022-11-04 22:31:06.621911,2022-11-04 23:03:48.869603,0 days 00:32:42.247692,894.0,3.0,0.0007440945917624,512.0,COMPLETE,,,,,
44027.0,year,2.0,65.0,142.250732421875,2022-11-04 23:03:48.870243,2022-11-04 23:09:56.024624,0 days 00:06:07.154381,859.0,4.0,0.0267108346237451,512.0,COMPLETE,8645.2861328125,337.3958435058594,,,
44027.0,year,2.0,66.0,122.61197662353516,2022-11-04 23:09:56.025260,2022-11-04 23:14:12.654072,0 days 00:04:16.628812,708.0,3.0,0.0486678792427309,512.0,COMPLETE,223.22415161132807,,,,
44027.0,year,2.0,67.0,109.27588653564452,2022-11-04 23:14:12.654749,2022-11-04 23:21:50.890176,0 days 00:07:38.235427,634.0,4.0,0.0107950411912982,512.0,COMPLETE,41017.1171875,154.98025512695312,,,
44027.0,year,2.0,68.0,128381.2421875,2022-11-04 23:21:50.890891,2022-11-04 23:26:05.810948,0 days 00:04:14.920057,383.0,4.0,0.0038710873610196,1024.0,PRUNED,128381.2421875,,,,
44027.0,year,2.0,69.0,108.67889404296876,2022-11-04 23:26:05.811300,2022-11-04 23:35:08.336404,0 days 00:09:02.525104,648.0,4.0,0.0090288771404435,512.0,COMPLETE,103542.515625,472.2135925292969,,,
44027.0,year,2.0,70.0,311894.4375,2022-11-04 23:35:08.337033,2022-11-04 23:36:40.671016,0 days 00:01:32.333983,537.0,4.0,0.0047409623999778,4096.0,PRUNED,311894.4375,,,,
44027.0,year,2.0,71.0,82.96646118164062,2022-11-04 23:36:40.671359,2022-11-04 23:55:17.117489,0 days 00:18:36.446130,335.0,2.0,0.0027279200860981,512.0,COMPLETE,92.64728546142578,,,,
44027.0,year,2.0,72.0,33550.21484375,2022-11-04 23:55:17.118209,2022-11-04 23:59:04.011550,0 days 00:03:46.893341,529.0,2.0,0.0220369871289714,1024.0,PRUNED,33550.21484375,,,,
44027.0,year,2.0,73.0,280498.5,2022-11-04 23:59:04.011896,2022-11-05 00:00:42.700171,0 days 00:01:38.688275,762.0,4.0,0.0180296089304149,1024.0,PRUNED,280498.5,,,,
44027.0,year,2.0,74.0,447398.125,2022-11-05 00:00:42.700509,2022-11-05 00:02:18.875217,0 days 00:01:36.174708,43.0,2.0,0.0076037915461043,512.0,PRUNED,447398.125,,,,
44027.0,year,2.0,75.0,194487.71875,2022-11-05 00:02:18.875557,2022-11-05 00:14:36.181793,0 days 00:12:17.306236,39.0,2.0,0.000404670208546,512.0,PRUNED,194487.71875,,,,
44027.0,year,2.0,76.0,2194846.5,2022-11-05 00:14:36.182188,2022-11-05 00:16:10.218036,0 days 00:01:34.035848,607.0,5.0,0.0004365340726139,8124.0,PRUNED,2194846.5,,,,
44027.0,year,2.0,77.0,436810.78125,2022-11-05 00:16:10.218380,2022-11-05 00:17:40.678258,0 days 00:01:30.459878,318.0,4.0,0.003101648619031,4096.0,PRUNED,436810.78125,,,,
44027.0,year,2.0,78.0,316830.53125,2022-11-05 00:17:40.678639,2022-11-05 00:21:39.796180,0 days 00:03:59.117541,262.0,3.0,0.0026985424608924,2048.0,PRUNED,316830.53125,,,,
44027.0,year,2.0,79.0,776645.9375,2022-11-05 00:21:39.796531,2022-11-05 00:23:15.748270,0 days 00:01:35.951739,128.0,2.0,0.0017079318920335,512.0,PRUNED,776645.9375,,,,
44027.0,year,2.0,80.0,101.62867736816406,2022-11-05 00:23:15.748621,2022-11-05 00:28:53.892702,0 days 00:05:38.144081,731.0,3.0,0.0216897748343721,1024.0,COMPLETE,109423.7421875,107.4070281982422,,,
44027.0,year,2.0,81.0,102.61985778808594,2022-11-05 00:28:53.893368,2022-11-05 00:34:33.642228,0 days 00:05:39.748860,749.0,3.0,0.0217164678185161,1024.0,COMPLETE,56333.609375,106.07923889160156,,,
44027.0,year,2.0,82.0,7572.57666015625,2022-11-05 00:34:33.642901,2022-11-05 00:38:40.245401,0 days 00:04:06.602500,737.0,3.0,0.0189072313778961,1024.0,PRUNED,167434.0625,7572.57666015625,,,
44027.0,year,2.0,83.0,115.27517700195312,2022-11-05 00:38:40.245780,2022-11-05 00:43:30.970563,0 days 00:04:50.724783,511.0,4.0,0.0779061531248149,1024.0,COMPLETE,2817.429931640625,,,,
44027.0,year,2.0,84.0,91.74659729003906,2022-11-05 00:43:30.971280,2022-11-05 00:50:25.074112,0 days 00:06:54.102832,841.0,2.0,0.0621688704047664,1024.0,COMPLETE,62476.4453125,105.95833587646484,,,
44027.0,year,2.0,85.0,94.09628295898438,2022-11-05 00:50:25.074820,2022-11-05 00:57:59.446913,0 days 00:07:34.372093,296.0,2.0,0.0262310341925949,512.0,COMPLETE,112.14000701904295,,,,
44027.0,year,2.0,86.0,88.790771484375,2022-11-05 00:57:59.447617,2022-11-05 01:05:37.316176,0 days 00:07:37.868559,956.0,2.0,0.0591948734585508,1024.0,COMPLETE,65697.7734375,99.67042541503906,,,
44027.0,year,2.0,87.0,153601.796875,2022-11-05 01:05:37.316850,2022-11-05 01:09:50.809679,0 days 00:04:13.492829,278.0,4.0,0.0027089758948422,1024.0,PRUNED,153601.796875,,,,
44027.0,year,2.0,88.0,95.14328002929688,2022-11-05 01:09:50.810023,2022-11-05 01:17:09.204743,0 days 00:07:18.394720,443.0,2.0,0.0286120604900173,512.0,COMPLETE,103.43234252929688,,,,
44027.0,year,2.0,89.0,90010.8828125,2022-11-05 01:17:09.205443,2022-11-05 01:29:32.851358,0 days 00:12:23.645915,326.0,2.0,0.0001910460918058,512.0,PRUNED,90010.8828125,,,,
44027.0,year,2.0,90.0,88.78280639648438,2022-11-05 01:29:32.851707,2022-11-05 01:39:34.161601,0 days 00:10:01.309894,546.0,2.0,0.0172789649017227,512.0,COMPLETE,119.42271423339844,,,,
44027.0,year,2.0,91.0,117.65869140625,2022-11-05 01:39:34.162250,2022-11-05 01:44:10.402181,0 days 00:04:36.239931,796.0,3.0,0.0136089268319972,512.0,COMPLETE,,,,,
44027.0,year,2.0,92.0,96.90650177001952,2022-11-05 01:44:10.402940,2022-11-05 01:49:38.320068,0 days 00:05:27.917128,991.0,2.0,0.099316719111089,1024.0,COMPLETE,12852.8896484375,107.30867767333984,,,
44027.0,year,2.0,93.0,89.16966247558594,2022-11-05 01:49:38.320744,2022-11-05 02:02:37.895188,0 days 00:12:59.574444,646.0,2.0,0.0037729232981855,512.0,COMPLETE,89.65978240966797,,,,
44027.0,year,2.0,94.0,90.28406524658205,2022-11-05 02:02:37.895846,2022-11-05 02:09:47.145676,0 days 00:07:09.249830,1012.0,2.0,0.072122905632138,1024.0,COMPLETE,43764.7890625,97.3237533569336,,,
44027.0,year,2.0,95.0,93.97792053222656,2022-11-05 02:09:47.146370,2022-11-05 02:15:32.168248,0 days 00:05:45.021878,1015.0,2.0,0.0623397459476279,1024.0,COMPLETE,59310.83984375,95.88382720947266,,,
44027.0,year,2.0,96.0,110.966064453125,2022-11-05 02:15:32.168923,2022-11-05 02:19:21.703896,0 days 00:03:49.534973,1024.0,2.0,0.0990937503581969,1024.0,PRUNED,2256.423828125,110.966064453125,,,
44027.0,year,2.0,97.0,91.85598754882812,2022-11-05 02:19:21.704238,2022-11-05 02:25:20.008939,0 days 00:05:58.304701,971.0,2.0,0.0525148368576394,1024.0,COMPLETE,106740.8828125,99.35499572753906,,,
44027.0,year,2.0,98.0,108.64836120605467,2022-11-05 02:25:20.009656,2022-11-05 02:29:08.478939,0 days 00:03:48.469283,622.0,2.0,0.0942145934303568,512.0,COMPLETE,,,,,
44027.0,year,2.0,99.0,90.40746307373048,2022-11-05 02:29:08.479625,2022-11-05 02:36:18.765339,0 days 00:07:10.285714,938.0,2.0,0.0576453993097087,1024.0,COMPLETE,97543.875,99.87562561035156,,,
44027.0,year,3.0,0.0,85.73482513427734,2022-11-05 03:02:17.544495,2022-11-05 03:28:07.296014,0 days 00:25:49.751519,64.0,2.0,0.001,512.0,COMPLETE,2403244.5,520552.5,681.8812866210938,"{'n_max': 64, 'n_layers': 2, 'lr': 0.001, 'batch_size': 512}",
44027.0,year,3.0,1.0,158116.390625,2022-11-05 03:28:07.296711,2022-11-05 03:40:52.788831,0 days 00:12:45.492120,777.0,5.0,0.0033374595832049,2048.0,PRUNED,280265.84375,225399.9375,158116.390625,,
44027.0,year,3.0,2.0,364256.84375,2022-11-05 03:40:52.789161,2022-11-05 03:42:40.627153,0 days 00:01:47.837992,977.0,6.0,0.0037872421181569,2048.0,PRUNED,364256.84375,,,,
44027.0,year,3.0,3.0,3782193.75,2022-11-05 03:42:40.627502,2022-11-05 03:44:11.875609,0 days 00:01:31.248107,589.0,3.0,5.111295844519127e-05,1024.0,PRUNED,3782193.75,,,,
44027.0,year,3.0,4.0,1487666.0,2022-11-05 03:44:11.875927,2022-11-05 03:45:45.484472,0 days 00:01:33.608545,501.0,6.0,0.0364992570070838,8124.0,PRUNED,1487666.0,,,,
44027.0,year,3.0,5.0,95.80551147460938,2022-11-05 03:45:45.484800,2022-11-05 03:59:06.179931,0 days 00:13:20.695131,117.0,3.0,0.0010207660111011,512.0,COMPLETE,205788.1875,,,,
44027.0,year,3.0,6.0,441066.03125,2022-11-05 03:59:06.180627,2022-11-05 04:00:38.504998,0 days 00:01:32.324371,942.0,3.0,0.0077640659205924,8124.0,PRUNED,441066.03125,,,,
44027.0,year,3.0,7.0,2725062.0,2022-11-05 04:00:38.505336,2022-11-05 04:02:12.515819,0 days 00:01:34.010483,967.0,3.0,0.0001151944574334,1024.0,PRUNED,2725062.0,,,,
44027.0,year,3.0,8.0,1590132.75,2022-11-05 04:02:12.516165,2022-11-05 04:03:51.310969,0 days 00:01:38.794804,771.0,4.0,8.988504888500181e-05,1024.0,PRUNED,1590132.75,,,,
44027.0,year,3.0,9.0,484766.875,2022-11-05 04:03:51.311294,2022-11-05 04:05:29.759743,0 days 00:01:38.448449,706.0,2.0,0.0014899914678726,512.0,PRUNED,484766.875,,,,
44027.0,year,3.0,10.0,114.20270538330078,2022-11-05 04:05:29.760070,2022-11-05 04:18:54.334314,0 days 00:13:24.574244,1004.0,5.0,0.0013067691215037,512.0,COMPLETE,189831.921875,40667.671875,,,
44027.0,year,3.0,11.0,31947.689453125,2022-11-05 04:18:54.335056,2022-11-05 04:28:58.876821,0 days 00:10:04.541765,834.0,5.0,0.0038215523932614,1024.0,COMPLETE,,,,,
44027.0,year,3.0,12.0,173.63645935058594,2022-11-05 04:28:58.877543,2022-11-05 04:35:32.709619,0 days 00:06:33.832076,540.0,4.0,0.0858712041648851,2048.0,COMPLETE,403.1918029785156,,,,
44027.0,year,3.0,13.0,157945.109375,2022-11-05 04:35:32.710359,2022-11-05 04:39:36.477309,0 days 00:04:03.766950,846.0,3.0,0.0254941087895378,4096.0,PRUNED,157945.109375,,,,
44027.0,year,3.0,14.0,3670603.75,2022-11-05 04:39:36.477627,2022-11-05 04:43:34.015033,0 days 00:03:57.537406,155.0,4.0,0.0001291254329048,4096.0,PRUNED,3670603.75,,,,
44027.0,year,3.0,15.0,3985979.0,2022-11-05 04:43:34.015353,2022-11-05 04:45:00.553097,0 days 00:01:26.537744,24.0,2.0,0.0002865944020161,4096.0,PRUNED,3985979.0,,,,
44027.0,year,3.0,16.0,296752.84375,2022-11-05 04:45:00.553414,2022-11-05 04:48:59.523594,0 days 00:03:58.970180,540.0,3.0,0.0034100484273625,4096.0,PRUNED,296752.84375,,,,
44027.0,year,3.0,17.0,189328.84375,2022-11-05 04:48:59.523900,2022-11-05 04:54:26.231473,0 days 00:05:26.707573,190.0,5.0,0.000455663131189,512.0,PRUNED,343368.375,189328.84375,,,
44027.0,year,3.0,18.0,202.70025634765625,2022-11-05 04:54:26.231833,2022-11-05 05:01:50.123962,0 days 00:07:23.892129,347.0,5.0,0.0210776789955548,512.0,COMPLETE,125401.046875,202.70025634765625,,,
44027.0,year,3.0,19.0,89.4751968383789,2022-11-05 05:01:50.124686,2022-11-05 05:34:38.748258,0 days 00:32:48.623572,346.0,3.0,0.0002338282333144,512.0,COMPLETE,192.95594787597656,,,,
44027.0,year,3.0,20.0,123058.3515625,2022-11-05 05:34:38.748939,2022-11-05 05:39:48.393742,0 days 00:05:09.644803,328.0,4.0,0.0008803203087559,512.0,PRUNED,240142.1875,123058.3515625,,,
44027.0,year,3.0,21.0,3992070.0,2022-11-05 05:39:48.394066,2022-11-05 05:43:38.295503,0 days 00:03:49.901437,173.0,2.0,1.0444646360176596e-05,4096.0,PRUNED,3992070.0,,,,
44027.0,year,3.0,22.0,110.20582580566406,2022-11-05 05:43:38.295835,2022-11-05 05:53:33.381270,0 days 00:09:55.085435,846.0,5.0,0.0070425045414645,512.0,COMPLETE,316.8960876464844,,,,
44027.0,year,3.0,23.0,3990123.75,2022-11-05 05:53:33.382012,2022-11-05 05:55:34.636998,0 days 00:02:01.254986,41.0,5.0,1.1662481004638446e-05,512.0,PRUNED,3990123.75,,,,
44027.0,year,3.0,24.0,426394.71875,2022-11-05 05:55:34.637327,2022-11-05 06:00:41.757974,0 days 00:05:07.120647,409.0,5.0,0.000249727886133,4096.0,COMPLETE,,,,,
44027.0,year,3.0,25.0,345382.09375,2022-11-05 06:00:41.758750,2022-11-05 06:02:08.425870,0 days 00:01:26.667120,424.0,2.0,0.0830204204132349,4096.0,PRUNED,345382.09375,,,,
44027.0,year,3.0,26.0,3644746.25,2022-11-05 06:02:08.426220,2022-11-05 06:06:08.172263,0 days 00:03:59.746043,316.0,4.0,8.07519798476403e-05,4096.0,PRUNED,3644746.25,,,,
44027.0,year,3.0,27.0,120922.4921875,2022-11-05 06:06:08.172615,2022-11-05 06:11:10.277038,0 days 00:05:02.104423,146.0,4.0,0.0014698024766648,512.0,PRUNED,265205.96875,120922.4921875,,,
44027.0,year,3.0,28.0,404598.125,2022-11-05 06:11:10.277370,2022-11-05 06:31:04.069761,0 days 00:19:53.792391,949.0,4.0,4.181487926974456e-05,4096.0,COMPLETE,,,,,
44027.0,year,3.0,29.0,98.20838165283205,2022-11-05 06:31:04.070504,2022-11-05 06:39:51.337081,0 days 00:08:47.266577,632.0,3.0,0.0085715766361839,512.0,COMPLETE,116932.890625,192.50018310546875,,,
44027.0,year,3.0,30.0,109.89318084716795,2022-11-05 06:39:51.337808,2022-11-05 06:48:59.561605,0 days 00:09:08.223797,673.0,3.0,0.0112311116485493,512.0,COMPLETE,63309.26171875,120.83683013916016,,,
44027.0,year,3.0,31.0,1786598.875,2022-11-05 06:48:59.562358,2022-11-05 06:53:03.960007,0 days 00:04:04.397649,868.0,3.0,0.000299262222241,4096.0,PRUNED,1786598.875,,,,
44027.0,year,3.0,32.0,980863.25,2022-11-05 06:53:03.960342,2022-11-05 06:54:30.656567,0 days 00:01:26.696225,224.0,2.0,0.0047310010787991,2048.0,PRUNED,980863.25,,,,
44027.0,year,3.0,33.0,411851.875,2022-11-05 06:54:30.656895,2022-11-05 07:09:52.024692,0 days 00:15:21.367797,649.0,5.0,9.39006080965818e-05,8124.0,COMPLETE,,,,,
44027.0,year,3.0,34.0,1033188.875,2022-11-05 07:09:52.025406,2022-11-05 07:14:10.297826,0 days 00:04:18.272420,850.0,4.0,7.054915226786767e-05,2048.0,PRUNED,1033188.875,,,,
44027.0,year,3.0,35.0,522070.6875,2022-11-05 07:14:10.298151,2022-11-05 07:15:40.048589,0 days 00:01:29.750438,552.0,3.0,0.023116854647531,4096.0,PRUNED,522070.6875,,,,
44027.0,year,3.0,36.0,643500.8125,2022-11-05 07:15:40.048944,2022-11-05 07:19:41.401651,0 days 00:04:01.352707,40.0,6.0,0.0016521638564638,8124.0,PRUNED,643500.8125,,,,
44027.0,year,3.0,37.0,116.6665267944336,2022-11-05 07:19:41.402016,2022-11-05 07:25:24.317525,0 days 00:05:42.915509,922.0,3.0,0.0654859919164896,1024.0,COMPLETE,,,,,
44027.0,year,3.0,38.0,128.8139190673828,2022-11-05 07:25:24.318277,2022-11-05 07:38:37.854381,0 days 00:13:13.536104,675.0,4.0,0.0219696883231832,2048.0,COMPLETE,,,,,
44027.0,year,3.0,39.0,277.89752197265625,2022-11-05 07:38:37.855106,2022-11-05 07:49:48.233375,0 days 00:11:10.378269,51.0,3.0,0.0891580403528085,4096.0,PRUNED,277.89752197265625,,,,
44027.0,year,3.0,40.0,119.0666961669922,2022-11-05 07:49:48.233712,2022-11-05 08:07:52.363945,0 days 00:18:04.130233,1003.0,4.0,0.0002059196215422,512.0,COMPLETE,122.17806243896484,,,,
44027.0,year,3.0,41.0,271.8429870605469,2022-11-05 08:07:52.364690,2022-11-05 08:25:25.979406,0 days 00:17:33.614716,1023.0,5.0,8.149882182693971e-05,512.0,PRUNED,271.8429870605469,,,,
44027.0,year,3.0,42.0,67460.0078125,2022-11-05 08:25:25.979791,2022-11-05 08:38:20.260731,0 days 00:12:54.280940,947.0,6.0,0.0566607684639786,8124.0,PRUNED,67460.0078125,,,,
44027.0,year,3.0,43.0,104.1366195678711,2022-11-05 08:38:20.261059,2022-11-05 08:46:37.630456,0 days 00:08:17.369397,696.0,3.0,0.0099195819413821,512.0,COMPLETE,110580.8515625,136.05894470214844,,,
44027.0,year,3.0,44.0,327.16363525390625,2022-11-05 08:46:37.631206,2022-11-05 08:56:08.585559,0 days 00:09:30.954353,1009.0,6.0,0.0084789910568218,512.0,COMPLETE,1330.438232421875,,,,
44027.0,year,3.0,45.0,113.69503021240234,2022-11-05 08:56:08.586291,2022-11-05 08:59:42.482754,0 days 00:03:33.896463,812.0,2.0,0.078422252840199,512.0,COMPLETE,162.3606719970703,,,,
44027.0,year,3.0,46.0,121.10002136230467,2022-11-05 08:59:42.483521,2022-11-05 09:05:12.615940,0 days 00:05:30.132419,656.0,3.0,0.0104571081258275,512.0,COMPLETE,103589.5859375,146.77362060546875,,,
44027.0,year,3.0,47.0,5652.7333984375,2022-11-05 09:05:12.616658,2022-11-05 09:10:09.246190,0 days 00:04:56.629532,853.0,3.0,0.0027027958131534,512.0,PRUNED,161361.015625,5652.7333984375,,,
44027.0,year,3.0,48.0,3937525.0,2022-11-05 09:10:09.246585,2022-11-05 09:11:38.062268,0 days 00:01:28.815683,458.0,2.0,0.0004870966714141,8124.0,PRUNED,3937525.0,,,,
44027.0,year,3.0,49.0,264161.40625,2022-11-05 09:11:38.062635,2022-11-05 09:23:48.607220,0 days 00:12:10.544585,613.0,6.0,0.003504328052836,8124.0,PRUNED,264161.40625,,,,
44027.0,year,3.0,50.0,448131.03125,2022-11-05 09:23:48.607571,2022-11-05 09:28:02.999463,0 days 00:04:14.391892,640.0,6.0,8.320032070141489e-05,2048.0,COMPLETE,,,,,
44027.0,year,3.0,51.0,207.39170837402344,2022-11-05 09:28:03.000186,2022-11-05 09:33:20.334674,0 days 00:05:17.334488,612.0,4.0,0.0287477874145759,512.0,PRUNED,12624.7509765625,207.39170837402344,,,
44027.0,year,3.0,52.0,165336.015625,2022-11-05 09:33:20.335006,2022-11-05 09:39:12.204589,0 days 00:05:51.869583,667.0,5.0,0.0006659162391524,512.0,PRUNED,165336.015625,,,,
44027.0,year,3.0,53.0,215682.796875,2022-11-05 09:39:12.204960,2022-11-05 09:40:50.342283,0 days 00:01:38.137323,889.0,2.0,0.005934009990896,512.0,PRUNED,215682.796875,,,,
44027.0,year,3.0,54.0,226.7230682373047,2022-11-05 09:40:50.342637,2022-11-05 09:45:43.906459,0 days 00:04:53.563822,727.0,3.0,0.0154034567867217,512.0,PRUNED,10040.6962890625,226.7230682373047,,,
44027.0,year,3.0,55.0,84602.515625,2022-11-05 09:45:43.906806,2022-11-05 09:58:20.826570,0 days 00:12:36.919764,197.0,5.0,0.0010685680134071,1024.0,PRUNED,84602.515625,,,,
44027.0,year,3.0,56.0,158.13336181640625,2022-11-05 09:58:20.826945,2022-11-05 10:08:13.212894,0 days 00:09:52.385949,352.0,5.0,0.0057858385349455,512.0,COMPLETE,9542.443359375,,,,
44027.0,year,3.0,57.0,481719.0,2022-11-05 10:08:13.213635,2022-11-05 10:09:42.794721,0 days 00:01:29.581086,347.0,3.0,0.0029141001323179,2048.0,PRUNED,481719.0,,,,
44027.0,year,3.0,58.0,85.53202056884766,2022-11-05 10:09:42.795087,2022-11-05 10:18:45.002050,0 days 00:09:02.206963,696.0,2.0,0.0293497050292556,1024.0,COMPLETE,622.856689453125,,,,
44027.0,year,3.0,59.0,150.25823974609375,2022-11-05 10:18:45.002701,2022-11-05 10:58:59.035339,0 days 00:40:14.032638,463.0,3.0,0.0004050835460445,2048.0,COMPLETE,780.7747192382812,,,,
44027.0,year,3.0,60.0,1405188.625,2022-11-05 10:58:59.035864,2022-11-05 11:00:30.725269,0 days 00:01:31.689405,510.0,4.0,0.0460031050813188,4096.0,PRUNED,1405188.625,,,,
44027.0,year,3.0,61.0,18502.2421875,2022-11-05 11:00:30.725600,2022-11-05 11:12:01.026195,0 days 00:11:30.300595,421.0,3.0,0.0099008529781282,2048.0,PRUNED,18502.2421875,,,,
44027.0,year,3.0,62.0,118.97086334228516,2022-11-05 11:12:01.026534,2022-11-05 11:19:21.838569,0 days 00:07:20.812035,662.0,3.0,0.0115371057662439,512.0,COMPLETE,76795.65625,173.27584838867188,,,
44027.0,year,3.0,63.0,3289.676025390625,2022-11-05 11:19:21.839191,2022-11-05 11:24:44.469595,0 days 00:05:22.630404,737.0,4.0,0.0033147601885194,512.0,PRUNED,157651.5,3289.676025390625,,,
44027.0,year,3.0,64.0,91.2670669555664,2022-11-05 11:24:44.469956,2022-11-05 11:31:11.038139,0 days 00:06:26.568183,668.0,2.0,0.0623562818498064,1024.0,COMPLETE,98.93544006347656,,,,
44027.0,year,3.0,65.0,246461.421875,2022-11-05 11:31:11.038783,2022-11-05 11:32:42.335913,0 days 00:01:31.297130,625.0,3.0,0.0075691836325765,2048.0,PRUNED,246461.421875,,,,
44027.0,year,3.0,66.0,600935.875,2022-11-05 11:32:42.336240,2022-11-05 11:34:08.026736,0 days 00:01:25.690496,582.0,2.0,0.002020426188323,1024.0,PRUNED,600935.875,,,,
44027.0,year,3.0,67.0,95.26874542236328,2022-11-05 11:34:08.027094,2022-11-05 11:39:08.150085,0 days 00:05:00.122991,677.0,2.0,0.0823441244825106,1024.0,COMPLETE,95.26874542236328,,,,
44027.0,year,3.0,68.0,3217061.75,2022-11-05 11:39:08.150793,2022-11-05 11:40:40.025592,0 days 00:01:31.874799,678.0,3.0,0.0008456288018753,8124.0,PRUNED,3217061.75,,,,
44027.0,year,3.0,69.0,2606038.75,2022-11-05 11:40:40.025949,2022-11-05 11:53:09.122275,0 days 00:12:29.096326,639.0,2.0,1.3934938782941767e-05,512.0,PRUNED,2606038.75,,,,
44027.0,year,3.0,70.0,86.93360900878906,2022-11-05 11:53:09.122661,2022-11-05 12:05:14.797016,0 days 00:12:05.674355,840.0,3.0,0.0052797037043515,512.0,COMPLETE,129215.5390625,172.28797912597656,,,
44027.0,year,3.0,71.0,7603.0849609375,2022-11-05 12:05:14.797652,2022-11-05 12:38:57.797395,0 days 00:33:42.999743,516.0,2.0,0.023800889934062,8124.0,PRUNED,7603.0849609375,,,,
44027.0,year,3.0,72.0,1922.2242431640625,2022-11-05 12:38:57.797760,2022-11-05 12:42:46.051542,0 days 00:03:48.253782,673.0,2.0,0.0255908634649237,1024.0,PRUNED,1922.2242431640625,,,,
44027.0,year,3.0,73.0,237718.15625,2022-11-05 12:42:46.051932,2022-11-05 12:45:13.518828,0 days 00:02:27.466896,917.0,6.0,0.0055320061742133,512.0,PRUNED,237718.15625,,,,
44027.0,year,3.0,74.0,405152.125,2022-11-05 12:45:13.519173,2022-11-05 12:46:54.504223,0 days 00:01:40.985050,808.0,4.0,0.0001849175029127,1024.0,PRUNED,405152.125,,,,
44027.0,year,3.0,75.0,527275.5,2022-11-05 12:46:54.504559,2022-11-05 12:48:24.622193,0 days 00:01:30.117634,851.0,2.0,0.0376079114741249,8124.0,PRUNED,527275.5,,,,
44027.0,year,3.0,76.0,8535.1171875,2022-11-05 12:48:24.622602,2022-11-05 13:02:06.715168,0 days 00:13:42.092566,271.0,3.0,0.000138385808898,512.0,PRUNED,8535.1171875,,,,
44027.0,year,3.0,77.0,13479.427734375,2022-11-05 13:02:06.715519,2022-11-05 13:05:54.903245,0 days 00:03:48.187726,424.0,2.0,0.026220293956845,1024.0,PRUNED,13479.427734375,,,,
44027.0,year,3.0,78.0,3479063.75,2022-11-05 13:05:54.903580,2022-11-05 13:07:46.223522,0 days 00:01:51.319942,779.0,3.0,3.278637232159296e-05,512.0,PRUNED,3479063.75,,,,
44027.0,year,3.0,79.0,90.26455688476562,2022-11-05 13:07:46.223909,2022-11-05 13:20:48.310862,0 days 00:13:02.086953,563.0,3.0,0.0074464736264677,512.0,COMPLETE,125434.453125,146.53111267089844,,,
44027.0,year,3.0,80.0,51058.5234375,2022-11-05 13:20:48.311579,2022-11-05 13:36:12.227000,0 days 00:15:23.915421,734.0,4.0,3.494357014260081e-05,512.0,PRUNED,51058.5234375,,,,
44027.0,year,3.0,81.0,109.19664764404295,2022-11-05 13:36:12.227345,2022-11-05 13:45:15.646838,0 days 00:09:03.419493,449.0,3.0,0.0166988730669474,512.0,COMPLETE,78951.5546875,135.19166564941406,,,
44027.0,year,3.0,82.0,52959.01953125,2022-11-05 13:45:15.647569,2022-11-05 13:49:04.642523,0 days 00:03:48.994954,756.0,2.0,0.0172970496975689,1024.0,PRUNED,52959.01953125,,,,
44027.0,year,3.0,83.0,129.34213256835938,2022-11-05 13:49:04.642866,2022-11-05 13:53:17.115392,0 days 00:04:12.472526,985.0,3.0,0.098160239786721,1024.0,COMPLETE,,,,,
44027.0,year,3.0,84.0,295.59228515625,2022-11-05 13:53:17.116089,2022-11-05 14:05:45.321173,0 days 00:12:28.205084,464.0,2.0,0.0004756136234353,512.0,PRUNED,295.59228515625,,,,
44027.0,year,3.0,85.0,403641.21875,2022-11-05 14:05:45.321561,2022-11-05 14:07:34.177390,0 days 00:01:48.855829,556.0,3.0,0.0005862278704892,512.0,PRUNED,403641.21875,,,,
44027.0,year,3.0,86.0,38760.421875,2022-11-05 14:07:34.177734,2022-11-05 14:12:56.476566,0 days 00:05:22.298832,742.0,4.0,0.0021653202040292,512.0,PRUNED,166941.359375,38760.421875,,,
44027.0,year,3.0,87.0,176959.03125,2022-11-05 14:12:56.476915,2022-11-05 14:24:43.080740,0 days 00:11:46.603825,275.0,4.0,0.0007587763921252,2048.0,PRUNED,176959.03125,,,,
44027.0,year,3.0,88.0,343528.21875,2022-11-05 14:24:43.081085,2022-11-05 14:26:20.225189,0 days 00:01:37.144104,414.0,2.0,0.0039349186125078,512.0,PRUNED,343528.21875,,,,
44027.0,year,3.0,89.0,91.10246276855467,2022-11-05 14:26:20.225547,2022-11-05 14:33:41.915575,0 days 00:07:21.690028,632.0,2.0,0.054733048105626,1024.0,COMPLETE,104.57097625732422,,,,
44027.0,year,3.0,90.0,179802.90625,2022-11-05 14:33:41.916234,2022-11-05 14:35:16.324096,0 days 00:01:34.407862,999.0,3.0,0.0093138518065167,1024.0,PRUNED,179802.90625,,,,
44027.0,year,3.0,91.0,246490.234375,2022-11-05 14:35:16.324454,2022-11-05 14:36:54.656263,0 days 00:01:38.331809,484.0,2.0,0.0062396506113001,512.0,PRUNED,246490.234375,,,,
44027.0,year,3.0,92.0,94439.921875,2022-11-05 14:36:54.656663,2022-11-05 15:13:58.660971,0 days 00:37:04.004308,692.0,6.0,0.0005449417337758,4096.0,PRUNED,94439.921875,,,,
44027.0,year,3.0,93.0,90.58340454101562,2022-11-05 15:13:58.661297,2022-11-05 15:32:38.554561,0 days 00:18:39.893264,464.0,3.0,0.0005547147763426,512.0,COMPLETE,,,,,
44027.0,year,3.0,94.0,87.72967529296875,2022-11-05 15:32:38.555226,2022-11-05 15:40:00.056935,0 days 00:07:21.501709,607.0,2.0,0.04790331024609,1024.0,COMPLETE,116.04959106445312,,,,
44027.0,year,3.0,95.0,500775.84375,2022-11-05 15:40:00.057585,2022-11-05 15:41:32.843109,0 days 00:01:32.785524,265.0,4.0,0.0010807419672252,2048.0,PRUNED,500775.84375,,,,
44027.0,year,3.0,96.0,287.40924072265625,2022-11-05 15:41:32.843470,2022-11-05 15:46:13.668676,0 days 00:04:40.825206,101.0,3.0,0.0153351049396789,512.0,PRUNED,139874.21875,287.40924072265625,,,
44027.0,year,3.0,97.0,131399.140625,2022-11-05 15:46:13.669049,2022-11-05 15:50:01.931308,0 days 00:03:48.262259,475.0,2.0,0.0137722358647083,1024.0,PRUNED,131399.140625,,,,
44027.0,year,3.0,98.0,3663605.0,2022-11-05 15:50:01.931700,2022-11-05 15:51:32.976127,0 days 00:01:31.044427,627.0,3.0,0.0002576766227576,4096.0,PRUNED,3663605.0,,,,
44027.0,year,3.0,99.0,934517.0,2022-11-05 15:51:32.976493,2022-11-05 15:53:04.316550,0 days 00:01:31.340057,601.0,3.0,0.0373674883363913,8124.0,COMPLETE,,,,,
44027.0,year,4.0,0.0,134.1683807373047,2022-11-05 16:11:18.902107,2022-11-05 16:26:42.759666,0 days 00:15:23.857559,64.0,2.0,0.001,512.0,COMPLETE,3145339.5,1223995.125,189396.875,"{'n_max': 64, 'n_layers': 2, 'lr': 0.001, 'batch_size': 512}",
44027.0,year,4.0,1.0,369.9944458007813,2022-11-05 16:26:42.760329,2022-11-05 16:31:20.101916,0 days 00:04:37.341587,68.0,4.0,0.0923322185351775,1024.0,COMPLETE,11148.5244140625,,,,
44027.0,year,4.0,2.0,102.08219909667967,2022-11-05 16:31:20.102594,2022-11-05 16:57:54.189681,0 days 00:26:34.087087,263.0,5.0,9.835327998520788e-05,512.0,COMPLETE,1370718.125,383272.40625,126227.7421875,,
44027.0,year,4.0,3.0,3792166.75,2022-11-05 16:57:54.190399,2022-11-05 17:00:15.435981,0 days 00:02:21.245582,381.0,2.0,9.90090600219198e-05,1024.0,PRUNED,3792166.75,,,,
44027.0,year,4.0,4.0,191.91734313964844,2022-11-05 17:00:15.436333,2022-11-05 17:06:31.578964,0 days 00:06:16.142631,50.0,4.0,0.0627709891533803,512.0,COMPLETE,1823.6063232421875,,,,
44027.0,year,4.0,5.0,3976791.5,2022-11-05 17:06:31.579613,2022-11-05 17:07:35.512021,0 days 00:01:03.932408,753.0,5.0,5.2340598089828176e-05,8124.0,PRUNED,3976791.5,,,,
44027.0,year,4.0,6.0,3988605.0,2022-11-05 17:07:35.512357,2022-11-05 17:08:34.712744,0 days 00:00:59.200387,650.0,2.0,7.168134099211613e-05,8124.0,PRUNED,3988605.0,,,,
44027.0,year,4.0,7.0,2362125.25,2022-11-05 17:08:34.713082,2022-11-05 17:10:08.342922,0 days 00:01:33.629840,702.0,6.0,2.319101476023318e-05,512.0,PRUNED,2362125.25,,,,
44027.0,year,4.0,8.0,1383.7498779296875,2022-11-05 17:10:08.343311,2022-11-05 17:19:15.597101,0 days 00:09:07.253790,1020.0,6.0,0.0963390482863705,512.0,COMPLETE,260334.6875,35428.30859375,,,
44027.0,year,4.0,9.0,253419.515625,2022-11-05 17:19:15.597832,2022-11-05 17:22:21.918610,0 days 00:03:06.320778,736.0,6.0,0.0047940712404153,1024.0,PRUNED,356091.03125,253419.515625,,,
44027.0,year,4.0,10.0,3867490.0,2022-11-05 17:22:21.918969,2022-11-05 17:23:19.185170,0 days 00:00:57.266201,817.0,2.0,0.0001255918373671,1024.0,PRUNED,3867490.0,,,,
44027.0,year,4.0,11.0,2399449.75,2022-11-05 17:23:19.185485,2022-11-05 17:24:24.320498,0 days 00:01:05.135013,619.0,4.0,0.000121944607541,1024.0,PRUNED,2399449.75,,,,
44027.0,year,4.0,12.0,88.50909423828125,2022-11-05 17:24:24.320813,2022-11-05 17:33:28.363759,0 days 00:09:04.042946,805.0,3.0,0.0131072098142168,1024.0,COMPLETE,223375.796875,26737.333984375,91.46865844726562,,
44027.0,year,4.0,13.0,415215.40625,2022-11-05 17:33:28.364339,2022-11-05 17:34:28.423703,0 days 00:01:00.059364,376.0,3.0,0.0488081250188778,2048.0,PRUNED,415215.40625,,,,
44027.0,year,4.0,14.0,3990799.5,2022-11-05 17:34:28.424077,2022-11-05 17:37:02.876543,0 days 00:02:34.452466,443.0,5.0,1.4563283917113484e-05,8124.0,PRUNED,3990799.5,,,,
44027.0,year,4.0,15.0,517285.75,2022-11-05 17:37:02.876911,2022-11-05 18:07:16.803706,0 days 00:30:13.926795,558.0,3.0,0.0002489500068669,8124.0,COMPLETE,2953382.0,614208.875,,,
44027.0,year,4.0,16.0,3972496.25,2022-11-05 18:07:16.804238,2022-11-05 18:09:44.065659,0 days 00:02:27.261421,174.0,2.0,0.0002301266451499,8124.0,PRUNED,3972496.25,,,,
44027.0,year,4.0,17.0,1244142.75,2022-11-05 18:09:44.066045,2022-11-05 18:10:44.051619,0 days 00:00:59.985574,304.0,4.0,0.0012549432221505,4096.0,PRUNED,1244142.75,,,,
44027.0,year,4.0,18.0,236101.703125,2022-11-05 18:10:44.051952,2022-11-05 18:13:12.261274,0 days 00:02:28.209322,130.0,3.0,0.0129917954050823,2048.0,PRUNED,410114.5625,236101.703125,,,
44027.0,year,4.0,19.0,378387.75,2022-11-05 18:13:12.261626,2022-11-05 18:15:42.229572,0 days 00:02:29.967946,240.0,3.0,0.0016685548819726,1024.0,PRUNED,378387.75,,,,
44027.0,year,4.0,20.0,1243883.25,2022-11-05 18:15:42.229932,2022-11-05 18:16:43.889911,0 days 00:01:01.659979,385.0,5.0,0.0006592287512631,4096.0,PRUNED,1243883.25,,,,
44027.0,year,4.0,21.0,140345.25,2022-11-05 18:16:43.890296,2022-11-05 18:19:19.975222,0 days 00:02:36.084926,939.0,3.0,0.0068561480436926,1024.0,PRUNED,203541.25,140345.25,,,
44027.0,year,4.0,22.0,342517.3125,2022-11-05 18:19:19.975579,2022-11-05 18:21:46.376921,0 days 00:02:26.401342,966.0,2.0,0.0155495233278245,4096.0,PRUNED,342517.3125,,,,
44027.0,year,4.0,23.0,3884220.0,2022-11-05 18:21:46.377282,2022-11-05 18:23:12.357423,0 days 00:01:25.980141,511.0,5.0,1.096667953380702e-05,512.0,PRUNED,3884220.0,,,,
44027.0,year,4.0,24.0,1060642.5,2022-11-05 18:23:12.357875,2022-11-05 18:24:16.137102,0 days 00:01:03.779227,272.0,4.0,0.0003604314141202,1024.0,PRUNED,1060642.5,,,,
44027.0,year,4.0,25.0,156262.3125,2022-11-05 18:24:16.137501,2022-11-05 18:27:13.734960,0 days 00:02:57.597459,182.0,3.0,0.0040384709500704,512.0,PRUNED,304844.5,156262.3125,,,
44027.0,year,4.0,26.0,393605.375,2022-11-05 18:27:13.735309,2022-11-05 18:30:06.122535,0 days 00:02:52.387226,202.0,6.0,0.0002800420629476,1024.0,PRUNED,393605.375,,,,
44027.0,year,4.0,27.0,964551.8125,2022-11-05 18:30:06.122910,2022-11-05 18:31:08.339213,0 days 00:01:02.216303,481.0,5.0,0.0231241275135414,8124.0,PRUNED,964551.8125,,,,
44027.0,year,4.0,28.0,1328490.875,2022-11-05 18:31:08.339585,2022-11-05 18:32:13.231822,0 days 00:01:04.892237,849.0,4.0,0.0002890197987846,2048.0,PRUNED,1328490.875,,,,
44027.0,year,4.0,29.0,616135.875,2022-11-05 18:32:13.232240,2022-11-05 18:33:13.336820,0 days 00:01:00.104580,588.0,3.0,0.0221748533878548,4096.0,PRUNED,616135.875,,,,
44027.0,year,4.0,30.0,416938.9375,2022-11-05 18:33:13.337154,2022-11-05 18:41:09.714645,0 days 00:07:56.377491,334.0,6.0,2.643494401343131e-05,1024.0,COMPLETE,,,,,
44027.0,year,4.0,31.0,3293138.75,2022-11-05 18:41:09.715257,2022-11-05 18:42:14.454678,0 days 00:01:04.739421,38.0,2.0,0.0011191262008604,512.0,PRUNED,3293138.75,,,,
44027.0,year,4.0,32.0,1409228.0,2022-11-05 18:42:14.455019,2022-11-05 18:43:19.013348,0 days 00:01:04.558329,87.0,2.0,0.0023986524858265,512.0,PRUNED,1409228.0,,,,
44027.0,year,4.0,33.0,102.82095336914062,2022-11-05 18:43:19.013703,2022-11-05 19:02:41.966286,0 days 00:19:22.952583,71.0,5.0,0.0169517042171737,2048.0,COMPLETE,307213.5,160146.65625,,,
44027.0,year,4.0,34.0,3544209.5,2022-11-05 19:02:41.966996,2022-11-05 19:03:46.716549,0 days 00:01:04.749553,192.0,2.0,0.0003279969529598,512.0,PRUNED,3544209.5,,,,
44027.0,year,4.0,35.0,304092.03125,2022-11-05 19:03:46.716938,2022-11-05 19:33:48.456632,0 days 00:30:01.739694,222.0,2.0,3.5325706828420024e-05,512.0,COMPLETE,,,,,
44027.0,year,4.0,36.0,396227.28125,2022-11-05 19:33:48.457181,2022-11-05 19:36:44.388539,0 days 00:02:55.931358,36.0,3.0,0.0023392213760388,512.0,PRUNED,591352.0625,396227.28125,,,
44027.0,year,4.0,37.0,3964272.5,2022-11-05 19:36:44.388901,2022-11-05 19:37:47.707839,0 days 00:01:03.318938,267.0,4.0,2.505161383056924e-05,1024.0,PRUNED,3964272.5,,,,
44027.0,year,4.0,38.0,3647309.25,2022-11-05 19:37:47.708237,2022-11-05 19:38:52.966203,0 days 00:01:05.257966,416.0,2.0,0.0001885413392817,512.0,PRUNED,3647309.25,,,,
44027.0,year,4.0,39.0,178937.484375,2022-11-05 19:38:52.966588,2022-11-05 19:46:53.965519,0 days 00:08:00.998931,119.0,6.0,0.0022231498011154,1024.0,PRUNED,264906.65625,178937.484375,,,
44027.0,year,4.0,40.0,116.85816192626952,2022-11-05 19:46:53.965918,2022-11-05 19:55:47.449678,0 days 00:08:53.483760,166.0,5.0,0.0090121904771906,512.0,COMPLETE,221010.59375,118121.46875,,,
44027.0,year,4.0,41.0,549018.875,2022-11-05 19:55:47.450315,2022-11-05 20:00:20.926697,0 days 00:04:33.476382,105.0,5.0,0.0007626636372026,4096.0,COMPLETE,,,,,
44027.0,year,4.0,42.0,228154.65625,2022-11-05 20:00:20.927285,2022-11-05 20:03:06.450723,0 days 00:02:45.523438,208.0,5.0,0.0112305896995934,1024.0,PRUNED,323471.28125,228154.65625,,,
44027.0,year,4.0,43.0,294.8221740722656,2022-11-05 20:03:06.451068,2022-11-05 20:08:02.109295,0 days 00:04:55.658227,319.0,5.0,0.0615125414485148,512.0,COMPLETE,47799.51171875,828.0237426757812,,,
44027.0,year,4.0,44.0,641526.5625,2022-11-05 20:08:02.109950,2022-11-05 20:09:06.993017,0 days 00:01:04.883067,136.0,6.0,0.0148395945158738,2048.0,PRUNED,641526.5625,,,,
44027.0,year,4.0,45.0,85.63835144042969,2022-11-05 20:09:06.993383,2022-11-05 20:39:17.612461,0 days 00:30:10.619078,963.0,4.0,0.0021155865215144,2048.0,COMPLETE,206.06211853027344,,,,
44027.0,year,4.0,46.0,81729.5703125,2022-11-05 20:39:17.613107,2022-11-05 21:00:21.617609,0 days 00:21:04.004502,764.0,3.0,0.0114296008309006,8124.0,PRUNED,81729.5703125,,,,
44027.0,year,4.0,47.0,3882420.0,2022-11-05 21:00:21.617964,2022-11-05 21:07:56.188766,0 days 00:07:34.570802,649.0,6.0,1.679886899691957e-05,8124.0,PRUNED,3882420.0,,,,
44027.0,year,4.0,48.0,356536.84375,2022-11-05 21:07:56.189163,2022-11-05 21:10:43.042163,0 days 00:02:46.853000,737.0,5.0,0.0097708795938439,2048.0,PRUNED,356536.84375,,,,
44027.0,year,4.0,49.0,548437.375,2022-11-05 21:10:43.042516,2022-11-05 21:11:59.289326,0 days 00:01:16.246810,88.0,4.0,0.0006160823704872,512.0,PRUNED,548437.375,,,,
44027.0,year,4.0,50.0,139.6701202392578,2022-11-05 21:11:59.289706,2022-11-05 21:16:22.720122,0 days 00:04:23.430416,650.0,4.0,0.083027631434653,512.0,COMPLETE,433.7839660644531,,,,
44027.0,year,4.0,51.0,874662.0625,2022-11-05 21:16:22.720925,2022-11-05 21:17:24.115862,0 days 00:01:01.394937,234.0,5.0,0.0021805126722843,8124.0,PRUNED,874662.0625,,,,
44027.0,year,4.0,52.0,146.5626983642578,2022-11-05 21:17:24.116234,2022-11-05 21:24:41.002213,0 days 00:07:16.885979,641.0,5.0,0.0134604271869914,512.0,COMPLETE,790.5057983398438,,,,
44027.0,year,4.0,53.0,2895565.0,2022-11-05 21:24:41.003007,2022-11-05 21:26:08.739506,0 days 00:01:27.736499,141.0,6.0,6.974165008619367e-05,512.0,PRUNED,2895565.0,,,,
44027.0,year,4.0,54.0,969511.125,2022-11-05 21:26:08.739912,2022-11-05 21:27:09.541892,0 days 00:01:00.801980,22.0,5.0,0.036990595311907,8124.0,PRUNED,969511.125,,,,
44027.0,year,4.0,55.0,58063.37109375,2022-11-05 21:27:09.542250,2022-11-05 21:29:44.029436,0 days 00:02:34.487186,767.0,3.0,0.0300341764325248,2048.0,PRUNED,58063.37109375,,,,
44027.0,year,4.0,56.0,82.92583465576172,2022-11-05 21:29:44.029774,2022-11-05 21:44:09.447487,0 days 00:14:25.417713,101.0,3.0,0.0035361560660374,512.0,COMPLETE,,,,,
44027.0,year,4.0,57.0,196346.828125,2022-11-05 21:44:09.448184,2022-11-05 21:46:48.188320,0 days 00:02:38.740136,556.0,4.0,0.0043626286573041,2048.0,PRUNED,196346.828125,,,,
44027.0,year,4.0,58.0,282.42901611328125,2022-11-05 21:46:48.188657,2022-11-05 21:52:10.604571,0 days 00:05:22.415914,918.0,5.0,0.0378435188434118,512.0,COMPLETE,1693.9669189453125,,,,
44027.0,year,4.0,59.0,95.70055389404295,2022-11-05 21:52:10.605225,2022-11-05 21:59:54.167687,0 days 00:07:43.562462,690.0,3.0,0.0199300423232025,1024.0,COMPLETE,105.46094512939452,,,,
44027.0,year,5.0,0.0,149.6028594970703,2022-11-05 22:18:42.611278,2022-11-05 22:34:54.857194,0 days 00:16:12.245916,64.0,2.0,0.001,512.0,COMPLETE,3051105.75,1090640.375,188143.859375,"{'n_max': 64, 'n_layers': 2, 'lr': 0.001, 'batch_size': 512}",
44027.0,year,5.0,1.0,90.00357055664062,2022-11-05 22:34:54.857828,2022-11-05 22:56:43.681354,0 days 00:21:48.823526,710.0,3.0,0.05969628866051314,8124.0,COMPLETE,1517773.25,1090484.125,163694.734375,,91.2671127319336
44027.0,year,5.0,2.0,3521443.5,2022-11-05 22:56:43.682037,2022-11-05 22:57:45.875333,0 days 00:01:02.193296,527.0,4.0,0.0005428151023740614,8124.0,PRUNED,3521443.5,,,,
44027.0,year,5.0,3.0,104704.1875,2022-11-05 22:57:45.875726,2022-11-05 23:27:46.270572,0 days 00:30:00.394846,739.0,4.0,9.458163642453161e-05,2048.0,COMPLETE,2131887.75,413603.84375,161234.21875,,
44027.0,year,5.0,4.0,183381.6875,2022-11-05 23:27:46.271160,2022-11-05 23:35:10.776823,0 days 00:07:24.505663,210.0,5.0,0.0021673323954803053,2048.0,PRUNED,439494.875,274236.40625,183381.6875,,
44027.0,year,5.0,5.0,171252.9375,2022-11-05 23:35:10.777156,2022-11-05 23:56:00.351692,0 days 00:20:49.574536,337.0,4.0,0.0009506789856184923,4096.0,PRUNED,475096.25,310465.65625,171252.9375,,
44027.0,year,5.0,6.0,3101071.5,2022-11-05 23:56:00.352062,2022-11-05 23:57:01.765932,0 days 00:01:01.413870,719.0,3.0,0.0006995644159778958,4096.0,PRUNED,3101071.5,,,,
44027.0,year,5.0,7.0,3930054.0,2022-11-05 23:57:01.766296,2022-11-05 23:58:01.397473,0 days 00:00:59.631177,97.0,2.0,0.0017775532862557397,8124.0,PRUNED,3930054.0,,,,
44027.0,year,5.0,8.0,87.82494354248047,2022-11-05 23:58:01.397811,2022-11-06 00:28:15.555676,0 days 00:30:14.157865,443.0,2.0,0.0005116723228885778,512.0,COMPLETE,94.20380401611328,,,,
44027.0,year,5.0,9.0,701422.25,2022-11-06 00:28:15.556331,2022-11-06 00:30:16.941892,0 days 00:02:01.385561,1009.0,6.0,0.010390695706866055,8124.0,COMPLETE,723301.75,,,,
44027.0,year,5.0,10.0,82.89371490478516,2022-11-06 00:30:16.942638,2022-11-06 00:49:03.209081,0 days 00:18:46.266443,283.0,4.0,0.001985023224212664,512.0,COMPLETE,219696.9375,130718.84375,131.1318817138672,,
44027.0,year,5.0,11.0,893.6951904296875,2022-11-06 00:49:03.209768,2022-11-06 00:56:53.293044,0 days 00:07:50.083276,475.0,6.0,0.09929963108956757,1024.0,COMPLETE,246265.078125,84534.234375,,,
44027.0,year,5.0,12.0,699292.5625,2022-11-06 00:56:53.293661,2022-11-06 00:57:57.437012,0 days 00:01:04.143351,20.0,6.0,0.06206431014907048,2048.0,PRUNED,699292.5625,,,,
44027.0,year,5.0,13.0,3928726.5,2022-11-06 00:57:57.437348,2022-11-06 00:59:15.976334,0 days 00:01:18.538986,323.0,4.0,1.711237544660502e-05,512.0,PRUNED,3928726.5,,,,
44027.0,year,5.0,14.0,145070.3125,2022-11-06 00:59:15.976694,2022-11-06 01:29:25.112658,0 days 00:30:09.135964,253.0,2.0,0.0038418720206511558,4096.0,COMPLETE,515709.5625,228014.21875,,,
44027.0,year,5.0,15.0,3437097.5,2022-11-06 01:29:25.113252,2022-11-06 01:36:16.049857,0 days 00:06:50.936605,232.0,2.0,0.0003852935163582162,4096.0,PRUNED,3437097.5,,,,
44027.0,year,5.0,16.0,3832088.0,2022-11-06 01:36:16.050266,2022-11-06 01:37:30.103147,0 days 00:01:14.052881,767.0,3.0,2.637198647447963e-05,512.0,PRUNED,3832088.0,,,,
44027.0,year,5.0,17.0,275848.59375,2022-11-06 01:37:30.103491,2022-11-06 01:40:02.040347,0 days 00:02:31.936856,645.0,3.0,0.012450860999404012,4096.0,PRUNED,455767.46875,275848.59375,,,
44027.0,year,5.0,18.0,2499692.5,2022-11-06 01:40:02.040708,2022-11-06 01:42:32.555187,0 days 00:02:30.514479,79.0,3.0,0.003296378952262448,8124.0,PRUNED,2499692.5,,,,
44027.0,year,5.0,19.0,688191.75,2022-11-06 01:42:32.555575,2022-11-06 01:43:45.229866,0 days 00:01:12.674291,923.0,5.0,0.015186002976959434,1024.0,PRUNED,688191.75,,,,
44027.0,year,5.0,20.0,107427.859375,2022-11-06 01:43:45.230264,2022-11-06 02:05:30.390803,0 days 00:21:45.160539,546.0,4.0,0.0004045328544163496,2048.0,PRUNED,107427.859375,,,,
44027.0,year,5.0,21.0,1454531.125,2022-11-06 02:05:30.391160,2022-11-06 02:06:49.297729,0 days 00:01:18.906569,406.0,4.0,0.00011159237119135551,512.0,PRUNED,1454531.125,,,,
44027.0,year,5.0,22.0,84.2627182006836,2022-11-06 02:06:49.298083,2022-11-06 02:36:58.192358,0 days 00:30:08.894275,118.0,2.0,0.001993484263777142,1024.0,COMPLETE,327007.75,132.72669982910156,,,
44027.0,year,5.0,23.0,3983783.75,2022-11-06 02:36:58.192913,2022-11-06 02:37:58.533268,0 days 00:01:00.340355,300.0,3.0,0.00013711940347219633,8124.0,PRUNED,3983783.75,,,,
44027.0,year,5.0,24.0,96.92945861816406,2022-11-06 02:37:58.533626,2022-11-06 03:03:45.987016,0 days 00:25:47.453390,486.0,3.0,0.00030715949545954437,512.0,COMPLETE,397511.46875,68776.734375,98.28672790527344,,
44027.0,year,5.0,25.0,405980.96875,2022-11-06 03:03:45.987688,2022-11-06 03:10:38.945660,0 days 00:06:52.957972,372.0,2.0,0.005265300849715002,4096.0,PRUNED,405980.96875,,,,
44027.0,year,5.0,26.0,3986428.5,2022-11-06 03:10:38.946017,2022-11-06 03:17:30.295455,0 days 00:06:51.349438,43.0,2.0,4.55431661767932e-05,4096.0,PRUNED,3986428.5,,,,
44027.0,year,5.0,27.0,97.61138916015625,2022-11-06 03:17:30.295818,2022-11-06 03:28:47.593096,0 days 00:11:17.297278,607.0,5.0,0.005088652343043775,512.0,COMPLETE,232090.359375,89861.0,106.45817565917969,,
44027.0,year,5.0,28.0,810709.25,2022-11-06 03:28:47.593754,2022-11-06 03:29:48.155324,0 days 00:01:00.561570,835.0,2.0,0.03230797544829752,8124.0,PRUNED,810709.25,,,,
44027.0,year,5.0,29.0,3191717.5,2022-11-06 03:29:48.155690,2022-11-06 03:32:27.964655,0 days 00:02:39.808965,778.0,4.0,0.0002172737972311806,8124.0,PRUNED,3191717.5,,,,
44027.0,year,5.0,30.0,3956165.75,2022-11-06 03:32:27.965037,2022-11-06 03:33:27.623418,0 days 00:00:59.658381,177.0,3.0,0.00022032621591989957,4096.0,PRUNED,3956165.75,,,,
44027.0,year,5.0,31.0,200397.1875,2022-11-06 03:33:27.623750,2022-11-06 03:36:06.578367,0 days 00:02:38.954617,539.0,4.0,0.003670839108858765,2048.0,PRUNED,287430.78125,200397.1875,,,
44027.0,year,5.0,32.0,938888.5,2022-11-06 03:36:06.578700,2022-11-06 03:38:34.066881,0 days 00:02:27.488181,379.0,2.0,0.0043294035774789795,4096.0,PRUNED,938888.5,,,,
44027.0,year,5.0,33.0,442369.1875,2022-11-06 03:38:34.067265,2022-11-06 03:42:10.776905,0 days 00:03:36.709640,320.0,5.0,0.0005391237463379325,4096.0,COMPLETE,446702.5625,,,,
44027.0,year,5.0,34.0,636.7877807617188,2022-11-06 03:42:10.777537,2022-11-06 04:11:16.729614,0 days 00:29:05.952077,435.0,5.0,1.904917477070409e-05,512.0,PRUNED,636.7877807617188,,,,
44027.0,year,5.0,35.0,120.63249206542969,2022-11-06 04:11:16.729974,2022-11-06 04:19:12.894828,0 days 00:07:56.164854,958.0,4.0,0.011029928512410237,512.0,COMPLETE,391.0395812988281,,,,
44027.0,year,5.0,36.0,119.37491607666016,2022-11-06 04:19:12.895518,2022-11-06 04:26:51.703685,0 days 00:07:38.808167,372.0,5.0,0.03365093640898628,1024.0,COMPLETE,646804.375,122763.71875,,,
44027.0,year,5.0,37.0,149801.515625,2022-11-06 04:26:51.704308,2022-11-06 04:30:30.117378,0 days 00:03:38.413070,632.0,5.0,0.004221042360654655,512.0,PRUNED,259210.28125,149801.515625,,,
44027.0,year,5.0,38.0,163633.515625,2022-11-06 04:30:30.117775,2022-11-06 04:34:07.650976,0 days 00:03:37.533201,628.0,5.0,0.00502937049327432,512.0,PRUNED,233863.8125,163633.515625,,,
44027.0,year,5.0,39.0,11979.70703125,2022-11-06 04:34:07.651370,2022-11-06 04:39:13.061823,0 days 00:05:05.410453,756.0,4.0,0.007647203715079983,512.0,COMPLETE,183274.953125,11979.70703125,,,
44027.0,year,5.0,40.0,2047386.25,2022-11-06 04:39:13.062560,2022-11-06 04:47:30.351652,0 days 00:08:17.289092,830.0,6.0,1.1517253440241423e-05,2048.0,PRUNED,2047386.25,,,,
44027.0,year,5.0,41.0,125.51669311523438,2022-11-06 04:47:30.352004,2022-11-06 05:00:09.333720,0 days 00:12:38.981716,661.0,4.0,0.006643718113585228,1024.0,COMPLETE,4664.21630859375,,,,
44027.0,year,5.0,42.0,179.68190002441406,2022-11-06 05:00:09.334402,2022-11-06 05:05:53.156225,0 days 00:05:43.821823,468.0,5.0,0.026176540280238362,512.0,COMPLETE,258479.65625,771.9426879882812,,,
44027.0,year,5.0,43.0,433046.53125,2022-11-06 05:05:53.156883,2022-11-06 05:06:57.238355,0 days 00:01:04.081472,845.0,4.0,0.001856667400399639,8124.0,PRUNED,433046.53125,,,,
44027.0,year,5.0,44.0,800758.1875,2022-11-06 05:06:57.238727,2022-11-06 05:08:10.397895,0 days 00:01:13.159168,574.0,3.0,0.0003025701859132509,512.0,PRUNED,800758.1875,,,,
44027.0,year,5.0,45.0,119.9840316772461,2022-11-06 05:08:10.398316,2022-11-06 05:14:35.922756,0 days 00:06:25.524440,712.0,4.0,0.01859626874795227,512.0,COMPLETE,83530.859375,250.48680114746094,,,
44027.0,year,5.0,46.0,974424.9375,2022-11-06 05:14:35.923439,2022-11-06 05:15:36.545925,0 days 00:01:00.622486,197.0,3.0,0.05374158942227742,8124.0,PRUNED,974424.9375,,,,
44027.0,year,5.0,47.0,821376.3125,2022-11-06 05:15:36.546280,2022-11-06 05:16:42.546823,0 days 00:01:06.000543,411.0,2.0,0.001360766346000778,512.0,PRUNED,821376.3125,,,,
44027.0,year,5.0,48.0,199962.328125,2022-11-06 05:16:42.547210,2022-11-06 05:19:31.624658,0 days 00:02:49.077448,276.0,5.0,0.005991843608028687,1024.0,PRUNED,273646.78125,199962.328125,,,
44027.0,year,5.0,49.0,134087.015625,2022-11-06 05:19:31.625036,2022-11-06 05:26:38.283151,0 days 00:07:06.658115,421.0,3.0,0.006494593951206065,2048.0,PRUNED,217182.5,134087.015625,,,
44027.0,year,5.0,50.0,141187.140625,2022-11-06 05:26:38.283554,2022-11-06 05:33:42.359627,0 days 00:07:04.076073,262.0,3.0,0.0069586153738547245,2048.0,PRUNED,246363.140625,141187.140625,,,
44027.0,year,5.0,51.0,798637.5625,2022-11-06 05:33:42.359961,2022-11-06 05:34:50.626858,0 days 00:01:08.266897,414.0,5.0,0.04003342139717681,1024.0,PRUNED,798637.5625,,,,
44027.0,year,5.0,52.0,259.3258361816406,2022-11-06 05:34:50.627222,2022-11-06 05:41:57.629475,0 days 00:07:07.002253,363.0,6.0,0.0857738573527579,1024.0,COMPLETE,352444.15625,13282.3486328125,,,
44027.0,year,5.0,53.0,3113518.25,2022-11-06 05:41:57.630117,2022-11-06 05:45:02.138711,0 days 00:03:04.508594,643.0,6.0,1.4479336916682692e-05,1024.0,PRUNED,3113518.25,,,,
44027.0,year,5.0,54.0,189998.78125,2022-11-06 05:45:02.139085,2022-11-06 05:47:41.589929,0 days 00:02:39.450844,245.0,4.0,0.0029988367111720483,1024.0,PRUNED,292531.875,189998.78125,,,
44027.0,year,5.0,55.0,217.9061737060547,2022-11-06 05:47:41.590327,2022-11-06 05:53:49.047524,0 days 00:06:07.457197,932.0,5.0,0.04171045709607235,512.0,COMPLETE,8474.5849609375,,,,
44027.0,year,5.0,56.0,413430.53125,2022-11-06 05:53:49.048157,2022-11-06 05:54:54.359265,0 days 00:01:05.311108,500.0,5.0,0.0008378811418478985,2048.0,PRUNED,413430.53125,,,,
44027.0,year,5.0,57.0,1233508.625,2022-11-06 05:54:54.359605,2022-11-06 05:55:58.165844,0 days 00:01:03.806239,579.0,5.0,0.00048308696718444574,4096.0,PRUNED,1233508.625,,,,
44027.0,year,5.0,58.0,89.94894409179688,2022-11-06 05:55:58.166231,2022-11-06 06:08:54.970134,0 days 00:12:56.803903,226.0,2.0,0.078581919528207,2048.0,COMPLETE,145.92367553710938,,,,
44027.0,year,5.0,59.0,108.81141662597656,2022-11-06 06:08:54.970841,2022-11-06 06:12:16.180704,0 days 00:03:21.209863,558.0,3.0,0.03312656783915242,512.0,COMPLETE,,,,,
