dataset_id,dataset_name,outer_cv_split,number,value,datetime_start,datetime_complete,duration,params_n_max,params_n_layers,params_lr,params_batch_size,state,system_attrs_completed_rung_0,system_attrs_completed_rung_1,system_attrs_completed_rung_2,system_attrs_fixed_params
44027.0,r1_08_BPV,1.0,0.0,0.0021525586489588,2022-11-08 14:29:08.945085,2022-11-08 14:34:34.863081,0 days 00:05:25.917996,200.0,4.0,0.001,512.0,COMPLETE,0.0027044026646763,,,"{'n_max': 200, 'n_layers': 4, 'lr': 0.001, 'batch_size': 512}"
44027.0,r1_08_BPV,1.0,1.0,0.2671335935592651,2022-11-08 14:34:34.863692,2022-11-08 14:36:05.952103,0 days 00:01:31.088411,502.0,2.0,0.0697825764433741,512.0,COMPLETE,0.4820458590984344,,,
44027.0,r1_08_BPV,1.0,2.0,153.9215545654297,2022-11-08 14:36:05.952668,2022-11-08 14:38:37.032769,0 days 00:02:31.080101,71.0,4.0,0.0002220223797346,8124.0,PRUNED,153.9215545654297,,,
44027.0,r1_08_BPV,1.0,3.0,1.0996222496032717,2022-11-08 14:38:37.033096,2022-11-08 14:40:54.230402,0 days 00:02:17.197306,209.0,6.0,0.0370248187611911,8124.0,COMPLETE,,,,
44027.0,r1_08_BPV,1.0,4.0,0.0014670817181468,2022-11-08 14:40:54.230970,2022-11-08 15:11:04.846142,0 days 00:30:10.615172,661.0,4.0,4.376791115245151e-05,2048.0,COMPLETE,0.0364069864153862,0.003096712520346,,
44027.0,r1_08_BPV,1.0,5.0,30.95035552978516,2022-11-08 15:11:04.846789,2022-11-08 15:12:11.242272,0 days 00:01:06.395483,911.0,6.0,0.0820848828866795,4096.0,PRUNED,30.95035552978516,,,
44027.0,r1_08_BPV,1.0,6.0,0.1439752876758575,2022-11-08 15:12:11.242592,2022-11-08 15:14:37.196330,0 days 00:02:25.953738,299.0,2.0,0.012179135168593,4096.0,PRUNED,0.1439752876758575,,,
44027.0,r1_08_BPV,1.0,7.0,0.0787612944841384,2022-11-08 15:14:37.196704,2022-11-08 15:17:17.987546,0 days 00:02:40.790842,1012.0,6.0,0.0001366473201086,1024.0,PRUNED,0.0787612944841384,,,
44027.0,r1_08_BPV,1.0,8.0,0.0008930885232985,2022-11-08 15:17:17.987898,2022-11-08 15:47:27.871361,0 days 00:30:09.883463,313.0,5.0,8.135889442743982e-05,2048.0,COMPLETE,0.0223832074552774,0.0022585727274417,,
44027.0,r1_08_BPV,1.0,9.0,0.3437375724315643,2022-11-08 15:47:27.871996,2022-11-08 15:49:44.811978,0 days 00:02:16.939982,775.0,2.0,0.0801922279177613,512.0,COMPLETE,,,,
44027.0,r1_08_BPV,1.0,10.0,0.7201740145683289,2022-11-08 15:49:44.812670,2022-11-08 15:52:35.750752,0 days 00:02:50.938082,344.0,3.0,0.0581256548594535,1024.0,COMPLETE,,,,
44027.0,r1_08_BPV,1.0,11.0,27.671260833740234,2022-11-08 15:52:35.751435,2022-11-08 15:53:38.335350,0 days 00:01:02.583915,585.0,6.0,0.0055875225392242,4096.0,PRUNED,27.671260833740234,,,
44027.0,r1_08_BPV,1.0,12.0,20.804962158203125,2022-11-08 15:53:38.335683,2022-11-08 15:56:11.503326,0 days 00:02:33.167643,538.0,5.0,0.0008603584375266,4096.0,PRUNED,20.804962158203125,,,
44027.0,r1_08_BPV,1.0,13.0,26.640825271606445,2022-11-08 15:56:11.503666,2022-11-08 15:57:13.906683,0 days 00:01:02.403017,392.0,6.0,2.720556428083285e-05,1024.0,PRUNED,26.640825271606445,,,
44027.0,r1_08_BPV,1.0,14.0,11.335204124450684,2022-11-08 15:57:13.906987,2022-11-08 15:58:13.693044,0 days 00:00:59.786057,513.0,3.0,0.0004581117541891,4096.0,PRUNED,11.335204124450684,,,
44027.0,r1_08_BPV,1.0,15.0,197.75631713867188,2022-11-08 15:58:13.693344,2022-11-08 16:05:16.914591,0 days 00:07:03.221247,526.0,2.0,5.45292123857054e-05,8124.0,PRUNED,197.75631713867188,,,
44027.0,r1_08_BPV,1.0,16.0,0.2371282279491424,2022-11-08 16:05:16.914950,2022-11-08 16:08:08.342132,0 days 00:02:51.427182,582.0,3.0,0.0163388580014962,1024.0,COMPLETE,0.5734191536903381,0.26292285323143,,
44027.0,r1_08_BPV,1.0,17.0,0.6287306547164917,2022-11-08 16:08:08.342836,2022-11-08 16:09:03.300737,0 days 00:00:54.957901,619.0,2.0,0.0916086392127395,1024.0,PRUNED,0.6287306547164917,,,
44027.0,r1_08_BPV,1.0,18.0,19.40089225769043,2022-11-08 16:09:03.301038,2022-11-08 16:11:34.823269,0 days 00:02:31.522231,835.0,2.0,0.0004947389120519,8124.0,PRUNED,19.40089225769043,,,
44027.0,r1_08_BPV,1.0,19.0,4.689903259277344,2022-11-08 16:11:34.823631,2022-11-08 16:12:34.246790,0 days 00:00:59.423159,219.0,3.0,0.0129786169274762,4096.0,PRUNED,4.689903259277344,,,
44027.0,r1_08_BPV,1.0,20.0,0.3992867767810821,2022-11-08 16:12:34.247108,2022-11-08 16:14:59.814417,0 days 00:02:25.567309,360.0,3.0,0.0681544460963081,512.0,COMPLETE,0.3992867767810821,,,
44027.0,r1_08_BPV,1.0,21.0,0.0028895696159452,2022-11-08 16:14:59.815195,2022-11-08 16:33:28.062819,0 days 00:18:28.247624,490.0,3.0,0.0002003249922952,2048.0,COMPLETE,,,,
44027.0,r1_08_BPV,1.0,22.0,2.9849321842193604,2022-11-08 16:33:28.063528,2022-11-08 16:34:27.006794,0 days 00:00:58.943266,869.0,2.0,0.004034460294893,4096.0,PRUNED,2.9849321842193604,,,
44027.0,r1_08_BPV,1.0,23.0,3.572650671005249,2022-11-08 16:34:27.007149,2022-11-08 16:36:29.344726,0 days 00:02:02.337577,544.0,5.0,0.0101360269756321,1024.0,COMPLETE,,,,
44027.0,r1_08_BPV,1.0,24.0,0.0005308898398652,2022-11-08 16:36:29.345444,2022-11-08 16:52:35.408321,0 days 00:16:06.062877,745.0,6.0,3.786409466677896e-05,512.0,COMPLETE,0.0073189628310501,0.0013021187623962,,
44027.0,r1_08_BPV,1.0,25.0,303.2811279296875,2022-11-08 16:52:35.408939,2022-11-08 16:53:36.818915,0 days 00:01:01.409976,37.0,4.0,0.0003923781571086,8124.0,PRUNED,303.2811279296875,,,
44027.0,r1_08_BPV,1.0,26.0,76.95594787597656,2022-11-08 16:53:36.819260,2022-11-08 16:55:53.478815,0 days 00:02:16.659555,456.0,2.0,4.314744599184872e-05,1024.0,PRUNED,76.95594787597656,,,
44027.0,r1_08_BPV,1.0,27.0,5.628557205200195,2022-11-08 16:55:53.479166,2022-11-08 16:56:53.908960,0 days 00:01:00.429794,744.0,4.0,0.0150587316684423,2048.0,PRUNED,5.628557205200195,,,
44027.0,r1_08_BPV,1.0,28.0,0.2555782198905945,2022-11-08 16:56:53.909288,2022-11-08 17:02:18.547655,0 days 00:05:24.638367,324.0,5.0,0.0174705270261264,8124.0,COMPLETE,,,,
44027.0,r1_08_BPV,1.0,29.0,0.0006459311698563,2022-11-08 17:02:18.548260,2022-11-08 17:14:09.393803,0 days 00:11:50.845543,966.0,3.0,0.0002965012598028,512.0,COMPLETE,0.001509222202003,,,
44027.0,r1_08_BPV,1.0,30.0,0.0030842800624668,2022-11-08 17:14:09.394435,2022-11-08 17:17:26.567671,0 days 00:03:17.173236,722.0,2.0,0.0018929600990182,512.0,COMPLETE,0.0110065061599016,0.0039652381092309,,
44027.0,r1_08_BPV,1.0,31.0,0.0117433983832597,2022-11-08 17:17:26.568346,2022-11-08 17:20:08.528754,0 days 00:02:41.960408,765.0,3.0,0.0011239667193377,512.0,PRUNED,0.0160494707524776,0.0117433983832597,,
44027.0,r1_08_BPV,1.0,32.0,3.203001976013184,2022-11-08 17:20:08.529094,2022-11-08 17:24:17.787547,0 days 00:04:09.258453,665.0,5.0,0.0163129937216295,4096.0,COMPLETE,,,,
44027.0,r1_08_BPV,1.0,33.0,48.763790130615234,2022-11-08 17:24:17.788155,2022-11-08 17:27:21.450327,0 days 00:03:03.662172,970.0,5.0,0.0922602537762544,8124.0,COMPLETE,,,,
44027.0,r1_08_BPV,1.0,34.0,0.0088198306038975,2022-11-08 17:27:21.450914,2022-11-08 17:29:56.345541,0 days 00:02:34.894627,1016.0,5.0,7.055031631729794e-05,1024.0,PRUNED,0.0562802962958812,0.0088198306038975,,
44027.0,r1_08_BPV,1.0,35.0,26.94510841369629,2022-11-08 17:29:56.345899,2022-11-08 17:32:34.486311,0 days 00:02:38.140412,734.0,6.0,1.1622488902081596e-05,2048.0,PRUNED,26.94510841369629,,,
44027.0,r1_08_BPV,1.0,36.0,10.35207176208496,2022-11-08 17:32:34.486656,2022-11-08 17:33:35.064150,0 days 00:01:00.577494,684.0,2.0,0.0020414609166172,8124.0,PRUNED,10.35207176208496,,,
44027.0,r1_08_BPV,1.0,37.0,0.0413962453603744,2022-11-08 17:33:35.064500,2022-11-08 17:37:15.649957,0 days 00:03:40.585457,21.0,4.0,0.0024274219557458,512.0,COMPLETE,0.0450300239026546,,,
44027.0,r1_08_BPV,1.0,38.0,50.48115539550781,2022-11-08 17:37:15.650593,2022-11-08 17:39:56.443845,0 days 00:02:40.793252,212.0,3.0,1.1701273974632898e-05,512.0,PRUNED,50.48115539550781,,,
44027.0,r1_08_BPV,1.0,39.0,5.25006914138794,2022-11-08 17:39:56.444180,2022-11-08 17:40:55.025758,0 days 00:00:58.581578,404.0,3.0,0.0127970148894525,2048.0,PRUNED,5.25006914138794,,,
44027.0,r1_08_BPV,1.0,40.0,0.6202970743179321,2022-11-08 17:40:55.026056,2022-11-08 17:45:22.184020,0 days 00:04:27.157964,495.0,6.0,0.0098892023247673,8124.0,COMPLETE,,,,
44027.0,r1_08_BPV,1.0,41.0,0.003371407976374,2022-11-08 17:45:22.184694,2022-11-08 17:53:50.618247,0 days 00:08:28.433553,367.0,5.0,6.082046463582664e-05,512.0,PRUNED,0.018591932952404,0.003371407976374,,
44027.0,r1_08_BPV,1.0,42.0,0.008706459775567,2022-11-08 17:53:50.618629,2022-11-08 17:56:19.765427,0 days 00:02:29.146798,831.0,4.0,0.0001668376937703,1024.0,PRUNED,0.0688656121492385,0.008706459775567,,
44027.0,r1_08_BPV,1.0,43.0,6.456973075866699,2022-11-08 17:56:19.765762,2022-11-08 17:59:01.848546,0 days 00:02:42.082784,653.0,3.0,0.0028614578517285,512.0,PRUNED,6.456973075866699,,,
44027.0,r1_08_BPV,1.0,44.0,0.1424646228551864,2022-11-08 17:59:01.848874,2022-11-08 18:00:32.786631,0 days 00:01:30.937757,704.0,2.0,0.0214125539111608,512.0,COMPLETE,,,,
44027.0,r1_08_BPV,1.0,45.0,0.6275931000709534,2022-11-08 18:00:32.787250,2022-11-08 18:01:45.265961,0 days 00:01:12.478711,671.0,5.0,0.0035366534814912,512.0,PRUNED,0.6275931000709534,,,
44027.0,r1_08_BPV,1.0,46.0,5.553875923156738,2022-11-08 18:01:45.266314,2022-11-08 18:04:15.081339,0 days 00:02:29.815025,961.0,3.0,6.694617912440742e-05,2048.0,PRUNED,5.553875923156738,,,
44027.0,r1_08_BPV,1.0,47.0,0.085255317389965,2022-11-08 18:04:15.081705,2022-11-08 18:06:32.034593,0 days 00:02:16.952888,192.0,2.0,0.024125744326738,512.0,COMPLETE,0.085255317389965,,,
44027.0,r1_08_BPV,1.0,48.0,0.2027901262044906,2022-11-08 18:06:32.035221,2022-11-08 18:08:55.574734,0 days 00:02:23.539513,189.0,5.0,0.0432265666721335,512.0,COMPLETE,,,,
44027.0,r1_08_BPV,1.0,49.0,363.6325378417969,2022-11-08 18:08:55.575383,2022-11-08 18:09:55.712854,0 days 00:01:00.137471,23.0,2.0,1.202048492416118e-05,512.0,PRUNED,363.6325378417969,,,
44027.0,r1_08_BPV,1.0,50.0,2.047987937927246,2022-11-08 18:09:55.713255,2022-11-08 18:10:56.249649,0 days 00:01:00.536394,185.0,2.0,0.0272518436909839,512.0,PRUNED,2.047987937927246,,,
44027.0,r1_08_BPV,1.0,51.0,0.2037341743707656,2022-11-08 18:10:56.249995,2022-11-08 18:13:37.256891,0 days 00:02:41.006896,277.0,3.0,0.0272405827788986,512.0,COMPLETE,0.3355572819709778,,,
44027.0,r1_08_BPV,1.0,52.0,0.1036224365234375,2022-11-08 18:13:37.257534,2022-11-08 18:15:54.984912,0 days 00:02:17.727378,217.0,2.0,0.0254951582168626,512.0,COMPLETE,0.1036224365234375,,,
44027.0,r1_08_BPV,1.0,53.0,0.0036682363133877,2022-11-08 18:15:54.985530,2022-11-08 18:33:18.340600,0 days 00:17:23.355070,284.0,4.0,0.0003370374410751,4096.0,COMPLETE,,,,
44027.0,r1_08_BPV,1.0,54.0,0.6933666467666626,2022-11-08 18:33:18.341223,2022-11-08 18:35:36.359523,0 days 00:02:18.018300,323.0,6.0,0.0044654013391201,4096.0,COMPLETE,,,,
44027.0,r1_08_BPV,1.0,55.0,2.051874876022339,2022-11-08 18:35:36.360191,2022-11-08 18:37:49.250505,0 days 00:02:12.890314,609.0,6.0,0.0025516247649105,512.0,COMPLETE,,,,
44027.0,r1_08_BPV,1.0,56.0,0.0091678155586123,2022-11-08 18:37:49.251114,2022-11-08 18:40:21.206244,0 days 00:02:31.955130,127.0,2.0,0.0064976710890158,512.0,PRUNED,0.0105416951701045,0.0091678155586123,,
44027.0,r1_08_BPV,1.0,57.0,0.0155609417706727,2022-11-08 18:40:21.206551,2022-11-08 18:48:25.299360,0 days 00:08:04.092809,882.0,4.0,0.0002320116140345,512.0,PRUNED,0.0027665607631206,0.0155609417706727,,
44027.0,r1_08_BPV,1.0,58.0,0.891767144203186,2022-11-08 18:48:25.299713,2022-11-08 18:50:56.832998,0 days 00:02:31.533285,419.0,4.0,0.0113535310464356,4096.0,PRUNED,0.891767144203186,,,
44027.0,r1_08_BPV,1.0,59.0,0.3664864003658294,2022-11-08 18:50:56.833359,2022-11-08 18:58:29.381373,0 days 00:07:32.548014,146.0,3.0,1.776012027270377e-05,512.0,PRUNED,0.3664864003658294,,,
44027.0,r1_08_BPV,2.0,0.0,0.0022532362490892,2022-11-08 19:56:35.056612,2022-11-08 20:02:34.998982,0 days 00:05:59.942370,200.0,4.0,0.001,512.0,COMPLETE,0.0044324020855128,,,"{'n_max': 200, 'n_layers': 4, 'lr': 0.001, 'batch_size': 512}"
44027.0,r1_08_BPV,2.0,1.0,0.0029062959365546,2022-11-08 20:02:34.999508,2022-11-08 20:07:57.195304,0 days 00:05:22.195796,584.0,6.0,0.0002470184165162,512.0,COMPLETE,0.0234156772494316,0.0030347015708684,,
44027.0,r1_08_BPV,2.0,2.0,2.625201940536499,2022-11-08 20:07:57.195861,2022-11-08 20:08:57.431443,0 days 00:01:00.235582,722.0,2.0,0.0262879268489222,8124.0,PRUNED,2.625201940536499,,,
44027.0,r1_08_BPV,2.0,3.0,9.314512252807615,2022-11-08 20:08:57.431785,2022-11-08 20:09:57.647328,0 days 00:01:00.215543,71.0,5.0,0.0007486581328536,4096.0,PRUNED,9.314512252807615,,,
44027.0,r1_08_BPV,2.0,4.0,5.773802757263184,2022-11-08 20:09:57.647645,2022-11-08 20:10:58.574405,0 days 00:01:00.926760,594.0,3.0,0.0019830242487466,8124.0,PRUNED,5.773802757263184,,,
44027.0,r1_08_BPV,2.0,5.0,0.0547930002212524,2022-11-08 20:10:58.574744,2022-11-08 20:37:43.091126,0 days 00:26:44.516382,83.0,3.0,0.0010740567200678,8124.0,COMPLETE,2.6044585704803467,0.0589592568576335,,
44027.0,r1_08_BPV,2.0,6.0,5.835731029510498,2022-11-08 20:37:43.091763,2022-11-08 20:38:41.946162,0 days 00:00:58.854399,161.0,3.0,0.0006579522177215,2048.0,PRUNED,5.835731029510498,,,
44027.0,r1_08_BPV,2.0,7.0,0.0050792512483894,2022-11-08 20:38:41.946491,2022-11-08 20:41:51.508370,0 days 00:03:09.561879,266.0,6.0,0.0001520538311601,512.0,PRUNED,0.0311737544834613,0.0050792512483894,,
44027.0,r1_08_BPV,2.0,8.0,0.62375408411026,2022-11-08 20:41:51.508703,2022-11-08 20:44:22.080273,0 days 00:02:30.571570,238.0,2.0,0.0579431143463735,8124.0,PRUNED,0.62375408411026,,,
44027.0,r1_08_BPV,2.0,9.0,0.0084411352872848,2022-11-08 20:44:22.080586,2022-11-08 20:46:44.427381,0 days 00:02:22.346795,649.0,3.0,0.0011404186860299,1024.0,PRUNED,0.0084411352872848,,,
44027.0,r1_08_BPV,2.0,10.0,6.250406742095947,2022-11-08 20:46:44.427715,2022-11-08 20:47:45.554224,0 days 00:01:01.126509,522.0,5.0,9.750268539712862e-05,2048.0,PRUNED,6.250406742095947,,,
44027.0,r1_08_BPV,2.0,11.0,259.146728515625,2022-11-08 20:47:45.554514,2022-11-08 20:48:44.348108,0 days 00:00:58.793594,378.0,3.0,2.815552163495995e-05,2048.0,PRUNED,259.146728515625,,,
44027.0,r1_08_BPV,2.0,12.0,364.1888732910156,2022-11-08 20:48:44.348397,2022-11-08 20:51:16.416236,0 days 00:02:32.067839,62.0,4.0,4.396298264955162e-05,8124.0,PRUNED,364.1888732910156,,,
44027.0,r1_08_BPV,2.0,13.0,325.6622009277344,2022-11-08 20:51:16.416550,2022-11-08 20:52:14.010270,0 days 00:00:57.593720,710.0,2.0,1.5705073878234144e-05,2048.0,PRUNED,325.6622009277344,,,
44027.0,r1_08_BPV,2.0,14.0,14.69369411468506,2022-11-08 20:52:14.010645,2022-11-08 20:53:48.327800,0 days 00:01:34.317155,581.0,4.0,0.0203829641731374,8124.0,COMPLETE,,,,
44027.0,r1_08_BPV,2.0,15.0,26.3799991607666,2022-11-08 20:53:48.328421,2022-11-08 20:56:21.292216,0 days 00:02:32.963795,229.0,3.0,0.0002971715294447,8124.0,PRUNED,26.3799991607666,,,
44027.0,r1_08_BPV,2.0,16.0,2.095496416091919,2022-11-08 20:56:21.292559,2022-11-08 20:58:39.904708,0 days 00:02:18.612149,516.0,5.0,0.0014481546483236,2048.0,COMPLETE,2.095496416091919,,,
44027.0,r1_08_BPV,2.0,17.0,2.371378898620605,2022-11-08 20:58:39.905351,2022-11-08 20:59:56.906150,0 days 00:01:17.000799,999.0,6.0,0.0186896775553532,512.0,PRUNED,2.371378898620605,,,
44027.0,r1_08_BPV,2.0,18.0,8.976607322692871,2022-11-08 20:59:56.906534,2022-11-08 21:00:58.663669,0 days 00:01:01.757135,421.0,5.0,0.0055598335851856,1024.0,PRUNED,8.976607322692871,,,
44027.0,r1_08_BPV,2.0,19.0,48.84013366699219,2022-11-08 21:00:58.664007,2022-11-08 21:03:09.830026,0 days 00:02:11.166019,797.0,6.0,0.0636102403263455,4096.0,COMPLETE,,,,
44027.0,r1_08_BPV,2.0,20.0,0.0121228145435452,2022-11-08 21:03:09.830622,2022-11-08 21:06:23.001983,0 days 00:03:13.171361,858.0,6.0,0.0002255831055361,512.0,PRUNED,0.0178423020988702,0.0121228145435452,,
44027.0,r1_08_BPV,2.0,21.0,323.4162902832031,2022-11-08 21:06:23.002308,2022-11-08 21:07:23.801906,0 days 00:01:00.799598,596.0,4.0,0.0034818651084854,4096.0,PRUNED,323.4162902832031,,,
44027.0,r1_08_BPV,2.0,22.0,19.488733291625977,2022-11-08 21:07:23.802235,2022-11-08 21:08:25.450313,0 days 00:01:01.648078,423.0,5.0,0.0962109901716465,1024.0,PRUNED,19.488733291625977,,,
44027.0,r1_08_BPV,2.0,23.0,0.076210081577301,2022-11-08 21:08:25.450624,2022-11-08 21:10:58.691046,0 days 00:02:33.240422,1022.0,2.0,0.0001968162631021,512.0,PRUNED,0.076210081577301,,,
44027.0,r1_08_BPV,2.0,24.0,0.0116924047470092,2022-11-08 21:10:58.691398,2022-11-08 21:13:51.405203,0 days 00:02:52.713805,768.0,4.0,0.0004338557531644,512.0,PRUNED,0.0160543695092201,0.0116924047470092,,
44027.0,r1_08_BPV,2.0,25.0,21.647083282470703,2022-11-08 21:13:51.405538,2022-11-08 21:14:54.003236,0 days 00:01:02.597698,270.0,6.0,8.938717312332918e-05,2048.0,PRUNED,21.647083282470703,,,
44027.0,r1_08_BPV,2.0,26.0,0.0178911965340375,2022-11-08 21:14:54.003577,2022-11-08 21:17:56.588884,0 days 00:03:02.585307,523.0,5.0,4.553305700649412e-05,512.0,PRUNED,0.1169559508562088,0.0178911965340375,,
44027.0,r1_08_BPV,2.0,27.0,0.0484169796109199,2022-11-08 21:17:56.589224,2022-11-08 21:20:39.997094,0 days 00:02:43.407870,520.0,3.0,8.947155739060631e-05,512.0,PRUNED,0.0484169796109199,,,
44027.0,r1_08_BPV,2.0,28.0,28.18132781982422,2022-11-08 21:20:39.997426,2022-11-08 21:21:44.896245,0 days 00:01:04.898819,915.0,6.0,0.0012074939733304,1024.0,PRUNED,28.18132781982422,,,
44027.0,r1_08_BPV,2.0,29.0,257.0192565917969,2022-11-08 21:21:44.896542,2022-11-08 21:22:46.608320,0 days 00:01:01.711778,662.0,4.0,0.0075897884200961,4096.0,PRUNED,257.0192565917969,,,
44027.0,r1_08_BPV,2.0,30.0,29.842458724975582,2022-11-08 21:22:46.608650,2022-11-08 21:23:48.928914,0 days 00:01:02.320264,290.0,5.0,0.0003129221650123,8124.0,PRUNED,29.842458724975582,,,
44027.0,r1_08_BPV,2.0,31.0,0.0069977850653231,2022-11-08 21:23:48.929260,2022-11-08 21:26:59.300954,0 days 00:03:10.371694,238.0,6.0,0.000169250023128,512.0,PRUNED,0.0285373944789171,0.0069977850653231,,
44027.0,r1_08_BPV,2.0,32.0,1.3243919610977173,2022-11-08 21:26:59.301350,2022-11-08 21:28:46.787196,0 days 00:01:47.485846,579.0,4.0,0.0161616525118663,4096.0,COMPLETE,,,,
44027.0,r1_08_BPV,2.0,33.0,0.0082104718312621,2022-11-08 21:28:46.787787,2022-11-08 21:31:56.373233,0 days 00:03:09.585446,54.0,6.0,0.0016459747143733,512.0,PRUNED,0.0088081769645214,0.0082104718312621,,
44027.0,r1_08_BPV,2.0,34.0,6.1906938552856445,2022-11-08 21:31:56.373569,2022-11-08 21:33:32.202311,0 days 00:01:35.828742,755.0,6.0,0.0247657446797091,2048.0,COMPLETE,,,,
44027.0,r1_08_BPV,2.0,35.0,0.0112217478454113,2022-11-08 21:33:32.202870,2022-11-08 21:36:43.973383,0 days 00:03:11.770513,340.0,6.0,7.128341736633355e-05,512.0,PRUNED,0.0589642636477947,0.0112217478454113,,
44027.0,r1_08_BPV,2.0,36.0,0.0006186494720168,2022-11-08 21:36:43.973730,2022-11-08 21:52:21.746050,0 days 00:15:37.772320,460.0,5.0,0.0001775312751844,512.0,COMPLETE,0.0236178208142519,0.0059659336693584,0.0027686185203492,
44027.0,r1_08_BPV,2.0,37.0,0.1722976714372635,2022-11-08 21:52:21.746676,2022-11-08 21:53:23.232010,0 days 00:01:01.485334,593.0,5.0,0.0006031937563793,2048.0,PRUNED,0.1722976714372635,,,
44027.0,r1_08_BPV,2.0,38.0,155.63792419433594,2022-11-08 21:53:23.232323,2022-11-08 21:56:02.471379,0 days 00:02:39.239056,805.0,4.0,2.2334557255960465e-05,8124.0,PRUNED,155.63792419433594,,,
44027.0,r1_08_BPV,2.0,39.0,0.0012441988801583,2022-11-08 21:56:02.471784,2022-11-08 22:01:30.604481,0 days 00:05:28.132697,458.0,4.0,0.0002812012711691,512.0,COMPLETE,0.0188204459846019,0.0035457105841487,,
44027.0,r1_08_BPV,2.0,40.0,49.19357681274414,2022-11-08 22:01:30.605145,2022-11-08 22:02:39.744188,0 days 00:01:09.139043,457.0,4.0,1.0652397665881745e-05,512.0,PRUNED,49.19357681274414,,,
44027.0,r1_08_BPV,2.0,41.0,3.704898357391357,2022-11-08 22:02:39.744507,2022-11-08 22:03:48.878429,0 days 00:01:09.133922,476.0,4.0,4.3883293176841656e-05,512.0,PRUNED,3.704898357391357,,,
44027.0,r1_08_BPV,2.0,42.0,0.3357568085193634,2022-11-08 22:03:48.878814,2022-11-08 22:08:35.902189,0 days 00:04:47.023375,984.0,3.0,0.055908462718148,8124.0,COMPLETE,,,,
44027.0,r1_08_BPV,2.0,43.0,0.0005996407126076,2022-11-08 22:08:35.902888,2022-11-08 22:15:57.893904,0 days 00:07:21.991016,785.0,3.0,0.0003205766954503,512.0,COMPLETE,0.019384553655982,0.0017031668685376,,
44027.0,r1_08_BPV,2.0,44.0,0.1534891426563263,2022-11-08 22:15:57.894549,2022-11-08 22:18:37.417385,0 days 00:02:39.522836,944.0,4.0,0.0007020593218618,4096.0,PRUNED,0.1534891426563263,,,
44027.0,r1_08_BPV,2.0,45.0,5.2223734855651855,2022-11-08 22:18:37.417735,2022-11-08 22:21:13.806667,0 days 00:02:36.388932,360.0,6.0,0.0039242302335288,2048.0,PRUNED,5.2223734855651855,,,
44027.0,r1_08_BPV,2.0,46.0,0.0002915547811426,2022-11-08 22:21:13.807010,2022-11-08 22:34:20.532288,0 days 00:13:06.725278,847.0,5.0,0.0000385020109854,512.0,COMPLETE,0.0182131454348564,0.0026497899089008,0.0011617320124059,
44027.0,r1_08_BPV,2.0,47.0,0.0023565189912915,2022-11-08 22:34:20.532897,2022-11-08 22:39:32.077021,0 days 00:05:11.544124,252.0,3.0,0.0004738119090675,512.0,COMPLETE,,,,
44027.0,r1_08_BPV,2.0,48.0,0.3824940621852875,2022-11-08 22:39:32.077636,2022-11-08 22:42:37.493484,0 days 00:03:05.415848,348.0,3.0,0.0159354630327919,8124.0,COMPLETE,,,,
44027.0,r1_08_BPV,2.0,49.0,0.0008178896387107,2022-11-08 22:42:37.494096,2022-11-08 22:50:17.096705,0 days 00:07:39.602609,839.0,3.0,0.0003299431337807,512.0,COMPLETE,0.0164224356412887,0.0022013348061591,,
44027.0,r1_08_BPV,2.0,50.0,0.0016733552329242,2022-11-08 22:50:17.097299,2022-11-08 22:58:01.128077,0 days 00:07:44.030778,898.0,3.0,0.0004274053033131,512.0,PRUNED,0.012993898242712,0.0015356695512309,0.0016733552329242,
44027.0,r1_08_BPV,2.0,51.0,6.105154991149902,2022-11-08 22:58:01.128444,2022-11-08 22:59:02.467459,0 days 00:01:01.339015,802.0,2.0,0.0001295599811744,512.0,PRUNED,6.105154991149902,,,
44027.0,r1_08_BPV,2.0,52.0,0.5191311240196228,2022-11-08 22:59:02.467836,2022-11-08 23:01:39.113600,0 days 00:02:36.645764,518.0,6.0,0.0124876402780339,4096.0,COMPLETE,,,,
44027.0,r1_08_BPV,2.0,53.0,20.58504104614257,2022-11-08 23:01:39.114245,2022-11-08 23:08:43.088562,0 days 00:07:03.974317,314.0,3.0,4.755217817932668e-05,4096.0,PRUNED,20.58504104614257,,,
44027.0,r1_08_BPV,2.0,54.0,0.0010395133867859,2022-11-08 23:08:43.088913,2022-11-08 23:12:48.119080,0 days 00:04:05.030167,993.0,3.0,0.0008393348340377,512.0,COMPLETE,0.0117058930918574,0.0010395133867859,,
44027.0,r1_08_BPV,2.0,55.0,5.098814487457275,2022-11-08 23:12:48.119777,2022-11-08 23:13:51.488815,0 days 00:01:03.369038,815.0,3.0,0.0027943666832277,8124.0,PRUNED,5.098814487457275,,,
44027.0,r1_08_BPV,2.0,56.0,55.00284957885742,2022-11-08 23:13:51.489163,2022-11-08 23:14:51.570411,0 days 00:01:00.081248,671.0,2.0,0.0004527755462436,4096.0,PRUNED,55.00284957885742,,,
44027.0,r1_08_BPV,2.0,57.0,0.0408691391348838,2022-11-08 23:14:51.570766,2022-11-08 23:15:57.045551,0 days 00:01:05.474785,933.0,3.0,0.000229855293312,512.0,PRUNED,0.0408691391348838,,,
44027.0,r1_08_BPV,2.0,58.0,0.0089502520859241,2022-11-08 23:15:57.045900,2022-11-08 23:20:41.494499,0 days 00:04:44.448599,63.0,6.0,0.0041348094475343,512.0,COMPLETE,0.0089502520859241,,,
44027.0,r1_08_BPV,2.0,59.0,0.003061722498387,2022-11-08 23:20:41.495136,2022-11-08 23:31:00.865240,0 days 00:10:19.370104,962.0,5.0,0.0002613217758338,2048.0,COMPLETE,0.0093732848763465,,,
44027.0,r1_08_BPV,3.0,0.0,0.0014597851550206,2022-11-08 23:49:01.708204,2022-11-08 23:56:14.593984,0 days 00:07:12.885780,200.0,4.0,0.001,512.0,COMPLETE,0.0123093565925955,0.003532282076776,,"{'n_max': 200, 'n_layers': 4, 'lr': 0.001, 'batch_size': 512}"
44027.0,r1_08_BPV,3.0,1.0,0.0333724580705165,2022-11-08 23:56:14.594577,2022-11-09 00:01:26.028940,0 days 00:05:11.434363,366.0,5.0,0.0231425660266806,512.0,COMPLETE,0.5172516703605652,,,
44027.0,r1_08_BPV,3.0,2.0,0.0026110000908374,2022-11-09 00:01:26.029543,2022-11-09 00:07:58.129771,0 days 00:06:32.100228,459.0,3.0,0.0002444505898072,512.0,COMPLETE,,,,
44027.0,r1_08_BPV,3.0,3.0,0.0298694726079702,2022-11-09 00:07:58.130383,2022-11-09 00:38:13.403390,0 days 00:30:15.273007,63.0,4.0,0.0005266555725186,8124.0,COMPLETE,4.526210308074951,0.0629401952028274,,
44027.0,r1_08_BPV,3.0,4.0,0.0097389928996562,2022-11-09 00:38:13.403964,2022-11-09 00:52:08.321808,0 days 00:13:54.917844,205.0,2.0,0.0011677159261568,2048.0,COMPLETE,,,,
44027.0,r1_08_BPV,3.0,5.0,20.25945854187012,2022-11-09 00:52:08.322401,2022-11-09 00:53:11.184067,0 days 00:01:02.861666,866.0,4.0,0.0164989670203515,4096.0,PRUNED,20.25945854187012,,,
44027.0,r1_08_BPV,3.0,6.0,22.36713409423828,2022-11-09 00:53:11.184395,2022-11-09 00:54:24.091489,0 days 00:01:12.907094,867.0,5.0,0.0633845240580283,512.0,PRUNED,22.36713409423828,,,
44027.0,r1_08_BPV,3.0,7.0,6.875079154968262,2022-11-09 00:54:24.091849,2022-11-09 00:55:29.692478,0 days 00:01:05.600629,863.0,6.0,0.0062640402882682,2048.0,PRUNED,6.875079154968262,,,
44027.0,r1_08_BPV,3.0,8.0,0.0385039374232292,2022-11-09 00:55:29.692810,2022-11-09 01:25:33.877459,0 days 00:30:04.184649,53.0,4.0,0.0002191345784541,4096.0,COMPLETE,,,,
44027.0,r1_08_BPV,3.0,9.0,25.535371780395508,2022-11-09 01:25:33.877980,2022-11-09 01:26:34.821725,0 days 00:01:00.943745,180.0,4.0,0.0288133090221691,4096.0,PRUNED,25.535371780395508,,,
44027.0,r1_08_BPV,3.0,10.0,2.2966058254241943,2022-11-09 01:26:34.822030,2022-11-09 01:29:07.117159,0 days 00:02:32.295129,469.0,4.0,0.0060311111318048,2048.0,PRUNED,2.2966058254241943,,,
44027.0,r1_08_BPV,3.0,11.0,0.4246721565723419,2022-11-09 01:29:07.117506,2022-11-09 01:33:30.837121,0 days 00:04:23.719615,448.0,4.0,0.0176359392119618,8124.0,COMPLETE,0.4804528653621673,,,
44027.0,r1_08_BPV,3.0,12.0,25.23665428161621,2022-11-09 01:33:30.837738,2022-11-09 01:34:32.681566,0 days 00:01:01.843828,312.0,5.0,3.645341640714492e-05,1024.0,PRUNED,25.23665428161621,,,
44027.0,r1_08_BPV,3.0,13.0,7.427348136901855,2022-11-09 01:34:32.681911,2022-11-09 01:37:05.741462,0 days 00:02:33.059551,175.0,3.0,0.000825605288471,8124.0,PRUNED,7.427348136901855,,,
44027.0,r1_08_BPV,3.0,14.0,1.6171157360076904,2022-11-09 01:37:05.741813,2022-11-09 01:39:10.952816,0 days 00:02:05.211003,1017.0,4.0,0.0020431151718439,2048.0,COMPLETE,2.981741428375244,,,
44027.0,r1_08_BPV,3.0,15.0,0.0601990669965744,2022-11-09 01:39:10.953402,2022-11-09 01:41:30.135544,0 days 00:02:19.182142,822.0,2.0,0.0053763926194566,1024.0,COMPLETE,,,,
44027.0,r1_08_BPV,3.0,16.0,320.3893737792969,2022-11-09 01:41:30.136145,2022-11-09 01:42:28.767357,0 days 00:00:58.631212,151.0,2.0,5.859685275009192e-05,2048.0,PRUNED,320.3893737792969,,,
44027.0,r1_08_BPV,3.0,17.0,8.948546409606934,2022-11-09 01:42:28.767685,2022-11-09 01:43:42.694813,0 days 00:01:13.927128,834.0,5.0,1.1184739885808318e-05,512.0,PRUNED,8.948546409606934,,,
44027.0,r1_08_BPV,3.0,18.0,0.0885692089796066,2022-11-09 01:43:42.695144,2022-11-09 01:51:17.730052,0 days 00:07:35.034908,573.0,4.0,0.0007202930001248,8124.0,COMPLETE,0.0902817621827125,,,
44027.0,r1_08_BPV,3.0,19.0,0.1650999933481216,2022-11-09 01:51:17.730676,2022-11-09 01:53:47.495940,0 days 00:02:29.765264,826.0,2.0,0.0044263331370813,4096.0,PRUNED,2.847552537918091,0.1650999933481216,,
44027.0,r1_08_BPV,3.0,20.0,81.21900177001953,2022-11-09 01:53:47.496309,2022-11-09 01:56:07.684086,0 days 00:02:20.187777,912.0,2.0,2.478777375451288e-05,1024.0,PRUNED,81.21900177001953,,,
44027.0,r1_08_BPV,3.0,21.0,46.47472381591797,2022-11-09 01:56:07.684393,2022-11-09 01:57:09.567173,0 days 00:01:01.882780,488.0,3.0,0.0003384081076498,8124.0,PRUNED,46.47472381591797,,,
44027.0,r1_08_BPV,3.0,22.0,0.0279809907078742,2022-11-09 01:57:09.567553,2022-11-09 01:59:39.238985,0 days 00:02:29.671432,583.0,3.0,0.0007924615445564,2048.0,PRUNED,1.2042914628982544,0.0279809907078742,,
44027.0,r1_08_BPV,3.0,23.0,4.605637073516846,2022-11-09 01:59:39.239288,2022-11-09 02:02:09.562059,0 days 00:02:30.322771,838.0,3.0,0.0391052038723619,2048.0,PRUNED,4.605637073516846,,,
44027.0,r1_08_BPV,3.0,24.0,22.393449783325195,2022-11-09 02:02:09.562422,2022-11-09 02:03:44.632083,0 days 00:01:35.069661,362.0,6.0,0.0892286118081946,1024.0,COMPLETE,,,,
44027.0,r1_08_BPV,3.0,25.0,0.4870975315570831,2022-11-09 02:03:44.632667,2022-11-09 02:05:36.389700,0 days 00:01:51.757033,517.0,2.0,0.0651225913143623,1024.0,COMPLETE,,,,
44027.0,r1_08_BPV,3.0,26.0,0.1024430990219116,2022-11-09 02:05:36.390290,2022-11-09 02:08:19.556790,0 days 00:02:43.166500,20.0,3.0,0.0016954665946305,512.0,PRUNED,0.4623511731624603,0.1024430990219116,,
44027.0,r1_08_BPV,3.0,27.0,0.0040641706436872,2022-11-09 02:08:19.557150,2022-11-09 02:10:51.326740,0 days 00:02:31.769590,1018.0,4.0,0.0002287501683107,1024.0,PRUNED,0.0256951320916414,0.0040641706436872,,
44027.0,r1_08_BPV,3.0,28.0,0.0013922925572842,2022-11-09 02:10:51.327085,2022-11-09 02:38:52.175153,0 days 00:28:00.848068,688.0,3.0,0.0003744980265335,4096.0,COMPLETE,,,,
44027.0,r1_08_BPV,3.0,29.0,1.0436004400253296,2022-11-09 02:38:52.175893,2022-11-09 02:40:39.209565,0 days 00:01:47.033672,464.0,5.0,0.0020946305575135,2048.0,COMPLETE,,,,
44027.0,r1_08_BPV,3.0,30.0,0.0027569949161261,2022-11-09 02:40:39.210296,2022-11-09 02:56:11.098347,0 days 00:15:31.888051,202.0,5.0,8.026141279003708e-05,512.0,COMPLETE,0.0312596671283245,0.0069859619252383,,
44027.0,r1_08_BPV,3.0,31.0,12.862154006958008,2022-11-09 02:56:11.099069,2022-11-09 02:57:15.059896,0 days 00:01:03.960827,573.0,5.0,0.0018168977847985,8124.0,PRUNED,12.862154006958008,,,
44027.0,r1_08_BPV,3.0,32.0,0.001938497647643,2022-11-09 02:57:15.060237,2022-11-09 03:03:39.793250,0 days 00:06:24.733013,383.0,6.0,0.0003568201502586,512.0,COMPLETE,0.0272070225328207,0.0031995940953493,,
44027.0,r1_08_BPV,3.0,33.0,4.874023914337158,2022-11-09 03:03:39.793953,2022-11-09 03:33:54.725320,0 days 00:30:14.931367,61.0,3.0,9.232840358777388e-05,8124.0,COMPLETE,10.045294761657717,,,
44027.0,r1_08_BPV,3.0,34.0,0.006585304159671,2022-11-09 03:33:54.725943,2022-11-09 03:37:06.687372,0 days 00:03:11.961429,399.0,6.0,0.0002832147215858,512.0,PRUNED,0.0128504140302538,0.006585304159671,,
44027.0,r1_08_BPV,3.0,35.0,0.0209633987396955,2022-11-09 03:37:06.687720,2022-11-09 03:40:18.992653,0 days 00:03:12.304933,277.0,6.0,5.1178951058847816e-05,512.0,PRUNED,0.4299756586551666,0.0209633987396955,,
44027.0,r1_08_BPV,3.0,36.0,2.642575979232788,2022-11-09 03:40:18.993030,2022-11-09 03:41:24.213622,0 days 00:01:05.220592,25.0,3.0,0.0006120477969143,512.0,PRUNED,2.642575979232788,,,
44027.0,r1_08_BPV,3.0,37.0,6.8738226890563965,2022-11-09 03:41:24.213953,2022-11-09 03:44:35.640473,0 days 00:03:11.426520,26.0,6.0,4.619783709977548e-05,512.0,PRUNED,6.8738226890563965,,,
44027.0,r1_08_BPV,3.0,38.0,0.0017885683337226,2022-11-09 03:44:35.640800,2022-11-09 03:54:01.375451,0 days 00:09:25.734651,236.0,5.0,0.0001938302128948,512.0,COMPLETE,0.0125232338905334,0.0023877937346696,,
44027.0,r1_08_BPV,3.0,39.0,0.0044470066204667,2022-11-09 03:54:01.376195,2022-11-09 03:57:04.428062,0 days 00:03:03.051867,672.0,5.0,8.709122767724439e-05,512.0,PRUNED,0.0207048933953046,0.0044470066204667,,
44027.0,r1_08_BPV,3.0,40.0,0.0041206069290637,2022-11-09 03:57:04.428429,2022-11-09 04:00:16.881239,0 days 00:03:12.452810,409.0,6.0,0.000125890454981,512.0,PRUNED,0.0179521478712558,0.0041206069290637,,
44027.0,r1_08_BPV,3.0,41.0,0.9920405745506288,2022-11-09 04:00:16.881618,2022-11-09 04:01:17.884230,0 days 00:01:01.002612,224.0,4.0,0.0034160703003699,2048.0,PRUNED,0.9920405745506288,,,
44027.0,r1_08_BPV,3.0,42.0,0.1237539127469062,2022-11-09 04:01:17.884580,2022-11-09 04:04:52.330353,0 days 00:03:34.445773,1002.0,3.0,0.001711397753539,512.0,COMPLETE,,,,
44027.0,r1_08_BPV,3.0,43.0,0.0496212355792522,2022-11-09 04:04:52.331113,2022-11-09 04:07:24.426802,0 days 00:02:32.095689,378.0,4.0,0.001056780272481,2048.0,PRUNED,0.1216512620449066,0.0496212355792522,,
44027.0,r1_08_BPV,3.0,44.0,0.0143624078482389,2022-11-09 04:07:24.427143,2022-11-09 04:37:37.210148,0 days 00:30:12.783005,251.0,5.0,3.412351358045869e-05,4096.0,COMPLETE,0.040235050022602,,,
44027.0,r1_08_BPV,3.0,45.0,0.0046394825913012,2022-11-09 04:37:37.210800,2022-11-09 04:46:05.856571,0 days 00:08:28.645771,200.0,5.0,0.0001842640187439,512.0,PRUNED,0.0170216504484415,0.0046394825913012,,
44027.0,r1_08_BPV,3.0,46.0,0.1486454755067825,2022-11-09 04:46:05.856879,2022-11-09 04:48:14.742540,0 days 00:02:08.885661,128.0,3.0,0.0148477755747144,1024.0,COMPLETE,0.1486454755067825,,,
44027.0,r1_08_BPV,3.0,47.0,0.2590357959270477,2022-11-09 04:48:14.743244,2022-11-09 04:49:12.208746,0 days 00:00:57.465502,114.0,3.0,0.0139444959459694,1024.0,PRUNED,0.2590357959270477,,,
44027.0,r1_08_BPV,3.0,48.0,0.04435396194458,2022-11-09 04:49:12.209093,2022-11-09 04:51:31.033590,0 days 00:02:18.824497,96.0,2.0,0.0091234305903664,1024.0,PRUNED,0.0463064685463905,0.04435396194458,,
44027.0,r1_08_BPV,3.0,49.0,0.9708860516548156,2022-11-09 04:51:31.033944,2022-11-09 04:52:28.656262,0 days 00:00:57.622318,282.0,3.0,0.062950603530985,1024.0,PRUNED,0.9708860516548156,,,
44027.0,r1_08_BPV,3.0,50.0,0.4318971335887909,2022-11-09 04:52:28.656609,2022-11-09 04:55:06.181871,0 days 00:02:37.525262,694.0,5.0,0.0001247519533482,4096.0,PRUNED,0.4318971335887909,,,
44027.0,r1_08_BPV,3.0,51.0,23.57969284057617,2022-11-09 04:55:06.182202,2022-11-09 04:56:07.986390,0 days 00:01:01.804188,226.0,5.0,0.0004883509471118,8124.0,PRUNED,23.57969284057617,,,
44027.0,r1_08_BPV,3.0,52.0,10.434432983398438,2022-11-09 04:56:07.986752,2022-11-09 04:59:18.347571,0 days 00:03:10.360819,194.0,6.0,1.1157768729342255e-05,512.0,PRUNED,10.434432983398438,,,
44027.0,r1_08_BPV,3.0,53.0,179.26356506347656,2022-11-09 04:59:18.347921,2022-11-09 05:00:16.111310,0 days 00:00:57.763389,340.0,3.0,2.3992682933132195e-05,1024.0,PRUNED,179.26356506347656,,,
44027.0,r1_08_BPV,3.0,54.0,0.5441456437110901,2022-11-09 05:00:16.111704,2022-11-09 05:01:25.551418,0 days 00:01:09.439714,483.0,4.0,0.0303260281197043,512.0,PRUNED,0.5441456437110901,,,
44027.0,r1_08_BPV,3.0,55.0,27.54849624633789,2022-11-09 05:01:25.551745,2022-11-09 05:02:25.656928,0 days 00:01:00.105183,212.0,2.0,0.0011511688018054,4096.0,PRUNED,27.54849624633789,,,
44027.0,r1_08_BPV,3.0,56.0,0.0179436523467302,2022-11-09 05:02:25.657278,2022-11-09 05:10:28.557975,0 days 00:08:02.900697,95.0,4.0,0.0004306663024979,512.0,PRUNED,0.024109948426485,0.0179436523467302,,
44027.0,r1_08_BPV,3.0,57.0,2.548884630203247,2022-11-09 05:10:28.558368,2022-11-09 05:13:06.624925,0 days 00:02:38.066557,660.0,5.0,0.0001101721224607,4096.0,PRUNED,2.548884630203247,,,
44027.0,r1_08_BPV,3.0,58.0,1.1447558403015137,2022-11-09 05:13:06.625253,2022-11-09 05:14:08.266285,0 days 00:01:01.641032,734.0,4.0,0.0029443358658767,2048.0,PRUNED,1.1447558403015137,,,
44027.0,r1_08_BPV,3.0,59.0,0.000352509348886,2022-11-09 05:14:08.266630,2022-11-09 05:24:01.775791,0 days 00:09:53.509161,992.0,5.0,0.0000136724499391,512.0,COMPLETE,0.0142545737326145,0.0028067398816347,0.0005401871749199,
44027.0,r1_08_BPV,4.0,0.0,0.0023984771687537,2022-11-09 05:42:30.123732,2022-11-09 05:48:34.383261,0 days 00:06:04.259529,200.0,4.0,0.001,512.0,COMPLETE,0.022086190059781,0.0056445649825036,,"{'n_max': 200, 'n_layers': 4, 'lr': 0.001, 'batch_size': 512}"
44027.0,r1_08_BPV,4.0,1.0,0.0086927814409136,2022-11-09 05:48:34.383841,2022-11-09 06:18:43.962751,0 days 00:30:09.578910,614.0,2.0,0.0001452750177601,2048.0,COMPLETE,18.709083557128903,3.014143228530884,0.0199481565505266,
44027.0,r1_08_BPV,4.0,2.0,0.0025220368988811,2022-11-09 06:18:43.963229,2022-11-09 06:48:52.295323,0 days 00:30:08.332094,855.0,3.0,3.030762373770288e-05,1024.0,COMPLETE,5.134210586547852,0.0468629896640777,0.0042609800584614,
44027.0,r1_08_BPV,4.0,3.0,0.061296496540308,2022-11-09 06:48:52.295839,2022-11-09 07:19:02.908316,0 days 00:30:10.612477,752.0,3.0,2.159949837725436e-05,4096.0,COMPLETE,24.41706085205078,0.2720368504524231,,
44027.0,r1_08_BPV,4.0,4.0,350.7369384765625,2022-11-09 07:19:02.908850,2022-11-09 07:20:04.672181,0 days 00:01:01.763331,145.0,4.0,7.63815755904753e-05,8124.0,PRUNED,350.7369384765625,,,
44027.0,r1_08_BPV,4.0,5.0,0.0145936422049999,2022-11-09 07:20:04.672492,2022-11-09 07:29:51.977276,0 days 00:09:47.304784,62.0,3.0,0.0047964978774509,4096.0,COMPLETE,0.5502480864524841,0.0185455866158008,,
44027.0,r1_08_BPV,4.0,6.0,0.0003392782818991,2022-11-09 07:29:51.977843,2022-11-09 07:42:19.995538,0 days 00:12:28.017695,714.0,4.0,0.0001945127839575,512.0,COMPLETE,0.0023630445357412,0.0005977340624667,,
44027.0,r1_08_BPV,4.0,7.0,3.144489288330078,2022-11-09 07:42:19.996122,2022-11-09 07:44:54.027635,0 days 00:02:34.031513,519.0,5.0,0.0167329596168425,4096.0,COMPLETE,,,,
44027.0,r1_08_BPV,4.0,8.0,1.7355223894119265,2022-11-09 07:44:54.028214,2022-11-09 07:47:22.976338,0 days 00:02:28.948124,835.0,3.0,0.0038582505554728,2048.0,PRUNED,1.7355223894119265,,,
44027.0,r1_08_BPV,4.0,9.0,0.6202195286750793,2022-11-09 07:47:22.976620,2022-11-09 07:49:53.870566,0 days 00:02:30.893946,321.0,4.0,0.0277185840327199,2048.0,PRUNED,0.6202195286750793,,,
44027.0,r1_08_BPV,4.0,10.0,36571.8203125,2022-11-09 07:49:53.870863,2022-11-09 07:51:02.005117,0 days 00:01:08.134254,897.0,6.0,0.0095239643281558,8124.0,PRUNED,36571.8203125,,,
44027.0,r1_08_BPV,4.0,11.0,0.6448029279708862,2022-11-09 07:51:02.005422,2022-11-09 07:53:32.611910,0 days 00:02:30.606488,254.0,4.0,0.0057666081553445,4096.0,PRUNED,0.6448029279708862,,,
44027.0,r1_08_BPV,4.0,12.0,136.5438995361328,2022-11-09 07:53:32.612229,2022-11-09 07:54:33.871460,0 days 00:01:01.259231,836.0,4.0,1.536750617145844e-05,2048.0,PRUNED,136.5438995361328,,,
44027.0,r1_08_BPV,4.0,13.0,245.5203399658203,2022-11-09 07:54:33.871837,2022-11-09 07:55:35.995228,0 days 00:01:02.123391,666.0,3.0,7.737842624143965e-05,8124.0,PRUNED,245.5203399658203,,,
44027.0,r1_08_BPV,4.0,14.0,0.0041203713044524,2022-11-09 07:55:35.995579,2022-11-09 08:25:44.425295,0 days 00:30:08.429716,910.0,5.0,0.0001029127908823,8124.0,COMPLETE,0.0377299301326274,0.0061955749988555,,
44027.0,r1_08_BPV,4.0,15.0,1.254420280456543,2022-11-09 08:25:44.425832,2022-11-09 08:28:19.416480,0 days 00:02:34.990648,240.0,5.0,0.004331083521527,8124.0,PRUNED,1.254420280456543,,,
44027.0,r1_08_BPV,4.0,16.0,0.0078817028552293,2022-11-09 08:28:19.416810,2022-11-09 08:33:11.811920,0 days 00:04:52.395110,950.0,6.0,0.0002271209974358,1024.0,COMPLETE,0.0268452763557434,,,
44027.0,r1_08_BPV,4.0,17.0,0.2746815383434295,2022-11-09 08:33:11.812510,2022-11-09 09:03:20.667885,0 days 00:30:08.855375,347.0,2.0,1.2449190799022996e-05,1024.0,COMPLETE,,,,
44027.0,r1_08_BPV,4.0,18.0,0.0006384213920682,2022-11-09 09:03:20.668405,2022-11-09 09:33:24.705144,0 days 00:30:04.036739,471.0,6.0,3.247512476681977e-05,1024.0,COMPLETE,,,,
44027.0,r1_08_BPV,4.0,19.0,5.4813551902771,2022-11-09 09:33:24.705704,2022-11-09 09:40:41.536445,0 days 00:07:16.830741,549.0,5.0,1.0591140044277387e-05,2048.0,PRUNED,5.4813551902771,,,
44027.0,r1_08_BPV,4.0,20.0,153.7283935546875,2022-11-09 09:40:41.536833,2022-11-09 09:41:40.580245,0 days 00:00:59.043412,485.0,2.0,0.0001475701178272,2048.0,PRUNED,153.7283935546875,,,
44027.0,r1_08_BPV,4.0,21.0,0.622307538986206,2022-11-09 09:41:40.580560,2022-11-09 09:44:14.710461,0 days 00:02:34.129901,38.0,2.0,0.0489896468258259,8124.0,PRUNED,0.622307538986206,,,
44027.0,r1_08_BPV,4.0,22.0,0.0051639876328408,2022-11-09 09:44:14.710807,2022-11-09 09:53:14.724138,0 days 00:09:00.013331,610.0,6.0,1.697676052856504e-05,512.0,PRUNED,0.038941640406847,0.0051639876328408,,
44027.0,r1_08_BPV,4.0,23.0,30.15746688842773,2022-11-09 09:53:14.724463,2022-11-09 09:55:40.352629,0 days 00:02:25.628166,782.0,3.0,1.1736322379455427e-05,1024.0,PRUNED,30.15746688842773,,,
44027.0,r1_08_BPV,4.0,24.0,0.3358063697814941,2022-11-09 09:55:40.352971,2022-11-09 09:58:18.057370,0 days 00:02:37.704399,515.0,4.0,0.0114465948502493,8124.0,COMPLETE,3.0841801166534424,,,
44027.0,r1_08_BPV,4.0,25.0,0.0347151383757591,2022-11-09 09:58:18.058023,2022-11-09 10:00:45.510677,0 days 00:02:27.452654,983.0,5.0,0.0003420003173308,512.0,COMPLETE,,,,
44027.0,r1_08_BPV,4.0,26.0,5.683346271514893,2022-11-09 10:00:45.511307,2022-11-09 10:01:49.059900,0 days 00:01:03.548593,838.0,3.0,0.0456088023429337,8124.0,PRUNED,5.683346271514893,,,
44027.0,r1_08_BPV,4.0,27.0,0.0004192412598058,2022-11-09 10:01:49.060252,2022-11-09 10:17:30.163307,0 days 00:15:41.103055,1022.0,5.0,0.0001006871507189,512.0,COMPLETE,0.0031930638942867,0.001518911216408,,
44027.0,r1_08_BPV,4.0,28.0,0.0007794852135702,2022-11-09 10:17:30.163952,2022-11-09 10:25:31.546956,0 days 00:08:01.383004,1022.0,5.0,0.0002751279250723,512.0,COMPLETE,0.0087988236919045,,,
44027.0,r1_08_BPV,4.0,29.0,0.0003291681932751,2022-11-09 10:25:31.547560,2022-11-09 10:45:13.324244,0 days 00:19:41.776684,695.0,5.0,6.569457611467608e-05,512.0,COMPLETE,0.0065497071482241,0.001003093435429,,
44027.0,r1_08_BPV,4.0,30.0,0.0519990846514701,2022-11-09 10:45:13.324871,2022-11-09 10:48:16.523373,0 days 00:03:03.198502,595.0,5.0,1.9663376864305165e-05,512.0,PRUNED,5.45247745513916,0.0519990846514701,,
44027.0,r1_08_BPV,4.0,31.0,7.856598854064941,2022-11-09 10:48:16.523723,2022-11-09 10:49:18.547526,0 days 00:01:02.023803,332.0,6.0,0.0031939533017245,8124.0,PRUNED,7.856598854064941,,,
44027.0,r1_08_BPV,4.0,32.0,0.5706505179405212,2022-11-09 10:49:18.547934,2022-11-09 10:51:49.836248,0 days 00:02:31.288314,23.0,2.0,0.000679974917224,512.0,PRUNED,5.217557430267334,0.5706505179405212,,
44027.0,r1_08_BPV,4.0,33.0,3.5287134647369385,2022-11-09 10:51:49.836584,2022-11-09 10:54:24.218153,0 days 00:02:34.381569,338.0,5.0,0.0956246216348747,1024.0,PRUNED,1.593760967254639,3.5287134647369385,,
44027.0,r1_08_BPV,4.0,34.0,0.0058739269152283,2022-11-09 10:54:24.218518,2022-11-09 10:57:08.588479,0 days 00:02:44.369961,289.0,3.0,0.0013139176072905,512.0,PRUNED,0.012285191565752,0.0058739269152283,,
44027.0,r1_08_BPV,4.0,35.0,2.169963121414185,2022-11-09 10:57:08.588819,2022-11-09 10:59:28.472832,0 days 00:02:19.884013,464.0,5.0,0.010035075515239,4096.0,COMPLETE,2.169963121414185,,,
44027.0,r1_08_BPV,4.0,36.0,0.0342697724699974,2022-11-09 10:59:28.473487,2022-11-09 11:01:58.173790,0 days 00:02:29.700303,136.0,4.0,0.0004673618148737,1024.0,PRUNED,1.087014079093933,0.0342697724699974,,
44027.0,r1_08_BPV,4.0,37.0,2.9433493614196777,2022-11-09 11:01:58.174170,2022-11-09 11:02:59.556522,0 days 00:01:01.382352,698.0,3.0,0.0083312926154729,4096.0,PRUNED,2.9433493614196777,,,
44027.0,r1_08_BPV,4.0,38.0,0.8005760312080383,2022-11-09 11:02:59.556860,2022-11-09 11:06:01.591048,0 days 00:03:02.034188,221.0,5.0,0.0027480348734424,512.0,PRUNED,0.6617946624755859,0.8005760312080383,,
44027.0,r1_08_BPV,4.0,39.0,0.051909152418375,2022-11-09 11:06:01.591358,2022-11-09 11:08:57.239400,0 days 00:02:55.648042,996.0,4.0,0.0218728242165947,512.0,PRUNED,0.3654988706111908,0.051909152418375,,
44027.0,r1_08_BPV,4.0,40.0,0.0031182768288999,2022-11-09 11:08:57.239771,2022-11-09 11:14:24.906987,0 days 00:05:27.667216,380.0,6.0,0.0004678806650565,512.0,COMPLETE,,,,
44027.0,r1_08_BPV,4.0,41.0,3.305614471435547,2022-11-09 11:14:24.907707,2022-11-09 11:15:22.942352,0 days 00:00:58.034645,424.0,3.0,0.0003183425951231,1024.0,PRUNED,3.305614471435547,,,
44027.0,r1_08_BPV,4.0,42.0,7.471879005432129,2022-11-09 11:15:22.942674,2022-11-09 11:16:24.659655,0 days 00:01:01.716981,575.0,5.0,0.0031556020298686,2048.0,PRUNED,7.471879005432129,,,
44027.0,r1_08_BPV,4.0,43.0,0.0992155447602272,2022-11-09 11:16:24.659966,2022-11-09 11:46:26.473328,0 days 00:30:01.813362,678.0,2.0,3.3991875156376675e-05,2048.0,COMPLETE,0.2745559811592102,,,
44027.0,r1_08_BPV,4.0,44.0,8.246530532836914,2022-11-09 11:46:26.473908,2022-11-09 11:47:27.909300,0 days 00:01:01.435392,25.0,4.0,0.0015159930401456,4096.0,PRUNED,8.246530532836914,,,
44027.0,r1_08_BPV,4.0,45.0,0.0359742529690265,2022-11-09 11:47:27.909632,2022-11-09 11:50:13.215916,0 days 00:02:45.306284,469.0,5.0,0.0007787431459227,512.0,COMPLETE,,,,
44027.0,r1_08_BPV,4.0,46.0,0.0018736612983047,2022-11-09 11:50:13.216603,2022-11-09 11:58:21.391157,0 days 00:08:08.174554,701.0,4.0,4.936951254233041e-05,512.0,PRUNED,0.0157696325331926,0.0018736612983047,,
44027.0,r1_08_BPV,4.0,47.0,4.01054573059082,2022-11-09 11:58:21.391530,2022-11-09 11:59:22.960863,0 days 00:01:01.569333,433.0,5.0,0.0098529801232434,4096.0,PRUNED,4.01054573059082,,,
44027.0,r1_08_BPV,4.0,48.0,5.349885940551758,2022-11-09 11:59:22.961207,2022-11-09 12:00:23.936060,0 days 00:01:00.974853,517.0,4.0,0.0207177391636345,4096.0,PRUNED,5.349885940551758,,,
44027.0,r1_08_BPV,4.0,49.0,1.695939064025879,2022-11-09 12:00:23.936400,2022-11-09 12:02:43.346520,0 days 00:02:19.410120,400.0,6.0,0.0046999675506558,4096.0,COMPLETE,1.695939064025879,,,
44027.0,r1_08_BPV,4.0,50.0,6.552974700927734,2022-11-09 12:02:43.347176,2022-11-09 12:03:45.538894,0 days 00:01:02.191718,233.0,6.0,0.0040784442000437,8124.0,PRUNED,6.552974700927734,,,
44027.0,r1_08_BPV,4.0,51.0,3.543994903564453,2022-11-09 12:03:45.539252,2022-11-09 12:04:54.812773,0 days 00:01:09.273521,336.0,4.0,0.0253564486627107,512.0,PRUNED,3.543994903564453,,,
44027.0,r1_08_BPV,4.0,52.0,0.3588208556175232,2022-11-09 12:04:54.813106,2022-11-09 12:07:30.979428,0 days 00:02:36.166322,386.0,6.0,0.0011635199677157,4096.0,PRUNED,1.2154676914215088,0.3588208556175232,,
44027.0,r1_08_BPV,4.0,53.0,0.0006944290362298,2022-11-09 12:07:30.979779,2022-11-09 12:30:40.156896,0 days 00:23:09.177117,398.0,5.0,0.0001328790215404,1024.0,COMPLETE,0.0043480428867042,0.0007374657434411,,
44027.0,r1_08_BPV,4.0,54.0,0.0026922631077468,2022-11-09 12:30:40.157552,2022-11-09 12:37:03.788163,0 days 00:06:23.630611,500.0,6.0,0.0003620783521583,512.0,COMPLETE,0.008124966174364,,,
44027.0,r1_08_BPV,4.0,55.0,0.1127784997224807,2022-11-09 12:37:03.788886,2022-11-09 12:39:12.673987,0 days 00:02:08.885101,682.0,5.0,0.000872302187194,512.0,COMPLETE,,,,
44027.0,r1_08_BPV,4.0,56.0,0.0407187230885028,2022-11-09 12:39:12.674665,2022-11-09 12:42:07.794763,0 days 00:02:55.120098,445.0,4.0,4.454618859189328e-05,512.0,PRUNED,0.0407187230885028,,,
44027.0,r1_08_BPV,4.0,57.0,22.25470352172852,2022-11-09 12:42:07.795169,2022-11-09 12:44:49.196314,0 days 00:02:41.401145,768.0,4.0,9.572893414745678e-05,8124.0,PRUNED,22.25470352172852,,,
44027.0,r1_08_BPV,4.0,58.0,0.0088048642501235,2022-11-09 12:44:49.196686,2022-11-09 12:55:07.311737,0 days 00:10:18.115051,124.0,5.0,0.0002134722910973,512.0,COMPLETE,0.0969997644424438,0.0207301843911409,0.0095386877655982,
44027.0,r1_08_BPV,4.0,59.0,0.005626184400171,2022-11-09 12:55:07.312421,2022-11-09 13:03:20.103571,0 days 00:08:12.791150,115.0,5.0,0.000221551082658,512.0,COMPLETE,0.1177588030695915,0.0139110796153545,,
44027.0,r1_08_BPV,5.0,0.0,0.005391894374042749,2022-11-09 13:46:29.242158,2022-11-09 13:51:23.964820,0 days 00:04:54.722662,200.0,4.0,0.001,512.0,COMPLETE,0.025573505088686943,0.008150659501552582,,"{'n_max': 200, 'n_layers': 4, 'lr': 0.001, 'batch_size': 512}"
44027.0,r1_08_BPV,5.0,1.0,1.1758078336715698,2022-11-09 13:51:23.965399,2022-11-09 13:52:26.707529,0 days 00:01:02.742130,719.0,5.0,0.00014785763732685122,2048.0,PRUNED,1.1758078336715698,,,
44027.0,r1_08_BPV,5.0,2.0,0.05278662219643593,2022-11-09 13:52:26.707839,2022-11-09 14:22:39.252417,0 days 00:30:12.544578,424.0,2.0,0.00014082782682290135,4096.0,COMPLETE,130.44390869140625,10.523483276367188,1.1350882053375244,
44027.0,r1_08_BPV,5.0,3.0,0.004509113263338804,2022-11-09 14:22:39.252898,2022-11-09 14:29:14.343691,0 days 00:06:35.090793,180.0,3.0,0.0005215106122352703,512.0,COMPLETE,0.007481059059500694,,,
44027.0,r1_08_BPV,5.0,4.0,10.345357894897461,2022-11-09 14:29:14.344249,2022-11-09 14:30:13.230370,0 days 00:00:58.886121,580.0,2.0,0.0005202887684938028,2048.0,PRUNED,10.345357894897461,,,
44027.0,r1_08_BPV,5.0,5.0,0.7779331803321838,2022-11-09 14:30:13.230681,2022-11-09 14:32:53.885248,0 days 00:02:40.654567,855.0,5.0,0.027262399119918426,2048.0,COMPLETE,,,,
44027.0,r1_08_BPV,5.0,6.0,0.8515465259552002,2022-11-09 14:32:53.885788,2022-11-09 14:34:03.651350,0 days 00:01:09.765562,928.0,4.0,0.008669117789375637,512.0,PRUNED,0.8515465259552002,,,
44027.0,r1_08_BPV,5.0,7.0,3.4443295001983643,2022-11-09 14:34:03.651708,2022-11-09 14:36:31.236673,0 days 00:02:27.584965,743.0,2.0,0.000455499147731273,2048.0,PRUNED,3.4443295001983643,,,
44027.0,r1_08_BPV,5.0,8.0,0.03293165564537048,2022-11-09 14:36:31.236994,2022-11-09 14:44:31.426990,0 days 00:08:00.189996,239.0,3.0,0.0032054092686951375,2048.0,COMPLETE,,,,
44027.0,r1_08_BPV,5.0,9.0,0.33553650975227356,2022-11-09 14:44:31.427522,2022-11-09 14:45:37.421106,0 days 00:01:05.993584,315.0,3.0,0.025321511464438864,512.0,PRUNED,0.33553650975227356,,,
44027.0,r1_08_BPV,5.0,10.0,1.035261631011963,2022-11-09 14:45:37.421439,2022-11-09 14:46:39.968367,0 days 00:01:02.546928,567.0,5.0,0.014202422923059312,2048.0,PRUNED,1.035261631011963,,,
44027.0,r1_08_BPV,5.0,11.0,172.6620635986328,2022-11-09 14:46:39.968734,2022-11-09 14:47:45.290764,0 days 00:01:05.322030,891.0,4.0,4.5158823260532686e-05,8124.0,PRUNED,172.6620635986328,,,
44027.0,r1_08_BPV,5.0,12.0,0.3320614695549011,2022-11-09 14:47:45.291104,2022-11-09 14:51:14.562684,0 days 00:03:29.271580,684.0,6.0,0.013134397339351274,2048.0,COMPLETE,,,,
44027.0,r1_08_BPV,5.0,13.0,1.2906619310379028,2022-11-09 14:51:14.563250,2022-11-09 14:52:19.449781,0 days 00:01:04.886531,822.0,5.0,0.0007923831749091039,4096.0,PRUNED,1.2906619310379028,,,
44027.0,r1_08_BPV,5.0,14.0,0.013051383197307587,2022-11-09 14:52:19.450131,2022-11-09 14:54:50.267770,0 days 00:02:30.817639,824.0,4.0,0.0004928058767198973,1024.0,PRUNED,0.02566216140985489,0.013051383197307587,,
44027.0,r1_08_BPV,5.0,15.0,362.5929870605469,2022-11-09 14:54:50.268128,2022-11-09 14:55:52.018242,0 days 00:01:01.750114,70.0,3.0,0.00010557111187358033,8124.0,PRUNED,362.5929870605469,,,
44027.0,r1_08_BPV,5.0,16.0,0.034119222313165665,2022-11-09 14:55:52.018582,2022-11-09 15:25:54.912756,0 days 00:30:02.894174,287.0,3.0,6.595182147213998e-05,4096.0,COMPLETE,,,,
44027.0,r1_08_BPV,5.0,17.0,0.3719862103462219,2022-11-09 15:25:54.913270,2022-11-09 15:27:11.893544,0 days 00:01:16.980274,236.0,6.0,0.002724512335757061,512.0,PRUNED,0.3719862103462219,,,
44027.0,r1_08_BPV,5.0,18.0,0.03486380726099014,2022-11-09 15:27:11.893879,2022-11-09 15:29:41.761807,0 days 00:02:29.867928,436.0,3.0,0.0013375407663141449,2048.0,PRUNED,0.03486380726099014,,,
44027.0,r1_08_BPV,5.0,19.0,0.05152365565299988,2022-11-09 15:29:41.762162,2022-11-09 15:32:26.560876,0 days 00:02:44.798714,423.0,3.0,9.762625659220135e-05,512.0,PRUNED,0.05152365565299988,,,
44027.0,r1_08_BPV,5.0,20.0,0.07946809381246567,2022-11-09 15:32:26.561218,2022-11-09 15:34:18.011893,0 days 00:01:51.450675,276.0,2.0,0.018450717152096455,1024.0,COMPLETE,,,,
44027.0,r1_08_BPV,5.0,21.0,3.7671501636505127,2022-11-09 15:34:18.012503,2022-11-09 15:36:51.691963,0 days 00:02:33.679460,687.0,4.0,0.017675723822569434,4096.0,PRUNED,3.7671501636505127,,,
44027.0,r1_08_BPV,5.0,22.0,258.1671142578125,2022-11-09 15:36:51.692345,2022-11-09 15:37:49.328599,0 days 00:00:57.636254,386.0,3.0,1.3742805540650807e-05,1024.0,PRUNED,258.1671142578125,,,
44027.0,r1_08_BPV,5.0,23.0,0.45787563920021057,2022-11-09 15:37:49.328928,2022-11-09 15:38:48.964376,0 days 00:00:59.635448,32.0,4.0,0.002190691218013856,1024.0,PRUNED,0.45787563920021057,,,
44027.0,r1_08_BPV,5.0,24.0,48.69514846801758,2022-11-09 15:38:48.964675,2022-11-09 15:39:53.805953,0 days 00:01:04.841278,717.0,6.0,0.08874689595704359,1024.0,PRUNED,48.69514846801758,,,
44027.0,r1_08_BPV,5.0,25.0,107.87867736816406,2022-11-09 15:39:53.806354,2022-11-09 15:40:54.052963,0 days 00:01:00.246609,422.0,2.0,0.00043587571274900794,4096.0,PRUNED,107.87867736816406,,,
44027.0,r1_08_BPV,5.0,26.0,2.763601541519165,2022-11-09 15:40:54.053290,2022-11-09 15:42:08.183650,0 days 00:01:14.130360,1008.0,5.0,0.0017089422226033441,512.0,PRUNED,2.763601541519165,,,
44027.0,r1_08_BPV,5.0,27.0,252.69476318359375,2022-11-09 15:42:08.184013,2022-11-09 15:44:40.991931,0 days 00:02:32.807918,101.0,2.0,1.8218952488472433e-05,512.0,PRUNED,252.69476318359375,,,
44027.0,r1_08_BPV,5.0,28.0,8.440591812133789,2022-11-09 15:44:40.992266,2022-11-09 15:45:39.131774,0 days 00:00:58.139508,168.0,3.0,0.00020516573641740835,1024.0,PRUNED,8.440591812133789,,,
44027.0,r1_08_BPV,5.0,29.0,1.3303101062774658,2022-11-09 15:45:39.132091,2022-11-09 15:50:05.209129,0 days 00:04:26.077038,664.0,5.0,0.002978475827746971,2048.0,COMPLETE,,,,
44027.0,r1_08_BPV,5.0,30.0,0.47262755036354065,2022-11-09 15:50:05.209715,2022-11-09 15:52:37.170685,0 days 00:02:31.960970,952.0,4.0,0.009629443050013455,1024.0,PRUNED,0.47262755036354065,,,
44027.0,r1_08_BPV,5.0,31.0,5.416070461273193,2022-11-09 15:52:37.171078,2022-11-09 15:55:12.340694,0 days 00:02:35.169616,301.0,6.0,0.00010556416827229487,4096.0,PRUNED,5.416070461273193,,,
44027.0,r1_08_BPV,5.0,32.0,2.9291634559631348,2022-11-09 15:55:12.341030,2022-11-09 15:56:12.624403,0 days 00:01:00.283373,713.0,4.0,0.005277015413106521,1024.0,PRUNED,2.9291634559631348,,,
44027.0,r1_08_BPV,5.0,33.0,0.23852121829986572,2022-11-09 15:56:12.624731,2022-11-09 16:00:25.709514,0 days 00:04:13.084783,417.0,6.0,0.002773545181193391,2048.0,COMPLETE,,,,
44027.0,r1_08_BPV,5.0,34.0,0.0030975958798080683,2022-11-09 16:00:25.710138,2022-11-09 16:30:27.987090,0 days 00:30:02.276952,976.0,4.0,3.697893273263357e-05,4096.0,COMPLETE,0.005466764327138662,,,
44027.0,r1_08_BPV,5.0,35.0,25.526805877685547,2022-11-09 16:30:27.987721,2022-11-09 16:31:33.995135,0 days 00:01:06.007414,478.0,3.0,2.8740742975977236e-05,512.0,PRUNED,25.526805877685547,,,
44027.0,r1_08_BPV,5.0,36.0,37.86356735229492,2022-11-09 16:31:33.995466,2022-11-09 16:32:36.407745,0 days 00:01:02.412279,226.0,5.0,0.0002884102266340637,8124.0,PRUNED,37.86356735229492,,,
44027.0,r1_08_BPV,5.0,37.0,3.441868782043457,2022-11-09 16:32:36.408066,2022-11-09 16:33:38.291176,0 days 00:01:01.883110,605.0,4.0,0.001140655901066774,4096.0,PRUNED,3.441868782043457,,,
44027.0,r1_08_BPV,5.0,38.0,3.2924516201019287,2022-11-09 16:33:38.291526,2022-11-09 16:36:15.039584,0 days 00:02:36.748058,53.0,6.0,0.0017957992720151101,8124.0,PRUNED,3.2924516201019287,,,
44027.0,r1_08_BPV,5.0,39.0,19.698633193969727,2022-11-09 16:36:15.039999,2022-11-09 16:39:00.403032,0 days 00:02:45.363033,326.0,3.0,0.03402376193099962,512.0,PRUNED,0.5894811153411865,19.698633193969727,,
44027.0,r1_08_BPV,5.0,40.0,1.6180214881896973,2022-11-09 16:39:00.403395,2022-11-09 16:41:54.198884,0 days 00:02:53.795489,325.0,4.0,0.004593426733829724,512.0,PRUNED,0.27159184217453003,1.6180214881896973,,
44027.0,r1_08_BPV,5.0,41.0,0.01381312869489193,2022-11-09 16:41:54.199268,2022-11-09 16:49:50.953317,0 days 00:07:56.754049,227.0,3.0,0.00020440258948901173,512.0,COMPLETE,0.035214412957429886,0.014293183572590351,,
44027.0,r1_08_BPV,5.0,42.0,0.058948323130607605,2022-11-09 16:49:50.954089,2022-11-09 16:52:44.888491,0 days 00:02:53.934402,187.0,4.0,0.002723052720327333,512.0,PRUNED,0.08034683763980865,0.058948323130607605,,
44027.0,r1_08_BPV,5.0,43.0,10.653157234191895,2022-11-09 16:52:44.888822,2022-11-09 16:55:40.449845,0 days 00:02:55.561023,321.0,6.0,0.07438612730613296,1024.0,COMPLETE,,,,
44027.0,r1_08_BPV,5.0,44.0,101.76502990722656,2022-11-09 16:55:40.450565,2022-11-09 16:58:25.195287,0 days 00:02:44.744722,186.0,3.0,1.0182464477637286e-05,512.0,PRUNED,101.76502990722656,,,
44027.0,r1_08_BPV,5.0,45.0,3.827662229537964,2022-11-09 16:58:25.195676,2022-11-09 17:28:28.959651,0 days 00:30:03.763975,329.0,2.0,1.1550972071505554e-05,2048.0,COMPLETE,247.09439086914062,27.462514877319336,,
44027.0,r1_08_BPV,5.0,46.0,0.0004932097508572042,2022-11-09 17:28:28.960290,2022-11-09 17:50:17.739834,0 days 00:21:48.779544,873.0,6.0,3.6226871263920895e-05,1024.0,COMPLETE,,,,
44027.0,r1_08_BPV,5.0,47.0,0.0030446494929492474,2022-11-09 17:50:17.740462,2022-11-09 17:57:32.473343,0 days 00:07:14.732881,147.0,4.0,0.0009170198611055828,512.0,COMPLETE,0.01691713184118271,0.00650071632117033,,
44027.0,r1_08_BPV,5.0,48.0,0.0814831405878067,2022-11-09 17:57:32.474049,2022-11-09 17:59:21.268115,0 days 00:01:48.794066,502.0,2.0,0.010616529135683265,512.0,COMPLETE,,,,
44027.0,r1_08_BPV,5.0,49.0,11.992779731750488,2022-11-09 17:59:21.268776,2022-11-09 18:02:23.700262,0 days 00:03:02.431486,20.0,5.0,0.0004260222174222534,512.0,PRUNED,11.992779731750488,,,
44027.0,r1_08_BPV,5.0,50.0,0.020664824172854424,2022-11-09 18:02:23.700588,2022-11-09 18:04:53.619732,0 days 00:02:29.919144,123.0,4.0,0.0008200972106554797,1024.0,PRUNED,0.30369552969932556,0.020664824172854424,,
44027.0,r1_08_BPV,5.0,51.0,4.554712295532227,2022-11-09 18:04:53.620049,2022-11-09 18:06:06.792682,0 days 00:01:13.172633,111.0,5.0,8.437465010770048e-05,512.0,PRUNED,4.554712295532227,,,
44027.0,r1_08_BPV,5.0,52.0,0.023682991042733192,2022-11-09 18:06:06.793008,2022-11-09 18:36:09.528495,0 days 00:30:02.735487,130.0,2.0,0.0008415491137838062,4096.0,COMPLETE,2.193556308746338,0.030263109132647514,,
44027.0,r1_08_BPV,5.0,53.0,0.07663284242153168,2022-11-09 18:36:09.529076,2022-11-09 18:38:54.190970,0 days 00:02:44.661894,227.0,3.0,0.006001191731807431,512.0,PRUNED,0.07663284242153168,,,
44027.0,r1_08_BPV,5.0,54.0,1.0824311971664429,2022-11-09 18:38:54.191293,2022-11-09 18:41:33.011077,0 days 00:02:38.819784,634.0,4.0,0.0032340940011856174,8124.0,PRUNED,1.0824311971664429,,,
44027.0,r1_08_BPV,5.0,55.0,0.1815156787633896,2022-11-09 18:41:33.011437,2022-11-09 18:47:43.122662,0 days 00:06:10.111225,941.0,2.0,0.0450170632211377,8124.0,COMPLETE,,,,
44027.0,r1_08_BPV,5.0,56.0,0.6847658753395081,2022-11-09 18:47:43.123355,2022-11-09 18:50:46.040112,0 days 00:03:02.916757,165.0,5.0,3.1597898861914394e-05,512.0,PRUNED,0.6847658753395081,,,
44027.0,r1_08_BPV,5.0,57.0,1.4683252573013306,2022-11-09 18:50:46.040433,2022-11-09 18:52:24.892622,0 days 00:01:38.852189,328.0,3.0,0.08716902250233849,512.0,COMPLETE,,,,
44027.0,r1_08_BPV,5.0,58.0,0.013062901794910431,2022-11-09 18:52:24.893375,2022-11-09 18:58:59.774716,0 days 00:06:34.881341,261.0,6.0,0.0007494956817349066,2048.0,COMPLETE,,,,
44027.0,r1_08_BPV,5.0,59.0,0.01425737701356411,2022-11-09 18:58:59.775414,2022-11-09 19:01:55.183676,0 days 00:02:55.408262,488.0,4.0,0.00039107825711628925,512.0,PRUNED,0.008812938816845417,0.01425737701356411,,
