dataset_id,dataset_name,outer_cv_split,number,value,datetime_start,datetime_complete,duration,params_n_dspp_layers,params_n_dspp_out,params_batch_size,params_lr,params_num_inducing,params_num_quadrature_sites,params_beta,user_attrs_MAX_EPOCHS,user_attrs_Train_Losses,user_attrs_Val_MSE,state,system_attrs_completed_rung_0,system_attrs_completed_rung_1,system_attrs_completed_rung_2,system_attrs_fixed_params,system_attrs_completed_rung_3
44027.0,year,1.0,0.0,0.0113325351849198,2022-11-04 07:37:55.989267,2022-11-04 08:18:28.015760,0 days 00:40:32.026493,3.0,1.0,1024.0,0.001,200.0,8.0,0.05,63.0,,,COMPLETE,0.0149749973788857,0.0135318627581,0.0120639568194746,"{'n_dspp_layers': 3, 'n_dspp_out': 1, 'num_inducing': 200, 'batch_size': 1024, 'lr': 0.001, 'num_quadrature_sites': 8, 'beta': 0.05}",
44027.0,year,1.0,1.0,0.0114315068349242,2022-11-04 08:18:28.016389,2022-11-04 08:26:00.359008,0 days 00:07:32.342619,2.0,1.0,2048.0,0.0649328930139879,540.0,7.0,1.0,12.0,,,COMPLETE,0.0120746418833732,0.0115750283002853,,,
44027.0,year,1.0,2.0,0.0120439641177654,2022-11-04 08:26:00.359611,2022-11-04 08:30:00.575743,0 days 00:04:00.216132,2.0,3.0,2048.0,0.0689485410847394,64.0,8.0,0.2,5.0,,,COMPLETE,,,,,
44027.0,year,1.0,3.0,0.0138075836002826,2022-11-04 08:30:00.576367,2022-11-04 08:32:06.037109,0 days 00:02:05.460742,1.0,1.0,512.0,0.0013130299280735,342.0,5.0,0.01,,,,PRUNED,0.0138075836002826,,,,
44027.0,year,1.0,4.0,0.0107313646003603,2022-11-04 08:32:06.037470,2022-11-04 09:03:32.359257,0 days 00:31:26.321787,2.0,4.0,2048.0,0.0170583680764111,560.0,10.0,0.01,23.0,,,COMPLETE,0.0115845249965786,0.0113867511972785,,,
44027.0,year,1.0,5.0,0.0109331430867314,2022-11-04 09:03:32.359798,2022-11-04 09:14:41.774589,0 days 00:11:09.414791,1.0,4.0,1024.0,0.0025625101531899,51.0,5.0,0.01,37.0,,,COMPLETE,0.0116286035627126,0.0110290125012397,,,
44027.0,year,1.0,6.0,0.283840537071228,2022-11-04 09:14:41.775112,2022-11-04 09:24:51.223029,0 days 00:10:09.447917,2.0,4.0,512.0,0.0001465874217503,649.0,9.0,0.2,,,,PRUNED,0.283840537071228,,,,
44027.0,year,1.0,7.0,0.1579025834798813,2022-11-04 09:24:51.223453,2022-11-04 09:25:46.367141,0 days 00:00:55.143688,1.0,1.0,2048.0,0.0002985894489085,426.0,5.0,1.0,,,,PRUNED,0.1579025834798813,,,,
44027.0,year,1.0,8.0,0.0150012923404574,2022-11-04 09:25:46.367468,2022-11-04 09:30:02.364032,0 days 00:04:15.996564,2.0,4.0,1024.0,0.046534475645716,110.0,10.0,1.0,3.0,,,COMPLETE,,,,,
44027.0,year,1.0,9.0,0.0123933088034391,2022-11-04 09:30:02.364590,2022-11-04 09:34:39.264756,0 days 00:04:36.900166,1.0,3.0,512.0,0.0005645655300939,79.0,7.0,0.05,,,,PRUNED,0.0123933088034391,,,,
44027.0,year,1.0,10.0,0.0127326156944036,2022-11-04 09:34:39.265144,2022-11-04 09:39:28.780736,0 days 00:04:49.515592,3.0,1.0,1024.0,0.0045183747112302,717.0,8.0,1.0,,,,PRUNED,0.0127326156944036,,,,
44027.0,year,1.0,11.0,0.0150270070880651,2022-11-04 09:39:28.781167,2022-11-04 09:44:31.400491,0 days 00:05:02.619324,3.0,1.0,1024.0,0.000206065694525,70.0,10.0,0.2,,,,PRUNED,0.0150270070880651,,,,
44027.0,year,1.0,12.0,0.6258488893508911,2022-11-04 09:44:31.400855,2022-11-04 09:47:35.976550,0 days 00:03:04.575695,3.0,4.0,2048.0,0.0001290331103584,53.0,10.0,0.2,,,,PRUNED,0.6258488893508911,,,,
44027.0,year,1.0,13.0,0.0150465015321969,2022-11-04 09:47:35.976913,2022-11-04 09:50:03.263917,0 days 00:02:27.287004,1.0,4.0,512.0,0.0662487307440404,344.0,10.0,0.2,,,,PRUNED,0.0150465015321969,,,,
44027.0,year,1.0,14.0,0.0107763102278113,2022-11-04 09:50:03.264255,2022-11-04 09:58:44.282766,0 days 00:08:41.018511,1.0,3.0,1024.0,0.0097352820290482,143.0,9.0,0.2,24.0,,,COMPLETE,0.0111307576298713,0.0108136991038918,,,
44027.0,year,1.0,15.0,0.0110560460016131,2022-11-04 09:58:44.283293,2022-11-04 10:13:30.462098,0 days 00:14:46.178805,1.0,1.0,1024.0,0.0027091542877966,100.0,5.0,0.2,52.0,,,COMPLETE,0.011245678178966,,,,
44027.0,year,1.0,16.0,0.0129302125424146,2022-11-04 10:13:30.462673,2022-11-04 10:16:14.725511,0 days 00:02:44.262838,2.0,3.0,512.0,0.0008038563622387,66.0,8.0,0.01,,,,PRUNED,0.0129302125424146,,,,
44027.0,year,1.0,17.0,0.0117598259821534,2022-11-04 10:16:14.725942,2022-11-04 10:19:33.778184,0 days 00:03:19.052242,2.0,2.0,2048.0,0.0140414061858882,122.0,6.0,0.01,,,,PRUNED,0.0123487189412117,0.0117598259821534,,,
44027.0,year,1.0,18.0,0.0109729701653122,2022-11-04 10:19:33.778636,2022-11-04 10:37:15.197372,0 days 00:17:41.418736,3.0,2.0,1024.0,0.006979425536615,196.0,9.0,0.05,21.0,,,COMPLETE,0.0119871506467461,0.011245067231357,,,
44027.0,year,1.0,19.0,0.0150197371840476,2022-11-04 10:37:15.197897,2022-11-04 10:39:09.890490,0 days 00:01:54.692593,2.0,2.0,1024.0,0.0118874792590394,177.0,9.0,0.05,,,,PRUNED,0.0150197371840476,,,,
44027.0,year,1.0,20.0,0.0109469043090939,2022-11-04 10:39:09.890863,2022-11-04 10:59:34.035019,0 days 00:20:24.144156,3.0,2.0,1024.0,0.0114659462525256,180.0,9.0,0.05,26.0,,,COMPLETE,0.012072985060513,0.0112974792718887,0.0109779350459575,,
44027.0,year,1.0,21.0,0.0110539812594652,2022-11-04 10:59:34.035562,2022-11-04 11:26:20.525249,0 days 00:26:46.489687,1.0,2.0,2048.0,0.0017765369524056,157.0,7.0,0.05,116.0,,,COMPLETE,0.0111707570031285,,,,
44027.0,year,1.0,22.0,0.0149359731003642,2022-11-04 11:26:20.525783,2022-11-04 11:38:04.147451,0 days 00:11:43.621668,3.0,1.0,2048.0,0.0002252258797225,70.0,10.0,1.0,,,,PRUNED,0.0149359731003642,,,,
44027.0,year,1.0,23.0,0.0144376810640096,2022-11-04 11:38:04.147847,2022-11-04 11:42:15.373581,0 days 00:04:11.225734,1.0,1.0,512.0,0.0001830980572031,63.0,5.0,0.01,,,,PRUNED,0.0144376810640096,,,,
44027.0,year,1.0,24.0,0.0150083219632506,2022-11-04 11:42:15.373963,2022-11-04 11:44:09.001901,0 days 00:01:53.627938,2.0,3.0,2048.0,0.0242628216690365,110.0,10.0,0.01,,,,PRUNED,0.0150083219632506,,,,
44027.0,year,1.0,25.0,0.011994345113635,2022-11-04 11:44:09.002230,2022-11-04 12:16:18.975056,0 days 00:32:09.972826,1.0,1.0,1024.0,0.0001360141775115,104.0,5.0,0.2,119.0,,,COMPLETE,,,,,
44027.0,year,1.0,26.0,0.0150899495929479,2022-11-04 12:16:18.975578,2022-11-04 12:20:04.954034,0 days 00:03:45.978456,3.0,3.0,1024.0,0.0264194455119805,262.0,9.0,0.05,,,,PRUNED,0.0150899495929479,,,,
44027.0,year,1.0,27.0,0.015001798979938,2022-11-04 12:20:04.954447,2022-11-04 12:21:59.988099,0 days 00:01:55.033652,1.0,1.0,1024.0,0.0159489904174292,142.0,6.0,0.05,2.0,,,COMPLETE,,,,,
44027.0,year,1.0,28.0,0.0129178762435913,2022-11-04 12:21:59.988628,2022-11-04 12:23:47.936727,0 days 00:01:47.948099,2.0,2.0,1024.0,0.0023195388543851,121.0,10.0,0.05,,,,PRUNED,0.0129178762435913,,,,
44027.0,year,1.0,29.0,0.0150735052302479,2022-11-04 12:23:47.937174,2022-11-04 12:26:03.912413,0 days 00:02:15.975239,3.0,3.0,2048.0,0.0354626084494508,94.0,7.0,0.01,,,,PRUNED,0.0150735052302479,,,,
44027.0,year,1.0,30.0,0.0131200375035405,2022-11-04 12:26:03.912853,2022-11-04 12:28:29.374563,0 days 00:02:25.461710,1.0,3.0,2048.0,0.0009061438591581,206.0,7.0,0.05,,,,PRUNED,0.0131200375035405,,,,
44027.0,year,1.0,31.0,0.0110759735107421,2022-11-04 12:28:29.374915,2022-11-04 12:47:38.148960,0 days 00:19:08.774045,1.0,1.0,1024.0,0.0086249858065078,759.0,7.0,0.2,33.0,,,COMPLETE,,,,,
44027.0,year,1.0,32.0,0.0111849335953593,2022-11-04 12:47:38.149505,2022-11-04 13:27:38.915407,0 days 00:40:00.765902,2.0,1.0,1024.0,0.0012202481069863,99.0,8.0,0.2,95.0,,,COMPLETE,,,,,
44027.0,year,1.0,33.0,0.0150026166811585,2022-11-04 13:27:38.915942,2022-11-04 13:32:03.142782,0 days 00:04:24.226840,2.0,3.0,2048.0,0.0049298548506059,131.0,8.0,0.05,,,,PRUNED,0.0150026166811585,,,,
44027.0,year,1.0,34.0,0.011300204321742,2022-11-04 13:32:03.143188,2022-11-04 13:37:47.409470,0 days 00:05:44.266282,2.0,2.0,1024.0,0.0102528940768745,275.0,9.0,0.01,,,,PRUNED,0.011966710910201,0.011300204321742,,,
44027.0,year,1.0,35.0,0.0111477356404066,2022-11-04 13:37:47.409855,2022-11-04 13:50:45.580711,0 days 00:12:58.170856,2.0,1.0,512.0,0.0220370132645204,563.0,8.0,1.0,6.0,,,COMPLETE,,,,,
44027.0,year,1.0,36.0,0.0118492161855101,2022-11-04 13:50:45.581295,2022-11-04 14:31:04.175318,0 days 00:40:18.594023,2.0,1.0,1024.0,0.0008255875122341,795.0,9.0,0.01,35.0,,,COMPLETE,,,,,
44027.0,year,1.0,37.0,0.0150012951344251,2022-11-04 14:31:04.175882,2022-11-04 14:34:10.084500,0 days 00:03:05.908618,3.0,3.0,2048.0,0.0035964891060536,157.0,10.0,0.05,,,,PRUNED,0.0150012951344251,,,,
44027.0,year,1.0,38.0,0.0114329131320118,2022-11-04 14:34:10.084914,2022-11-04 14:37:34.053127,0 days 00:03:23.968213,1.0,4.0,2048.0,0.0061121071811925,481.0,8.0,0.01,,,,PRUNED,0.0127173187211155,0.0114329131320118,,,
44027.0,year,1.0,39.0,0.0113967098295688,2022-11-04 14:37:34.053518,2022-11-04 14:44:53.002756,0 days 00:07:18.949238,3.0,2.0,1024.0,0.007517375990251,234.0,9.0,0.05,,,,PRUNED,0.0120280981063842,0.0113967098295688,,,
44027.0,year,1.0,40.0,0.0150032583624124,2022-11-04 14:44:53.003155,2022-11-04 14:47:22.361309,0 days 00:02:29.358154,3.0,2.0,1024.0,0.019949232903868,152.0,9.0,0.05,,,,PRUNED,0.0150032583624124,,,,
44027.0,year,1.0,41.0,0.0111968303099274,2022-11-04 14:47:22.361709,2022-11-04 14:55:24.554494,0 days 00:08:02.192785,1.0,4.0,1024.0,0.051179582776443,65.0,10.0,0.01,23.0,,,COMPLETE,,,,,
44027.0,year,1.0,42.0,0.0113979969173669,2022-11-04 14:55:24.555051,2022-11-04 15:04:17.222924,0 days 00:08:52.667873,3.0,3.0,1024.0,0.0024564405424005,213.0,10.0,0.05,,,,PRUNED,0.0121280867606401,0.0113979969173669,,,
44027.0,year,1.0,43.0,0.0150367990136146,2022-11-04 15:04:17.223311,2022-11-04 15:16:07.553779,0 days 00:11:50.330468,1.0,1.0,1024.0,0.0001061376554305,51.0,10.0,0.2,40.0,,,COMPLETE,,,,,
44027.0,year,1.0,44.0,0.015002854168415,2022-11-04 15:16:07.554309,2022-11-04 15:18:41.488320,0 days 00:02:33.934011,2.0,2.0,1024.0,0.0467478420670054,329.0,9.0,0.05,,,,PRUNED,0.015002854168415,,,,
44027.0,year,1.0,45.0,0.0118783032521605,2022-11-04 15:18:41.488723,2022-11-04 15:25:03.590544,0 days 00:06:22.101821,1.0,3.0,512.0,0.0005959038968364,373.0,8.0,0.05,,,,PRUNED,0.0118783032521605,,,,
44027.0,year,1.0,46.0,0.015026157721877,2022-11-04 15:25:03.590910,2022-11-04 15:27:27.166885,0 days 00:02:23.575975,3.0,3.0,1024.0,0.01743846676576,81.0,7.0,0.05,,,,PRUNED,0.015026157721877,,,,
44027.0,year,1.0,47.0,0.0151345636695623,2022-11-04 15:27:27.167329,2022-11-04 15:29:59.957388,0 days 00:02:32.790059,1.0,1.0,1024.0,0.0906311817061186,67.0,5.0,1.0,,,,PRUNED,0.0151345636695623,,,,
44027.0,year,1.0,48.0,0.0150978993624448,2022-11-04 15:29:59.957749,2022-11-04 15:32:09.718568,0 days 00:02:09.760819,2.0,4.0,1024.0,0.0080107092752845,148.0,8.0,0.2,,,,PRUNED,0.0150978993624448,,,,
44027.0,year,1.0,49.0,0.0114173078909516,2022-11-04 15:32:09.718921,2022-11-04 16:12:31.952588,0 days 00:40:22.233667,1.0,1.0,512.0,0.0004946264459429,384.0,7.0,0.01,67.0,,,COMPLETE,,,,,
44027.0,year,1.0,50.0,0.0110559370368719,2022-11-04 16:12:31.953179,2022-11-04 16:40:24.020908,0 days 00:27:52.067729,2.0,2.0,1024.0,0.0135563591185967,777.0,9.0,0.2,16.0,,,COMPLETE,0.0112093426287174,,,,
44027.0,year,1.0,51.0,0.0116616692394018,2022-11-04 16:40:24.021467,2022-11-04 16:52:26.762675,0 days 00:12:02.741208,3.0,2.0,512.0,0.0018591917606784,296.0,10.0,1.0,,,,PRUNED,0.0121062872931361,0.0116616692394018,,,
44027.0,year,1.0,52.0,0.0125097846612334,2022-11-04 16:52:26.763086,2022-11-04 16:56:18.968862,0 days 00:03:52.205776,2.0,3.0,1024.0,0.0054266918101627,418.0,9.0,0.05,,,,PRUNED,0.0125097846612334,,,,
44027.0,year,1.0,53.0,0.0150354681536555,2022-11-04 16:56:18.969224,2022-11-04 16:59:50.273912,0 days 00:03:31.304688,3.0,4.0,2048.0,0.0942640663181426,193.0,8.0,0.05,,,,PRUNED,0.0150354681536555,,,,
44027.0,year,1.0,54.0,0.0114515796303749,2022-11-04 16:59:50.274265,2022-11-04 17:40:20.604254,0 days 00:40:30.329989,2.0,1.0,1024.0,0.0011316474296866,646.0,5.0,1.0,57.0,,,COMPLETE,,,,,
44027.0,year,1.0,55.0,0.0338309742510318,2022-11-04 17:40:20.604805,2022-11-04 17:42:57.878852,0 days 00:02:37.274047,3.0,2.0,1024.0,0.0007197757570533,237.0,6.0,0.01,,,,PRUNED,0.0338309742510318,,,,
44027.0,year,1.0,56.0,0.0113523704931139,2022-11-04 17:42:57.879223,2022-11-04 17:51:44.051655,0 days 00:08:46.172432,1.0,2.0,1024.0,0.0043658253068078,237.0,6.0,0.01,,,,PRUNED,0.011484513990581,0.0113523704931139,,,
44027.0,year,1.0,57.0,0.0150196878239512,2022-11-04 17:51:44.052010,2022-11-04 17:55:43.811273,0 days 00:03:59.759263,3.0,1.0,1024.0,0.0005708278541563,609.0,8.0,0.05,,,,PRUNED,0.0150196878239512,,,,
44027.0,year,1.0,58.0,0.0145004400983452,2022-11-04 17:55:43.811663,2022-11-04 17:57:56.895074,0 days 00:02:13.083411,3.0,1.0,1024.0,0.0014036727551768,182.0,9.0,0.05,,,,PRUNED,0.0145004400983452,,,,
44027.0,year,1.0,59.0,0.015052598901093,2022-11-04 17:57:56.895470,2022-11-04 18:07:10.412155,0 days 00:09:13.516685,2.0,4.0,1024.0,0.0146338826363931,360.0,9.0,0.01,,,,PRUNED,0.015052598901093,,,,
44027.0,year,1.0,60.0,0.0117647582665085,2022-11-04 18:07:10.412524,2022-11-04 18:12:47.464572,0 days 00:05:37.052048,3.0,2.0,1024.0,0.0026536886180675,136.0,6.0,0.2,,,,PRUNED,0.0117647582665085,,,,
44027.0,year,1.0,61.0,0.01517422683537,2022-11-04 18:12:47.464963,2022-11-04 18:14:29.188525,0 days 00:01:41.723562,2.0,1.0,1024.0,0.0003436591464635,137.0,8.0,0.05,,,,PRUNED,0.01517422683537,,,,
44027.0,year,1.0,62.0,0.0150028467178344,2022-11-04 18:14:29.188935,2022-11-04 18:19:47.561651,0 days 00:05:18.372716,2.0,2.0,1024.0,0.0991196813030137,56.0,8.0,0.2,8.0,,,COMPLETE,,,,,
44027.0,year,1.0,63.0,0.0117215747013688,2022-11-04 18:19:47.562227,2022-11-04 18:35:20.527109,0 days 00:15:32.964882,3.0,1.0,512.0,0.0030749977519754,519.0,9.0,1.0,,,,PRUNED,0.0124283675104379,0.0117215747013688,,,
44027.0,year,1.0,64.0,0.0110188517719507,2022-11-04 18:35:20.527478,2022-11-04 18:53:05.346920,0 days 00:17:44.819442,1.0,1.0,2048.0,0.0133461762172149,535.0,10.0,0.05,45.0,,,COMPLETE,,,,,
44027.0,year,1.0,65.0,0.0127948531880974,2022-11-04 18:53:05.347480,2022-11-04 18:55:26.454796,0 days 00:02:21.107316,2.0,1.0,2048.0,0.0112152970794289,798.0,7.0,0.05,,,,PRUNED,0.0127948531880974,,,,
44027.0,year,1.0,66.0,0.0110904378816485,2022-11-04 18:55:26.455227,2022-11-04 19:02:03.592273,0 days 00:06:37.137046,1.0,4.0,2048.0,0.0137483354935001,94.0,9.0,0.01,,,,PRUNED,0.0113384667783975,0.0110904378816485,,,
44027.0,year,1.0,67.0,0.0150061203166842,2022-11-04 19:02:03.592657,2022-11-04 19:06:41.938758,0 days 00:04:38.346101,3.0,2.0,1024.0,0.0041564935461505,410.0,10.0,0.2,,,,PRUNED,0.0150061203166842,,,,
44027.0,year,1.0,68.0,0.1050157770514488,2022-11-04 19:06:41.939135,2022-11-04 19:11:46.599544,0 days 00:05:04.660409,3.0,4.0,2048.0,0.0010237330768649,346.0,8.0,1.0,,,,PRUNED,0.1050157770514488,,,,
44027.0,year,1.0,69.0,0.1423874050378799,2022-11-04 19:11:46.599981,2022-11-04 19:13:44.526041,0 days 00:01:57.926060,1.0,1.0,512.0,0.0002236601105881,225.0,6.0,0.01,,,,PRUNED,0.1423874050378799,,,,
44027.0,year,1.0,70.0,0.0141609366983175,2022-11-04 19:13:44.526413,2022-11-04 19:15:47.939313,0 days 00:02:03.412900,2.0,4.0,1024.0,0.0004492467373846,92.0,10.0,0.2,,,,PRUNED,0.0141609366983175,,,,
44027.0,year,1.0,71.0,0.0107276458293199,2022-11-04 19:15:47.939740,2022-11-04 19:36:31.317773,0 days 00:20:43.378033,3.0,3.0,2048.0,0.0339385083569827,169.0,9.0,0.05,23.0,,,COMPLETE,0.012197078205645,0.0113528240472078,,,
44027.0,year,1.0,72.0,0.0150274410843849,2022-11-04 19:36:31.318313,2022-11-04 19:39:27.261396,0 days 00:02:55.943083,3.0,3.0,2048.0,0.0356017006922338,166.0,9.0,0.05,,,,PRUNED,0.0150274410843849,,,,
44027.0,year,1.0,73.0,0.0150028485804796,2022-11-04 19:39:27.261769,2022-11-04 19:43:19.912023,0 days 00:03:52.650254,2.0,2.0,1024.0,0.0016576339710849,53.0,6.0,0.2,,,,PRUNED,0.0150028485804796,,,,
44027.0,year,1.0,74.0,0.0151682393625378,2022-11-04 19:43:19.912391,2022-11-04 19:46:55.509856,0 days 00:03:35.597465,3.0,4.0,2048.0,0.0515674570958533,192.0,9.0,0.05,,,,PRUNED,0.0151682393625378,,,,
44027.0,year,1.0,75.0,0.0106312632560729,2022-11-04 19:46:55.510234,2022-11-04 20:05:58.505465,0 days 00:19:02.995231,3.0,3.0,2048.0,0.0158583609877445,50.0,8.0,0.05,28.0,,,COMPLETE,0.0123070925474166,0.0111359599977731,0.0106312632560729,,
44027.0,year,1.0,76.0,0.0120184104889631,2022-11-04 20:05:58.506016,2022-11-04 20:16:24.938479,0 days 00:10:26.432463,2.0,1.0,2048.0,0.0560742653323419,373.0,7.0,0.01,,,,PRUNED,0.0120184104889631,,,,
44027.0,year,1.0,77.0,0.0150371389463543,2022-11-04 20:16:24.938834,2022-11-04 20:20:08.032341,0 days 00:03:43.093507,1.0,4.0,1024.0,0.0077824282149114,308.0,8.0,0.01,,,,PRUNED,0.0150371389463543,,,,
44027.0,year,1.0,78.0,0.0109387384727597,2022-11-04 20:20:08.032699,2022-11-04 20:36:52.541080,0 days 00:16:44.508381,3.0,3.0,2048.0,0.0267769159591274,64.0,9.0,0.05,22.0,,,COMPLETE,0.0121334576979279,0.0111744059249758,,,
44027.0,year,1.0,79.0,0.0108548430725932,2022-11-04 20:36:52.541665,2022-11-04 21:17:13.757157,0 days 00:40:21.215492,1.0,4.0,512.0,0.0007245189263675,398.0,7.0,0.05,55.0,,,COMPLETE,0.0112297581508755,,,,
44027.0,year,1.0,80.0,0.0109053729102015,2022-11-04 21:17:13.757734,2022-11-04 21:32:50.173609,0 days 00:15:36.415875,3.0,3.0,2048.0,0.0152379427389572,51.0,8.0,0.05,22.0,,,COMPLETE,0.0116105256602168,0.0112329395487904,,,
44027.0,year,1.0,81.0,0.0108675332739949,2022-11-04 21:32:50.174183,2022-11-04 21:41:32.800042,0 days 00:08:42.625859,2.0,3.0,2048.0,0.016681083550623,50.0,8.0,0.01,17.0,,,COMPLETE,0.0116748223081231,0.0110760955139994,,,
44027.0,year,1.0,82.0,0.0111353304237127,2022-11-04 21:41:32.800603,2022-11-04 21:46:59.050684,0 days 00:05:26.250081,2.0,4.0,2048.0,0.0189129760493001,51.0,7.0,0.01,8.0,,,COMPLETE,0.0116850547492504,0.0112805953249335,,,
44027.0,year,1.0,83.0,0.01089758425951,2022-11-04 21:46:59.051263,2022-11-04 21:57:01.817349,0 days 00:10:02.766086,3.0,3.0,1024.0,0.0309696862165694,154.0,7.0,0.2,10.0,,,COMPLETE,0.01089758425951,,,,
44027.0,year,1.0,84.0,0.0150074418634176,2022-11-04 21:57:01.817920,2022-11-04 21:58:37.617362,0 days 00:01:35.799442,2.0,3.0,2048.0,0.0798159729726588,61.0,8.0,0.01,,,,PRUNED,0.0150074418634176,,,,
44027.0,year,1.0,85.0,0.0135734854266047,2022-11-04 21:58:37.617724,2022-11-04 22:08:11.054809,0 days 00:09:33.437085,3.0,2.0,512.0,0.034762134633759,159.0,7.0,0.2,,,,PRUNED,0.0135734854266047,,,,
44027.0,year,1.0,86.0,0.010864594951272,2022-11-04 22:08:11.055198,2022-11-04 22:14:41.194211,0 days 00:06:30.139013,1.0,4.0,2048.0,0.0153023728158608,77.0,8.0,0.01,,,,PRUNED,0.012003137730062,0.0112460032105445,0.010864594951272,,
44027.0,year,1.0,87.0,0.0150315091013908,2022-11-04 22:14:41.194608,2022-11-04 22:16:11.572959,0 days 00:01:30.378351,2.0,3.0,2048.0,0.0390028658474644,59.0,7.0,0.01,,,,PRUNED,0.0150315091013908,,,,
44027.0,year,1.0,88.0,0.0150012141093611,2022-11-04 22:16:11.573320,2022-11-04 22:25:20.485013,0 days 00:09:08.911693,3.0,3.0,2048.0,0.033029206849662,595.0,9.0,0.2,1.0,,,COMPLETE,,,,,
44027.0,year,1.0,89.0,0.0150039047002792,2022-11-04 22:25:20.485613,2022-11-04 22:27:43.231668,0 days 00:02:22.746055,3.0,3.0,2048.0,0.0274214380052846,72.0,8.0,0.05,,,,PRUNED,0.0150039047002792,,,,
44027.0,year,1.0,90.0,0.0150019181892275,2022-11-04 22:27:43.232055,2022-11-04 22:31:32.619293,0 days 00:03:49.387238,2.0,3.0,1024.0,0.088612965556178,169.0,10.0,0.2,2.0,,,COMPLETE,,,,,
44027.0,year,1.0,91.0,0.0106844315305352,2022-11-04 22:31:32.619943,2022-11-04 23:11:18.962420,0 days 00:39:46.342477,1.0,4.0,1024.0,0.0013049923861463,226.0,8.0,1.0,112.0,,,COMPLETE,,,,,
44027.0,year,1.0,92.0,0.0112556619569659,2022-11-04 23:11:18.963026,2022-11-04 23:17:06.729600,0 days 00:05:47.766574,3.0,3.0,2048.0,0.0227651949861322,55.0,8.0,0.01,,,,PRUNED,0.0119534730911254,0.0112556619569659,,,
44027.0,year,1.0,93.0,0.0150744086131453,2022-11-04 23:17:06.730041,2022-11-04 23:19:28.911509,0 days 00:02:22.181468,3.0,3.0,2048.0,0.0597606172242732,65.0,8.0,0.05,,,,PRUNED,0.0150744086131453,,,,
44027.0,year,1.0,94.0,0.0151103865355253,2022-11-04 23:19:28.911939,2022-11-04 23:21:58.876798,0 days 00:02:29.964859,3.0,4.0,2048.0,0.0270455703548238,55.0,7.0,1.0,,,,PRUNED,0.0151103865355253,,,,
44027.0,year,1.0,95.0,0.0109842624515295,2022-11-04 23:21:58.877218,2022-11-04 23:29:43.595107,0 days 00:07:44.717889,1.0,3.0,1024.0,0.0073505106316991,95.0,5.0,0.2,,,,PRUNED,0.0111542232334613,0.0109842624515295,,,
44027.0,year,1.0,96.0,0.0118434261530637,2022-11-04 23:29:43.595482,2022-11-04 23:33:59.868574,0 days 00:04:16.273092,2.0,3.0,2048.0,0.009894250542078,68.0,9.0,0.01,,,,PRUNED,0.0118998438119888,0.0118434261530637,,,
44027.0,year,1.0,97.0,0.015003278851509,2022-11-04 23:33:59.868980,2022-11-04 23:36:36.841685,0 days 00:02:36.972705,3.0,3.0,2048.0,0.0140432681016411,51.0,10.0,0.05,,,,PRUNED,0.015003278851509,,,,
44027.0,year,1.0,98.0,0.0150188514962792,2022-11-04 23:36:36.842109,2022-11-04 23:39:38.233189,0 days 00:03:01.391080,3.0,4.0,2048.0,0.0340859918845178,85.0,9.0,0.05,,,,PRUNED,0.0150188514962792,,,,
44027.0,year,1.0,99.0,0.015001269057393,2022-11-04 23:39:38.233639,2022-11-04 23:47:13.053294,0 days 00:07:34.819655,3.0,4.0,1024.0,0.0020466911227565,235.0,6.0,1.0,4.0,,,COMPLETE,,,,,
44027.0,year,2.0,0.0,0.0118257589638233,2022-11-05 00:21:19.754077,2022-11-05 01:01:46.078887,0 days 00:40:26.324810,3.0,1.0,1024.0,0.001,200.0,8.0,0.05,63.0,,,COMPLETE,0.0153438746929168,0.0135660348460078,0.0123690059408545,"{'n_dspp_layers': 3, 'n_dspp_out': 1, 'num_inducing': 200, 'batch_size': 1024, 'lr': 0.001, 'num_quadrature_sites': 8, 'beta': 0.05}",
44027.0,year,2.0,1.0,0.0222298167645931,2022-11-05 01:01:46.079494,2022-11-05 01:04:36.323535,0 days 00:02:50.244041,3.0,4.0,1024.0,0.0001546434001028,107.0,8.0,1.0,,,,PRUNED,0.0222298167645931,,,,
44027.0,year,2.0,2.0,0.0163018479943275,2022-11-05 01:04:36.323896,2022-11-05 01:05:47.702604,0 days 00:01:11.378708,1.0,1.0,1024.0,0.0005937004688128,239.0,6.0,0.01,,,,PRUNED,0.0163018479943275,,,,
44027.0,year,2.0,3.0,0.0114865154027938,2022-11-05 01:05:47.702940,2022-11-05 01:12:35.912836,0 days 00:06:48.209896,1.0,2.0,1024.0,0.0304280279823016,390.0,6.0,1.0,14.0,,,COMPLETE,0.0118344742804765,0.0120398877188563,,,
44027.0,year,2.0,4.0,0.0155886830762028,2022-11-05 01:12:35.913374,2022-11-05 01:13:39.840291,0 days 00:01:03.926917,1.0,1.0,1024.0,0.0403165134256183,125.0,6.0,0.2,,,,PRUNED,0.0155886830762028,,,,
44027.0,year,2.0,5.0,0.1069467142224311,2022-11-05 01:13:39.840639,2022-11-05 01:16:07.271795,0 days 00:02:27.431156,3.0,2.0,2048.0,0.0002807658220928,219.0,8.0,0.2,,,,PRUNED,0.1069467142224311,,,,
44027.0,year,2.0,6.0,0.0171891897916793,2022-11-05 01:16:07.272204,2022-11-05 01:17:45.856498,0 days 00:01:38.584294,1.0,2.0,1024.0,0.0002418807336867,578.0,5.0,0.01,,,,PRUNED,0.0171891897916793,,,,
44027.0,year,2.0,7.0,0.0110839642584323,2022-11-05 01:17:45.856888,2022-11-05 01:50:35.713745,0 days 00:32:49.856857,2.0,3.0,1024.0,0.0092914634942959,589.0,6.0,0.01,30.0,,,COMPLETE,0.0120536498725414,0.0115804923698306,0.011138760484755,,
44027.0,year,2.0,8.0,0.0155077017843723,2022-11-05 01:50:35.714283,2022-11-05 01:53:54.802033,0 days 00:03:19.087750,1.0,2.0,1024.0,0.0034942186981212,286.0,7.0,1.0,5.0,,,COMPLETE,,,,,
44027.0,year,2.0,9.0,0.0115557732060551,2022-11-05 01:53:54.802591,2022-11-05 01:59:21.196302,0 days 00:05:26.393711,1.0,3.0,2048.0,0.0091730090765969,173.0,6.0,0.2,19.0,,,COMPLETE,0.0118000628426671,,,,
44027.0,year,2.0,10.0,0.5722403526306152,2022-11-05 01:59:21.196856,2022-11-05 02:00:26.177032,0 days 00:01:04.980176,1.0,2.0,1024.0,0.000102217889055,66.0,6.0,1.0,,,,PRUNED,0.5722403526306152,,,,
44027.0,year,2.0,11.0,0.0119486069306731,2022-11-05 02:00:26.177380,2022-11-05 02:02:48.701790,0 days 00:02:22.524410,1.0,3.0,2048.0,0.0071537480655009,101.0,10.0,1.0,,,,PRUNED,0.0126446327194571,0.0119486069306731,,,
44027.0,year,2.0,12.0,0.0125767607241868,2022-11-05 02:02:48.702137,2022-11-05 02:09:34.575223,0 days 00:06:45.873086,2.0,4.0,2048.0,0.002426246662622,220.0,10.0,1.0,,,,PRUNED,0.0125767607241868,,,,
44027.0,year,2.0,13.0,0.0110542457550764,2022-11-05 02:09:34.575658,2022-11-05 02:49:49.339457,0 days 00:40:14.763799,2.0,4.0,512.0,0.0056953542790262,642.0,9.0,0.01,11.0,,,COMPLETE,0.0117760337889194,0.011148645542562,,,
44027.0,year,2.0,14.0,0.0111655481159687,2022-11-05 02:49:49.340014,2022-11-05 03:01:25.173391,0 days 00:11:35.833377,1.0,3.0,1024.0,0.0201832500875837,662.0,6.0,0.2,17.0,,,COMPLETE,,,,,
44027.0,year,2.0,15.0,0.0121979983523488,2022-11-05 03:01:25.173902,2022-11-05 03:06:00.217624,0 days 00:04:35.043722,3.0,1.0,2048.0,0.0147891809596393,345.0,6.0,0.2,,,,PRUNED,0.0121979983523488,,,,
44027.0,year,2.0,16.0,0.0124957133084535,2022-11-05 03:06:00.217979,2022-11-05 03:12:59.648987,0 days 00:06:59.431008,2.0,1.0,512.0,0.0013597790753839,197.0,10.0,1.0,,,,PRUNED,0.0124957133084535,,,,
44027.0,year,2.0,17.0,0.0111508844420313,2022-11-05 03:12:59.649362,2022-11-05 03:55:07.033323,0 days 00:42:07.383961,2.0,4.0,512.0,0.0077066346681798,731.0,10.0,0.01,9.0,,,COMPLETE,0.0117914602160453,0.0112548330798745,,,
44027.0,year,2.0,18.0,0.0122380210086703,2022-11-05 03:55:07.033856,2022-11-05 04:00:48.511841,0 days 00:05:41.477985,2.0,3.0,512.0,0.0047905879025094,448.0,9.0,0.01,,,,PRUNED,0.0122380210086703,,,,
44027.0,year,2.0,19.0,0.0113933226093649,2022-11-05 04:00:48.512251,2022-11-05 04:11:07.699759,0 days 00:10:19.187508,2.0,3.0,512.0,0.0175699520013937,347.0,7.0,0.01,,,,PRUNED,0.011555335484445,0.0113933226093649,,,
44027.0,year,2.0,20.0,0.015486910007894,2022-11-05 04:11:07.700116,2022-11-05 04:13:20.445178,0 days 00:02:12.745062,1.0,1.0,2048.0,0.0012504239861714,290.0,6.0,0.01,,,,PRUNED,0.015486910007894,,,,
44027.0,year,2.0,21.0,0.0112327672541141,2022-11-05 04:13:20.445544,2022-11-05 04:53:57.849356,0 days 00:40:37.403812,3.0,4.0,1024.0,0.0027911827620904,281.0,9.0,0.2,29.0,,,COMPLETE,,,,,
44027.0,year,2.0,22.0,0.0155082931742072,2022-11-05 04:53:57.849869,2022-11-05 05:05:19.782183,0 days 00:11:21.932314,2.0,4.0,512.0,0.0021032102983906,734.0,9.0,0.05,,,,PRUNED,0.0155082931742072,,,,
44027.0,year,2.0,23.0,0.0155180050060153,2022-11-05 05:05:19.782604,2022-11-05 05:08:41.897497,0 days 00:03:22.114893,2.0,3.0,512.0,0.0883034563876126,290.0,5.0,0.01,,,,PRUNED,0.0155180050060153,,,,
44027.0,year,2.0,24.0,0.0155473370105028,2022-11-05 05:08:41.897880,2022-11-05 05:12:17.471434,0 days 00:03:35.573554,2.0,4.0,2048.0,0.0023056569644393,566.0,7.0,0.01,,,,PRUNED,0.0155473370105028,,,,
44027.0,year,2.0,25.0,0.0111054871231317,2022-11-05 05:12:17.471784,2022-11-05 05:25:59.619182,0 days 00:13:42.147398,1.0,4.0,2048.0,0.0083087874660981,170.0,10.0,0.01,47.0,,,COMPLETE,0.011784940958023,0.0113804582506418,,,
44027.0,year,2.0,26.0,0.0113612236455082,2022-11-05 05:25:59.619720,2022-11-05 05:52:42.146764,0 days 00:26:42.527044,3.0,3.0,512.0,0.0139047890414593,508.0,9.0,0.01,,,,PRUNED,0.0118177905678749,0.0113612236455082,,,
44027.0,year,2.0,27.0,0.013059395365417,2022-11-05 05:52:42.147118,2022-11-05 06:00:07.270584,0 days 00:07:25.123466,1.0,1.0,512.0,0.001034184891614,547.0,10.0,0.05,,,,PRUNED,0.013059395365417,,,,
44027.0,year,2.0,28.0,0.0141692971810698,2022-11-05 06:00:07.270944,2022-11-05 06:40:28.015655,0 days 00:40:20.744711,3.0,1.0,1024.0,0.0001012964594955,615.0,9.0,0.01,31.0,,,COMPLETE,,,,,
44027.0,year,2.0,29.0,0.0135694611817598,2022-11-05 06:40:28.016195,2022-11-05 06:43:19.791211,0 days 00:02:51.775016,2.0,2.0,512.0,0.0012904744983301,149.0,7.0,0.2,,,,PRUNED,0.0135694611817598,,,,
44027.0,year,2.0,30.0,0.0155076589435338,2022-11-05 06:43:19.791591,2022-11-05 06:47:08.895387,0 days 00:03:49.103796,3.0,3.0,2048.0,0.0034569115427692,304.0,9.0,0.05,,,,PRUNED,0.0155076589435338,,,,
44027.0,year,2.0,31.0,0.0114456778392195,2022-11-05 06:47:08.895746,2022-11-05 07:07:22.082361,0 days 00:20:13.186615,1.0,2.0,512.0,0.0032165098157679,227.0,7.0,0.01,33.0,,,COMPLETE,,,,,
44027.0,year,2.0,32.0,0.0114541789516806,2022-11-05 07:07:22.082906,2022-11-05 07:22:04.418848,0 days 00:14:42.335942,1.0,2.0,512.0,0.0089607793592046,680.0,6.0,0.2,12.0,,,COMPLETE,0.0116084404289722,,,,
44027.0,year,2.0,33.0,0.0114101376384496,2022-11-05 07:22:04.419386,2022-11-05 07:55:41.292267,0 days 00:33:36.872881,1.0,2.0,1024.0,0.003897425262654,769.0,9.0,1.0,47.0,,,COMPLETE,0.0115887941792607,,,,
44027.0,year,2.0,34.0,0.010964828543365,2022-11-05 07:55:41.292834,2022-11-05 08:36:51.077325,0 days 00:41:09.784491,2.0,4.0,512.0,0.0131887591124568,787.0,5.0,0.01,14.0,,,COMPLETE,0.0116294547915458,0.0113178882747888,,,
44027.0,year,2.0,35.0,0.011064363643527,2022-11-05 08:36:51.077871,2022-11-05 09:11:21.394120,0 days 00:34:30.316249,2.0,4.0,512.0,0.0105167310203933,761.0,5.0,0.01,12.0,,,COMPLETE,0.0115261999890208,0.0110982498154044,,,
44027.0,year,2.0,36.0,0.0155076514929533,2022-11-05 09:11:21.394650,2022-11-05 09:17:25.972850,0 days 00:06:04.578200,2.0,4.0,2048.0,0.00815823938197,594.0,5.0,0.05,3.0,,,COMPLETE,,,,,
44027.0,year,2.0,37.0,0.0119725205004215,2022-11-05 09:17:25.973410,2022-11-05 09:26:07.043199,0 days 00:08:41.069789,2.0,4.0,512.0,0.0269631834010068,787.0,5.0,0.01,,,,PRUNED,0.0119725205004215,,,,
44027.0,year,2.0,38.0,0.0157866273075342,2022-11-05 09:26:07.043547,2022-11-05 09:31:41.018537,0 days 00:05:33.974990,3.0,2.0,1024.0,0.0861992836684085,67.0,8.0,0.01,,,,PRUNED,0.0157866273075342,,,,
44027.0,year,2.0,39.0,0.0155076952651143,2022-11-05 09:31:41.018917,2022-11-05 09:42:25.264221,0 days 00:10:44.245304,3.0,4.0,512.0,0.0586771918071524,654.0,5.0,0.01,,,,PRUNED,0.0155076952651143,,,,
44027.0,year,2.0,40.0,0.011790681630373,2022-11-05 09:42:25.264659,2022-11-05 09:53:53.865165,0 days 00:11:28.600506,2.0,4.0,512.0,0.0164318959514728,419.0,5.0,0.01,,,,PRUNED,0.0115765454247593,0.011790681630373,,,
44027.0,year,2.0,41.0,0.0113518899306654,2022-11-05 09:53:53.865557,2022-11-05 10:21:05.084707,0 days 00:27:11.219150,2.0,3.0,512.0,0.0048562526169683,798.0,10.0,0.01,,,,PRUNED,0.0117941796779632,0.0113518899306654,,,
44027.0,year,2.0,42.0,0.0155905615538358,2022-11-05 10:21:05.085189,2022-11-05 10:31:45.096260,0 days 00:10:40.011071,3.0,4.0,512.0,0.0118903244258312,484.0,7.0,0.01,,,,PRUNED,0.0155905615538358,,,,
44027.0,year,2.0,43.0,0.0151412785053253,2022-11-05 10:31:45.096614,2022-11-05 10:36:25.959717,0 days 00:04:40.863103,1.0,2.0,512.0,0.0001606641183462,104.0,8.0,0.01,,,,PRUNED,0.0151412785053253,,,,
44027.0,year,2.0,44.0,0.015508065931499,2022-11-05 10:36:25.960121,2022-11-05 10:44:20.232100,0 days 00:07:54.271979,2.0,3.0,512.0,0.0797779756006716,314.0,5.0,0.01,4.0,,,COMPLETE,,,,,
44027.0,year,2.0,45.0,0.0118800876662135,2022-11-05 10:44:20.232630,2022-11-05 10:50:06.602624,0 days 00:05:46.369994,2.0,3.0,512.0,0.0053852652463348,631.0,5.0,0.05,,,,PRUNED,0.0118800876662135,,,,
44027.0,year,2.0,46.0,0.0155134350061416,2022-11-05 10:50:06.603025,2022-11-05 10:55:27.826945,0 days 00:05:21.223920,3.0,2.0,512.0,0.0264274099107959,351.0,8.0,0.2,,,,PRUNED,0.0155134350061416,,,,
44027.0,year,2.0,47.0,0.0155076710507273,2022-11-05 10:55:27.827314,2022-11-05 11:01:13.132434,0 days 00:05:45.305120,2.0,3.0,512.0,0.0313666879810325,117.0,9.0,0.2,3.0,,,COMPLETE,,,,,
44027.0,year,2.0,48.0,0.0134917525574564,2022-11-05 11:01:13.133000,2022-11-05 11:06:24.723584,0 days 00:05:11.590584,3.0,1.0,512.0,0.0012281889191509,491.0,6.0,0.05,,,,PRUNED,0.0134917525574564,,,,
44027.0,year,2.0,49.0,0.0116269458085298,2022-11-05 11:06:24.723976,2022-11-05 11:16:24.310756,0 days 00:09:59.586780,1.0,3.0,512.0,0.0358690879511869,793.0,7.0,0.01,4.0,,,COMPLETE,,,,,
44027.0,year,2.0,50.0,0.0121149476617574,2022-11-05 11:16:24.311285,2022-11-05 11:20:28.421673,0 days 00:04:04.110388,2.0,4.0,512.0,0.0028046275848285,265.0,8.0,0.01,,,,PRUNED,0.0121149476617574,,,,
44027.0,year,2.0,51.0,0.0129211386665701,2022-11-05 11:20:28.422120,2022-11-05 12:00:41.231920,0 days 00:40:12.809800,1.0,1.0,1024.0,0.0001248219669933,155.0,9.0,1.0,138.0,,,COMPLETE,0.0140206310898065,,,,
44027.0,year,2.0,52.0,0.1425391286611557,2022-11-05 12:00:41.232453,2022-11-05 12:03:26.231070,0 days 00:02:44.998617,1.0,2.0,1024.0,0.0001816791379298,115.0,5.0,0.2,,,,PRUNED,0.1425391286611557,,,,
44027.0,year,2.0,53.0,0.0117715606465935,2022-11-05 12:03:26.231500,2022-11-05 12:16:23.659944,0 days 00:12:57.428444,1.0,1.0,512.0,0.0022494993795308,148.0,6.0,0.01,23.0,,,COMPLETE,,,,,
44027.0,year,2.0,54.0,0.0155466562137007,2022-11-05 12:16:23.660490,2022-11-05 12:20:00.663520,0 days 00:03:37.003030,2.0,3.0,1024.0,0.0088942609260536,574.0,6.0,0.01,,,,PRUNED,0.0155466562137007,,,,
44027.0,year,2.0,55.0,0.0109045151621103,2022-11-05 12:20:00.663939,2022-11-05 12:50:27.196599,0 days 00:30:26.532660,2.0,4.0,512.0,0.0038514362705681,217.0,5.0,1.0,32.0,,,COMPLETE,0.010932701639831,,,,
44027.0,year,2.0,56.0,0.0114028630778193,2022-11-05 12:50:27.197173,2022-11-05 13:02:12.991387,0 days 00:11:45.794214,2.0,3.0,2048.0,0.0054844320902223,55.0,9.0,0.01,,,,PRUNED,0.0118114734068512,0.0114028630778193,,,
44027.0,year,2.0,57.0,0.0114976419135928,2022-11-05 13:02:12.991827,2022-11-05 13:25:29.038165,0 days 00:23:16.046338,1.0,4.0,512.0,0.0006750561279561,65.0,7.0,0.01,45.0,,,COMPLETE,,,,,
44027.0,year,2.0,58.0,0.0155078219249844,2022-11-05 13:25:29.038741,2022-11-05 13:29:37.119038,0 days 00:04:08.080297,2.0,4.0,1024.0,0.0105215584430804,638.0,5.0,0.01,,,,PRUNED,0.0155078219249844,,,,
44027.0,year,2.0,59.0,0.0155153693631291,2022-11-05 13:29:37.119497,2022-11-05 13:34:50.437663,0 days 00:05:13.318166,2.0,4.0,1024.0,0.01712536477311,693.0,6.0,0.01,,,,PRUNED,0.0155153693631291,,,,
44027.0,year,2.0,60.0,0.0155215049162507,2022-11-05 13:34:50.438010,2022-11-05 13:39:06.380354,0 days 00:04:15.942344,1.0,4.0,512.0,0.0215989882609976,425.0,9.0,0.2,1.0,,,COMPLETE,,,,,
44027.0,year,2.0,61.0,0.0155123984441161,2022-11-05 13:39:06.380918,2022-11-05 13:41:36.836035,0 days 00:02:30.455117,3.0,3.0,1024.0,0.0060817532038051,184.0,5.0,1.0,,,,PRUNED,0.0155123984441161,,,,
44027.0,year,2.0,62.0,0.2184051871299743,2022-11-05 13:41:36.836402,2022-11-05 13:43:11.432959,0 days 00:01:34.596557,2.0,4.0,2048.0,0.0007332670979853,52.0,6.0,0.01,,,,PRUNED,0.2184051871299743,,,,
44027.0,year,2.0,63.0,0.015513009391725,2022-11-05 13:43:11.433329,2022-11-05 13:47:23.525586,0 days 00:04:12.092257,3.0,3.0,1024.0,0.0037717652272622,386.0,6.0,0.01,,,,PRUNED,0.015513009391725,,,,
44027.0,year,2.0,64.0,0.0155689064413309,2022-11-05 13:47:23.525941,2022-11-05 13:53:06.100224,0 days 00:05:42.574283,2.0,4.0,512.0,0.0453596800082301,552.0,5.0,0.2,,,,PRUNED,0.0155689064413309,,,,
44027.0,year,2.0,65.0,0.0118896029889583,2022-11-05 13:53:06.100575,2022-11-05 14:33:46.594651,0 days 00:40:40.494076,3.0,1.0,512.0,0.000605515149051,67.0,6.0,1.0,44.0,,,COMPLETE,,,,,
44027.0,year,2.0,66.0,0.0152977034449577,2022-11-05 14:33:46.595203,2022-11-05 14:38:49.820577,0 days 00:05:03.225374,3.0,2.0,2048.0,0.0003822419681079,160.0,7.0,0.05,,,,PRUNED,0.0152977034449577,,,,
44027.0,year,2.0,67.0,0.0115023199468851,2022-11-05 14:38:49.820998,2022-11-05 14:45:09.590170,0 days 00:06:19.769172,1.0,2.0,1024.0,0.0220335035270713,793.0,8.0,1.0,,,,PRUNED,0.0118362288922071,0.0115023199468851,,,
44027.0,year,2.0,68.0,0.0155080258846282,2022-11-05 14:45:09.590573,2022-11-05 14:49:15.055035,0 days 00:04:05.464462,3.0,1.0,2048.0,0.038652401228277,305.0,5.0,1.0,5.0,,,COMPLETE,,,,,
44027.0,year,2.0,69.0,0.0155555568635463,2022-11-05 14:49:15.055648,2022-11-05 14:52:58.211960,0 days 00:03:43.156312,3.0,4.0,512.0,0.0368143960734382,90.0,6.0,0.01,,,,PRUNED,0.0155555568635463,,,,
44027.0,year,2.0,70.0,0.0155178196728229,2022-11-05 14:52:58.212363,2022-11-05 14:57:34.717716,0 days 00:04:36.505353,1.0,3.0,512.0,0.082766720246196,72.0,8.0,0.01,,,,PRUNED,0.0155178196728229,,,,
44027.0,year,2.0,71.0,0.0115405116230249,2022-11-05 14:57:34.718072,2022-11-05 15:08:19.917963,0 days 00:10:45.199891,2.0,3.0,1024.0,0.0101237857054938,637.0,7.0,0.01,,,,PRUNED,0.0117857148870825,0.0115405116230249,,,
44027.0,year,2.0,72.0,0.015507654286921,2022-11-05 15:08:19.918316,2022-11-05 15:15:50.650390,0 days 00:07:30.732074,2.0,4.0,1024.0,0.0034714762740671,412.0,6.0,0.2,4.0,,,COMPLETE,,,,,
44027.0,year,2.0,73.0,0.0155076552182435,2022-11-05 15:15:50.650956,2022-11-05 15:27:09.965414,0 days 00:11:19.314458,2.0,4.0,512.0,0.0078063952791244,697.0,10.0,0.01,,,,PRUNED,0.0155076552182435,,,,
44027.0,year,2.0,74.0,0.0155639490112662,2022-11-05 15:27:09.965794,2022-11-05 15:35:20.265318,0 days 00:08:10.299524,2.0,4.0,512.0,0.0071235645884036,537.0,10.0,0.01,,,,PRUNED,0.0155639490112662,,,,
44027.0,year,2.0,75.0,0.0155155379325151,2022-11-05 15:35:20.265685,2022-11-05 15:42:35.914604,0 days 00:07:15.648919,2.0,4.0,512.0,0.0118475923626218,450.0,9.0,0.01,,,,PRUNED,0.0155155379325151,,,,
44027.0,year,2.0,76.0,0.0122527545318007,2022-11-05 15:42:35.914984,2022-11-05 15:51:49.145494,0 days 00:09:13.230510,2.0,3.0,512.0,0.0019572271689675,692.0,10.0,0.01,,,,PRUNED,0.0122527545318007,,,,
44027.0,year,2.0,77.0,0.0115454476326704,2022-11-05 15:51:49.145913,2022-11-05 15:57:41.524439,0 days 00:05:52.378526,1.0,3.0,2048.0,0.0033769725673332,76.0,6.0,0.05,,,,PRUNED,0.0115454476326704,,,,
44027.0,year,2.0,78.0,0.0114454580470919,2022-11-05 15:57:41.524855,2022-11-05 16:03:58.300864,0 days 00:06:16.776009,1.0,3.0,2048.0,0.0125070234430898,240.0,5.0,0.01,,,,PRUNED,0.0118238097056746,0.0114454580470919,,,
44027.0,year,2.0,79.0,0.0124883325770497,2022-11-05 16:03:58.301233,2022-11-05 16:05:42.062083,0 days 00:01:43.760850,1.0,4.0,2048.0,0.0081092107043574,607.0,9.0,1.0,,,,PRUNED,0.0124883325770497,,,,
44027.0,year,2.0,80.0,0.0155078461393713,2022-11-05 16:05:42.062509,2022-11-05 16:11:11.943413,0 days 00:05:29.880904,2.0,3.0,512.0,0.0043420043336788,406.0,10.0,0.01,,,,PRUNED,0.0155078461393713,,,,
44027.0,year,2.0,81.0,0.0111573822796344,2022-11-05 16:11:11.943820,2022-11-05 16:47:26.583022,0 days 00:36:14.639202,2.0,2.0,512.0,0.0058244860531418,739.0,6.0,1.0,17.0,,,COMPLETE,,,,,
44027.0,year,2.0,82.0,0.0124995531514287,2022-11-05 16:47:26.583603,2022-11-05 16:55:29.002652,0 days 00:08:02.419049,2.0,1.0,2048.0,0.0023866026914628,78.0,7.0,0.2,,,,PRUNED,0.0124995531514287,,,,
44027.0,year,2.0,83.0,0.0155208427459001,2022-11-05 16:55:29.003027,2022-11-05 17:04:06.715556,0 days 00:08:37.712529,2.0,4.0,512.0,0.020610644108618,790.0,5.0,0.2,,,,PRUNED,0.0155208427459001,,,,
44027.0,year,2.0,84.0,0.0114922039210796,2022-11-05 17:04:06.715965,2022-11-05 17:11:37.108576,0 days 00:07:30.392611,1.0,2.0,1024.0,0.0149666209282965,255.0,10.0,1.0,18.0,,,COMPLETE,,,,,
44027.0,year,2.0,85.0,0.0112803606316447,2022-11-05 17:11:37.109203,2022-11-05 17:20:48.494755,0 days 00:09:11.385552,1.0,3.0,2048.0,0.0090047011668804,165.0,6.0,0.2,36.0,,,COMPLETE,0.0118007780984044,0.0113668050616979,,,
44027.0,year,2.0,86.0,0.0120423203334212,2022-11-05 17:20:48.495314,2022-11-05 17:31:44.682190,0 days 00:10:56.186876,1.0,1.0,1024.0,0.0012217298149224,502.0,8.0,0.01,,,,PRUNED,0.0120423203334212,,,,
44027.0,year,2.0,87.0,0.0118496678769588,2022-11-05 17:31:44.682568,2022-11-05 17:34:02.420031,0 days 00:02:17.737463,1.0,4.0,2048.0,0.0057629312922842,143.0,6.0,0.2,,,,PRUNED,0.0118496678769588,,,,
44027.0,year,2.0,88.0,0.0155095737427473,2022-11-05 17:34:02.420427,2022-11-05 17:35:55.398972,0 days 00:01:52.978545,1.0,2.0,2048.0,0.0328743283319101,83.0,7.0,0.2,4.0,,,COMPLETE,,,,,
44027.0,year,2.0,89.0,0.0113867660984396,2022-11-05 17:35:55.399527,2022-11-05 17:41:16.338138,0 days 00:05:20.938611,2.0,3.0,1024.0,0.0152374560256562,192.0,9.0,0.01,,,,PRUNED,0.0120519753545522,0.0113867660984396,,,
44027.0,year,2.0,90.0,0.0182213075459003,2022-11-05 17:41:16.338546,2022-11-05 17:43:27.552695,0 days 00:02:11.214149,2.0,2.0,2048.0,0.0003709475745315,504.0,6.0,0.05,,,,PRUNED,0.0182213075459003,,,,
44027.0,year,2.0,91.0,0.0123418131843209,2022-11-05 17:43:27.553146,2022-11-05 17:55:09.320304,0 days 00:11:41.767158,3.0,4.0,512.0,0.0027032585250439,707.0,5.0,0.01,,,,PRUNED,0.0123418131843209,,,,
44027.0,year,2.0,92.0,0.0114252157509326,2022-11-05 17:55:09.320755,2022-11-05 17:59:43.845563,0 days 00:04:34.524808,1.0,3.0,1024.0,0.0302049397193645,581.0,6.0,1.0,,,,PRUNED,0.0116916876286268,0.0114252157509326,,,
44027.0,year,2.0,93.0,0.0157706644386053,2022-11-05 17:59:43.845976,2022-11-05 18:01:10.131402,0 days 00:01:26.285426,1.0,2.0,1024.0,0.0939769260247422,372.0,7.0,1.0,,,,PRUNED,0.0157706644386053,,,,
44027.0,year,2.0,94.0,0.0113075179979205,2022-11-05 18:01:10.131794,2022-11-05 18:06:05.005605,0 days 00:04:54.873811,1.0,3.0,2048.0,0.0190711365356049,140.0,5.0,0.2,18.0,,,COMPLETE,0.0117642981931567,,,,
44027.0,year,2.0,95.0,0.0155094778165221,2022-11-05 18:06:05.006179,2022-11-05 18:07:53.108405,0 days 00:01:48.102226,1.0,4.0,1024.0,0.0510801844668599,455.0,8.0,1.0,,,,PRUNED,0.0155094778165221,,,,
44027.0,year,2.0,96.0,0.0111574511975049,2022-11-05 18:07:53.108862,2022-11-05 18:14:55.606766,0 days 00:07:02.497904,1.0,3.0,2048.0,0.0183044530254106,142.0,5.0,0.2,28.0,,,COMPLETE,0.0117889242246747,0.0111574511975049,,,
44027.0,year,2.0,97.0,0.0112726977095007,2022-11-05 18:14:55.607359,2022-11-05 18:25:24.347831,0 days 00:10:28.740472,1.0,3.0,512.0,0.0107673648068292,187.0,5.0,0.2,16.0,,,COMPLETE,,,,,
44027.0,year,2.0,98.0,0.0116537362337112,2022-11-05 18:25:24.348401,2022-11-05 18:32:57.171524,0 days 00:07:32.823123,1.0,1.0,1024.0,0.0103287226298195,104.0,9.0,0.01,,,,PRUNED,0.0116537362337112,,,,
44027.0,year,2.0,99.0,0.0124425394460558,2022-11-05 18:32:57.171953,2022-11-05 18:34:18.045388,0 days 00:01:20.873435,1.0,3.0,1024.0,0.0061311441139445,326.0,5.0,1.0,,,,PRUNED,0.0124425394460558,,,,
44027.0,year,3.0,0.0,,2022-11-05 19:51:37.581100,,,3.0,1.0,1024.0,0.001,200.0,8.0,0.05,,,,RUNNING,0.0146874925121665,,,"{'n_dspp_layers': 3, 'n_dspp_out': 1, 'num_inducing': 200, 'batch_size': 1024, 'lr': 0.001, 'num_quadrature_sites': 8, 'beta': 0.05}",
44027.0,year,3.0,0.0,0.0115128830075263,2022-11-05 19:56:24.246602,2022-11-05 20:26:27.502419,0 days 00:30:03.255817,3.0,1.0,1024.0,0.001,200.0,8.0,0.05,46.0,,,COMPLETE,,,,"{'n_dspp_layers': 3, 'n_dspp_out': 1, 'num_inducing': 200, 'batch_size': 1024, 'lr': 0.001, 'num_quadrature_sites': 8, 'beta': 0.05}",
44027.0,year,3.0,1.0,0.0113524040207266,2022-11-05 20:26:27.503004,2022-11-05 20:56:35.173259,0 days 00:30:07.670255,2.0,1.0,2048.0,0.0010233676470986,126.0,10.0,0.05,87.0,,,COMPLETE,0.0150161273777484,0.0145836863666772,0.0121903605759143,,0.0114146498963236
44027.0,year,3.0,2.0,0.1635511666536331,2022-11-05 20:56:35.173877,2022-11-05 20:57:35.377966,0 days 00:01:00.204089,1.0,1.0,1024.0,0.0001274044599232,50.0,7.0,0.2,,,,PRUNED,0.1635511666536331,,,,
44027.0,year,3.0,3.0,0.011386620812118,2022-11-05 20:57:35.378345,2022-11-05 21:02:44.081764,0 days 00:05:08.703419,1.0,2.0,512.0,0.0478181604938704,155.0,5.0,0.05,6.0,,,COMPLETE,0.0115642817690968,,,,
44027.0,year,3.0,4.0,0.0113955168053507,2022-11-05 21:02:44.082431,2022-11-05 21:33:03.642265,0 days 00:30:19.559834,2.0,1.0,1024.0,0.0004839548379124,60.0,10.0,0.01,75.0,,,COMPLETE,0.0147612411528825,0.0135276261717081,0.0121779218316078,,
44027.0,year,3.0,5.0,0.0121078696101903,2022-11-05 21:33:03.642965,2022-11-05 22:03:24.265304,0 days 00:30:20.622339,1.0,1.0,512.0,0.0001245887167206,91.0,5.0,0.01,66.0,,,COMPLETE,0.0135777983814477,,,,
44027.0,year,3.0,6.0,0.0108177624642848,2022-11-05 22:03:24.265919,2022-11-05 22:19:53.315650,0 days 00:16:29.049731,1.0,3.0,2048.0,0.0037926785738576,108.0,7.0,0.2,70.0,,,COMPLETE,0.0126351965591311,0.0115076471120119,0.0111131276935338,,
44027.0,year,3.0,7.0,0.0110344812273979,2022-11-05 22:19:53.316252,2022-11-05 22:30:39.148547,0 days 00:10:45.832295,3.0,1.0,1024.0,0.0232333233474722,72.0,5.0,1.0,18.0,,,COMPLETE,0.0111334258690476,,,,
44027.0,year,3.0,8.0,0.0128175150603055,2022-11-05 22:30:39.149186,2022-11-05 22:34:29.038884,0 days 00:03:49.889698,2.0,1.0,1024.0,0.0010799862413057,140.0,5.0,0.2,,,,PRUNED,0.0128175150603055,,,,
44027.0,year,3.0,9.0,0.0174658149480819,2022-11-05 22:34:29.039266,2022-11-05 22:36:06.350199,0 days 00:01:37.310933,1.0,4.0,2048.0,0.0018089644254231,460.0,10.0,0.2,,,,PRUNED,0.0174658149480819,,,,
44027.0,year,3.0,10.0,0.0150089720264077,2022-11-05 22:36:06.350617,2022-11-05 22:44:50.506646,0 days 00:08:44.156029,2.0,4.0,1024.0,0.0005593130206076,85.0,8.0,1.0,13.0,,,COMPLETE,,,,,
44027.0,year,3.0,11.0,0.0111415442079305,2022-11-05 22:44:50.507250,2022-11-05 22:50:15.930101,0 days 00:05:25.422851,1.0,2.0,512.0,0.019632918477994,68.0,8.0,0.2,7.0,,,COMPLETE,0.0114233884960412,0.0112021202221512,,,
44027.0,year,3.0,12.0,0.0109869828447699,2022-11-05 22:50:15.930721,2022-11-05 23:02:07.639011,0 days 00:11:51.708290,1.0,1.0,2048.0,0.0100940503448709,91.0,6.0,0.01,56.0,,,COMPLETE,,,,,
44027.0,year,3.0,13.0,0.0162867438048124,2022-11-05 23:02:07.639646,2022-11-05 23:03:46.356775,0 days 00:01:38.717129,1.0,4.0,1024.0,0.0002596690186956,388.0,8.0,0.01,,,,PRUNED,0.0162867438048124,,,,
44027.0,year,3.0,14.0,0.013819052837789,2022-11-05 23:03:46.357177,2022-11-05 23:09:24.526436,0 days 00:05:38.169259,1.0,2.0,2048.0,0.0002550564164765,138.0,5.0,0.05,,,,PRUNED,0.013819052837789,,,,
44027.0,year,3.0,15.0,0.0112295355647802,2022-11-05 23:09:24.526805,2022-11-05 23:14:02.385919,0 days 00:04:37.859114,1.0,1.0,2048.0,0.0510444387146339,251.0,8.0,0.05,15.0,,,COMPLETE,,,,,
44027.0,year,3.0,16.0,0.0109231257811188,2022-11-05 23:14:02.386516,2022-11-05 23:24:55.064562,0 days 00:10:52.678046,1.0,2.0,512.0,0.0057470696549299,61.0,10.0,0.01,20.0,,,COMPLETE,0.0110762966796755,,,,
44027.0,year,3.0,17.0,,2022-11-05 23:24:55.065175,2022-11-05 23:24:55.563693,0 days 00:00:00.498518,3.0,4.0,2048.0,0.0328188580585541,774.0,10.0,0.01,,,,FAIL,,,,,
44027.0,year,4.0,0.0,0.0114001641049981,2022-11-05 23:53:33.290728,2022-11-06 00:23:53.599727,0 days 00:30:20.308999,3.0,1.0,1024.0,0.001,200.0,8.0,0.05,46.0,,,COMPLETE,0.0117982365190982,,,"{'n_dspp_layers': 3, 'n_dspp_out': 1, 'num_inducing': 200, 'batch_size': 1024, 'lr': 0.001, 'num_quadrature_sites': 8, 'beta': 0.05}",
44027.0,year,4.0,1.0,0.01506133005023,2022-11-06 00:23:53.600282,2022-11-06 00:32:47.883759,0 days 00:08:54.283477,2.0,4.0,1024.0,0.0682959864204327,458.0,7.0,0.01,3.0,,,COMPLETE,0.0150761567056179,,,,
44027.0,year,4.0,2.0,0.0150613877922296,2022-11-06 00:32:47.884344,2022-11-06 00:42:41.072128,0 days 00:09:53.187784,3.0,4.0,512.0,0.0008651010512367,154.0,8.0,0.05,4.0,,,COMPLETE,0.0150613877922296,,,,
44027.0,year,4.0,3.0,0.0111227007582783,2022-11-06 00:42:41.072696,2022-11-06 00:54:47.370572,0 days 00:12:06.297876,2.0,1.0,2048.0,0.0133181995074036,101.0,9.0,0.05,34.0,,,COMPLETE,0.0111864916980266,,,,
44027.0,year,4.0,4.0,0.0111693777143955,2022-11-06 00:54:47.371107,2022-11-06 01:03:07.699941,0 days 00:08:20.328834,1.0,1.0,2048.0,0.01282637110859,516.0,7.0,0.2,25.0,,,COMPLETE,0.0127758616581559,0.0116823958232998,0.0114811901003122,,
44027.0,year,4.0,5.0,0.0116287246346473,2022-11-06 01:03:07.700494,2022-11-06 01:09:26.611948,0 days 00:06:18.911454,1.0,1.0,512.0,0.0401101635632943,55.0,10.0,0.01,10.0,,,COMPLETE,,,,,
44027.0,year,4.0,6.0,0.012037462554872,2022-11-06 01:09:26.612487,2022-11-06 01:13:47.929422,0 days 00:04:21.316935,1.0,1.0,512.0,0.056661045715337,93.0,6.0,0.2,,,,PRUNED,0.0114632444456219,0.012037462554872,,,
44027.0,year,4.0,7.0,0.0110087562352418,2022-11-06 01:13:47.929812,2022-11-06 01:36:41.053169,0 days 00:22:53.123357,3.0,1.0,1024.0,0.008216294555376,73.0,9.0,0.05,41.0,,,COMPLETE,0.0115595962852239,0.0111484369263052,,,
44027.0,year,4.0,8.0,0.0127272652462124,2022-11-06 01:36:41.053723,2022-11-06 01:38:23.756938,0 days 00:01:42.703215,2.0,1.0,1024.0,0.0070839078722556,180.0,8.0,0.2,,,,PRUNED,0.0127272652462124,,,,
44027.0,year,4.0,9.0,0.0152303138747811,2022-11-06 01:38:23.757337,2022-11-06 01:42:33.436547,0 days 00:04:09.679210,1.0,1.0,512.0,0.0001867132345531,63.0,6.0,0.01,,,,PRUNED,0.0152303138747811,,,,
44027.0,year,4.0,10.0,0.0111315604299306,2022-11-06 01:42:33.436939,2022-11-06 01:49:18.089023,0 days 00:06:44.652084,2.0,1.0,2048.0,0.0353826441318835,162.0,6.0,0.01,18.0,,,COMPLETE,,,,,
44027.0,year,4.0,11.0,0.0243630111217498,2022-11-06 01:49:18.089578,2022-11-06 01:51:32.766916,0 days 00:02:14.677338,1.0,1.0,512.0,0.0001136377668035,354.0,7.0,0.05,,,,PRUNED,0.0243630111217498,,,,
44027.0,year,4.0,12.0,0.010885220952332,2022-11-06 01:51:32.767316,2022-11-06 01:58:22.784894,0 days 00:06:50.017578,1.0,4.0,2048.0,0.0120602620922198,101.0,7.0,1.0,25.0,,,COMPLETE,0.0112143708392977,0.0109075279906392,,,
44027.0,year,4.0,13.0,0.014473014511168,2022-11-06 01:58:22.785444,2022-11-06 01:59:31.722661,0 days 00:01:08.937217,1.0,1.0,1024.0,0.0010590441326806,170.0,10.0,0.2,,,,PRUNED,0.014473014511168,,,,
44027.0,year,4.0,14.0,0.015069281682372,2022-11-06 01:59:31.723037,2022-11-06 02:00:42.712330,0 days 00:01:10.989293,2.0,2.0,2048.0,0.0118120910085411,71.0,5.0,0.2,,,,PRUNED,0.015069281682372,,,,
44027.0,year,4.0,15.0,0.0116251455619931,2022-11-06 02:00:42.712709,2022-11-06 02:03:36.233461,0 days 00:02:53.520752,2.0,1.0,2048.0,0.0445444947300717,139.0,6.0,0.2,,,,PRUNED,0.0116251455619931,,,,
44027.0,year,4.0,16.0,0.0353844836354255,2022-11-06 02:03:36.233872,2022-11-06 02:07:24.653620,0 days 00:03:48.419748,2.0,2.0,2048.0,0.000280201082959,680.0,10.0,0.2,,,,PRUNED,0.0353844836354255,,,,
44027.0,year,4.0,17.0,0.0112877180799841,2022-11-06 02:07:24.654010,2022-11-06 02:12:58.391565,0 days 00:05:33.737555,1.0,4.0,1024.0,0.0031196033708513,587.0,9.0,1.0,,,,PRUNED,0.0112877180799841,,,,
44027.0,year,4.0,18.0,0.0509360916912555,2022-11-06 02:12:58.391915,2022-11-06 02:14:14.869486,0 days 00:01:16.477571,2.0,1.0,2048.0,0.0003113923403085,160.0,8.0,0.05,,,,PRUNED,0.0509360916912555,,,,
44027.0,year,4.0,19.0,0.0110539179295301,2022-11-06 02:14:14.869868,2022-11-06 02:23:16.764823,0 days 00:09:01.894955,1.0,2.0,2048.0,0.0182484318006601,767.0,5.0,1.0,22.0,,,COMPLETE,0.0120488870888948,0.0113725047558546,,,
44027.0,year,4.0,20.0,0.0116404239088296,2022-11-06 02:23:16.765368,2022-11-06 02:26:34.964369,0 days 00:03:18.199001,1.0,2.0,2048.0,0.0141203344955148,746.0,5.0,1.0,,,,PRUNED,0.0119893606752157,0.0116404239088296,,,
44027.0,year,4.0,21.0,0.0125793134793639,2022-11-06 02:26:34.964687,2022-11-06 02:45:56.367402,0 days 00:19:21.402715,1.0,1.0,2048.0,0.0004305362835616,204.0,10.0,0.05,77.0,,,COMPLETE,,,,,
44027.0,year,4.0,22.0,0.0120136057958006,2022-11-06 02:45:56.367947,2022-11-06 02:48:31.770819,0 days 00:02:35.402872,1.0,3.0,2048.0,0.0275879363145326,344.0,6.0,1.0,,,,PRUNED,0.011911479756236,0.0120136057958006,,,
44027.0,year,4.0,23.0,0.0132372118532657,2022-11-06 02:48:31.771165,2022-11-06 02:49:38.925526,0 days 00:01:07.154361,1.0,2.0,2048.0,0.0030372010143838,505.0,6.0,1.0,,,,PRUNED,0.0132372118532657,,,,
44027.0,year,4.0,24.0,0.0150615880265831,2022-11-06 02:49:38.925885,2022-11-06 02:53:29.182205,0 days 00:03:50.256320,3.0,3.0,2048.0,0.0041031546828368,282.0,9.0,0.01,,,,PRUNED,0.0150615880265831,,,,
44027.0,year,4.0,25.0,0.0110884131863713,2022-11-06 02:53:29.182583,2022-11-06 02:59:59.971515,0 days 00:06:30.788932,1.0,3.0,2048.0,0.0277742136951139,789.0,5.0,1.0,12.0,,,COMPLETE,0.0116632087156176,0.0115048224106431,,,
44027.0,year,4.0,26.0,0.0126951299607753,2022-11-06 02:59:59.972088,2022-11-06 03:01:30.732353,0 days 00:01:30.760265,1.0,3.0,2048.0,0.0309895042384143,785.0,5.0,1.0,,,,PRUNED,0.0126951299607753,,,,
44027.0,year,4.0,27.0,0.0150782279670238,2022-11-06 03:01:30.732743,2022-11-06 03:03:57.619514,0 days 00:02:26.886771,3.0,3.0,2048.0,0.0933315515482082,258.0,5.0,1.0,,,,PRUNED,0.0150782279670238,,,,
44027.0,year,4.0,28.0,0.0122090801596641,2022-11-06 03:03:57.619890,2022-11-06 03:06:43.469948,0 days 00:02:45.850058,1.0,2.0,1024.0,0.027224002585039,111.0,6.0,1.0,,,,PRUNED,0.011876692995429,0.0122090801596641,,,
44027.0,year,4.0,29.0,0.0150645710527896,2022-11-06 03:06:43.470297,2022-11-06 03:13:05.500243,0 days 00:06:22.029946,2.0,4.0,512.0,0.004357386969444,584.0,5.0,1.0,,,,PRUNED,0.0150645710527896,,,,
44027.0,year,4.0,30.0,0.0932165458798408,2022-11-06 03:13:05.500589,2022-11-06 03:19:40.805132,0 days 00:06:35.304543,1.0,4.0,512.0,0.0001029196462949,375.0,8.0,0.01,,,,PRUNED,0.0932165458798408,,,,
44027.0,year,4.0,31.0,0.0139212477952241,2022-11-06 03:19:40.805509,2022-11-06 03:20:46.365560,0 days 00:01:05.560051,1.0,3.0,2048.0,0.0020249143050477,393.0,6.0,1.0,,,,PRUNED,0.0139212477952241,,,,
44027.0,year,4.0,32.0,0.0115562686696648,2022-11-06 03:20:46.365970,2022-11-06 03:23:54.046169,0 days 00:03:07.680199,1.0,2.0,2048.0,0.0130353149537606,570.0,7.0,0.01,,,,PRUNED,0.0123657584190368,0.0115562686696648,,,
44027.0,year,4.0,33.0,0.0134690972045063,2022-11-06 03:23:54.046547,2022-11-06 03:54:08.107906,0 days 00:30:14.061359,2.0,4.0,2048.0,0.0001050886309728,169.0,6.0,0.2,61.0,,,COMPLETE,,,,,
44027.0,year,4.0,34.0,0.0112149752676486,2022-11-06 03:54:08.108456,2022-11-06 04:03:12.450970,0 days 00:09:04.342514,1.0,3.0,2048.0,0.0410837263702365,798.0,9.0,0.2,13.0,,,COMPLETE,0.0121245635673403,0.0112489247694611,,,
44027.0,year,4.0,35.0,0.0126939639449119,2022-11-06 04:03:12.451522,2022-11-06 04:04:29.152284,0 days 00:01:16.700762,1.0,2.0,2048.0,0.0084816720730445,588.0,7.0,1.0,,,,PRUNED,0.0126939639449119,,,,
44027.0,year,4.0,36.0,0.0108788451179862,2022-11-06 04:04:29.152670,2022-11-06 04:11:47.440890,0 days 00:07:18.288220,1.0,4.0,2048.0,0.0184405113985476,433.0,5.0,1.0,21.0,,,COMPLETE,0.0116532631218433,0.0111894095316529,,,
44027.0,year,4.0,37.0,0.0127487732097506,2022-11-06 04:11:47.441432,2022-11-06 04:12:44.664549,0 days 00:00:57.223117,1.0,4.0,2048.0,0.0221684263815844,252.0,5.0,1.0,,,,PRUNED,0.0127487732097506,,,,
44027.0,year,4.0,38.0,0.0110306702554225,2022-11-06 04:12:44.664916,2022-11-06 04:33:04.143323,0 days 00:20:19.478407,2.0,2.0,512.0,0.0043832802294084,258.0,7.0,1.0,20.0,,,COMPLETE,0.0112420134246349,,,,
44027.0,year,4.0,39.0,0.0113440603017807,2022-11-06 04:33:04.143847,2022-11-06 04:38:59.165911,0 days 00:05:55.022064,1.0,1.0,1024.0,0.0199755107701099,702.0,5.0,0.2,9.0,,,COMPLETE,,,,,
44027.0,year,4.0,40.0,0.0113834114745259,2022-11-06 04:38:59.166437,2022-11-06 04:41:54.841595,0 days 00:02:55.675158,1.0,4.0,2048.0,0.0473437806529911,426.0,6.0,1.0,,,,PRUNED,0.0117607284337282,0.0113834114745259,,,
44027.0,year,4.0,41.0,0.015054072253406,2022-11-06 04:41:54.841930,2022-11-06 04:44:26.598255,0 days 00:02:31.756325,1.0,1.0,1024.0,0.0003535725915336,53.0,7.0,0.2,,,,PRUNED,0.015054072253406,,,,
44027.0,year,4.0,42.0,0.0111697632819414,2022-11-06 04:44:26.598618,2022-11-06 04:50:35.076164,0 days 00:06:08.477546,1.0,3.0,512.0,0.0206768972642361,638.0,5.0,1.0,3.0,,,COMPLETE,0.0112460432574152,,,,
44027.0,year,4.0,43.0,0.010653487406671,2022-11-06 04:50:35.076704,2022-11-06 05:10:35.112480,0 days 00:20:00.035776,2.0,4.0,1024.0,0.0067345381927366,300.0,5.0,1.0,28.0,,,COMPLETE,0.011753580532968,0.0111192893236875,0.010653487406671,,
44027.0,year,4.0,44.0,0.0120661165565252,2022-11-06 05:10:35.113066,2022-11-06 05:14:29.257470,0 days 00:03:54.144404,3.0,4.0,1024.0,0.0064110471640149,302.0,6.0,0.01,,,,PRUNED,0.0120661165565252,,,,
44027.0,year,4.0,45.0,0.0129006654024124,2022-11-06 05:14:29.257839,2022-11-06 05:16:35.216852,0 days 00:02:05.959013,2.0,4.0,1024.0,0.0015808336937873,228.0,5.0,1.0,,,,PRUNED,0.0129006654024124,,,,
44027.0,year,4.0,46.0,0.0151197751984,2022-11-06 05:16:35.217283,2022-11-06 05:19:59.455765,0 days 00:03:24.238482,2.0,4.0,1024.0,0.0873382032291758,458.0,5.0,1.0,,,,PRUNED,0.0151197751984,,,,
44027.0,year,4.0,47.0,0.0184370279312133,2022-11-06 05:19:59.456112,2022-11-06 05:25:44.307515,0 days 00:05:44.851403,1.0,2.0,1024.0,0.0001039630813461,667.0,9.0,0.01,,,,PRUNED,0.0184370279312133,,,,
44027.0,year,4.0,48.0,0.0106985662132501,2022-11-06 05:25:44.307925,2022-11-06 05:44:17.949619,0 days 00:18:33.641694,3.0,3.0,1024.0,0.0192912568662287,212.0,5.0,1.0,,,,PRUNED,0.0119810113683342,0.0109007274731993,0.0106985662132501,,
44027.0,year,4.0,49.0,0.0108697153627872,2022-11-06 05:44:17.949955,2022-11-06 06:06:15.422630,0 days 00:21:57.472675,2.0,4.0,1024.0,0.0085143200152278,472.0,6.0,0.05,18.0,,,COMPLETE,0.0116629786789417,0.0111123342067003,,,
44027.0,year,4.0,50.0,0.015066054649651,2022-11-06 06:06:15.423194,2022-11-06 06:09:12.266247,0 days 00:02:56.843053,2.0,4.0,1024.0,0.0052772075477229,356.0,6.0,0.05,,,,PRUNED,0.015066054649651,,,,
44027.0,year,4.0,51.0,0.0150634804740548,2022-11-06 06:09:12.266617,2022-11-06 06:15:48.279769,0 days 00:06:36.013152,3.0,4.0,1024.0,0.0104099740288605,486.0,6.0,0.05,,,,PRUNED,0.0150634804740548,,,,
44027.0,year,4.0,52.0,0.011294218711555,2022-11-06 06:15:48.280117,2022-11-06 06:21:19.547199,0 days 00:05:31.267082,1.0,1.0,512.0,0.0065826521897636,356.0,10.0,0.01,,,,PRUNED,0.011294218711555,,,,
44027.0,year,4.0,53.0,0.0150623200461268,2022-11-06 06:21:19.547630,2022-11-06 06:24:49.860946,0 days 00:03:30.313316,2.0,3.0,2048.0,0.0752355755434246,122.0,5.0,1.0,5.0,,,COMPLETE,,,,,
44027.0,year,4.0,54.0,0.0109955770894885,2022-11-06 06:24:49.861522,2022-11-06 06:30:27.411067,0 days 00:05:37.549545,1.0,4.0,1024.0,0.0310143084320657,188.0,9.0,0.05,13.0,,,COMPLETE,,,,,
44027.0,year,4.0,55.0,0.0118019422516226,2022-11-06 06:30:27.411636,2022-11-06 06:35:28.084084,0 days 00:05:00.672448,3.0,2.0,2048.0,0.0205742664206356,94.0,8.0,0.05,,,,PRUNED,0.0118019422516226,,,,
44027.0,year,4.0,56.0,0.0112700378522276,2022-11-06 06:35:28.084444,2022-11-06 06:43:10.573692,0 days 00:07:42.489248,3.0,1.0,2048.0,0.0190840133133707,80.0,5.0,0.05,18.0,,,COMPLETE,,,,,
44027.0,year,4.0,57.0,0.0121167777106165,2022-11-06 06:43:10.574264,2022-11-06 06:46:10.720556,0 days 00:03:00.146292,2.0,4.0,1024.0,0.0027403864941567,313.0,7.0,0.05,,,,PRUNED,0.0121167777106165,,,,
44027.0,year,4.0,58.0,0.0139331463724374,2022-11-06 06:46:10.720954,2022-11-06 06:55:49.212080,0 days 00:09:38.491126,1.0,3.0,2048.0,0.0001814593671298,685.0,5.0,1.0,,,,PRUNED,0.0139331463724374,,,,
44027.0,year,4.0,59.0,0.0107473619282245,2022-11-06 06:55:49.212453,2022-11-06 07:16:43.312584,0 days 00:20:54.100131,2.0,4.0,1024.0,0.0073202810498699,403.0,6.0,0.05,20.0,,,COMPLETE,0.0113987773656845,0.0110687902197241,,,
44027.0,year,5.0,0.0,0.011724505573511124,2022-11-06 08:01:23.907230,2022-11-06 08:31:45.007703,0 days 00:30:21.100473,3.0,1.0,1024.0,0.001,200.0,8.0,0.05,46.0,,,COMPLETE,0.015039939433336258,0.013786978088319302,0.012292858213186264,"{'n_dspp_layers': 3, 'n_dspp_out': 1, 'num_inducing': 200, 'batch_size': 1024, 'lr': 0.001, 'num_quadrature_sites': 8, 'beta': 0.05}",
44027.0,year,5.0,1.0,0.01121190283447504,2022-11-06 08:31:45.008297,2022-11-06 08:37:09.019874,0 days 00:05:24.011577,1.0,1.0,1024.0,0.022863918146740683,93.0,10.0,1.0,15.0,,,COMPLETE,,,,,
44027.0,year,5.0,2.0,0.011179558001458645,2022-11-06 08:37:09.020413,2022-11-06 08:45:11.664733,0 days 00:08:02.644320,2.0,1.0,1024.0,0.020962429210839528,142.0,8.0,0.2,14.0,,,COMPLETE,,,,,
44027.0,year,5.0,3.0,0.014114336110651493,2022-11-06 08:45:11.665280,2022-11-06 08:50:44.857199,0 days 00:05:33.191919,1.0,2.0,512.0,0.00018022625391656713,301.0,10.0,0.01,,,,PRUNED,0.015030467882752419,0.014114336110651493,,,
44027.0,year,5.0,4.0,0.011152656748890877,2022-11-06 08:50:44.857539,2022-11-06 09:20:59.149068,0 days 00:30:14.291529,3.0,1.0,1024.0,0.0026036392029284397,91.0,10.0,0.05,54.0,,,COMPLETE,0.014510182663798332,0.012562226504087448,0.011441897600889206,,
44027.0,year,5.0,5.0,0.011168285273015499,2022-11-06 09:20:59.149657,2022-11-06 09:29:56.294632,0 days 00:08:57.144975,1.0,2.0,2048.0,0.029080978260158187,575.0,9.0,0.05,19.0,,,COMPLETE,0.012992088682949543,0.011475560255348682,,,
44027.0,year,5.0,6.0,0.010904361493885517,2022-11-06 09:29:56.295232,2022-11-06 09:38:42.160946,0 days 00:08:45.865714,1.0,3.0,1024.0,0.007164369331140542,233.0,9.0,0.2,22.0,,,COMPLETE,,,,,
44027.0,year,5.0,7.0,0.011004479601979256,2022-11-06 09:38:42.161475,2022-11-06 09:50:31.717639,0 days 00:11:49.556164,1.0,3.0,512.0,0.008213915301851973,64.0,9.0,0.05,22.0,,,COMPLETE,,,,,
44027.0,year,5.0,8.0,0.011389276944100857,2022-11-06 09:50:31.718195,2022-11-06 09:57:38.784924,0 days 00:07:07.066729,2.0,2.0,512.0,0.0506707519429806,62.0,10.0,0.01,6.0,,,COMPLETE,0.012313326820731163,,,,
44027.0,year,5.0,9.0,0.01512450072914362,2022-11-06 09:57:38.785471,2022-11-06 09:59:51.186431,0 days 00:02:12.400960,3.0,2.0,1024.0,0.0003535213756898845,59.0,9.0,1.0,,,,PRUNED,0.01512450072914362,,,,
44027.0,year,5.0,10.0,0.011500995606184006,2022-11-06 09:59:51.186841,2022-11-06 10:03:09.140817,0 days 00:03:17.953976,1.0,1.0,2048.0,0.013610140414858897,560.0,9.0,0.2,,,,PRUNED,0.012514489702880383,0.011500995606184006,,,
44027.0,year,5.0,11.0,0.011585118249058723,2022-11-06 10:03:09.141196,2022-11-06 10:13:42.060403,0 days 00:10:32.919207,2.0,2.0,1024.0,0.004562447454346641,795.0,6.0,0.05,,,,PRUNED,0.012284083291888237,0.011585118249058723,,,
44027.0,year,5.0,12.0,0.010844044387340546,2022-11-06 10:13:42.060782,2022-11-06 10:26:32.887495,0 days 00:12:50.826713,1.0,4.0,2048.0,0.004637168591247847,163.0,10.0,1.0,44.0,,,COMPLETE,,,,,
44027.0,year,5.0,13.0,0.01273303758352995,2022-11-06 10:26:32.888047,2022-11-06 10:28:04.701162,0 days 00:01:31.813115,2.0,1.0,1024.0,0.0024723742883779316,55.0,10.0,0.05,,,,PRUNED,0.01273303758352995,,,,
44027.0,year,5.0,14.0,0.010967730544507504,2022-11-06 10:28:04.701510,2022-11-06 10:56:05.191169,0 days 00:28:00.489659,3.0,2.0,512.0,0.006661983824680261,86.0,7.0,0.05,27.0,,,COMPLETE,0.01168023981153965,0.011183582246303558,0.011000817641615868,,
44027.0,year,5.0,15.0,0.015033106319606304,2022-11-06 10:56:05.191722,2022-11-06 10:58:29.262432,0 days 00:02:24.070710,2.0,3.0,1024.0,0.05736695431857235,267.0,7.0,0.05,,,,PRUNED,0.015033106319606304,,,,
44027.0,year,5.0,16.0,0.015053785406053066,2022-11-06 10:58:29.262856,2022-11-06 11:01:18.588487,0 days 00:02:49.325631,2.0,4.0,512.0,0.009495502818717496,115.0,5.0,0.2,,,,PRUNED,0.015053785406053066,,,,
44027.0,year,5.0,17.0,0.012771869078278542,2022-11-06 11:01:18.588873,2022-11-06 11:31:23.002627,0 days 00:30:04.413754,1.0,1.0,1024.0,0.00010920011018016593,447.0,5.0,1.0,87.0,,,COMPLETE,0.01298358105123043,,,,
44027.0,year,5.0,18.0,0.01336180604994297,2022-11-06 11:31:23.003218,2022-11-06 11:34:49.363033,0 days 00:03:26.359815,3.0,1.0,512.0,0.001744752506853833,101.0,7.0,0.01,,,,PRUNED,0.01336180604994297,,,,
44027.0,year,5.0,19.0,0.01077912375330925,2022-11-06 11:34:49.363434,2022-11-06 11:58:00.742411,0 days 00:23:11.378977,3.0,3.0,512.0,0.008061664327477666,94.0,6.0,1.0,21.0,,,COMPLETE,0.011460797861218452,0.011265935376286507,,,
44027.0,year,5.0,20.0,0.010737862437963486,2022-11-06 11:58:00.742974,2022-11-06 12:12:02.188459,0 days 00:14:01.445485,2.0,3.0,512.0,0.010292343772809109,141.0,5.0,1.0,15.0,,,COMPLETE,0.011863711290061474,0.011084426194429398,,,
44027.0,year,5.0,21.0,0.015041065402328968,2022-11-06 12:12:02.188997,2022-11-06 12:14:58.209068,0 days 00:02:56.020071,2.0,4.0,512.0,0.0925249540588093,152.0,5.0,1.0,,,,PRUNED,0.015041065402328968,,,,
44027.0,year,5.0,22.0,0.011071322485804558,2022-11-06 12:14:58.209437,2022-11-06 12:27:40.305557,0 days 00:12:42.096120,1.0,2.0,512.0,0.0032469273626997822,93.0,6.0,1.0,23.0,,,COMPLETE,0.011280158534646034,,,,
44027.0,year,5.0,23.0,0.011953650042414665,2022-11-06 12:27:40.306090,2022-11-06 12:34:54.983625,0 days 00:07:14.677535,2.0,3.0,512.0,0.023815961826318333,152.0,6.0,1.0,,,,PRUNED,0.011519867926836014,0.011953650042414665,,,
44027.0,year,5.0,24.0,0.014042758382856846,2022-11-06 12:34:54.983968,2022-11-06 12:39:26.224862,0 days 00:04:31.240894,2.0,4.0,2048.0,0.0005369492035771334,114.0,7.0,0.05,,,,PRUNED,0.014042758382856846,,,,
44027.0,year,5.0,25.0,0.011985914781689644,2022-11-06 12:39:26.225254,2022-11-06 13:09:28.167703,0 days 00:30:01.942449,1.0,2.0,1024.0,0.00010024194530333944,62.0,8.0,1.0,107.0,,,COMPLETE,0.014568979851901531,0.012418474070727825,,,
44027.0,year,5.0,26.0,0.013618126511573792,2022-11-06 13:09:28.168262,2022-11-06 13:12:08.213805,0 days 00:02:40.045543,2.0,3.0,512.0,0.000938848956583604,71.0,6.0,1.0,,,,PRUNED,0.013618126511573792,,,,
44027.0,year,5.0,27.0,0.010814359411597252,2022-11-06 13:12:08.214190,2022-11-06 13:28:59.637938,0 days 00:16:51.423748,3.0,3.0,512.0,0.020689579360147724,142.0,5.0,1.0,13.0,,,COMPLETE,0.011500895023345947,0.011006427928805351,,,
44027.0,year,5.0,28.0,0.011262822896242142,2022-11-06 13:28:59.638484,2022-11-06 13:33:57.335243,0 days 00:04:57.696759,1.0,1.0,1024.0,0.040019235947150546,434.0,10.0,0.2,7.0,,,COMPLETE,,,,,
44027.0,year,5.0,29.0,0.014844642952084541,2022-11-06 13:33:57.335779,2022-11-06 13:36:06.287324,0 days 00:02:08.951545,2.0,4.0,2048.0,0.006215814807552736,257.0,6.0,1.0,,,,PRUNED,0.014844642952084541,,,,
44027.0,year,5.0,30.0,0.015031623654067516,2022-11-06 13:36:06.287758,2022-11-06 13:40:02.374153,0 days 00:03:56.086395,3.0,3.0,512.0,0.01559153278117786,186.0,5.0,1.0,,,,PRUNED,0.015031623654067516,,,,
44027.0,year,5.0,31.0,0.011715701781213284,2022-11-06 13:40:02.374530,2022-11-06 13:46:06.509711,0 days 00:06:04.135181,1.0,4.0,512.0,0.042726359827586186,338.0,6.0,1.0,,,,PRUNED,0.011549949645996094,0.011715701781213284,,,
44027.0,year,5.0,32.0,0.015048162080347538,2022-11-06 13:46:06.510068,2022-11-06 13:49:45.161462,0 days 00:03:38.651394,3.0,3.0,512.0,0.015050228543503762,125.0,5.0,1.0,,,,PRUNED,0.015048162080347538,,,,
44027.0,year,5.0,33.0,0.015036026947200298,2022-11-06 13:49:45.161844,2022-11-06 13:53:30.204229,0 days 00:03:45.042385,3.0,3.0,512.0,0.025486073026855356,139.0,5.0,1.0,,,,PRUNED,0.015036026947200298,,,,
44027.0,year,5.0,34.0,0.010779737494885921,2022-11-06 13:53:30.204581,2022-11-06 14:15:53.487256,0 days 00:22:23.282675,3.0,3.0,512.0,0.0089878143642637,202.0,5.0,1.0,17.0,,,COMPLETE,0.011803144589066505,0.010931229218840599,,,
44027.0,year,5.0,35.0,0.012006457895040512,2022-11-06 14:15:53.487788,2022-11-06 14:22:00.371812,0 days 00:06:06.884024,2.0,2.0,2048.0,0.0020541076169265,459.0,7.0,1.0,,,,PRUNED,0.012006457895040512,,,,
44027.0,year,5.0,36.0,0.015033806674182415,2022-11-06 14:22:00.372183,2022-11-06 14:33:41.552858,0 days 00:11:41.180675,3.0,2.0,1024.0,0.0005133532948704527,492.0,7.0,1.0,,,,PRUNED,0.015033806674182415,,,,
44027.0,year,5.0,37.0,0.011225360445678234,2022-11-06 14:33:41.553286,2022-11-06 14:41:50.596135,0 days 00:08:09.042849,2.0,4.0,512.0,0.003944012529322992,200.0,6.0,0.2,,,,PRUNED,0.011512840166687965,0.011225360445678234,,,
44027.0,year,5.0,38.0,0.010939108207821846,2022-11-06 14:41:50.596533,2022-11-06 14:55:33.650307,0 days 00:13:43.053774,1.0,3.0,2048.0,0.023259044239886506,691.0,7.0,0.05,30.0,,,COMPLETE,0.011147591285407543,,,,
44027.0,year,5.0,39.0,0.011064593680202961,2022-11-06 14:55:33.650858,2022-11-06 15:22:55.204011,0 days 00:27:21.553153,1.0,2.0,1024.0,0.007504834028392979,717.0,10.0,0.05,38.0,,,COMPLETE,,,,,
44027.0,year,5.0,40.0,0.011370961554348469,2022-11-06 15:22:55.204556,2022-11-06 15:28:23.719080,0 days 00:05:28.514524,2.0,1.0,1024.0,0.013805221101145479,69.0,8.0,0.01,9.0,,,COMPLETE,0.011441930197179317,,,,
44027.0,year,5.0,41.0,0.015046774409711361,2022-11-06 15:28:23.719639,2022-11-06 15:29:59.849253,0 days 00:01:36.129614,3.0,2.0,2048.0,0.009902289934022446,71.0,5.0,0.01,,,,PRUNED,0.015046774409711361,,,,
44027.0,year,5.0,42.0,0.011456501670181751,2022-11-06 15:29:59.849609,2022-11-06 15:38:33.699694,0 days 00:08:33.850085,1.0,4.0,1024.0,0.04472379715502508,308.0,9.0,0.05,18.0,,,COMPLETE,,,,,
44027.0,year,5.0,43.0,0.01160440780222416,2022-11-06 15:38:33.700223,2022-11-06 16:01:22.449529,0 days 00:22:48.749306,3.0,1.0,512.0,0.001131905392062405,66.0,10.0,0.2,,,,PRUNED,0.01160440780222416,,,,
44027.0,year,5.0,44.0,0.015033742412924767,2022-11-06 16:01:22.449878,2022-11-06 16:05:56.364808,0 days 00:04:33.914930,2.0,3.0,512.0,0.0013589311389550762,394.0,7.0,1.0,,,,PRUNED,0.015033742412924767,,,,
44027.0,year,5.0,45.0,0.010536297224462032,2022-11-06 16:05:56.365209,2022-11-06 16:36:17.670567,0 days 00:30:21.305358,3.0,4.0,512.0,0.007589798910195879,186.0,8.0,1.0,21.0,,,COMPLETE,0.011298488825559616,0.010804664343595505,,,
44027.0,year,5.0,46.0,0.014365501701831818,2022-11-06 16:36:17.671119,2022-11-06 16:38:58.564693,0 days 00:02:40.893574,1.0,2.0,1024.0,0.0003661898987500608,60.0,8.0,0.2,,,,PRUNED,0.014365501701831818,,,,
44027.0,year,5.0,47.0,0.015063276514410973,2022-11-06 16:38:58.565061,2022-11-06 16:41:55.761324,0 days 00:02:57.196263,2.0,4.0,512.0,0.003790244203542695,104.0,8.0,1.0,,,,PRUNED,0.015063276514410973,,,,
44027.0,year,5.0,48.0,0.016174372285604477,2022-11-06 16:41:55.761694,2022-11-06 16:45:15.941827,0 days 00:03:20.180133,3.0,4.0,2048.0,0.0005985492611955507,175.0,8.0,1.0,,,,PRUNED,0.016174372285604477,,,,
44027.0,year,5.0,49.0,0.015035411342978477,2022-11-06 16:45:15.942204,2022-11-06 16:50:25.639801,0 days 00:05:09.697597,3.0,4.0,512.0,0.006446020466506029,240.0,8.0,0.01,,,,PRUNED,0.015035411342978477,,,,
44027.0,year,5.0,50.0,0.01083875261247158,2022-11-06 16:50:25.640161,2022-11-06 17:17:07.943273,0 days 00:26:42.303112,3.0,3.0,512.0,0.00909334771007937,210.0,6.0,1.0,20.0,,,COMPLETE,0.01153623592108488,0.011098459362983704,,,
44027.0,year,5.0,51.0,0.011838389560580254,2022-11-06 17:17:07.943806,2022-11-06 17:23:08.246450,0 days 00:06:00.302644,2.0,1.0,1024.0,0.06965148660786027,629.0,5.0,0.2,5.0,,,COMPLETE,,,,,
44027.0,year,5.0,52.0,0.01104703824967146,2022-11-06 17:23:08.247003,2022-11-06 17:29:19.552643,0 days 00:06:11.305640,1.0,3.0,2048.0,0.04120658032453762,213.0,9.0,0.01,19.0,,,COMPLETE,,,,,
44027.0,year,5.0,53.0,0.01506391167640686,2022-11-06 17:29:19.553234,2022-11-06 17:38:55.674872,0 days 00:09:36.121638,3.0,1.0,1024.0,0.00031134348503857284,503.0,9.0,0.2,,,,PRUNED,0.01506391167640686,,,,
44027.0,year,5.0,54.0,0.011177130974829197,2022-11-06 17:38:55.675248,2022-11-06 17:48:29.501644,0 days 00:09:33.826396,1.0,1.0,512.0,0.01016686673123873,124.0,9.0,0.01,17.0,,,COMPLETE,0.011438943445682526,,,,
44027.0,year,5.0,55.0,0.01130837295204401,2022-11-06 17:48:29.502204,2022-11-06 17:57:36.406944,0 days 00:09:06.904740,3.0,2.0,512.0,0.01136993537485875,167.0,5.0,1.0,,,,PRUNED,0.01163929421454668,0.01130837295204401,,,
44027.0,year,5.0,56.0,0.010901088826358318,2022-11-06 17:57:36.407313,2022-11-06 18:19:48.563204,0 days 00:22:12.155891,3.0,3.0,512.0,0.00540143915960068,222.0,7.0,1.0,15.0,,,COMPLETE,0.01165762823075056,0.011070077307522297,,,
44027.0,year,5.0,57.0,0.010754070244729519,2022-11-06 18:19:48.563740,2022-11-06 18:50:16.369510,0 days 00:30:27.805770,1.0,4.0,512.0,0.002447441357840562,237.0,5.0,1.0,52.0,,,COMPLETE,0.011378880590200424,0.010951029136776924,,,
44027.0,year,5.0,58.0,0.0107186920940876,2022-11-06 18:50:16.370074,2022-11-06 19:15:00.791466,0 days 00:24:44.421392,1.0,4.0,512.0,0.002446052254138071,250.0,5.0,1.0,41.0,,,COMPLETE,0.011249964125454426,0.010849442332983017,,,
44027.0,year,5.0,59.0,0.015031378716230392,2022-11-06 19:15:00.792028,2022-11-06 19:19:50.581135,0 days 00:04:49.789107,1.0,4.0,512.0,0.001966352071812328,250.0,5.0,1.0,4.0,,,COMPLETE,,,,,
