dataset_id,dataset_name,outer_cv_split,number,value,datetime_start,datetime_complete,duration,params_n_dspp_layers,params_n_dspp_out,params_batch_size,params_lr,params_num_inducing,params_num_quadrature_sites,params_beta,user_attrs_MAX_EPOCHS,user_attrs_Train_Losses,user_attrs_Val_MSE,state,system_attrs_fixed_params
216.0,k2204_PPV,1.0,0.0,0.0009563656058162,2022-10-23 15:57:48.231607,2022-10-23 16:00:33.747264,0 days 00:02:45.515657,3.0,1.0,1024.0,0.001,200.0,8.0,0.05,147.0,,,COMPLETE,"{'n_dspp_layers': 3, 'n_dspp_out': 1, 'num_inducing': 200, 'batch_size': 1024, 'lr': 0.001, 'num_quadrature_sites': 8, 'beta': 0.05}"
216.0,k2204_PPV,1.0,1.0,7.080390787450597e-05,2022-10-23 16:00:33.747861,2022-10-23 16:04:31.256666,0 days 00:03:57.508805,1.0,2.0,512.0,0.0004273949436997,104.0,9.0,0.05,310.0,,,COMPLETE,
216.0,k2204_PPV,1.0,2.0,1.9737309230549727e-05,2022-10-23 16:04:31.257205,2022-10-23 16:09:47.256203,0 days 00:05:15.998998,1.0,2.0,512.0,0.0002523377771647,523.0,6.0,0.01,297.0,,,COMPLETE,
216.0,k2204_PPV,1.0,3.0,0.000709214786184,2022-10-23 16:09:47.256725,2022-10-23 16:10:14.021978,0 days 00:00:26.765253,1.0,3.0,256.0,0.0481284801181262,84.0,6.0,0.2,16.0,,,COMPLETE,
216.0,k2204_PPV,1.0,4.0,0.0009063060279004,2022-10-23 16:10:14.022510,2022-10-23 16:10:34.940515,0 days 00:00:20.918005,1.0,5.0,1024.0,0.006673584807869,300.0,10.0,0.05,24.0,,,COMPLETE,
216.0,k2204_PPV,1.0,5.0,6.839314482931513e-05,2022-10-23 16:10:34.941016,2022-10-23 16:13:43.931092,0 days 00:03:08.990076,1.0,1.0,512.0,0.0009518885536954,601.0,7.0,0.05,170.0,,,COMPLETE,
216.0,k2204_PPV,1.0,6.0,0.0043671771418303,2022-10-23 16:13:43.931658,2022-10-23 16:13:59.693210,0 days 00:00:15.761552,2.0,1.0,256.0,0.0591120247775124,90.0,6.0,0.01,4.0,,,COMPLETE,
216.0,k2204_PPV,1.0,7.0,0.0004823250492336,2022-10-23 16:13:59.693745,2022-10-23 16:16:02.366543,0 days 00:02:02.672798,2.0,1.0,512.0,0.0017411268408456,60.0,8.0,0.2,120.0,,,COMPLETE,
216.0,k2204_PPV,1.0,8.0,0.025095488759689,2022-10-23 16:16:02.367059,2022-10-23 16:17:53.931974,0 days 00:01:51.564915,2.0,2.0,256.0,0.0005257878551671,107.0,10.0,1.0,57.0,,,COMPLETE,
216.0,k2204_PPV,1.0,9.0,0.0095253497129306,2022-10-23 16:17:53.932475,2022-10-23 16:19:16.036232,0 days 00:01:22.103757,3.0,1.0,1024.0,0.0029812746626029,450.0,7.0,1.0,56.0,,,COMPLETE,
216.0,k2204_PPV,1.0,10.0,0.1752614453434944,2022-10-23 16:19:16.036770,2022-10-23 16:29:16.618368,0 days 00:10:00.581598,4.0,4.0,512.0,0.0001158071977332,772.0,5.0,0.01,95.0,,,COMPLETE,
216.0,k2204_PPV,1.0,11.0,0.0001938565110322,2022-10-23 16:29:16.618941,2022-10-23 16:38:36.353769,0 days 00:09:19.734828,1.0,2.0,512.0,0.0001098118621669,790.0,6.0,0.01,400.0,,,COMPLETE,
216.0,k2204_PPV,1.0,12.0,6.034447869751602e-05,2022-10-23 16:38:36.354323,2022-10-23 16:43:49.711644,0 days 00:05:13.357321,1.0,3.0,512.0,0.0002947280227906,455.0,7.0,0.05,292.0,,,COMPLETE,
216.0,k2204_PPV,1.0,13.0,6.032559940649662e-05,2022-10-23 16:43:49.712194,2022-10-23 16:47:37.420977,0 days 00:03:47.708783,1.0,3.0,512.0,0.0002756093371097,365.0,5.0,0.01,245.0,,,COMPLETE,
216.0,k2204_PPV,1.0,14.0,0.0008037618827074,2022-10-23 16:47:37.421529,2022-10-23 16:48:08.828825,0 days 00:00:31.407296,2.0,3.0,512.0,0.0080778650638273,269.0,5.0,0.01,20.0,,,COMPLETE,
216.0,k2204_PPV,1.0,15.0,5.004351078241598e-05,2022-10-23 16:48:08.829386,2022-10-23 16:52:12.361552,0 days 00:04:03.532166,1.0,4.0,512.0,0.0002084962266966,327.0,5.0,0.01,262.0,,,COMPLETE,
216.0,k2204_PPV,1.0,16.0,0.0352299036458134,2022-10-23 16:52:12.362103,2022-10-23 17:00:19.502835,0 days 00:08:07.140732,2.0,5.0,512.0,0.0001886113516293,168.0,6.0,0.01,400.0,,,COMPLETE,
216.0,k2204_PPV,1.0,17.0,0.0015556384751107,2022-10-23 17:00:19.503423,2022-10-23 17:01:00.799798,0 days 00:00:41.296375,3.0,4.0,512.0,0.0099090213371286,206.0,5.0,0.01,21.0,,,COMPLETE,
216.0,k2204_PPV,1.0,18.0,3.424249098316068e-05,2022-10-23 17:01:00.800343,2022-10-23 17:03:39.187879,0 days 00:02:38.387536,1.0,2.0,256.0,0.000745423725142,526.0,6.0,0.01,82.0,,,COMPLETE,
216.0,k2204_PPV,1.0,19.0,0.0005995722895022,2022-10-23 17:03:39.188424,2022-10-23 17:09:42.867219,0 days 00:06:03.678795,4.0,2.0,256.0,0.0009282651504359,525.0,6.0,1.0,68.0,,,COMPLETE,
216.0,k2204_PPV,1.0,20.0,0.0004068196431035,2022-10-23 17:09:42.867827,2022-10-23 17:12:47.646830,0 days 00:03:04.779003,2.0,2.0,256.0,0.002620820405959,602.0,8.0,0.2,49.0,,,COMPLETE,
216.0,k2204_PPV,1.0,21.0,4.1104589399765246e-05,2022-10-23 17:12:47.647418,2022-10-23 17:14:48.335239,0 days 00:02:00.687821,1.0,4.0,256.0,0.0005531063950756,331.0,5.0,0.01,72.0,,,COMPLETE,
216.0,k2204_PPV,1.0,22.0,5.4074344006949104e-05,2022-10-23 17:14:48.335829,2022-10-23 17:17:18.016804,0 days 00:02:29.680975,1.0,3.0,256.0,0.0006064437258411,414.0,6.0,0.01,84.0,,,COMPLETE,
216.0,k2204_PPV,1.0,23.0,8.842576426104642e-05,2022-10-23 17:17:18.017353,2022-10-23 17:18:33.969614,0 days 00:01:15.952261,1.0,4.0,256.0,0.0016040500472418,265.0,7.0,0.01,43.0,,,COMPLETE,
216.0,k2204_PPV,1.0,24.0,2.235135980299674e-05,2022-10-23 17:18:33.970158,2022-10-23 17:22:38.264365,0 days 00:04:04.294207,1.0,2.0,256.0,0.0004576998955058,619.0,5.0,0.01,124.0,,,COMPLETE,
216.0,k2204_PPV,1.0,25.0,2.385206698818365e-05,2022-10-23 17:22:38.264909,2022-10-23 17:27:19.264143,0 days 00:04:40.999234,1.0,2.0,256.0,0.0003442601922437,640.0,6.0,0.01,141.0,,,COMPLETE,
216.0,k2204_PPV,1.0,26.0,2.385568632234936e-05,2022-10-23 17:27:19.264678,2022-10-23 17:37:19.507641,0 days 00:10:00.242963,1.0,2.0,256.0,0.000167290660862,662.0,7.0,0.01,257.0,,,COMPLETE,
216.0,k2204_PPV,1.0,27.0,5.273645183478948e-05,2022-10-23 17:37:19.508229,2022-10-23 17:41:16.385122,0 days 00:03:56.876893,1.0,3.0,1024.0,0.0003256858086927,676.0,5.0,0.01,255.0,,,COMPLETE,
216.0,k2204_PPV,1.0,28.0,0.0002087556422338,2022-10-23 17:41:16.385663,2022-10-23 17:42:26.087067,0 days 00:01:09.701404,2.0,2.0,256.0,0.0016107623372565,157.0,6.0,0.2,32.0,,,COMPLETE,
216.0,k2204_PPV,1.0,29.0,0.0088321457151323,2022-10-23 17:42:26.087664,2022-10-23 17:43:28.062583,0 days 00:01:01.974919,3.0,3.0,1024.0,0.0319433838922257,518.0,9.0,1.0,19.0,,,COMPLETE,
216.0,k2204_PPV,1.0,30.0,0.000647597014904,2022-10-23 17:43:28.063142,2022-10-23 17:44:49.459868,0 days 00:01:21.396726,4.0,2.0,256.0,0.0046888953518962,218.0,5.0,0.01,21.0,,,COMPLETE,
216.0,k2204_PPV,1.0,31.0,1.9217289263906423e-05,2022-10-23 17:44:49.460459,2022-10-23 17:54:51.750300,0 days 00:10:02.289841,1.0,2.0,256.0,0.0001711816429863,663.0,7.0,0.01,258.0,,,COMPLETE,
216.0,k2204_PPV,1.0,32.0,4.299733518564608e-05,2022-10-23 17:54:51.750883,2022-10-23 18:00:23.559484,0 days 00:05:31.808601,1.0,2.0,256.0,0.0004032423067638,684.0,7.0,0.01,139.0,,,COMPLETE,
216.0,k2204_PPV,1.0,33.0,2.956621301564155e-05,2022-10-23 18:00:23.560037,2022-10-23 18:09:57.040325,0 days 00:09:33.480288,1.0,2.0,256.0,0.0001535294752886,390.0,6.0,0.01,353.0,,,COMPLETE,
216.0,k2204_PPV,1.0,34.0,0.0001951100857695,2022-10-23 18:09:57.040869,2022-10-23 18:19:58.479340,0 days 00:10:01.438471,1.0,3.0,256.0,0.0001004812141059,534.0,8.0,0.05,292.0,,,COMPLETE,
216.0,k2204_PPV,1.0,35.0,1.3507419225788908e-05,2022-10-23 18:19:58.479901,2022-10-23 18:29:04.672135,0 days 00:09:06.192234,1.0,2.0,256.0,0.0002406163756941,788.0,7.0,0.01,205.0,,,COMPLETE,
216.0,k2204_PPV,1.0,36.0,0.0003865457474603,2022-10-23 18:29:04.672672,2022-10-23 18:36:56.133329,0 days 00:07:51.460657,1.0,3.0,1024.0,0.0002393549090728,799.0,9.0,0.2,400.0,,,COMPLETE,
216.0,k2204_PPV,1.0,37.0,0.0051981884753331,2022-10-23 18:36:56.133879,2022-10-23 18:38:00.524306,0 days 00:01:04.390427,1.0,1.0,256.0,0.0152245427742759,466.0,7.0,0.05,34.0,,,COMPLETE,
216.0,k2204_PPV,1.0,38.0,7.67485544201918e-05,2022-10-23 18:38:00.524850,2022-10-23 18:39:15.410889,0 days 00:01:14.886039,1.0,2.0,256.0,0.0012000319141913,576.0,7.0,0.01,35.0,,,COMPLETE,
216.0,k2204_PPV,1.0,39.0,9.853730807662942e-05,2022-10-23 18:39:15.411467,2022-10-23 18:44:14.093516,0 days 00:04:58.682049,1.0,2.0,1024.0,0.0004692092652374,705.0,8.0,0.01,292.0,,,COMPLETE,
216.0,k2204_PPV,1.0,40.0,0.0145864095538854,2022-10-23 18:44:14.094057,2022-10-23 18:54:14.404105,0 days 00:10:00.310048,2.0,5.0,256.0,0.0001523702995249,60.0,7.0,1.0,332.0,,,COMPLETE,
216.0,k2204_PPV,1.0,41.0,2.604796645755414e-05,2022-10-23 18:54:14.404650,2022-10-23 18:58:27.489902,0 days 00:04:13.085252,1.0,2.0,256.0,0.0003342756293364,615.0,6.0,0.01,124.0,,,COMPLETE,
216.0,k2204_PPV,1.0,42.0,5.20630110258935e-05,2022-10-23 18:58:27.490458,2022-10-23 19:01:44.969617,0 days 00:03:17.479159,1.0,2.0,256.0,0.0007235711795876,716.0,6.0,0.01,82.0,,,COMPLETE,
216.0,k2204_PPV,1.0,43.0,3.872888464684365e-05,2022-10-23 19:01:44.970164,2022-10-23 19:05:48.941956,0 days 00:04:03.971792,1.0,2.0,256.0,0.0003812747947948,468.0,8.0,0.01,129.0,,,COMPLETE,
216.0,k2204_PPV,1.0,44.0,3.12925512844231e-05,2022-10-23 19:05:48.942555,2022-10-23 19:11:58.025548,0 days 00:06:09.082993,1.0,3.0,256.0,0.0002316129927445,582.0,6.0,0.01,181.0,,,COMPLETE,
216.0,k2204_PPV,1.0,45.0,0.009463395923376,2022-10-23 19:11:58.026131,2022-10-23 19:20:42.579353,0 days 00:08:44.553222,1.0,1.0,512.0,0.0001423622721967,784.0,7.0,0.05,400.0,,,COMPLETE,
216.0,k2204_PPV,1.0,46.0,2.9899757464590948e-05,2022-10-23 19:20:42.579912,2022-10-23 19:26:13.825377,0 days 00:05:31.245465,1.0,2.0,256.0,0.0002464852096709,123.0,6.0,0.01,249.0,,,COMPLETE,
216.0,k2204_PPV,1.0,47.0,0.000117370942462,2022-10-23 19:26:13.825917,2022-10-23 19:28:22.433174,0 days 00:02:08.607257,1.0,2.0,512.0,0.0011415738474463,645.0,9.0,0.2,91.0,,,COMPLETE,
216.0,k2204_PPV,1.0,48.0,3.115875369985588e-05,2022-10-23 19:28:22.433749,2022-10-23 19:31:31.287665,0 days 00:03:08.853916,1.0,3.0,256.0,0.0004507855567694,414.0,5.0,0.01,110.0,,,COMPLETE,
216.0,k2204_PPV,1.0,49.0,0.0059828975645359,2022-10-23 19:31:31.288216,2022-10-23 19:37:41.833114,0 days 00:06:10.544898,1.0,2.0,512.0,0.0001272827683311,356.0,7.0,0.01,400.0,,,COMPLETE,
216.0,k2204_PPV,1.0,50.0,0.0011462580878287,2022-10-23 19:37:41.833656,2022-10-23 19:37:58.059072,0 days 00:00:16.225416,1.0,3.0,256.0,0.0855336398754998,491.0,6.0,0.01,4.0,,,COMPLETE,
216.0,k2204_PPV,1.0,51.0,1.7832997400546446e-05,2022-10-23 19:37:58.059680,2022-10-23 19:47:30.759372,0 days 00:09:32.699692,1.0,2.0,256.0,0.0001739469200197,650.0,7.0,0.01,248.0,,,COMPLETE,
216.0,k2204_PPV,1.0,52.0,4.50467396149179e-05,2022-10-23 19:47:30.759980,2022-10-23 19:55:22.697208,0 days 00:07:51.937228,1.0,2.0,256.0,0.0001954396980352,50.0,7.0,0.01,379.0,,,COMPLETE,
216.0,k2204_PPV,1.0,53.0,2.00671993297874e-05,2022-10-23 19:55:22.697751,2022-10-23 20:01:10.842056,0 days 00:05:48.144305,1.0,2.0,256.0,0.0003040783324529,572.0,7.0,0.01,174.0,,,COMPLETE,
216.0,k2204_PPV,1.0,54.0,1.811934043871588e-05,2022-10-23 20:01:10.842665,2022-10-23 20:08:53.959980,0 days 00:07:43.117315,1.0,2.0,256.0,0.0002650104583156,574.0,8.0,0.01,224.0,,,COMPLETE,
216.0,k2204_PPV,1.0,55.0,0.0374461882747709,2022-10-23 20:08:53.960522,2022-10-23 20:18:55.969762,0 days 00:10:02.009240,3.0,2.0,512.0,0.0001011805486171,544.0,8.0,1.0,230.0,,,COMPLETE,
216.0,k2204_PPV,1.0,56.0,2.37191752603394e-05,2022-10-23 20:18:55.970329,2022-10-23 20:26:10.069048,0 days 00:07:14.098719,1.0,2.0,256.0,0.0002000874430899,430.0,8.0,0.01,244.0,,,COMPLETE,
216.0,k2204_PPV,1.0,57.0,6.36085715086665e-05,2022-10-23 20:26:10.069618,2022-10-23 20:29:08.006785,0 days 00:02:57.937167,1.0,3.0,512.0,0.0007408423976694,730.0,7.0,0.01,119.0,,,COMPLETE,
216.0,k2204_PPV,1.0,58.0,2.805503572744783e-05,2022-10-23 20:29:08.007374,2022-10-23 20:34:55.012807,0 days 00:05:47.005433,1.0,2.0,256.0,0.0002724926103669,275.0,8.0,0.01,218.0,,,COMPLETE,
216.0,k2204_PPV,1.0,59.0,0.0363666471093893,2022-10-23 20:34:55.013383,2022-10-23 20:44:56.677203,0 days 00:10:01.663820,2.0,2.0,1024.0,0.0001377707613786,799.0,10.0,0.01,256.0,,,COMPLETE,
216.0,k2204_PPV,1.0,60.0,4.4000054913340136e-05,2022-10-23 20:44:56.677760,2022-10-23 20:48:31.745043,0 days 00:03:35.067283,1.0,4.0,256.0,0.0006227837542604,573.0,7.0,0.05,97.0,,,COMPLETE,
216.0,k2204_PPV,1.0,61.0,2.638648584252224e-05,2022-10-23 20:48:31.745591,2022-10-23 20:56:37.154630,0 days 00:08:05.409039,1.0,2.0,256.0,0.0001966096548412,623.0,7.0,0.01,231.0,,,COMPLETE,
216.0,k2204_PPV,1.0,62.0,3.0117150345176924e-05,2022-10-23 20:56:37.155206,2022-10-23 21:01:18.328114,0 days 00:04:41.172908,1.0,2.0,256.0,0.0002893573135295,485.0,7.0,0.01,152.0,,,COMPLETE,
216.0,k2204_PPV,1.0,63.0,2.32184465858154e-05,2022-10-23 21:01:18.328662,2022-10-23 21:05:22.746610,0 days 00:04:04.417948,1.0,2.0,256.0,0.0004669330833793,702.0,8.0,0.01,96.0,,,COMPLETE,
216.0,k2204_PPV,1.0,64.0,2.4219015358539764e-05,2022-10-23 21:05:22.747171,2022-10-23 21:09:39.764594,0 days 00:04:17.017423,1.0,2.0,256.0,0.0002911787843819,571.0,7.0,0.01,127.0,,,COMPLETE,
216.0,k2204_PPV,1.0,65.0,2.6643786441127304e-05,2022-10-23 21:09:39.765148,2022-10-23 21:15:03.029074,0 days 00:05:23.263926,1.0,2.0,256.0,0.0003550200010193,509.0,8.0,0.01,168.0,,,COMPLETE,
216.0,k2204_PPV,1.0,66.0,5.09314031660324e-05,2022-10-23 21:15:03.029617,2022-10-23 21:24:44.308684,0 days 00:09:41.279067,1.0,2.0,256.0,0.0001767278976087,615.0,7.0,0.2,280.0,,,COMPLETE,
216.0,k2204_PPV,1.0,67.0,0.0011465963034424,2022-10-23 21:24:44.309236,2022-10-23 21:33:04.937689,0 days 00:08:20.628453,1.0,2.0,512.0,0.0001247791185085,742.0,5.0,0.01,400.0,,,COMPLETE,
216.0,k2204_PPV,1.0,68.0,0.0001649087498662,2022-10-23 21:33:04.938229,2022-10-23 21:41:29.760312,0 days 00:08:24.822083,1.0,3.0,256.0,0.0002367877671016,387.0,9.0,1.0,302.0,,,COMPLETE,
216.0,k2204_PPV,1.0,69.0,3.876145638059825e-05,2022-10-23 21:41:29.760861,2022-10-23 21:45:24.294624,0 days 00:03:54.533763,1.0,2.0,256.0,0.0005493552729625,664.0,8.0,0.01,94.0,,,COMPLETE,
216.0,k2204_PPV,1.0,70.0,0.0659198760986328,2022-10-23 21:45:24.295185,2022-10-23 21:55:24.769663,0 days 00:10:00.474478,4.0,5.0,256.0,0.000397962587341,436.0,6.0,0.01,92.0,,,COMPLETE,
216.0,k2204_PPV,1.0,71.0,4.235106825944968e-05,2022-10-23 21:55:24.770232,2022-10-23 21:56:43.872759,0 days 00:01:19.102527,1.0,2.0,256.0,0.002202556711499,706.0,8.0,0.01,27.0,,,COMPLETE,
216.0,k2204_PPV,1.0,72.0,0.0001265113778572,2022-10-23 21:56:43.873318,2022-10-23 22:06:44.541209,0 days 00:10:00.667891,1.0,2.0,256.0,0.0001606135099551,676.0,8.0,0.01,244.0,,,COMPLETE,
216.0,k2204_PPV,1.0,73.0,3.80034898626036e-05,2022-10-23 22:06:44.541757,2022-10-23 22:08:20.568972,0 days 00:01:36.027215,1.0,2.0,256.0,0.0040991189929029,555.0,8.0,0.01,43.0,,,COMPLETE,
216.0,k2204_PPV,1.0,74.0,6.686555570922792e-05,2022-10-23 22:08:20.569540,2022-10-23 22:13:06.560507,0 days 00:04:45.990967,1.0,2.0,1024.0,0.0004760817779445,730.0,7.0,0.01,287.0,,,COMPLETE,
216.0,k2204_PPV,1.0,75.0,7.20715734132682e-05,2022-10-23 22:13:06.561056,2022-10-23 22:15:45.839268,0 days 00:02:39.278212,1.0,2.0,256.0,0.0008436614200651,626.0,7.0,0.01,72.0,,,COMPLETE,
216.0,k2204_PPV,1.0,76.0,1.6560792573727667e-05,2022-10-23 22:15:45.839847,2022-10-23 22:23:29.004991,0 days 00:07:43.165144,1.0,2.0,256.0,0.0002152517462074,512.0,7.0,0.01,258.0,,,COMPLETE,
216.0,k2204_PPV,1.0,77.0,3.669593570521101e-05,2022-10-23 22:23:29.005553,2022-10-23 22:28:21.433593,0 days 00:04:52.428040,1.0,2.0,512.0,0.0003178600777854,513.0,7.0,0.01,269.0,,,COMPLETE,
216.0,k2204_PPV,1.0,78.0,3.537987868185155e-05,2022-10-23 22:28:21.434135,2022-10-23 22:34:14.237519,0 days 00:05:52.803384,1.0,2.0,256.0,0.0002399885777632,475.0,7.0,0.05,193.0,,,COMPLETE,
216.0,k2204_PPV,1.0,79.0,6.341343760141172e-05,2022-10-23 22:34:14.238077,2022-10-23 22:42:22.600121,0 days 00:08:08.362044,1.0,2.0,256.0,0.0001747099499042,237.0,6.0,0.2,337.0,,,COMPLETE,
216.0,k2204_PPV,1.0,80.0,2.309408773726318e-05,2022-10-23 22:42:22.600682,2022-10-23 22:52:19.778969,0 days 00:09:57.178287,1.0,3.0,256.0,0.0001221658965211,304.0,5.0,0.01,400.0,,,COMPLETE,
216.0,k2204_PPV,1.0,81.0,2.1514398213184904e-05,2022-10-23 22:52:19.779590,2022-10-23 23:02:21.387935,0 days 00:10:01.608345,1.0,3.0,256.0,0.0001099892926361,353.0,5.0,0.01,373.0,,,COMPLETE,
216.0,k2204_PPV,1.0,82.0,3.228174773539649e-05,2022-10-23 23:02:21.388483,2022-10-23 23:10:49.284523,0 days 00:08:27.896040,1.0,4.0,256.0,0.0001607504551895,594.0,5.0,0.01,247.0,,,COMPLETE,
216.0,k2204_PPV,1.0,83.0,3.595379530452192e-05,2022-10-23 23:10:49.285072,2022-10-23 23:15:58.610815,0 days 00:05:09.325743,1.0,3.0,256.0,0.0002168612801325,183.0,5.0,0.01,220.0,,,COMPLETE,
216.0,k2204_PPV,1.0,84.0,0.001572355726239,2022-10-23 23:15:58.611471,2022-10-23 23:25:59.914285,0 days 00:10:01.302814,1.0,2.0,256.0,0.0001089117780692,545.0,6.0,0.01,319.0,,,COMPLETE,
216.0,k2204_PPV,1.0,85.0,1.881638308987021e-05,2022-10-23 23:25:59.914836,2022-10-23 23:32:08.169526,0 days 00:06:08.254690,1.0,2.0,256.0,0.0002621336641835,353.0,5.0,0.01,234.0,,,COMPLETE,
216.0,k2204_PPV,1.0,86.0,2.5648325390648097e-05,2022-10-23 23:32:08.170084,2022-10-23 23:38:22.331297,0 days 00:06:14.161213,1.0,2.0,256.0,0.0002658826934992,341.0,5.0,0.01,239.0,,,COMPLETE,
216.0,k2204_PPV,1.0,87.0,0.0023196651891339,2022-10-23 23:38:22.331868,2022-10-23 23:45:17.309540,0 days 00:06:54.977672,1.0,4.0,512.0,0.0001301337621199,402.0,7.0,1.0,400.0,,,COMPLETE,
216.0,k2204_PPV,1.0,88.0,0.0006093421543482,2022-10-23 23:45:17.310094,2022-10-23 23:49:42.527399,0 days 00:04:25.217305,1.0,3.0,1024.0,0.0002032802688034,300.0,6.0,0.01,400.0,,,COMPLETE,
216.0,k2204_PPV,1.0,89.0,4.960197929904098e-05,2022-10-23 23:49:42.527954,2022-10-23 23:59:43.182259,0 days 00:10:00.654305,1.0,2.0,256.0,0.0001496039849826,452.0,7.0,0.01,337.0,,,COMPLETE,
216.0,k2204_PPV,1.0,90.0,0.0319341314898338,2022-10-23 23:59:43.182837,2022-10-24 00:09:45.848703,0 days 00:10:02.665866,3.0,5.0,256.0,0.0003681716786284,356.0,7.0,0.01,144.0,,,COMPLETE,
216.0,k2204_PPV,1.0,91.0,3.2013178497436456e-05,2022-10-24 00:09:45.849263,2022-10-24 00:15:40.679609,0 days 00:05:54.830346,1.0,2.0,256.0,0.000306057440437,660.0,5.0,0.01,165.0,,,COMPLETE,
216.0,k2204_PPV,1.0,92.0,2.364224837947404e-05,2022-10-24 00:15:40.680199,2022-10-24 00:24:30.479448,0 days 00:08:49.799249,1.0,2.0,256.0,0.0001776501869015,755.0,5.0,0.01,235.0,,,COMPLETE,
216.0,k2204_PPV,1.0,93.0,2.0354898424557177e-05,2022-10-24 00:24:30.480055,2022-10-24 00:29:31.414840,0 days 00:05:00.934785,1.0,2.0,256.0,0.000252783980745,515.0,5.0,0.01,167.0,,,COMPLETE,
216.0,k2204_PPV,1.0,94.0,0.0003987407690146,2022-10-24 00:29:31.415430,2022-10-24 00:29:58.530823,0 days 00:00:27.115393,1.0,2.0,256.0,0.022427980557797,493.0,5.0,0.01,11.0,,,COMPLETE,
216.0,k2204_PPV,1.0,95.0,2.2026121769158635e-05,2022-10-24 00:29:58.531424,2022-10-24 00:37:04.366905,0 days 00:07:05.835481,1.0,2.0,256.0,0.0002209395554954,384.0,5.0,0.01,274.0,,,COMPLETE,
216.0,k2204_PPV,1.0,96.0,2.000017957470845e-05,2022-10-24 00:37:04.367510,2022-10-24 00:41:49.189469,0 days 00:04:44.821959,1.0,2.0,256.0,0.0002723489961597,433.0,5.0,0.01,172.0,,,COMPLETE,
216.0,k2204_PPV,1.0,97.0,7.043002187856473e-05,2022-10-24 00:41:49.190039,2022-10-24 00:44:50.759246,0 days 00:03:01.569207,1.0,2.0,512.0,0.0006193465071916,429.0,6.0,0.05,183.0,,,COMPLETE,
216.0,k2204_PPV,1.0,98.0,2.3534980755357537e-05,2022-10-24 00:44:50.759831,2022-10-24 00:52:05.713939,0 days 00:07:14.954108,1.0,2.0,256.0,0.0002515880156366,517.0,7.0,0.01,226.0,,,COMPLETE,
216.0,k2204_PPV,1.0,99.0,7.489004929084331e-05,2022-10-24 00:52:05.714523,2022-10-24 00:57:02.648326,0 days 00:04:56.933803,1.0,2.0,256.0,0.0004173816545853,580.0,7.0,0.2,144.0,,,COMPLETE,
216.0,k2204_PPV,2.0,0.0,0.0075155616214033,2022-10-24 01:49:40.971766,2022-10-24 01:53:35.616816,0 days 00:03:54.645050,3.0,1.0,1024.0,0.001,200.0,8.0,0.05,213.0,,,COMPLETE,"{'n_dspp_layers': 3, 'n_dspp_out': 1, 'num_inducing': 200, 'batch_size': 1024, 'lr': 0.001, 'num_quadrature_sites': 8, 'beta': 0.05}"
216.0,k2204_PPV,2.0,1.0,0.0005677342123817,2022-10-24 01:53:35.617365,2022-10-24 01:54:12.338221,0 days 00:00:36.720856,1.0,2.0,1024.0,0.0062271508458791,270.0,6.0,0.05,53.0,,,COMPLETE,
216.0,k2204_PPV,2.0,2.0,0.000793542159954,2022-10-24 01:54:12.338776,2022-10-24 01:55:22.468199,0 days 00:01:10.129423,2.0,1.0,256.0,0.0082335597191681,88.0,10.0,0.2,35.0,,,COMPLETE,
216.0,k2204_PPV,2.0,3.0,5.221188985160552e-05,2022-10-24 01:55:22.468772,2022-10-24 02:02:58.023543,0 days 00:07:35.554771,1.0,1.0,512.0,0.0003905531703505,729.0,9.0,0.01,344.0,,,COMPLETE,
216.0,k2204_PPV,2.0,4.0,0.047507326118648,2022-10-24 02:02:58.024080,2022-10-24 02:05:45.675796,0 days 00:02:47.651716,3.0,5.0,1024.0,0.0023537958942323,52.0,8.0,0.01,139.0,,,COMPLETE,
216.0,k2204_PPV,2.0,5.0,0.0006134115828899,2022-10-24 02:05:45.676364,2022-10-24 02:06:13.456632,0 days 00:00:27.780268,1.0,1.0,512.0,0.0101391645938534,59.0,5.0,0.01,34.0,,,COMPLETE,
216.0,k2204_PPV,2.0,6.0,0.0164799867197871,2022-10-24 02:06:13.457155,2022-10-24 02:10:41.346821,0 days 00:04:27.889666,1.0,1.0,1024.0,0.0002006792226212,318.0,10.0,0.01,400.0,,,COMPLETE,
216.0,k2204_PPV,2.0,7.0,0.0043176144235985,2022-10-24 02:10:41.347417,2022-10-24 02:15:20.916030,0 days 00:04:39.568613,1.0,1.0,512.0,0.0008318285092133,82.0,7.0,0.01,370.0,,,COMPLETE,
216.0,k2204_PPV,2.0,8.0,0.0079035743838176,2022-10-24 02:15:20.916577,2022-10-24 02:18:17.436458,0 days 00:02:56.519881,3.0,1.0,512.0,0.0022204850053233,622.0,9.0,1.0,67.0,,,COMPLETE,
216.0,k2204_PPV,2.0,9.0,0.0006113639537943,2022-10-24 02:18:17.436999,2022-10-24 02:19:45.423539,0 days 00:01:27.986540,1.0,1.0,1024.0,0.0019711105472191,246.0,9.0,1.0,140.0,,,COMPLETE,
216.0,k2204_PPV,2.0,10.0,0.012503704521805,2022-10-24 02:19:45.424091,2022-10-24 02:29:46.423666,0 days 00:10:00.999575,2.0,2.0,256.0,0.0001066946773271,781.0,7.0,0.2,135.0,,,COMPLETE,
216.0,k2204_PPV,2.0,11.0,0.0047327310312539,2022-10-24 02:29:46.424206,2022-10-24 02:30:06.068134,0 days 00:00:19.643928,2.0,2.0,512.0,0.0920294934257188,417.0,5.0,0.05,9.0,,,COMPLETE,
216.0,k2204_PPV,2.0,12.0,0.0007833842973923,2022-10-24 02:30:06.068672,2022-10-24 02:30:29.378839,0 days 00:00:23.310167,1.0,3.0,1024.0,0.0111231916107757,137.0,6.0,0.05,34.0,,,COMPLETE,
216.0,k2204_PPV,2.0,13.0,0.0004332780081313,2022-10-24 02:30:29.379440,2022-10-24 02:40:30.019712,0 days 00:10:00.640272,2.0,3.0,512.0,0.0003716410142996,474.0,6.0,0.05,335.0,,,COMPLETE,
216.0,k2204_PPV,2.0,14.0,0.0433343891054391,2022-10-24 02:40:30.020294,2022-10-24 02:50:32.499282,0 days 00:10:02.478988,4.0,4.0,512.0,0.0003388029328083,489.0,6.0,0.01,141.0,,,COMPLETE,
216.0,k2204_PPV,2.0,15.0,0.0001119968619605,2022-10-24 02:50:32.499848,2022-10-24 02:59:10.449917,0 days 00:08:37.950069,2.0,3.0,512.0,0.0004490221074036,767.0,9.0,0.05,150.0,,,COMPLETE,
216.0,k2204_PPV,2.0,16.0,0.0022113703889772,2022-10-24 02:59:10.450485,2022-10-24 03:09:13.290116,0 days 00:10:02.839631,4.0,3.0,512.0,0.000685999486599,756.0,9.0,0.2,82.0,,,COMPLETE,
216.0,k2204_PPV,2.0,17.0,0.0177377769723534,2022-10-24 03:09:13.290710,2022-10-24 03:19:14.093058,0 days 00:10:00.802348,2.0,4.0,512.0,0.0001271587933125,347.0,10.0,1.0,314.0,,,COMPLETE,
216.0,k2204_PPV,2.0,18.0,0.0001899020207929,2022-10-24 03:19:14.093617,2022-10-24 03:29:16.184239,0 days 00:10:02.090622,3.0,2.0,256.0,0.0003484235221222,585.0,9.0,0.01,114.0,,,COMPLETE,
216.0,k2204_PPV,2.0,19.0,0.0040189712308347,2022-10-24 03:29:16.184795,2022-10-24 03:29:40.160731,0 days 00:00:23.975936,2.0,5.0,512.0,0.0551103445605346,153.0,8.0,0.05,14.0,,,COMPLETE,
216.0,k2204_PPV,2.0,20.0,0.0091119793069083,2022-10-24 03:29:40.161275,2022-10-24 03:38:33.977517,0 days 00:08:53.816242,3.0,3.0,512.0,0.0012766674836202,630.0,9.0,0.05,125.0,,,COMPLETE,
216.0,k2204_PPV,2.0,21.0,6.695912088616751e-05,2022-10-24 03:38:33.978082,2022-10-24 03:48:39.430010,0 days 00:10:05.451928,4.0,2.0,256.0,0.0003754396103275,545.0,9.0,0.01,92.0,,,COMPLETE,
216.0,k2204_PPV,2.0,22.0,0.000484009484353,2022-10-24 03:48:39.430603,2022-10-24 03:58:42.586252,0 days 00:10:03.155649,4.0,2.0,256.0,0.0004707682278494,766.0,10.0,0.01,60.0,,,COMPLETE,
216.0,k2204_PPV,2.0,23.0,0.04416129225865,2022-10-24 03:58:42.586850,2022-10-24 04:08:45.947363,0 days 00:10:03.360513,3.0,4.0,256.0,0.0001921130183274,395.0,8.0,0.01,133.0,,,COMPLETE,
216.0,k2204_PPV,2.0,24.0,0.0255902176722884,2022-10-24 04:08:45.947931,2022-10-24 04:18:46.983733,0 days 00:10:01.035802,4.0,3.0,256.0,0.0002037479542201,539.0,9.0,0.01,78.0,,,COMPLETE,
216.0,k2204_PPV,2.0,25.0,5.435952334664762e-05,2022-10-24 04:18:46.984284,2022-10-24 04:26:59.011937,0 days 00:08:12.027653,4.0,2.0,256.0,0.0005749673911051,646.0,10.0,0.01,56.0,,,COMPLETE,
216.0,k2204_PPV,2.0,26.0,0.0001177612211904,2022-10-24 04:26:59.012502,2022-10-24 04:29:59.528807,0 days 00:03:00.516305,4.0,2.0,256.0,0.0010933923515733,437.0,10.0,0.01,31.0,,,COMPLETE,
216.0,k2204_PPV,2.0,27.0,0.0332239794079214,2022-10-24 04:29:59.529369,2022-10-24 04:32:41.559899,0 days 00:02:42.030530,4.0,2.0,256.0,0.0047768584985661,327.0,10.0,0.01,36.0,,,COMPLETE,
216.0,k2204_PPV,2.0,28.0,9.536225479678252e-05,2022-10-24 04:32:41.560460,2022-10-24 04:37:43.158009,0 days 00:05:01.597549,3.0,2.0,256.0,0.000659226217984,613.0,8.0,0.01,57.0,,,COMPLETE,
216.0,k2204_PPV,2.0,29.0,0.0083180840592831,2022-10-24 04:37:43.158592,2022-10-24 04:47:45.668169,0 days 00:10:02.509577,3.0,4.0,256.0,0.0002386856293783,175.0,7.0,0.01,218.0,,,COMPLETE,
216.0,k2204_PPV,2.0,30.0,0.0049159005866386,2022-10-24 04:47:45.668750,2022-10-24 04:48:18.598533,0 days 00:00:32.929783,4.0,1.0,256.0,0.0235897529914132,201.0,10.0,0.01,6.0,,,COMPLETE,
216.0,k2204_PPV,2.0,31.0,6.36304739600746e-05,2022-10-24 04:48:18.599082,2022-10-24 04:53:42.920045,0 days 00:05:24.320963,3.0,2.0,256.0,0.0006874755943227,615.0,8.0,0.01,62.0,,,COMPLETE,
216.0,k2204_PPV,2.0,32.0,0.0003144418296869,2022-10-24 04:53:42.920598,2022-10-24 04:56:55.899063,0 days 00:03:12.978465,4.0,2.0,256.0,0.0015277617466281,533.0,8.0,0.01,30.0,,,COMPLETE,
216.0,k2204_PPV,2.0,33.0,3.22535897794296e-05,2022-10-24 04:56:55.899690,2022-10-24 05:06:35.104970,0 days 00:09:39.205280,3.0,2.0,256.0,0.0006463368358554,655.0,9.0,0.01,94.0,,,COMPLETE,
216.0,k2204_PPV,2.0,34.0,0.000106778476038,2022-10-24 05:06:35.105520,2022-10-24 05:15:09.216689,0 days 00:08:34.111169,3.0,2.0,256.0,0.0006533117159137,643.0,8.0,0.2,90.0,,,COMPLETE,
216.0,k2204_PPV,2.0,35.0,0.0010973062599077,2022-10-24 05:15:09.217255,2022-10-24 05:16:32.508894,0 days 00:01:23.291639,3.0,3.0,256.0,0.0029776682190535,398.0,9.0,0.01,16.0,,,COMPLETE,
216.0,k2204_PPV,2.0,36.0,0.0005137256812304,2022-10-24 05:16:32.509443,2022-10-24 05:17:32.675929,0 days 00:01:00.166486,3.0,2.0,256.0,0.0043058734698807,284.0,10.0,0.01,16.0,,,COMPLETE,
216.0,k2204_PPV,2.0,37.0,0.0001443506189389,2022-10-24 05:17:32.676485,2022-10-24 05:19:52.655258,0 days 00:02:19.978773,1.0,1.0,1024.0,0.0015028347315612,683.0,7.0,1.0,153.0,,,COMPLETE,
216.0,k2204_PPV,2.0,38.0,0.0158488302804471,2022-10-24 05:19:52.655820,2022-10-24 05:27:31.697976,0 days 00:07:39.042156,3.0,5.0,256.0,0.0010429165456706,93.0,8.0,0.01,179.0,,,COMPLETE,
216.0,k2204_PPV,2.0,39.0,0.0260532181710004,2022-10-24 05:27:31.698551,2022-10-24 05:32:49.050477,0 days 00:05:17.351926,1.0,1.0,1024.0,0.0001485655146754,505.0,9.0,0.01,400.0,,,COMPLETE,
216.0,k2204_PPV,2.0,40.0,0.0001129104384745,2022-10-24 05:32:49.051034,2022-10-24 05:41:41.211511,0 days 00:08:52.160477,2.0,3.0,256.0,0.0005201312884144,683.0,10.0,0.2,100.0,,,COMPLETE,
216.0,k2204_PPV,2.0,41.0,0.0061944146873429,2022-10-24 05:41:41.212065,2022-10-24 05:51:42.483815,0 days 00:10:01.271750,4.0,2.0,256.0,0.0002708500362433,555.0,9.0,0.01,91.0,,,COMPLETE,
216.0,k2204_PPV,2.0,42.0,0.0001756789861246,2022-10-24 05:51:42.484379,2022-10-24 06:00:24.941982,0 days 00:08:42.457603,4.0,2.0,256.0,0.0008248472077688,691.0,9.0,0.01,60.0,,,COMPLETE,
216.0,k2204_PPV,2.0,43.0,0.0021959129226161,2022-10-24 06:00:24.942578,2022-10-24 06:10:26.581847,0 days 00:10:01.639269,4.0,2.0,256.0,0.0002706283338794,454.0,8.0,0.01,117.0,,,COMPLETE,
216.0,k2204_PPV,2.0,44.0,6.954757191124372e-05,2022-10-24 06:10:26.582455,2022-10-24 06:18:56.718982,0 days 00:08:30.136527,3.0,2.0,256.0,0.0005986771397092,790.0,9.0,0.01,68.0,,,COMPLETE,
216.0,k2204_PPV,2.0,45.0,0.0006276978529058,2022-10-24 06:18:56.719608,2022-10-24 06:25:37.076755,0 days 00:06:40.357147,4.0,2.0,256.0,0.0008866286907892,382.0,10.0,1.0,86.0,,,COMPLETE,
216.0,k2204_PPV,2.0,46.0,0.0151871022681007,2022-10-24 06:25:37.077341,2022-10-24 06:27:22.372080,0 days 00:01:45.294739,3.0,3.0,1024.0,0.0020426036389955,248.0,7.0,0.01,74.0,,,COMPLETE,
216.0,k2204_PPV,2.0,47.0,0.000291921038297,2022-10-24 06:27:22.372656,2022-10-24 06:36:52.776821,0 days 00:09:30.404165,4.0,1.0,512.0,0.0004375645289364,582.0,9.0,0.01,186.0,,,COMPLETE,
216.0,k2204_PPV,2.0,48.0,0.0008956717101682,2022-10-24 06:36:52.777407,2022-10-24 06:46:56.225811,0 days 00:10:03.448404,3.0,3.0,256.0,0.0003236062357797,475.0,9.0,0.01,112.0,,,COMPLETE,
216.0,k2204_PPV,2.0,49.0,0.0008145579777192,2022-10-24 06:46:56.226400,2022-10-24 06:56:57.672405,0 days 00:10:01.446005,4.0,2.0,512.0,0.0001639409463073,99.0,8.0,0.2,352.0,,,COMPLETE,
216.0,k2204_PPV,2.0,50.0,0.0428160680457949,2022-10-24 06:56:57.672936,2022-10-24 07:07:01.217025,0 days 00:10:03.544089,2.0,2.0,256.0,0.0001189154238654,695.0,10.0,1.0,133.0,,,COMPLETE,
216.0,k2204_PPV,2.0,51.0,7.011951311142184e-05,2022-10-24 07:07:01.217584,2022-10-24 07:17:02.712687,0 days 00:10:01.495103,3.0,2.0,256.0,0.0005845126060832,795.0,9.0,0.01,81.0,,,COMPLETE,
216.0,k2204_PPV,2.0,52.0,5.65983027627226e-05,2022-10-24 07:17:02.713277,2022-10-24 07:24:43.357486,0 days 00:07:40.644209,3.0,2.0,256.0,0.0007821901724994,585.0,9.0,0.01,86.0,,,COMPLETE,
216.0,k2204_PPV,2.0,53.0,5.1766806791420095e-05,2022-10-24 07:24:43.358039,2022-10-24 07:33:02.824761,0 days 00:08:19.466722,3.0,2.0,256.0,0.0003852728828004,575.0,9.0,0.01,97.0,,,COMPLETE,
216.0,k2204_PPV,2.0,54.0,0.0003691352467285,2022-10-24 07:33:02.825360,2022-10-24 07:36:38.462105,0 days 00:03:35.636745,3.0,2.0,512.0,0.0007736436294896,61.0,9.0,0.01,158.0,,,COMPLETE,
216.0,k2204_PPV,2.0,55.0,0.0002146413462469,2022-10-24 07:36:38.462691,2022-10-24 07:38:06.293742,0 days 00:01:27.831051,2.0,4.0,256.0,0.0015701798581565,617.0,5.0,0.01,18.0,,,COMPLETE,
216.0,k2204_PPV,2.0,56.0,0.0255823635452543,2022-10-24 07:38:06.294324,2022-10-24 07:48:08.407899,0 days 00:10:02.113575,3.0,3.0,1024.0,0.0004337430097937,511.0,8.0,0.01,225.0,,,COMPLETE,
216.0,k2204_PPV,2.0,57.0,4.673483454098459e-05,2022-10-24 07:48:08.408462,2022-10-24 07:49:51.511972,0 days 00:01:43.103510,1.0,2.0,256.0,0.0011754326497544,350.0,9.0,0.05,63.0,,,COMPLETE,
216.0,k2204_PPV,2.0,58.0,6.829275298514403e-05,2022-10-24 07:49:51.512527,2022-10-24 07:52:04.107409,0 days 00:02:12.594882,1.0,3.0,512.0,0.0011013401260729,369.0,10.0,0.05,129.0,,,COMPLETE,
216.0,k2204_PPV,2.0,59.0,4.219162292429246e-05,2022-10-24 07:52:04.108015,2022-10-24 07:53:42.202141,0 days 00:01:38.094126,1.0,2.0,256.0,0.0013075956214613,299.0,9.0,0.05,61.0,,,COMPLETE,
216.0,k2204_PPV,2.0,60.0,0.0001055164702847,2022-10-24 07:53:42.202707,2022-10-24 07:54:27.640617,0 days 00:00:45.437910,1.0,2.0,256.0,0.0034301187842583,297.0,9.0,0.05,26.0,,,COMPLETE,
216.0,k2204_PPV,2.0,61.0,0.000110389864858,2022-10-24 07:54:27.641181,2022-10-24 07:55:07.902952,0 days 00:00:40.261771,1.0,2.0,256.0,0.00251859176551,200.0,9.0,0.05,25.0,,,COMPLETE,
216.0,k2204_PPV,2.0,62.0,0.0001004121768346,2022-10-24 07:55:07.903591,2022-10-24 07:56:14.150732,0 days 00:01:06.247141,1.0,2.0,256.0,0.0017650506913792,434.0,9.0,0.05,34.0,,,COMPLETE,
216.0,k2204_PPV,2.0,63.0,5.649426566378679e-05,2022-10-24 07:56:14.151324,2022-10-24 07:57:52.072582,0 days 00:01:37.921258,1.0,2.0,256.0,0.0009594721293361,246.0,10.0,0.05,65.0,,,COMPLETE,
216.0,k2204_PPV,2.0,64.0,6.7191553171142e-05,2022-10-24 07:57:52.073133,2022-10-24 07:59:01.199509,0 days 00:01:09.126376,1.0,2.0,256.0,0.0011944496505431,230.0,10.0,0.05,45.0,,,COMPLETE,
216.0,k2204_PPV,2.0,65.0,4.949584581481759e-05,2022-10-24 07:59:01.200054,2022-10-24 08:02:10.211874,0 days 00:03:09.011820,1.0,2.0,512.0,0.0005061824855512,255.0,10.0,0.05,217.0,,,COMPLETE,
216.0,k2204_PPV,2.0,66.0,6.941696119611152e-05,2022-10-24 08:02:10.212490,2022-10-24 08:05:06.581711,0 days 00:02:56.369221,1.0,3.0,512.0,0.0003598819087114,316.0,10.0,0.05,186.0,,,COMPLETE,
216.0,k2204_PPV,2.0,67.0,6.891984776302706e-05,2022-10-24 08:05:06.582312,2022-10-24 08:08:25.114613,0 days 00:03:18.532301,1.0,2.0,512.0,0.0004976302429764,344.0,10.0,0.05,211.0,,,COMPLETE,
216.0,k2204_PPV,2.0,68.0,5.272407906886656e-05,2022-10-24 08:08:25.115196,2022-10-24 08:13:22.300701,0 days 00:04:57.185505,1.0,2.0,512.0,0.0003033463165887,225.0,10.0,0.05,355.0,,,COMPLETE,
216.0,k2204_PPV,2.0,69.0,6.239638059923891e-05,2022-10-24 08:13:22.301265,2022-10-24 08:18:45.160909,0 days 00:05:22.859644,1.0,3.0,512.0,0.0002266819026473,173.0,10.0,0.05,400.0,,,COMPLETE,
216.0,k2204_PPV,2.0,70.0,0.0006782826094422,2022-10-24 08:18:45.161466,2022-10-24 08:23:58.301187,0 days 00:05:13.139721,1.0,2.0,512.0,0.0001844137854353,138.0,9.0,0.05,400.0,,,COMPLETE,
216.0,k2204_PPV,2.0,71.0,6.758093331882264e-05,2022-10-24 08:23:58.301752,2022-10-24 08:29:22.680706,0 days 00:05:24.378954,1.0,2.0,512.0,0.0002619862939708,231.0,10.0,0.05,381.0,,,COMPLETE,
216.0,k2204_PPV,2.0,72.0,5.5879367209854536e-05,2022-10-24 08:29:22.681299,2022-10-24 08:34:48.056482,0 days 00:05:25.375183,1.0,2.0,512.0,0.0003100967791962,298.0,10.0,0.05,359.0,,,COMPLETE,
216.0,k2204_PPV,2.0,73.0,6.909591684234329e-05,2022-10-24 08:34:48.057106,2022-10-24 08:38:28.343659,0 days 00:03:40.286553,1.0,2.0,512.0,0.0005371958641191,184.0,10.0,0.05,270.0,,,COMPLETE,
216.0,k2204_PPV,2.0,74.0,9.882259655569214e-05,2022-10-24 08:38:28.344223,2022-10-24 08:42:49.349900,0 days 00:04:21.005677,1.0,2.0,512.0,0.0004076098041541,269.0,9.0,0.05,299.0,,,COMPLETE,
216.0,k2204_PPV,2.0,75.0,6.894673606439028e-05,2022-10-24 08:42:49.350464,2022-10-24 08:44:31.513931,0 days 00:01:42.163467,1.0,2.0,512.0,0.0012708059850685,224.0,10.0,0.05,117.0,,,COMPLETE,
216.0,k2204_PPV,2.0,76.0,0.0001050707396643,2022-10-24 08:44:31.514506,2022-10-24 08:47:01.514000,0 days 00:02:29.999494,1.0,2.0,512.0,0.0006987451397273,256.0,9.0,0.2,173.0,,,COMPLETE,
216.0,k2204_PPV,2.0,77.0,0.0001305607693211,2022-10-24 08:47:01.514632,2022-10-24 08:57:02.706260,0 days 00:10:01.191628,2.0,2.0,1024.0,0.0003147013439649,719.0,10.0,0.05,281.0,,,COMPLETE,
216.0,k2204_PPV,2.0,78.0,0.0001484064596297,2022-10-24 08:57:02.706882,2022-10-24 09:00:07.532825,0 days 00:03:04.825943,1.0,2.0,256.0,0.0005636099157861,354.0,6.0,1.0,116.0,,,COMPLETE,
216.0,k2204_PPV,2.0,79.0,0.0069636395783163,2022-10-24 09:00:07.533379,2022-10-24 09:00:31.015636,0 days 00:00:23.482257,1.0,1.0,512.0,0.0099352654486952,220.0,9.0,0.05,25.0,,,COMPLETE,
216.0,k2204_PPV,2.0,80.0,0.000360938211088,2022-10-24 09:00:31.016190,2022-10-24 09:00:50.989196,0 days 00:00:19.973006,1.0,2.0,256.0,0.0237426151903195,273.0,10.0,0.05,9.0,,,COMPLETE,
216.0,k2204_PPV,2.0,81.0,4.719623939308804e-05,2022-10-24 09:00:50.989750,2022-10-24 09:05:32.014491,0 days 00:04:41.024741,1.0,2.0,512.0,0.0002919115279244,325.0,10.0,0.05,306.0,,,COMPLETE,
216.0,k2204_PPV,2.0,82.0,5.665269236487802e-05,2022-10-24 09:05:32.015060,2022-10-24 09:10:52.893818,0 days 00:05:20.878758,1.0,2.0,512.0,0.0003948984657381,320.0,10.0,0.05,357.0,,,COMPLETE,
216.0,k2204_PPV,2.0,83.0,6.223668788152281e-05,2022-10-24 09:10:52.894402,2022-10-24 09:14:11.168127,0 days 00:03:18.273725,1.0,2.0,512.0,0.000485717088381,212.0,10.0,0.05,238.0,,,COMPLETE,
216.0,k2204_PPV,2.0,84.0,5.987919939798303e-05,2022-10-24 09:14:11.168689,2022-10-24 09:21:22.095001,0 days 00:07:10.926312,1.0,5.0,512.0,0.000229770108392,414.0,9.0,0.05,400.0,,,COMPLETE,
216.0,k2204_PPV,2.0,85.0,0.0001415982951584,2022-10-24 09:21:22.095640,2022-10-24 09:25:02.459858,0 days 00:03:40.364218,2.0,2.0,512.0,0.0008894082911132,299.0,10.0,0.05,156.0,,,COMPLETE,
216.0,k2204_PPV,2.0,86.0,0.0003652239392977,2022-10-24 09:25:02.460456,2022-10-24 09:35:07.911614,0 days 00:10:05.451158,4.0,2.0,256.0,0.0006498930560881,670.0,9.0,0.2,73.0,,,COMPLETE,
216.0,k2204_PPV,2.0,87.0,5.857546511833789e-05,2022-10-24 09:35:07.912220,2022-10-24 09:45:01.767733,0 days 00:09:53.855513,1.0,2.0,512.0,0.0001444717241889,750.0,10.0,0.01,400.0,,,COMPLETE,
216.0,k2204_PPV,2.0,88.0,0.0003530134272295,2022-10-24 09:45:01.768332,2022-10-24 09:54:55.445218,0 days 00:09:53.676886,1.0,2.0,256.0,0.0001940204907073,464.0,9.0,1.0,338.0,,,COMPLETE,
216.0,k2204_PPV,2.0,89.0,0.0005950069607933,2022-10-24 09:54:55.445770,2022-10-24 10:04:36.410256,0 days 00:09:40.964486,2.0,2.0,1024.0,0.0002923814684679,567.0,8.0,0.01,400.0,,,COMPLETE,
216.0,k2204_PPV,2.0,90.0,6.643006236117799e-05,2022-10-24 10:04:36.410844,2022-10-24 10:06:51.280740,0 days 00:02:14.869896,1.0,2.0,256.0,0.0007556301322418,647.0,10.0,0.05,55.0,,,COMPLETE,
216.0,k2204_PPV,2.0,91.0,8.007209180505015e-05,2022-10-24 10:06:51.281307,2022-10-24 10:12:45.521730,0 days 00:05:54.240423,1.0,2.0,512.0,0.0003475766446854,286.0,10.0,0.05,391.0,,,COMPLETE,
216.0,k2204_PPV,2.0,92.0,7.333689791266806e-05,2022-10-24 10:12:45.522308,2022-10-24 10:17:37.868621,0 days 00:04:52.346313,1.0,2.0,512.0,0.000317572780274,265.0,10.0,0.05,330.0,,,COMPLETE,
216.0,k2204_PPV,2.0,93.0,8.355933641723823e-05,2022-10-24 10:17:37.869194,2022-10-24 10:21:00.524739,0 days 00:03:22.655545,1.0,2.0,512.0,0.0004396544155595,301.0,10.0,0.05,220.0,,,COMPLETE,
216.0,k2204_PPV,2.0,94.0,5.7393093811697327e-05,2022-10-24 10:21:00.525317,2022-10-24 10:25:38.340829,0 days 00:04:37.815512,1.0,2.0,512.0,0.0003774884085981,328.0,9.0,0.05,300.0,,,COMPLETE,
216.0,k2204_PPV,2.0,95.0,3.173274490109179e-05,2022-10-24 10:25:38.341385,2022-10-24 10:32:55.102057,0 days 00:07:16.760672,1.0,2.0,512.0,0.0002604802996523,729.0,9.0,0.01,303.0,,,COMPLETE,
216.0,k2204_PPV,2.0,96.0,1.689602822807501e-05,2022-10-24 10:32:55.102650,2022-10-24 10:40:43.762325,0 days 00:07:48.659675,1.0,2.0,256.0,0.0002328401349507,719.0,9.0,0.01,196.0,,,COMPLETE,
216.0,k2204_PPV,2.0,97.0,0.0029167534958105,2022-10-24 10:40:43.762897,2022-10-24 10:48:13.920749,0 days 00:07:30.157852,1.0,2.0,512.0,0.000105053319351,519.0,9.0,0.01,400.0,,,COMPLETE,
216.0,k2204_PPV,2.0,98.0,2.9801713026245125e-05,2022-10-24 10:48:13.921316,2022-10-24 10:58:14.051464,0 days 00:10:00.130148,1.0,2.0,256.0,0.0001607134998437,741.0,9.0,0.01,247.0,,,COMPLETE,
216.0,k2204_PPV,2.0,99.0,1.3846360616298624e-05,2022-10-24 10:58:14.052020,2022-10-24 11:07:48.162084,0 days 00:09:34.110064,1.0,2.0,256.0,0.0001678511148982,744.0,9.0,0.01,237.0,,,COMPLETE,
216.0,k2204_PPV,3.0,0.0,0.0048199365774053,2022-10-24 11:55:50.024931,2022-10-24 12:00:07.023040,0 days 00:04:16.998109,3.0,1.0,1024.0,0.001,200.0,8.0,0.05,234.0,,,COMPLETE,"{'n_dspp_layers': 3, 'n_dspp_out': 1, 'num_inducing': 200, 'batch_size': 1024, 'lr': 0.001, 'num_quadrature_sites': 8, 'beta': 0.05}"
216.0,k2204_PPV,3.0,1.0,0.0002186186757171,2022-10-24 12:00:07.023632,2022-10-24 12:01:13.471476,0 days 00:01:06.447844,1.0,2.0,256.0,0.005472976133169,679.0,6.0,0.05,25.0,,,COMPLETE,
216.0,k2204_PPV,3.0,2.0,6.393158764694817e-05,2022-10-24 12:01:13.472027,2022-10-24 12:10:18.532015,0 days 00:09:05.059988,1.0,2.0,256.0,0.0001583551473343,141.0,8.0,0.2,400.0,,,COMPLETE,
216.0,k2204_PPV,3.0,3.0,0.035455355187878,2022-10-24 12:10:18.532561,2022-10-24 12:12:24.136385,0 days 00:02:05.603824,4.0,5.0,1024.0,0.003701262082804,99.0,5.0,1.0,86.0,,,COMPLETE,
216.0,k2204_PPV,3.0,4.0,0.0004750693478854,2022-10-24 12:12:24.136958,2022-10-24 12:13:26.398729,0 days 00:01:02.261771,2.0,2.0,256.0,0.0132249308112409,286.0,8.0,0.05,23.0,,,COMPLETE,
216.0,k2204_PPV,3.0,5.0,0.0048600092995911,2022-10-24 12:13:26.399304,2022-10-24 12:13:38.595872,0 days 00:00:12.196568,1.0,3.0,1024.0,0.0117297926447863,451.0,10.0,1.0,9.0,,,COMPLETE,
216.0,k2204_PPV,3.0,6.0,0.0001927372832142,2022-10-24 12:13:38.596399,2022-10-24 12:19:33.097747,0 days 00:05:54.501348,3.0,3.0,256.0,0.0005823733287992,57.0,7.0,0.01,150.0,,,COMPLETE,
216.0,k2204_PPV,3.0,7.0,0.014984521549195,2022-10-24 12:19:33.098306,2022-10-24 12:19:50.142484,0 days 00:00:17.044178,2.0,3.0,1024.0,0.077114802536196,356.0,9.0,0.2,8.0,,,COMPLETE,
216.0,k2204_PPV,3.0,8.0,0.0001580914031364,2022-10-24 12:19:50.143017,2022-10-24 12:23:40.407497,0 days 00:03:50.264480,2.0,2.0,1024.0,0.0005743771407097,135.0,10.0,0.05,265.0,,,COMPLETE,
216.0,k2204_PPV,3.0,9.0,1.900141933219857e-05,2022-10-24 12:23:40.408041,2022-10-24 12:32:41.803769,0 days 00:09:01.395728,1.0,1.0,256.0,0.0002371099794922,320.0,8.0,0.01,355.0,,,COMPLETE,
216.0,k2204_PPV,3.0,10.0,0.0038575174403376,2022-10-24 12:32:41.804308,2022-10-24 12:40:40.168261,0 days 00:07:58.363953,1.0,1.0,512.0,0.0001457136638421,713.0,6.0,0.01,400.0,,,COMPLETE,
216.0,k2204_PPV,3.0,11.0,0.0103983347944449,2022-10-24 12:40:40.168813,2022-10-24 12:49:41.932153,0 days 00:09:01.763340,1.0,1.0,256.0,0.0001094978113338,173.0,8.0,0.2,400.0,,,COMPLETE,
216.0,k2204_PPV,3.0,12.0,0.0038827436446808,2022-10-24 12:49:41.932692,2022-10-24 12:57:55.739738,0 days 00:08:13.807046,1.0,1.0,256.0,0.0002642629996686,89.0,9.0,0.01,400.0,,,COMPLETE,
216.0,k2204_PPV,3.0,13.0,0.0002278894244227,2022-10-24 12:57:55.740297,2022-10-24 12:58:56.787404,0 days 00:01:01.047107,1.0,4.0,512.0,0.0015484042628262,233.0,7.0,0.2,64.0,,,COMPLETE,
216.0,k2204_PPV,3.0,14.0,3.882426972268149e-05,2022-10-24 12:58:56.787957,2022-10-24 13:08:48.228100,0 days 00:09:51.440143,2.0,2.0,256.0,0.0003038353518434,477.0,9.0,0.01,195.0,,,COMPLETE,
216.0,k2204_PPV,3.0,15.0,1.6731222785892896e-05,2022-10-24 13:08:48.228653,2022-10-24 13:17:57.859375,0 days 00:09:09.630722,2.0,1.0,256.0,0.0003302707448283,479.0,9.0,0.01,206.0,,,COMPLETE,
216.0,k2204_PPV,3.0,16.0,0.000144320387335,2022-10-24 13:17:57.859929,2022-10-24 13:21:33.380147,0 days 00:03:35.520218,3.0,1.0,256.0,0.0015551748584303,470.0,9.0,0.01,57.0,,,COMPLETE,
216.0,k2204_PPV,3.0,17.0,0.0001111606379708,2022-10-24 13:21:33.380710,2022-10-24 13:30:40.094769,0 days 00:09:06.714059,4.0,1.0,512.0,0.0003824985973076,307.0,10.0,0.01,270.0,,,COMPLETE,
216.0,k2204_PPV,3.0,18.0,0.0009342284465674,2022-10-24 13:30:40.095371,2022-10-24 13:31:30.135460,0 days 00:00:50.040089,2.0,1.0,256.0,0.0910216804221997,529.0,7.0,0.01,13.0,,,COMPLETE,
216.0,k2204_PPV,3.0,19.0,6.646365727647208e-05,2022-10-24 13:31:30.136036,2022-10-24 13:36:41.226940,0 days 00:05:11.090904,3.0,1.0,256.0,0.0010321172529025,361.0,9.0,0.01,102.0,,,COMPLETE,
216.0,k2204_PPV,3.0,20.0,0.0020457943028304,2022-10-24 13:36:41.227526,2022-10-24 13:45:22.647013,0 days 00:08:41.419487,2.0,4.0,512.0,0.0002122731028144,238.0,6.0,1.0,400.0,,,COMPLETE,
216.0,k2204_PPV,3.0,21.0,4.615781654138118e-05,2022-10-24 13:45:22.647583,2022-10-24 13:54:27.508168,0 days 00:09:04.860585,2.0,2.0,256.0,0.0003992447086738,605.0,9.0,0.01,148.0,,,COMPLETE,
216.0,k2204_PPV,3.0,22.0,0.0171524755714926,2022-10-24 13:54:27.508714,2022-10-24 14:04:28.464855,0 days 00:10:00.956141,2.0,3.0,256.0,0.000104090677149,387.0,9.0,0.01,211.0,,,COMPLETE,
216.0,k2204_PPV,3.0,23.0,4.012232420791406e-05,2022-10-24 14:04:28.465406,2022-10-24 14:11:55.125139,0 days 00:07:26.659733,2.0,2.0,256.0,0.0002911056345982,518.0,8.0,0.01,139.0,,,COMPLETE,
216.0,k2204_PPV,3.0,24.0,0.0003012402521562,2022-10-24 14:11:55.125701,2022-10-24 14:18:01.076033,0 days 00:06:05.950332,3.0,2.0,256.0,0.0007130212438821,299.0,10.0,0.01,118.0,,,COMPLETE,
216.0,k2204_PPV,3.0,25.0,0.0228715477278456,2022-10-24 14:18:01.076598,2022-10-24 14:28:06.966821,0 days 00:10:05.890223,4.0,4.0,256.0,0.0002264003556895,407.0,9.0,0.01,90.0,,,COMPLETE,
216.0,k2204_PPV,3.0,26.0,0.0003121532354271,2022-10-24 14:28:06.967476,2022-10-24 14:34:42.614281,0 days 00:06:35.646805,3.0,3.0,256.0,0.0015650319429733,746.0,8.0,0.01,46.0,,,COMPLETE,
216.0,k2204_PPV,3.0,27.0,0.0011620414734352,2022-10-24 14:34:42.614895,2022-10-24 14:44:44.567142,0 days 00:10:01.952247,2.0,5.0,256.0,0.0004197612424887,590.0,10.0,0.01,113.0,,,COMPLETE,
216.0,k2204_PPV,3.0,28.0,0.0005355670291464,2022-10-24 14:44:44.567767,2022-10-24 14:47:35.494137,0 days 00:02:50.926370,3.0,1.0,256.0,0.0022776235861968,246.0,7.0,1.0,57.0,,,COMPLETE,
216.0,k2204_PPV,3.0,29.0,0.0007287211774382,2022-10-24 14:47:35.494758,2022-10-24 14:54:20.604179,0 days 00:06:45.109421,3.0,1.0,512.0,0.0010179737009484,433.0,8.0,0.05,201.0,,,COMPLETE,
216.0,k2204_PPV,3.0,30.0,0.0082387023139745,2022-10-24 14:54:20.604733,2022-10-24 15:00:18.273450,0 days 00:05:57.668717,2.0,2.0,1024.0,0.0001804822794808,195.0,9.0,0.01,400.0,,,COMPLETE,
216.0,k2204_PPV,3.0,31.0,0.000116815835554,2022-10-24 15:00:18.273995,2022-10-24 15:10:21.180150,0 days 00:10:02.906155,2.0,2.0,256.0,0.0003172286472316,519.0,8.0,0.01,189.0,,,COMPLETE,
216.0,k2204_PPV,3.0,32.0,0.0001332420561084,2022-10-24 15:10:21.180712,2022-10-24 15:14:37.492400,0 days 00:04:16.311688,2.0,2.0,256.0,0.0007106686288081,623.0,8.0,0.01,68.0,,,COMPLETE,
216.0,k2204_PPV,3.0,33.0,0.0011968693597737,2022-10-24 15:14:37.492954,2022-10-24 15:21:01.050125,0 days 00:06:23.557171,2.0,2.0,256.0,0.0002717578242806,508.0,8.0,0.01,123.0,,,COMPLETE,
216.0,k2204_PPV,3.0,34.0,0.0001165753274108,2022-10-24 15:21:01.050719,2022-10-24 15:21:50.300789,0 days 00:00:49.250070,1.0,3.0,256.0,0.0057430307502756,328.0,7.0,0.01,26.0,,,COMPLETE,
216.0,k2204_PPV,3.0,35.0,0.0011588110937736,2022-10-24 15:21:50.301341,2022-10-24 15:31:52.751012,0 days 00:10:02.449671,4.0,2.0,256.0,0.000155447675014,569.0,5.0,0.01,117.0,,,COMPLETE,
216.0,k2204_PPV,3.0,36.0,8.356072066817433e-05,2022-10-24 15:31:52.751600,2022-10-24 15:39:57.980394,0 days 00:08:05.228794,2.0,4.0,256.0,0.0004876704214345,423.0,9.0,0.05,135.0,,,COMPLETE,
216.0,k2204_PPV,3.0,37.0,0.0026829687994904,2022-10-24 15:39:57.980948,2022-10-24 15:40:34.598252,0 days 00:00:36.617304,3.0,2.0,256.0,0.0529584147376575,258.0,8.0,1.0,8.0,,,COMPLETE,
216.0,k2204_PPV,3.0,38.0,0.0006732610418112,2022-10-24 15:40:34.598867,2022-10-24 15:41:25.607748,0 days 00:00:51.008881,1.0,3.0,1024.0,0.0039607589346169,747.0,8.0,0.2,42.0,,,COMPLETE,
216.0,k2204_PPV,3.0,39.0,6.72397218295373e-05,2022-10-24 15:41:25.608305,2022-10-24 15:43:57.048846,0 days 00:02:31.440541,2.0,2.0,256.0,0.0008110844153656,349.0,6.0,0.05,61.0,,,COMPLETE,
216.0,k2204_PPV,3.0,40.0,0.0464991787448525,2022-10-24 15:43:57.049408,2022-10-24 15:53:58.971317,0 days 00:10:01.921909,2.0,3.0,1024.0,0.0001345972004446,794.0,9.0,0.01,226.0,,,COMPLETE,
216.0,k2204_PPV,3.0,41.0,3.530686899466673e-05,2022-10-24 15:53:58.971919,2022-10-24 16:01:53.445981,0 days 00:07:54.474062,2.0,2.0,256.0,0.0003861534434276,644.0,9.0,0.01,113.0,,,COMPLETE,
216.0,k2204_PPV,3.0,42.0,3.963082053815015e-05,2022-10-24 16:01:53.446572,2022-10-24 16:11:51.551612,0 days 00:09:58.105040,2.0,2.0,256.0,0.0003227907842754,642.0,10.0,0.01,138.0,,,COMPLETE,
216.0,k2204_PPV,3.0,43.0,5.770371353719384e-05,2022-10-24 16:11:51.552186,2022-10-24 16:17:39.209149,0 days 00:05:47.656963,2.0,2.0,256.0,0.0005170889057907,646.0,10.0,0.01,78.0,,,COMPLETE,
216.0,k2204_PPV,3.0,44.0,0.0001602605516382,2022-10-24 16:17:39.209734,2022-10-24 16:27:43.584858,0 days 00:10:04.375124,2.0,3.0,256.0,0.0001860363806945,664.0,10.0,0.01,118.0,,,COMPLETE,
216.0,k2204_PPV,3.0,45.0,0.0003844974708044,2022-10-24 16:27:43.585414,2022-10-24 16:37:44.541047,0 days 00:10:00.955633,3.0,1.0,256.0,0.0003397712295925,462.0,10.0,0.2,167.0,,,COMPLETE,
216.0,k2204_PPV,3.0,46.0,0.0010295629908796,2022-10-24 16:37:44.541590,2022-10-24 16:38:04.757510,0 days 00:00:20.215920,1.0,2.0,256.0,0.033147381484655,377.0,9.0,0.01,8.0,,,COMPLETE,
216.0,k2204_PPV,3.0,47.0,0.0255562420934438,2022-10-24 16:38:04.758056,2022-10-24 16:44:49.402989,0 days 00:06:44.644933,2.0,1.0,512.0,0.0001279066266959,74.0,10.0,1.0,400.0,,,COMPLETE,
216.0,k2204_PPV,3.0,48.0,0.000828691816423,2022-10-24 16:44:49.403616,2022-10-24 16:46:06.201992,0 days 00:01:16.798376,3.0,2.0,256.0,0.0116195943034908,469.0,9.0,0.01,14.0,,,COMPLETE,
216.0,k2204_PPV,3.0,49.0,0.0091075201053172,2022-10-24 16:46:06.202578,2022-10-24 16:50:29.955504,0 days 00:04:23.752926,2.0,3.0,1024.0,0.0012722728904537,690.0,10.0,0.01,104.0,,,COMPLETE,
216.0,k2204_PPV,3.0,50.0,4.737332346849144e-05,2022-10-24 16:50:29.956082,2022-10-24 16:55:44.764283,0 days 00:05:14.808201,1.0,1.0,256.0,0.0005760033773704,146.0,9.0,0.2,244.0,,,COMPLETE,
216.0,k2204_PPV,3.0,51.0,3.067881516471971e-05,2022-10-24 16:55:44.764822,2022-10-24 17:04:19.669535,0 days 00:08:34.904713,2.0,2.0,256.0,0.0002675252647276,539.0,8.0,0.01,157.0,,,COMPLETE,
216.0,k2204_PPV,3.0,52.0,3.6255478335078806e-05,2022-10-24 17:04:19.670106,2022-10-24 17:13:38.008937,0 days 00:09:18.338831,2.0,2.0,256.0,0.0002434464539754,573.0,9.0,0.01,158.0,,,COMPLETE,
216.0,k2204_PPV,3.0,53.0,4.524730411503697e-05,2022-10-24 17:13:38.009505,2022-10-24 17:23:41.210114,0 days 00:10:03.200609,2.0,2.0,256.0,0.0002249265448063,559.0,9.0,0.01,174.0,,,COMPLETE,
216.0,k2204_PPV,3.0,54.0,0.000345519865732,2022-10-24 17:23:41.210699,2022-10-24 17:33:44.009846,0 days 00:10:02.799147,2.0,2.0,256.0,0.0001027518290008,451.0,9.0,0.01,209.0,,,COMPLETE,
216.0,k2204_PPV,3.0,55.0,0.0001080517577065,2022-10-24 17:33:44.010433,2022-10-24 17:41:17.004258,0 days 00:07:32.993825,2.0,3.0,256.0,0.0002366643356344,50.0,8.0,0.01,256.0,,,COMPLETE,
216.0,k2204_PPV,3.0,56.0,8.470909961033612e-05,2022-10-24 17:41:17.004807,2022-10-24 17:47:12.100138,0 days 00:05:55.095331,3.0,2.0,512.0,0.0004429097538162,516.0,7.0,0.01,141.0,,,COMPLETE,
216.0,k2204_PPV,3.0,57.0,0.0109757110185455,2022-10-24 17:47:12.100704,2022-10-24 17:57:12.889644,0 days 00:10:00.788940,2.0,4.0,256.0,0.0001454672156928,335.0,9.0,0.05,219.0,,,COMPLETE,
216.0,k2204_PPV,3.0,58.0,0.0001104007678804,2022-10-24 17:57:12.890209,2022-10-24 18:00:38.028759,0 days 00:03:25.138550,2.0,3.0,256.0,0.0007871002733187,285.0,9.0,0.01,86.0,,,COMPLETE,
216.0,k2204_PPV,3.0,59.0,0.0067412088465061,2022-10-24 18:00:38.029337,2022-10-24 18:10:40.552380,0 days 00:10:02.523043,3.0,2.0,256.0,0.0001972603475656,396.0,8.0,0.01,168.0,,,COMPLETE,
216.0,k2204_PPV,3.0,60.0,0.015428838902153,2022-10-24 18:10:40.552950,2022-10-24 18:20:44.017216,0 days 00:10:03.464266,2.0,5.0,256.0,0.0002557286662637,573.0,7.0,1.0,133.0,,,COMPLETE,
216.0,k2204_PPV,3.0,61.0,3.856308831018396e-05,2022-10-24 18:20:44.017802,2022-10-24 18:30:45.754146,0 days 00:10:01.736344,2.0,2.0,256.0,0.0003382213139767,648.0,9.0,0.01,145.0,,,COMPLETE,
216.0,k2204_PPV,3.0,62.0,4.505796096054837e-05,2022-10-24 18:30:45.754739,2022-10-24 18:40:16.781640,0 days 00:09:31.026901,2.0,2.0,256.0,0.0003604857833859,793.0,9.0,0.01,115.0,,,COMPLETE,
216.0,k2204_PPV,3.0,63.0,7.642505079274997e-05,2022-10-24 18:40:16.782203,2022-10-24 18:44:07.627870,0 days 00:03:50.845667,2.0,2.0,256.0,0.0006020896985794,483.0,9.0,0.01,72.0,,,COMPLETE,
216.0,k2204_PPV,3.0,64.0,6.602298526559025e-05,2022-10-24 18:44:07.628423,2022-10-24 18:54:11.484380,0 days 00:10:03.855957,2.0,2.0,256.0,0.0001851724695149,702.0,8.0,0.01,144.0,,,COMPLETE,
216.0,k2204_PPV,3.0,65.0,5.809327558381483e-05,2022-10-24 18:54:11.484953,2022-10-24 18:58:57.744062,0 days 00:04:46.259109,2.0,2.0,256.0,0.0004247809339954,552.0,9.0,0.01,81.0,,,COMPLETE,
216.0,k2204_PPV,3.0,66.0,4.067617919645272e-05,2022-10-24 18:58:57.744682,2022-10-24 19:07:02.282133,0 days 00:08:04.537451,2.0,1.0,512.0,0.0003395460309547,610.0,8.0,0.01,269.0,,,COMPLETE,
216.0,k2204_PPV,3.0,67.0,4.073925992997829e-05,2022-10-24 19:07:02.282764,2022-10-24 19:12:02.508521,0 days 00:05:00.225757,2.0,2.0,256.0,0.0002791429263237,209.0,9.0,0.01,148.0,,,COMPLETE,
216.0,k2204_PPV,3.0,68.0,4.416704905452207e-05,2022-10-24 19:12:02.509069,2022-10-24 19:22:04.311366,0 days 00:10:01.802297,2.0,3.0,256.0,0.0001642203188059,417.0,8.0,0.01,203.0,,,COMPLETE,
216.0,k2204_PPV,3.0,69.0,0.0002982574369525,2022-10-24 19:22:04.311941,2022-10-24 19:28:14.977246,0 days 00:06:10.665305,3.0,2.0,1024.0,0.0006333186595652,484.0,9.0,0.2,174.0,,,COMPLETE,
216.0,k2204_PPV,3.0,70.0,0.0002554875900386,2022-10-24 19:28:14.977838,2022-10-24 19:29:30.728308,0 days 00:01:15.750470,2.0,1.0,256.0,0.0022317428620294,273.0,9.0,0.01,33.0,,,COMPLETE,
216.0,k2204_PPV,3.0,71.0,2.315416168130469e-05,2022-10-24 19:29:30.728882,2022-10-24 19:39:00.112256,0 days 00:09:29.383374,2.0,2.0,256.0,0.0002786633903131,641.0,10.0,0.01,132.0,,,COMPLETE,
216.0,k2204_PPV,3.0,72.0,4.455736689124024e-05,2022-10-24 19:39:00.112816,2022-10-24 19:49:03.210771,0 days 00:10:03.097955,2.0,2.0,256.0,0.0002833067278643,706.0,10.0,0.01,129.0,,,COMPLETE,
216.0,k2204_PPV,3.0,73.0,2.737854720180621e-05,2022-10-24 19:49:03.211369,2022-10-24 19:57:42.946053,0 days 00:08:39.734684,2.0,2.0,256.0,0.000216623682469,591.0,8.0,0.01,148.0,,,COMPLETE,
216.0,k2204_PPV,3.0,74.0,0.0211705217643611,2022-10-24 19:57:42.946654,2022-10-24 20:07:45.061978,0 days 00:10:02.115324,2.0,2.0,256.0,0.0001292669557238,611.0,7.0,0.01,177.0,,,COMPLETE,
216.0,k2204_PPV,3.0,75.0,2.6327636987844016e-05,2022-10-24 20:07:45.062573,2022-10-24 20:17:48.127881,0 days 00:10:03.065308,2.0,2.0,256.0,0.0002258736694293,734.0,8.0,0.01,139.0,,,COMPLETE,
216.0,k2204_PPV,3.0,76.0,5.291639172355645e-05,2022-10-24 20:17:48.128441,2022-10-24 20:27:48.317134,0 days 00:10:00.188693,2.0,2.0,256.0,0.0002208977158589,724.0,8.0,0.05,139.0,,,COMPLETE,
216.0,k2204_PPV,3.0,77.0,5.602806959359441e-05,2022-10-24 20:27:48.317699,2022-10-24 20:33:11.616037,0 days 00:05:23.298338,2.0,2.0,256.0,0.0004798536682424,529.0,8.0,0.01,98.0,,,COMPLETE,
216.0,k2204_PPV,3.0,78.0,3.156632010359317e-05,2022-10-24 20:33:11.616592,2022-10-24 20:43:13.113359,0 days 00:10:01.496767,2.0,2.0,256.0,0.0001942115963697,587.0,7.0,0.01,182.0,,,COMPLETE,
216.0,k2204_PPV,3.0,79.0,0.0727005042135715,2022-10-24 20:43:13.113913,2022-10-24 20:53:14.997896,0 days 00:10:01.883983,4.0,2.0,256.0,0.0001687215783366,795.0,7.0,0.01,72.0,,,COMPLETE,
216.0,k2204_PPV,3.0,80.0,0.0220709911081939,2022-10-24 20:53:14.998503,2022-10-24 21:03:18.119983,0 days 00:10:03.121480,2.0,1.0,256.0,0.0001193606079591,664.0,7.0,0.01,174.0,,,COMPLETE,
216.0,k2204_PPV,3.0,81.0,3.439396550675156e-05,2022-10-24 21:03:18.120581,2022-10-24 21:13:20.762456,0 days 00:10:02.641875,2.0,2.0,256.0,0.0002430230264425,578.0,8.0,0.01,175.0,,,COMPLETE,
216.0,k2204_PPV,3.0,82.0,2.513940034987172e-05,2022-10-24 21:13:20.763049,2022-10-24 21:23:23.102035,0 days 00:10:02.338986,2.0,2.0,256.0,0.0002038246137268,604.0,8.0,0.01,172.0,,,COMPLETE,
216.0,k2204_PPV,3.0,83.0,0.0011924486752832,2022-10-24 21:23:23.102635,2022-10-24 21:33:23.724937,0 days 00:10:00.622302,2.0,2.0,256.0,0.0001823344691786,597.0,8.0,0.01,171.0,,,COMPLETE,
216.0,k2204_PPV,3.0,84.0,0.0004478331684367,2022-10-24 21:33:23.725517,2022-10-24 21:43:24.714095,0 days 00:10:00.988578,2.0,2.0,256.0,0.0002236425811843,543.0,8.0,1.0,184.0,,,COMPLETE,
216.0,k2204_PPV,3.0,85.0,0.0001405290167895,2022-10-24 21:43:24.714695,2022-10-24 21:53:25.204250,0 days 00:10:00.489555,2.0,2.0,256.0,0.0001508016126119,499.0,8.0,0.01,194.0,,,COMPLETE,
216.0,k2204_PPV,3.0,86.0,0.000107235258838,2022-10-24 21:53:25.204834,2022-10-24 22:01:27.184645,0 days 00:08:01.979811,2.0,2.0,1024.0,0.0002968476915685,436.0,7.0,0.01,400.0,,,COMPLETE,
216.0,k2204_PPV,3.0,87.0,0.0186084466986358,2022-10-24 22:01:27.185221,2022-10-24 22:11:28.323390,0 days 00:10:01.138169,2.0,2.0,512.0,0.0001118900318746,725.0,8.0,0.01,236.0,,,COMPLETE,
216.0,k2204_PPV,3.0,88.0,0.0002822331880452,2022-10-24 22:11:28.323988,2022-10-24 22:21:29.492663,0 days 00:10:01.168675,2.0,3.0,256.0,0.0001485250083126,107.0,8.0,0.01,317.0,,,COMPLETE,
216.0,k2204_PPV,3.0,89.0,0.0185396515298634,2022-10-24 22:21:29.493215,2022-10-24 22:31:31.516597,0 days 00:10:02.023382,2.0,5.0,256.0,0.0001952227665955,376.0,7.0,0.2,198.0,,,COMPLETE,
216.0,k2204_PPV,3.0,90.0,1.916153360070893e-05,2022-10-24 22:31:31.517169,2022-10-24 22:38:47.592825,0 days 00:07:16.075656,1.0,2.0,256.0,0.0002572118786989,604.0,6.0,0.01,220.0,,,COMPLETE,
216.0,k2204_PPV,3.0,91.0,2.8776544240827207e-05,2022-10-24 22:38:47.593377,2022-10-24 22:44:34.149981,0 days 00:05:46.556604,1.0,2.0,256.0,0.0002573661454463,584.0,6.0,0.01,176.0,,,COMPLETE,
216.0,k2204_PPV,3.0,92.0,4.639320468413644e-05,2022-10-24 22:44:34.150564,2022-10-24 22:50:33.988795,0 days 00:05:59.838231,1.0,2.0,256.0,0.0004064616738871,759.0,6.0,0.01,151.0,,,COMPLETE,
216.0,k2204_PPV,3.0,93.0,1.744411110848887e-05,2022-10-24 22:50:33.989358,2022-10-24 22:57:46.932087,0 days 00:07:12.942729,1.0,2.0,256.0,0.0002852154585561,669.0,6.0,0.01,192.0,,,COMPLETE,
216.0,k2204_PPV,3.0,94.0,2.9371982236625627e-05,2022-10-24 22:57:46.932701,2022-10-24 23:04:50.830665,0 days 00:07:03.897964,1.0,2.0,256.0,0.0002776685103667,679.0,6.0,0.01,186.0,,,COMPLETE,
216.0,k2204_PPV,3.0,95.0,2.7071155273006298e-05,2022-10-24 23:04:50.831266,2022-10-24 23:10:05.786565,0 days 00:05:14.955299,1.0,2.0,256.0,0.0003256694500475,683.0,6.0,0.05,137.0,,,COMPLETE,
216.0,k2204_PPV,3.0,96.0,2.3044848603603896e-05,2022-10-24 23:10:05.787131,2022-10-24 23:14:53.954861,0 days 00:04:48.167730,1.0,2.0,256.0,0.0003777645972056,639.0,6.0,0.05,140.0,,,COMPLETE,
216.0,k2204_PPV,3.0,97.0,2.888300423364853e-05,2022-10-24 23:14:53.955458,2022-10-24 23:18:51.003675,0 days 00:03:57.048217,1.0,2.0,256.0,0.0005052404076857,754.0,5.0,0.05,103.0,,,COMPLETE,
216.0,k2204_PPV,3.0,98.0,3.2135218134499155e-05,2022-10-24 23:18:51.004259,2022-10-24 23:23:27.407068,0 days 00:04:36.402809,1.0,2.0,256.0,0.0003737030064261,628.0,6.0,0.05,135.0,,,COMPLETE,
216.0,k2204_PPV,3.0,99.0,0.000390535184124,2022-10-24 23:23:27.407690,2022-10-24 23:24:00.790090,0 days 00:00:33.382400,1.0,2.0,256.0,0.0083165459573101,677.0,6.0,0.05,10.0,,,COMPLETE,
216.0,k2204_PPV,4.0,0.0,0.0158209755318239,2022-10-25 00:10:09.667823,2022-10-25 00:12:05.513106,0 days 00:01:55.845283,3.0,1.0,1024.0,0.001,200.0,8.0,0.05,102.0,,,COMPLETE,"{'n_dspp_layers': 3, 'n_dspp_out': 1, 'num_inducing': 200, 'batch_size': 1024, 'lr': 0.001, 'num_quadrature_sites': 8, 'beta': 0.05}"
216.0,k2204_PPV,4.0,1.0,0.0004108301236556,2022-10-25 00:12:05.513653,2022-10-25 00:18:01.248089,0 days 00:05:55.734436,1.0,1.0,512.0,0.0003016254449233,346.0,6.0,0.05,400.0,,,COMPLETE,
216.0,k2204_PPV,4.0,2.0,0.0004298646817915,2022-10-25 00:18:01.248632,2022-10-25 00:20:16.306399,0 days 00:02:15.057767,4.0,2.0,256.0,0.0014727307783325,242.0,8.0,0.01,34.0,,,COMPLETE,
216.0,k2204_PPV,4.0,3.0,0.0035820307675749,2022-10-25 00:20:16.307041,2022-10-25 00:20:27.417463,0 days 00:00:11.110422,1.0,4.0,512.0,0.0766329739281259,105.0,10.0,0.2,9.0,,,COMPLETE,
216.0,k2204_PPV,4.0,4.0,0.0045126470504328,2022-10-25 00:20:27.417977,2022-10-25 00:21:18.816774,0 days 00:00:51.398797,2.0,1.0,1024.0,0.0182861456308772,640.0,10.0,0.2,32.0,,,COMPLETE,
216.0,k2204_PPV,4.0,5.0,0.0003177862090524,2022-10-25 00:21:18.817294,2022-10-25 00:21:43.994834,0 days 00:00:25.177540,1.0,1.0,1024.0,0.0097942845839345,56.0,6.0,0.01,42.0,,,COMPLETE,
216.0,k2204_PPV,4.0,6.0,0.0006619038322241,2022-10-25 00:21:43.995384,2022-10-25 00:22:25.493413,0 days 00:00:41.498029,2.0,3.0,256.0,0.0090519552978711,299.0,9.0,1.0,13.0,,,COMPLETE,
216.0,k2204_PPV,4.0,7.0,0.0401117391884326,2022-10-25 00:22:25.493947,2022-10-25 00:32:28.175216,0 days 00:10:02.681269,3.0,4.0,512.0,0.0003316840982807,434.0,7.0,1.0,190.0,,,COMPLETE,
216.0,k2204_PPV,4.0,8.0,0.0002574578102212,2022-10-25 00:32:28.175829,2022-10-25 00:33:12.676685,0 days 00:00:44.500856,1.0,1.0,1024.0,0.0031066490020511,137.0,7.0,0.2,73.0,,,COMPLETE,
216.0,k2204_PPV,4.0,9.0,0.0003084339950873,2022-10-25 00:33:12.677230,2022-10-25 00:35:26.712786,0 days 00:02:14.035556,1.0,1.0,512.0,0.0011508363000289,50.0,5.0,1.0,184.0,,,COMPLETE,
216.0,k2204_PPV,4.0,10.0,0.0311158644035458,2022-10-25 00:35:26.713327,2022-10-25 00:40:46.322886,0 days 00:05:19.609559,2.0,2.0,1024.0,0.000130708048502,109.0,7.0,0.2,400.0,,,COMPLETE,
216.0,k2204_PPV,4.0,11.0,0.0004776357964146,2022-10-25 00:40:46.323477,2022-10-25 00:41:35.328832,0 days 00:00:49.005355,1.0,2.0,512.0,0.0026059536579019,54.0,5.0,1.0,63.0,,,COMPLETE,
216.0,k2204_PPV,4.0,12.0,0.0002818702487275,2022-10-25 00:41:35.329372,2022-10-25 00:44:18.008591,0 days 00:02:42.679219,1.0,1.0,1024.0,0.0008145796625792,106.0,5.0,1.0,289.0,,,COMPLETE,
216.0,k2204_PPV,4.0,13.0,0.0002703815698623,2022-10-25 00:44:18.009110,2022-10-25 00:44:47.821787,0 days 00:00:29.812677,1.0,1.0,1024.0,0.0053980432909345,119.0,6.0,0.2,47.0,,,COMPLETE,
216.0,k2204_PPV,4.0,14.0,0.0026900127413682,2022-10-25 00:44:47.822345,2022-10-25 00:45:15.939914,0 days 00:00:28.117569,2.0,2.0,1024.0,0.0055805748874044,137.0,6.0,0.2,30.0,,,COMPLETE,
216.0,k2204_PPV,4.0,15.0,0.0059642072301357,2022-10-25 00:45:15.940449,2022-10-25 00:45:29.876820,0 days 00:00:13.936371,1.0,3.0,1024.0,0.0518148592653473,149.0,7.0,0.2,18.0,,,COMPLETE,
216.0,k2204_PPV,4.0,16.0,0.0051032240735366,2022-10-25 00:45:29.877349,2022-10-25 00:46:01.459369,0 days 00:00:31.582020,3.0,3.0,1024.0,0.0260706833022389,78.0,6.0,0.2,26.0,,,COMPLETE,
216.0,k2204_PPV,4.0,17.0,0.0034597250996739,2022-10-25 00:46:01.459939,2022-10-25 00:47:33.409034,0 days 00:01:31.949095,2.0,1.0,256.0,0.0036523392010845,158.0,8.0,0.2,42.0,,,COMPLETE,
216.0,k2204_PPV,4.0,18.0,0.002593106139102,2022-10-25 00:47:33.409582,2022-10-25 00:49:12.401610,0 days 00:01:38.992028,4.0,2.0,1024.0,0.0027219494977327,71.0,9.0,0.2,75.0,,,COMPLETE,
216.0,k2204_PPV,4.0,19.0,0.0029490751912817,2022-10-25 00:49:12.402196,2022-10-25 00:49:29.233322,0 days 00:00:16.831126,1.0,1.0,1024.0,0.0213465551628777,207.0,7.0,0.05,23.0,,,COMPLETE,
216.0,k2204_PPV,4.0,20.0,0.0012103880872018,2022-10-25 00:49:29.233844,2022-10-25 00:50:19.019284,0 days 00:00:49.785440,2.0,5.0,256.0,0.0072563299475534,80.0,6.0,0.01,22.0,,,COMPLETE,
216.0,k2204_PPV,4.0,21.0,0.0003949289093725,2022-10-25 00:50:19.019843,2022-10-25 00:53:58.424960,0 days 00:03:39.405117,1.0,1.0,1024.0,0.0006131633804552,112.0,5.0,1.0,400.0,,,COMPLETE,
216.0,k2204_PPV,4.0,22.0,0.0003409465061849,2022-10-25 00:53:58.425502,2022-10-25 00:55:05.417962,0 days 00:01:06.992460,1.0,1.0,1024.0,0.0018969067283833,129.0,5.0,1.0,115.0,,,COMPLETE,
216.0,k2204_PPV,4.0,23.0,0.0002076963137369,2022-10-25 00:55:05.418514,2022-10-25 00:55:50.979108,0 days 00:00:45.560594,1.0,1.0,1024.0,0.0039891639840826,90.0,6.0,0.2,79.0,,,COMPLETE,
216.0,k2204_PPV,4.0,24.0,0.0026209208008367,2022-10-25 00:55:50.979765,2022-10-25 00:56:17.263545,0 days 00:00:26.283780,1.0,1.0,1024.0,0.0049260143815978,166.0,6.0,0.2,41.0,,,COMPLETE,
216.0,k2204_PPV,4.0,25.0,0.0002193090913351,2022-10-25 00:56:17.264076,2022-10-25 00:57:09.284006,0 days 00:00:52.019930,1.0,2.0,1024.0,0.0034794527764069,90.0,7.0,0.2,87.0,,,COMPLETE,
216.0,k2204_PPV,4.0,26.0,0.001456651778426,2022-10-25 00:57:09.284544,2022-10-25 00:57:23.927821,0 days 00:00:14.643277,1.0,2.0,1024.0,0.0126549899912054,90.0,7.0,0.2,21.0,,,COMPLETE,
216.0,k2204_PPV,4.0,27.0,0.0003501634928397,2022-10-25 00:57:23.928366,2022-10-25 00:58:20.466022,0 days 00:00:56.537656,1.0,3.0,1024.0,0.0019540438706075,65.0,8.0,0.2,94.0,,,COMPLETE,
216.0,k2204_PPV,4.0,28.0,0.0005188361392356,2022-10-25 00:58:20.466552,2022-10-25 01:00:27.947450,0 days 00:02:07.480898,3.0,4.0,256.0,0.0037096621498672,91.0,7.0,0.2,48.0,,,COMPLETE,
216.0,k2204_PPV,4.0,29.0,0.0011050403554691,2022-10-25 01:00:27.948010,2022-10-25 01:07:48.759307,0 days 00:07:20.811297,2.0,5.0,1024.0,0.0005403393928979,177.0,9.0,0.05,400.0,,,COMPLETE,
216.0,k2204_PPV,4.0,30.0,0.0027827452868223,2022-10-25 01:07:48.759880,2022-10-25 01:08:40.875125,0 days 00:00:52.115245,4.0,2.0,1024.0,0.0148340025279804,212.0,8.0,0.2,30.0,,,COMPLETE,
216.0,k2204_PPV,4.0,31.0,0.000492595063406,2022-10-25 01:08:40.875837,2022-10-25 01:09:06.674598,0 days 00:00:25.798761,1.0,1.0,1024.0,0.0056520034132226,126.0,6.0,0.2,41.0,,,COMPLETE,
216.0,k2204_PPV,4.0,32.0,0.0003045516350539,2022-10-25 01:09:06.675137,2022-10-25 01:09:35.344782,0 days 00:00:28.669645,1.0,2.0,1024.0,0.0039455486096518,90.0,7.0,0.2,45.0,,,COMPLETE,
216.0,k2204_PPV,4.0,33.0,0.0001985683848033,2022-10-25 01:09:35.345310,2022-10-25 01:10:51.459052,0 days 00:01:16.113742,1.0,1.0,1024.0,0.0018150065313524,64.0,6.0,0.05,136.0,,,COMPLETE,
216.0,k2204_PPV,4.0,34.0,0.0001278368326893,2022-10-25 01:10:51.459651,2022-10-25 01:12:48.417575,0 days 00:01:56.957924,1.0,3.0,1024.0,0.0014890071390604,61.0,7.0,0.05,203.0,,,COMPLETE,
216.0,k2204_PPV,4.0,35.0,0.000117286654131,2022-10-25 01:12:48.418135,2022-10-25 01:14:36.977419,0 days 00:01:48.559284,1.0,3.0,512.0,0.0013914652986855,68.0,6.0,0.05,138.0,,,COMPLETE,
216.0,k2204_PPV,4.0,36.0,0.0002320798594155,2022-10-25 01:14:36.977944,2022-10-25 01:16:00.601636,0 days 00:01:23.623692,1.0,4.0,512.0,0.0013992101920778,62.0,6.0,0.05,108.0,,,COMPLETE,
216.0,k2204_PPV,4.0,37.0,7.627477316418663e-05,2022-10-25 01:16:00.602185,2022-10-25 01:20:09.484194,0 days 00:04:08.882009,1.0,3.0,512.0,0.0003934964104273,62.0,6.0,0.05,327.0,,,COMPLETE,
216.0,k2204_PPV,4.0,38.0,0.009118364425376,2022-10-25 01:20:09.484726,2022-10-25 01:25:06.864099,0 days 00:04:57.379373,1.0,3.0,512.0,0.000171214752355,63.0,6.0,0.05,400.0,,,COMPLETE,
216.0,k2204_PPV,4.0,39.0,0.0001598820854269,2022-10-25 01:25:06.864624,2022-10-25 01:31:56.624134,0 days 00:06:49.759510,2.0,3.0,512.0,0.0003393868609318,73.0,5.0,0.05,386.0,,,COMPLETE,
216.0,k2204_PPV,4.0,40.0,0.0117964877281337,2022-10-25 01:31:56.624681,2022-10-25 01:38:48.608121,0 days 00:06:51.983440,2.0,4.0,512.0,0.0002850771154149,50.0,5.0,0.05,400.0,,,COMPLETE,
216.0,k2204_PPV,4.0,41.0,0.0017853837198344,2022-10-25 01:38:48.608681,2022-10-25 01:47:40.662499,0 days 00:08:52.053818,3.0,3.0,512.0,0.0003956702450582,69.0,5.0,0.05,400.0,,,COMPLETE,
216.0,k2204_PPV,4.0,42.0,0.0001858273244579,2022-10-25 01:47:40.663090,2022-10-25 01:52:16.714253,0 days 00:04:36.051163,2.0,4.0,512.0,0.0009429221780385,74.0,6.0,0.05,250.0,,,COMPLETE,
216.0,k2204_PPV,4.0,43.0,0.0003658273344626,2022-10-25 01:52:16.714842,2022-10-25 01:57:32.626993,0 days 00:05:15.912151,2.0,5.0,512.0,0.0009155053238023,77.0,5.0,0.05,285.0,,,COMPLETE,
216.0,k2204_PPV,4.0,44.0,0.0023738239251542,2022-10-25 01:57:32.627646,2022-10-25 02:04:34.051154,0 days 00:07:01.423508,2.0,4.0,512.0,0.0002397587770413,58.0,6.0,0.05,400.0,,,COMPLETE,
216.0,k2204_PPV,4.0,45.0,9.794655670702924e-05,2022-10-25 02:04:34.051744,2022-10-25 02:10:26.607730,0 days 00:05:52.555986,2.0,3.0,512.0,0.0005310631590937,797.0,5.0,0.05,133.0,,,COMPLETE,
216.0,k2204_PPV,4.0,46.0,0.0002451832478982,2022-10-25 02:10:26.608321,2022-10-25 02:20:27.871891,0 days 00:10:01.263570,3.0,3.0,512.0,0.0005344780898427,771.0,5.0,0.05,161.0,,,COMPLETE,
216.0,k2204_PPV,4.0,47.0,0.00025487144012,2022-10-25 02:20:27.872464,2022-10-25 02:30:27.731102,0 days 00:09:59.858638,2.0,3.0,512.0,0.0001001188475078,414.0,5.0,0.05,400.0,,,COMPLETE,
216.0,k2204_PPV,4.0,48.0,5.382798553910106e-05,2022-10-25 02:30:27.731842,2022-10-25 02:35:54.720122,0 days 00:05:26.988280,2.0,3.0,512.0,0.0003914521720431,566.0,5.0,0.01,171.0,,,COMPLETE,
216.0,k2204_PPV,4.0,49.0,0.0503845252096653,2022-10-25 02:35:54.720670,2022-10-25 02:45:58.133244,0 days 00:10:03.412574,4.0,4.0,512.0,0.0006599649720017,573.0,10.0,0.01,94.0,,,COMPLETE,
216.0,k2204_PPV,4.0,50.0,0.0157633400522172,2022-10-25 02:45:58.133823,2022-10-25 02:55:41.168912,0 days 00:09:43.035089,2.0,5.0,512.0,0.0001991136042355,298.0,5.0,0.01,400.0,,,COMPLETE,
216.0,k2204_PPV,4.0,51.0,0.0001022261822072,2022-10-25 02:55:41.169484,2022-10-25 03:04:40.606044,0 days 00:08:59.436560,2.0,3.0,512.0,0.0004536708926905,795.0,5.0,0.01,206.0,,,COMPLETE,
216.0,k2204_PPV,4.0,52.0,0.0001255902443517,2022-10-25 03:04:40.606628,2022-10-25 03:13:42.181201,0 days 00:09:01.574573,3.0,3.0,512.0,0.0003869107669105,797.0,5.0,0.01,143.0,,,COMPLETE,
216.0,k2204_PPV,4.0,53.0,0.0007962707604747,2022-10-25 03:13:42.181776,2022-10-25 03:23:42.253779,0 days 00:10:00.072003,3.0,3.0,512.0,0.0004726713669437,796.0,5.0,0.01,160.0,,,COMPLETE,
216.0,k2204_PPV,4.0,54.0,0.019922921404941,2022-10-25 03:23:42.254347,2022-10-25 03:33:45.488276,0 days 00:10:03.233929,4.0,3.0,512.0,0.0003940799739826,639.0,5.0,0.01,157.0,,,COMPLETE,
216.0,k2204_PPV,4.0,55.0,0.0237585785798728,2022-10-25 03:33:45.488839,2022-10-25 03:40:34.064813,0 days 00:06:48.575974,3.0,4.0,512.0,0.00079876409329,532.0,5.0,0.01,130.0,,,COMPLETE,
216.0,k2204_PPV,4.0,56.0,0.0008410616137553,2022-10-25 03:40:34.065386,2022-10-25 03:50:34.328821,0 days 00:10:00.263435,3.0,3.0,512.0,0.0002568568847434,696.0,5.0,0.01,182.0,,,COMPLETE,
216.0,k2204_PPV,4.0,57.0,0.03190464572981,2022-10-25 03:50:34.329417,2022-10-25 04:00:36.560829,0 days 00:10:02.231412,3.0,4.0,512.0,0.0001861863121163,496.0,5.0,0.01,234.0,,,COMPLETE,
216.0,k2204_PPV,4.0,58.0,0.00057036880753,2022-10-25 04:00:36.561415,2022-10-25 04:03:56.687961,0 days 00:03:20.126546,2.0,3.0,512.0,0.0006894991623219,675.0,5.0,0.01,84.0,,,COMPLETE,
216.0,k2204_PPV,4.0,59.0,0.0045763660455122,2022-10-25 04:03:56.688504,2022-10-25 04:13:59.663135,0 days 00:10:02.974631,3.0,4.0,512.0,0.0004249624731829,580.0,6.0,0.01,164.0,,,COMPLETE,
216.0,k2204_PPV,4.0,60.0,7.699120760662481e-05,2022-10-25 04:13:59.663753,2022-10-25 04:19:50.251494,0 days 00:05:50.587741,4.0,2.0,256.0,0.0010819374404047,735.0,5.0,0.01,51.0,,,COMPLETE,
216.0,k2204_PPV,4.0,61.0,0.0001513547649665,2022-10-25 04:19:50.252070,2022-10-25 04:23:28.863809,0 days 00:03:38.611739,4.0,2.0,256.0,0.001103075176391,729.0,5.0,0.01,30.0,,,COMPLETE,
216.0,k2204_PPV,4.0,62.0,0.000349797293893,2022-10-25 04:23:28.864348,2022-10-25 04:33:33.125405,0 days 00:10:04.261057,3.0,3.0,256.0,0.0003354153911218,620.0,5.0,0.01,126.0,,,COMPLETE,
216.0,k2204_PPV,4.0,63.0,0.0053853259596508,2022-10-25 04:33:33.125967,2022-10-25 04:38:19.911694,0 days 00:04:46.785727,4.0,2.0,256.0,0.0007555153872654,476.0,5.0,0.01,59.0,,,COMPLETE,
216.0,k2204_PPV,4.0,64.0,0.0002577079030743,2022-10-25 04:38:19.912280,2022-10-25 04:48:21.358698,0 days 00:10:01.446418,4.0,3.0,256.0,0.0012537180223702,737.0,6.0,0.01,64.0,,,COMPLETE,
216.0,k2204_PPV,4.0,65.0,0.03356808143144,2022-10-25 04:48:21.359307,2022-10-25 04:56:04.687574,0 days 00:07:43.328267,4.0,3.0,512.0,0.0006043781254183,426.0,5.0,0.01,165.0,,,COMPLETE,
216.0,k2204_PPV,4.0,66.0,0.002979988050356,2022-10-25 04:56:04.688151,2022-10-25 05:05:33.688944,0 days 00:09:29.000793,2.0,3.0,512.0,0.0001293378656633,343.0,6.0,1.0,400.0,,,COMPLETE,
216.0,k2204_PPV,4.0,67.0,9.19364465516992e-05,2022-10-25 05:05:33.689528,2022-10-25 05:12:34.139985,0 days 00:07:00.450457,4.0,2.0,256.0,0.0004879328491335,797.0,5.0,0.01,57.0,,,COMPLETE,
216.0,k2204_PPV,4.0,68.0,0.0002960428755613,2022-10-25 05:12:34.140570,2022-10-25 05:22:36.164565,0 days 00:10:02.023995,4.0,2.0,256.0,0.0004862207562174,671.0,5.0,0.01,98.0,,,COMPLETE,
216.0,k2204_PPV,4.0,69.0,0.0002218625340901,2022-10-25 05:22:36.165107,2022-10-25 05:27:31.283624,0 days 00:04:55.118517,4.0,2.0,256.0,0.0026771985390529,607.0,6.0,0.05,49.0,,,COMPLETE,
216.0,k2204_PPV,4.0,70.0,0.0005578682757914,2022-10-25 05:27:31.284183,2022-10-25 05:37:31.654610,0 days 00:10:00.370427,4.0,2.0,256.0,0.0002312568804607,531.0,5.0,0.01,122.0,,,COMPLETE,
216.0,k2204_PPV,4.0,71.0,5.5769740356481634e-05,2022-10-25 05:37:31.655227,2022-10-25 05:46:43.817194,0 days 00:09:12.161967,3.0,3.0,256.0,0.0003304635001007,783.0,5.0,0.01,86.0,,,COMPLETE,
216.0,k2204_PPV,4.0,72.0,0.0218298844411037,2022-10-25 05:46:43.817765,2022-10-25 05:56:47.371566,0 days 00:10:03.553801,4.0,4.0,256.0,0.0003256249910383,692.0,5.0,0.01,66.0,,,COMPLETE,
216.0,k2204_PPV,4.0,73.0,0.000208890531212,2022-10-25 05:56:47.372134,2022-10-25 06:00:12.961483,0 days 00:03:25.589349,3.0,3.0,256.0,0.0009568385024412,751.0,5.0,0.01,31.0,,,COMPLETE,
216.0,k2204_PPV,4.0,74.0,0.0050440444611012,2022-10-25 06:00:12.962064,2022-10-25 06:01:33.503218,0 days 00:01:20.541154,4.0,2.0,256.0,0.0949558611796527,560.0,6.0,0.01,11.0,,,COMPLETE,
216.0,k2204_PPV,4.0,75.0,0.0002270050827064,2022-10-25 06:01:33.503879,2022-10-25 06:07:37.874936,0 days 00:06:04.371057,2.0,3.0,256.0,0.0005655120677219,644.0,5.0,1.0,95.0,,,COMPLETE,
216.0,k2204_PPV,4.0,76.0,0.0001832915077102,2022-10-25 06:07:37.875538,2022-10-25 06:11:03.168869,0 days 00:03:25.293331,3.0,3.0,256.0,0.0017287116110048,718.0,5.0,0.05,32.0,,,COMPLETE,
216.0,k2204_PPV,4.0,77.0,0.0655918009579181,2022-10-25 06:11:03.169446,2022-10-25 06:20:50.006288,0 days 00:09:46.836842,4.0,5.0,256.0,0.0002922663576543,239.0,5.0,0.01,158.0,,,COMPLETE,
216.0,k2204_PPV,4.0,78.0,0.0008465543505735,2022-10-25 06:20:50.006928,2022-10-25 06:30:50.632364,0 days 00:10:00.625436,2.0,2.0,512.0,0.0001519404327508,468.0,6.0,0.05,375.0,,,COMPLETE,
216.0,k2204_PPV,4.0,79.0,0.0432281037792563,2022-10-25 06:30:50.632929,2022-10-25 06:40:54.784565,0 days 00:10:04.151636,4.0,4.0,256.0,0.0004678639520617,785.0,5.0,0.01,56.0,,,COMPLETE,
216.0,k2204_PPV,4.0,80.0,0.0165351932446355,2022-10-25 06:40:54.785134,2022-10-25 06:50:23.452796,0 days 00:09:28.667662,3.0,3.0,512.0,0.0007763610049114,654.0,6.0,0.05,151.0,,,COMPLETE,
216.0,k2204_PPV,4.0,81.0,0.0032447611301904,2022-10-25 06:50:23.453360,2022-10-25 07:00:24.384860,0 days 00:10:00.931500,3.0,3.0,512.0,0.0004041141865965,791.0,5.0,0.01,159.0,,,COMPLETE,
216.0,k2204_PPV,4.0,82.0,0.0002538516564527,2022-10-25 07:00:24.385445,2022-10-25 07:10:26.145750,0 days 00:10:01.760305,3.0,3.0,512.0,0.0003630112637754,714.0,5.0,0.01,176.0,,,COMPLETE,
216.0,k2204_PPV,4.0,83.0,9.68080603342969e-05,2022-10-25 07:10:26.146351,2022-10-25 07:20:27.281624,0 days 00:10:01.135273,2.0,3.0,512.0,0.0002709849057147,608.0,9.0,0.01,235.0,,,COMPLETE,
216.0,k2204_PPV,4.0,84.0,0.0001254364942724,2022-10-25 07:20:27.282202,2022-10-25 07:30:27.519515,0 days 00:10:00.237313,2.0,3.0,512.0,0.0002172507914712,597.0,8.0,0.01,239.0,,,COMPLETE,
216.0,k2204_PPV,4.0,85.0,0.0001190757648146,2022-10-25 07:30:27.520086,2022-10-25 07:38:13.005309,0 days 00:07:45.485223,2.0,4.0,512.0,0.0006123217587833,387.0,9.0,0.05,220.0,,,COMPLETE,
216.0,k2204_PPV,4.0,86.0,0.0167957764497259,2022-10-25 07:38:13.005887,2022-10-25 07:48:15.035114,0 days 00:10:02.029227,2.0,3.0,512.0,0.0002716303314109,533.0,9.0,0.01,251.0,,,COMPLETE,
216.0,k2204_PPV,4.0,87.0,0.0003100732865277,2022-10-25 07:48:15.035713,2022-10-25 07:50:33.014224,0 days 00:02:17.978511,2.0,2.0,512.0,0.0011287739984117,621.0,7.0,0.01,64.0,,,COMPLETE,
216.0,k2204_PPV,4.0,88.0,0.0003867036866722,2022-10-25 07:50:33.014825,2022-10-25 07:52:23.513896,0 days 00:01:50.499071,2.0,4.0,256.0,0.0020814276833695,54.0,9.0,0.05,56.0,,,COMPLETE,
216.0,k2204_PPV,4.0,89.0,0.0001419439904566,2022-10-25 07:52:23.514547,2022-10-25 08:02:24.814964,0 days 00:10:01.300417,2.0,3.0,512.0,0.0005085451839098,740.0,10.0,0.01,168.0,,,COMPLETE,
216.0,k2204_PPV,4.0,90.0,0.0010891108249779,2022-10-25 08:02:24.815632,2022-10-25 08:09:35.565521,0 days 00:07:10.749889,2.0,3.0,512.0,0.0001584632402074,82.0,5.0,1.0,400.0,,,COMPLETE,
216.0,k2204_PPV,4.0,91.0,0.0004987572610843,2022-10-25 08:09:35.566092,2022-10-25 08:18:01.825678,0 days 00:08:26.259586,2.0,5.0,512.0,0.0007017078533802,377.0,9.0,0.05,222.0,,,COMPLETE,
216.0,k2204_PPV,4.0,92.0,0.0005674836429534,2022-10-25 08:18:01.826253,2022-10-25 08:23:45.055404,0 days 00:05:43.229151,2.0,4.0,512.0,0.0008737341585833,681.0,8.0,0.05,98.0,,,COMPLETE,
216.0,k2204_PPV,4.0,93.0,0.0072321866755373,2022-10-25 08:23:45.055976,2022-10-25 08:27:17.349301,0 days 00:03:32.293325,2.0,4.0,512.0,0.0005935842250466,310.0,9.0,0.05,125.0,,,COMPLETE,
216.0,k2204_PPV,4.0,94.0,0.0012405470479279,2022-10-25 08:27:17.349872,2022-10-25 08:37:19.816315,0 days 00:10:02.466443,2.0,5.0,512.0,0.0004474919768103,508.0,9.0,0.05,194.0,,,COMPLETE,
216.0,k2204_PPV,4.0,95.0,0.0236619091592729,2022-10-25 08:37:19.816874,2022-10-25 08:41:19.850751,0 days 00:04:00.033877,4.0,4.0,512.0,0.0014040011953719,182.0,10.0,0.05,103.0,,,COMPLETE,
216.0,k2204_PPV,4.0,96.0,0.0007368898841377,2022-10-25 08:41:19.851368,2022-10-25 08:51:21.155345,0 days 00:10:01.303977,2.0,3.0,512.0,0.0003149681875616,564.0,9.0,0.05,241.0,,,COMPLETE,
216.0,k2204_PPV,4.0,97.0,0.0001111059173126,2022-10-25 08:51:21.155968,2022-10-25 08:54:47.288134,0 days 00:03:26.132166,2.0,4.0,256.0,0.0006456281372787,98.0,7.0,0.01,104.0,,,COMPLETE,
216.0,k2204_PPV,4.0,98.0,8.403967876802199e-05,2022-10-25 08:54:47.288708,2022-10-25 08:56:20.220017,0 days 00:01:32.931309,1.0,3.0,256.0,0.0010515219714607,104.0,7.0,0.01,65.0,,,COMPLETE,
216.0,k2204_PPV,4.0,99.0,4.695264033216517e-05,2022-10-25 08:56:20.220613,2022-10-25 09:01:44.316100,0 days 00:05:24.095487,1.0,3.0,256.0,0.0002619541707634,141.0,7.0,0.01,230.0,,,COMPLETE,
216.0,k2204_PPV,5.0,0.0,0.0002667792286956683,2022-10-25 09:25:08.516636,2022-10-25 09:28:10.888928,0 days 00:03:02.372292,3.0,1.0,1024.0,0.001,200.0,8.0,0.05,163.0,,,COMPLETE,"{'n_dspp_layers': 3, 'n_dspp_out': 1, 'num_inducing': 200, 'batch_size': 1024, 'lr': 0.001, 'num_quadrature_sites': 8, 'beta': 0.05}"
216.0,k2204_PPV,5.0,1.0,0.0001861103082774207,2022-10-25 09:28:10.889476,2022-10-25 09:30:08.547675,0 days 00:01:57.658199,2.0,3.0,256.0,0.0022039920534370314,121.0,6.0,0.2,57.0,,,COMPLETE,
216.0,k2204_PPV,5.0,2.0,0.003332383814267814,2022-10-25 09:30:08.548244,2022-10-25 09:30:27.106121,0 days 00:00:18.557877,2.0,1.0,1024.0,0.014875182230656533,56.0,6.0,1.0,20.0,,,COMPLETE,
216.0,k2204_PPV,5.0,3.0,0.0003475270059425384,2022-10-25 09:30:27.106692,2022-10-25 09:31:21.822109,0 days 00:00:54.715417,1.0,5.0,1024.0,0.0027784401410437653,178.0,10.0,0.2,79.0,,,COMPLETE,
216.0,k2204_PPV,5.0,4.0,0.003814537078142166,2022-10-25 09:31:21.822673,2022-10-25 09:32:16.688861,0 days 00:00:54.866188,4.0,1.0,1024.0,0.006522979384700044,74.0,9.0,0.2,43.0,,,COMPLETE,
216.0,k2204_PPV,5.0,5.0,0.0023280364694073796,2022-10-25 09:32:16.689408,2022-10-25 09:33:01.791625,0 days 00:00:45.102217,3.0,4.0,1024.0,0.011594769795177576,112.0,8.0,0.01,33.0,,,COMPLETE,
216.0,k2204_PPV,5.0,6.0,0.00038414694427046925,2022-10-25 09:33:01.792164,2022-10-25 09:34:53.600676,0 days 00:01:51.808512,2.0,2.0,256.0,0.0017911953642727747,719.0,6.0,1.0,25.0,,,COMPLETE,
216.0,k2204_PPV,5.0,7.0,0.00041910851723514497,2022-10-25 09:34:53.601257,2022-10-25 09:35:24.818714,0 days 00:00:31.217457,1.0,3.0,256.0,0.021775123448526716,114.0,10.0,0.05,19.0,,,COMPLETE,
216.0,k2204_PPV,5.0,8.0,0.0041579887038096786,2022-10-25 09:35:24.819289,2022-10-25 09:44:48.350521,0 days 00:09:23.531232,3.0,2.0,512.0,0.0001327414884802869,132.0,7.0,0.01,400.0,,,COMPLETE,
216.0,k2204_PPV,5.0,9.0,0.00019357043493073434,2022-10-25 09:44:48.351079,2022-10-25 09:48:22.612799,0 days 00:03:34.261720,2.0,1.0,512.0,0.0007694625812272674,690.0,5.0,0.05,122.0,,,COMPLETE,
216.0,k2204_PPV,5.0,10.0,0.0012876732798758894,2022-10-25 09:48:22.613346,2022-10-25 09:48:48.173836,0 days 00:00:25.560490,1.0,3.0,256.0,0.09316172010879266,394.0,5.0,0.2,11.0,,,COMPLETE,
216.0,k2204_PPV,5.0,11.0,9.228075941791758e-05,2022-10-25 09:48:48.174383,2022-10-25 09:54:07.863370,0 days 00:05:19.688987,2.0,2.0,512.0,0.0004377706301639966,344.0,5.0,0.05,247.0,,,COMPLETE,
216.0,k2204_PPV,5.0,12.0,5.9879987020394765e-05,2022-10-25 09:54:07.863940,2022-10-25 10:00:32.020230,0 days 00:06:24.156290,2.0,3.0,512.0,0.0002602671805306906,304.0,6.0,0.05,286.0,,,COMPLETE,
216.0,k2204_PPV,5.0,13.0,7.216433550638612e-05,2022-10-25 10:00:32.020780,2022-10-25 10:08:05.473935,0 days 00:07:33.453155,2.0,2.0,512.0,0.00020551899270825798,339.0,5.0,0.05,348.0,,,COMPLETE,
216.0,k2204_PPV,5.0,14.0,0.13896549493074417,2022-10-25 10:08:05.474522,2022-10-25 10:18:05.861632,0 days 00:10:00.387110,4.0,4.0,512.0,0.00010720154800761469,336.0,7.0,0.05,205.0,,,COMPLETE,
216.0,k2204_PPV,5.0,15.0,8.035178143472876e-05,2022-10-25 10:18:05.862205,2022-10-25 10:24:48.927024,0 days 00:06:43.064819,3.0,2.0,512.0,0.00034726758102881,498.0,6.0,0.05,174.0,,,COMPLETE,
216.0,k2204_PPV,5.0,16.0,8.864920528139919e-05,2022-10-25 10:24:48.927613,2022-10-25 10:31:35.086135,0 days 00:06:46.158522,2.0,3.0,512.0,0.0002639366123123093,240.0,5.0,0.05,330.0,,,COMPLETE,
216.0,k2204_PPV,5.0,17.0,0.002016798775002826,2022-10-25 10:31:35.086705,2022-10-25 10:37:31.755695,0 days 00:05:56.668990,1.0,5.0,512.0,0.00020167982281692583,256.0,7.0,0.05,400.0,,,COMPLETE,
216.0,k2204_PPV,5.0,18.0,0.0003376828826731071,2022-10-25 10:37:31.756235,2022-10-25 10:44:07.684893,0 days 00:06:35.928658,3.0,4.0,512.0,0.0005961840003499223,487.0,6.0,0.01,122.0,,,COMPLETE,
216.0,k2204_PPV,5.0,19.0,0.0018093280959874392,2022-10-25 10:44:07.685452,2022-10-25 10:51:20.732289,0 days 00:07:13.046837,4.0,2.0,512.0,0.001019291882985289,272.0,5.0,1.0,225.0,,,COMPLETE,
216.0,k2204_PPV,5.0,20.0,0.001612954307347536,2022-10-25 10:51:20.732875,2022-10-25 10:52:11.151863,0 days 00:00:50.418988,2.0,3.0,512.0,0.005028585633492821,547.0,7.0,0.05,18.0,,,COMPLETE,
216.0,k2204_PPV,5.0,21.0,0.0005064063479949255,2022-10-25 10:52:11.152419,2022-10-25 11:01:35.106052,0 days 00:09:23.953633,3.0,2.0,512.0,0.00031026382643917693,487.0,6.0,0.05,248.0,,,COMPLETE,
216.0,k2204_PPV,5.0,22.0,0.01556653828083654,2022-10-25 11:01:35.106656,2022-10-25 11:11:36.837152,0 days 00:10:01.730496,3.0,2.0,512.0,0.0001954459094398713,421.0,6.0,0.05,296.0,,,COMPLETE,
216.0,k2204_PPV,5.0,23.0,0.00823462544940412,2022-10-25 11:11:36.837724,2022-10-25 11:21:37.224540,0 days 00:10:00.386816,4.0,3.0,512.0,0.00039764526843641325,605.0,5.0,0.05,163.0,,,COMPLETE,
216.0,k2204_PPV,5.0,24.0,0.0786503329873085,2022-10-25 11:21:37.225100,2022-10-25 11:31:38.945865,0 days 00:10:01.720765,3.0,4.0,512.0,0.00010442404531540312,317.0,6.0,0.05,286.0,,,COMPLETE,
216.0,k2204_PPV,5.0,25.0,0.0026157379033975303,2022-10-25 11:31:38.946449,2022-10-25 11:39:22.028162,0 days 00:07:43.081713,2.0,2.0,512.0,0.00019682845002256123,164.0,8.0,0.05,400.0,,,COMPLETE,
216.0,k2204_PPV,5.0,26.0,0.03324060561863007,2022-10-25 11:39:22.028733,2022-10-25 11:41:49.280954,0 days 00:02:27.252221,3.0,3.0,512.0,0.001598199058847127,416.0,7.0,0.05,60.0,,,COMPLETE,
216.0,k2204_PPV,5.0,27.0,9.053908070200123e-05,2022-10-25 11:41:49.281510,2022-10-25 11:50:57.680264,0 days 00:09:08.398754,2.0,4.0,512.0,0.00039913049649573145,787.0,5.0,0.01,176.0,,,COMPLETE,
216.0,k2204_PPV,5.0,28.0,0.0006339150859275833,2022-10-25 11:50:57.680826,2022-10-25 11:57:32.709872,0 days 00:06:35.029046,4.0,2.0,512.0,0.0005295384668264128,217.0,6.0,1.0,212.0,,,COMPLETE,
216.0,k2204_PPV,5.0,29.0,0.0039092783408705145,2022-10-25 11:57:32.710450,2022-10-25 12:02:01.924144,0 days 00:04:29.213694,3.0,1.0,256.0,0.0009205017952366534,310.0,9.0,0.05,96.0,,,COMPLETE,
216.0,k2204_PPV,5.0,30.0,0.0003360883201821707,2022-10-25 12:02:01.924727,2022-10-25 12:04:31.348964,0 days 00:02:29.424237,2.0,3.0,1024.0,0.0010636714118830806,535.0,5.0,0.05,108.0,,,COMPLETE,
216.0,k2204_PPV,5.0,31.0,7.246172390296124e-05,2022-10-25 12:04:31.349501,2022-10-25 12:12:08.976206,0 days 00:07:37.626705,2.0,3.0,512.0,0.00025346665730422753,253.0,5.0,0.05,373.0,,,COMPLETE,
216.0,k2204_PPV,5.0,32.0,0.01557416352443397,2022-10-25 12:12:08.976742,2022-10-25 12:20:51.905880,0 days 00:08:42.929138,2.0,5.0,512.0,0.00016103997873761583,206.0,6.0,0.05,400.0,,,COMPLETE,
216.0,k2204_PPV,5.0,33.0,0.004203578631859273,2022-10-25 12:20:51.906454,2022-10-25 12:27:01.088044,0 days 00:06:09.181590,2.0,3.0,512.0,0.00022333281989659828,279.0,5.0,0.05,288.0,,,COMPLETE,
216.0,k2204_PPV,5.0,34.0,0.033908198587596416,2022-10-25 12:27:01.088592,2022-10-25 12:37:02.000853,0 days 00:10:00.912261,3.0,4.0,512.0,0.000307991732790234,394.0,6.0,0.2,241.0,,,COMPLETE,
216.0,k2204_PPV,5.0,35.0,0.00020383306400617585,2022-10-25 12:37:02.001423,2022-10-25 12:39:29.171832,0 days 00:02:27.170409,2.0,2.0,1024.0,0.0006606456898016728,169.0,5.0,0.05,178.0,,,COMPLETE,
216.0,k2204_PPV,5.0,36.0,0.031219955068081617,2022-10-25 12:39:29.172385,2022-10-25 12:49:29.829036,0 days 00:10:00.656651,3.0,5.0,512.0,0.0002897222092074376,145.0,6.0,1.0,374.0,,,COMPLETE,
216.0,k2204_PPV,5.0,37.0,0.02620314876548946,2022-10-25 12:49:29.829615,2022-10-25 12:59:31.189733,0 days 00:10:01.360118,4.0,3.0,256.0,0.00013717880142557484,90.0,5.0,0.2,205.0,,,COMPLETE,
216.0,k2204_PPV,5.0,38.0,0.0010196271759923548,2022-10-25 12:59:31.190270,2022-10-25 13:00:47.457106,0 days 00:01:16.266836,2.0,4.0,1024.0,0.004016823138621924,232.0,7.0,0.05,68.0,,,COMPLETE,
216.0,k2204_PPV,5.0,39.0,0.00025097855541389436,2022-10-25 13:00:47.457667,2022-10-25 13:01:57.355729,0 days 00:01:09.898062,1.0,2.0,512.0,0.0015244951340958645,189.0,6.0,0.01,81.0,,,COMPLETE,
216.0,k2204_PPV,5.0,40.0,0.0026441928930580616,2022-10-25 13:01:57.356340,2022-10-25 13:02:32.672893,0 days 00:00:35.316553,3.0,3.0,256.0,0.031146620217538168,356.0,8.0,0.05,5.0,,,COMPLETE,
216.0,k2204_PPV,5.0,41.0,5.5713748224661686e-05,2022-10-25 13:02:32.673477,2022-10-25 13:08:37.169421,0 days 00:06:04.495944,2.0,3.0,512.0,0.0002590805637973687,252.0,5.0,0.05,294.0,,,COMPLETE,
216.0,k2204_PPV,5.0,42.0,0.002195230234065093,2022-10-25 13:08:37.169990,2022-10-25 13:18:38.076055,0 days 00:10:00.906065,2.0,3.0,512.0,0.00015091702705261406,454.0,5.0,0.05,367.0,,,COMPLETE,
216.0,k2204_PPV,5.0,43.0,0.016523544050869532,2022-10-25 13:18:38.076605,2022-10-25 13:24:28.989456,0 days 00:05:50.912851,2.0,4.0,512.0,0.00037031859861024033,302.0,5.0,0.05,253.0,,,COMPLETE,
216.0,k2204_PPV,5.0,44.0,0.0007718345732428133,2022-10-25 13:24:28.990011,2022-10-25 13:28:15.049064,0 days 00:03:46.059053,2.0,2.0,512.0,0.0005029929171250842,372.0,6.0,0.05,160.0,,,COMPLETE,
216.0,k2204_PPV,5.0,45.0,0.04030292108654976,2022-10-25 13:28:15.049613,2022-10-25 13:37:35.357880,0 days 00:09:20.308267,2.0,5.0,1024.0,0.00024243441510415995,279.0,9.0,0.2,400.0,,,COMPLETE,
216.0,k2204_PPV,5.0,46.0,0.0506067369133234,2022-10-25 13:37:35.358478,2022-10-25 13:46:16.348270,0 days 00:08:40.989792,3.0,3.0,512.0,0.00015398658074617007,57.0,5.0,0.05,400.0,,,COMPLETE,
216.0,k2204_PPV,5.0,47.0,0.0004414571594679728,2022-10-25 13:46:16.348830,2022-10-25 13:48:03.685925,0 days 00:01:47.337095,2.0,4.0,512.0,0.0026819626066861627,242.0,6.0,1.0,77.0,,,COMPLETE,
216.0,k2204_PPV,5.0,48.0,0.14769812673330307,2022-10-25 13:48:03.686520,2022-10-25 13:58:04.891182,0 days 00:10:01.204662,4.0,3.0,512.0,0.00011275670130772949,636.0,5.0,0.05,158.0,,,COMPLETE,
216.0,k2204_PPV,5.0,49.0,3.8953914554440416e-05,2022-10-25 13:58:04.891796,2022-10-25 14:00:08.021174,0 days 00:02:03.129378,2.0,2.0,256.0,0.0007335124275199673,216.0,5.0,0.01,58.0,,,COMPLETE,
216.0,k2204_PPV,5.0,50.0,0.0001744853361742571,2022-10-25 14:00:08.021728,2022-10-25 14:03:06.054074,0 days 00:02:58.032346,2.0,4.0,256.0,0.0008208815248800543,149.0,5.0,0.01,87.0,,,COMPLETE,
216.0,k2204_PPV,5.0,51.0,3.461042433627881e-05,2022-10-25 14:03:06.054666,2022-10-25 14:08:45.191986,0 days 00:05:39.137320,2.0,2.0,256.0,0.0003661670120551329,208.0,5.0,0.01,171.0,,,COMPLETE,
216.0,k2204_PPV,5.0,52.0,5.535234413400758e-05,2022-10-25 14:08:45.192540,2022-10-25 14:11:09.140995,0 days 00:02:23.948455,2.0,2.0,256.0,0.0006580916931295298,204.0,5.0,0.01,69.0,,,COMPLETE,
216.0,k2204_PPV,5.0,53.0,7.183027628343552e-05,2022-10-25 14:11:09.141553,2022-10-25 14:12:39.771904,0 days 00:01:30.630351,2.0,2.0,256.0,0.001285162755064249,193.0,5.0,0.01,41.0,,,COMPLETE,
216.0,k2204_PPV,5.0,54.0,0.00010222891796729527,2022-10-25 14:12:39.772477,2022-10-25 14:14:28.407326,0 days 00:01:48.634849,2.0,2.0,256.0,0.0012787940512929432,192.0,5.0,0.01,52.0,,,COMPLETE,
216.0,k2204_PPV,5.0,55.0,0.0002511778657208197,2022-10-25 14:14:28.407930,2022-10-25 14:15:46.716480,0 days 00:01:18.308550,2.0,2.0,256.0,0.0020791558079943256,122.0,5.0,0.01,38.0,,,COMPLETE,
216.0,k2204_PPV,5.0,56.0,0.00012601424896274693,2022-10-25 14:15:46.717055,2022-10-25 14:19:27.104536,0 days 00:03:40.387481,2.0,1.0,256.0,0.0007227917956689927,219.0,5.0,0.01,108.0,,,COMPLETE,
216.0,k2204_PPV,5.0,57.0,4.049634299008176e-05,2022-10-25 14:19:27.105106,2022-10-25 14:23:41.637983,0 days 00:04:14.532877,2.0,2.0,256.0,0.0005040690083163215,180.0,10.0,0.01,127.0,,,COMPLETE,
216.0,k2204_PPV,5.0,58.0,2.3794658773113042e-05,2022-10-25 14:23:41.638562,2022-10-25 14:27:33.914527,0 days 00:03:52.275965,1.0,2.0,256.0,0.0004881507044550735,155.0,10.0,0.01,173.0,,,COMPLETE,
216.0,k2204_PPV,5.0,59.0,2.8576037038874347e-05,2022-10-25 14:27:33.915097,2022-10-25 14:31:53.820431,0 days 00:04:19.905334,1.0,2.0,256.0,0.0004847226957492998,102.0,10.0,0.01,200.0,,,COMPLETE,
216.0,k2204_PPV,5.0,60.0,4.983097824151628e-05,2022-10-25 14:31:53.820987,2022-10-25 14:34:22.860648,0 days 00:02:29.039661,1.0,2.0,256.0,0.000630470346399788,92.0,10.0,0.01,113.0,,,COMPLETE,
216.0,k2204_PPV,5.0,61.0,2.7997926736134104e-05,2022-10-25 14:34:22.861205,2022-10-25 14:37:44.298960,0 days 00:03:21.437755,1.0,2.0,256.0,0.0004916162376192506,104.0,10.0,0.01,155.0,,,COMPLETE,
216.0,k2204_PPV,5.0,62.0,2.5524954253342003e-05,2022-10-25 14:37:44.299554,2022-10-25 14:41:18.519434,0 days 00:03:34.219880,1.0,2.0,256.0,0.0004898036806472711,100.0,10.0,0.01,165.0,,,COMPLETE,
216.0,k2204_PPV,5.0,63.0,3.459609160927357e-05,2022-10-25 14:41:18.519992,2022-10-25 14:44:49.479372,0 days 00:03:30.959380,1.0,2.0,256.0,0.00048609085934587837,101.0,10.0,0.01,162.0,,,COMPLETE,
216.0,k2204_PPV,5.0,64.0,4.616263686330058e-05,2022-10-25 14:44:49.479946,2022-10-25 14:48:40.749854,0 days 00:03:51.269908,1.0,2.0,256.0,0.00040269267783651176,100.0,10.0,0.01,178.0,,,COMPLETE,
216.0,k2204_PPV,5.0,65.0,6.551564729306847e-05,2022-10-25 14:48:40.750432,2022-10-25 14:52:37.541854,0 days 00:03:56.791422,1.0,2.0,256.0,0.0005001411009691584,74.0,10.0,0.01,185.0,,,COMPLETE,
216.0,k2204_PPV,5.0,66.0,3.5648348784889095e-05,2022-10-25 14:52:37.542434,2022-10-25 14:57:18.784713,0 days 00:04:41.242279,1.0,2.0,256.0,0.0003317462418002071,108.0,9.0,0.01,215.0,,,COMPLETE,
216.0,k2204_PPV,5.0,67.0,2.7087349735666066e-05,2022-10-25 14:57:18.785254,2022-10-25 15:02:29.237519,0 days 00:05:10.452265,1.0,2.0,256.0,0.00034076517353513053,107.0,9.0,0.01,240.0,,,COMPLETE,
216.0,k2204_PPV,5.0,68.0,0.0004402008780743927,2022-10-25 15:02:29.238064,2022-10-25 15:02:53.091884,0 days 00:00:23.853820,1.0,2.0,256.0,0.008184146254973348,82.0,9.0,0.01,14.0,,,COMPLETE,
216.0,k2204_PPV,5.0,69.0,3.957281842303928e-05,2022-10-25 15:02:53.092481,2022-10-25 15:04:52.950414,0 days 00:01:59.857933,1.0,2.0,256.0,0.000897028249475837,125.0,10.0,0.01,87.0,,,COMPLETE,
216.0,k2204_PPV,5.0,70.0,6.243086136237253e-05,2022-10-25 15:04:52.951011,2022-10-25 15:07:13.991028,0 days 00:02:21.040017,1.0,2.0,256.0,0.0011748622050988334,65.0,10.0,0.01,108.0,,,COMPLETE,
216.0,k2204_PPV,5.0,71.0,3.6938365155947395e-05,2022-10-25 15:07:13.991668,2022-10-25 15:11:40.235240,0 days 00:04:26.243572,1.0,2.0,256.0,0.0003804031299083003,107.0,9.0,0.01,204.0,,,COMPLETE,
216.0,k2204_PPV,5.0,72.0,2.7859569854626898e-05,2022-10-25 15:11:40.235838,2022-10-25 15:15:06.496959,0 days 00:03:26.261121,1.0,2.0,256.0,0.0004562868887244459,112.0,9.0,0.01,159.0,,,COMPLETE,
216.0,k2204_PPV,5.0,73.0,5.068422433396336e-05,2022-10-25 15:15:06.497528,2022-10-25 15:17:58.063529,0 days 00:02:51.566001,1.0,2.0,256.0,0.000450227903345216,134.0,10.0,0.01,129.0,,,COMPLETE,
216.0,k2204_PPV,5.0,74.0,2.73016948995064e-05,2022-10-25 15:17:58.064094,2022-10-25 15:21:17.271311,0 days 00:03:19.207217,1.0,2.0,256.0,0.0005990079665998487,96.0,10.0,0.01,153.0,,,COMPLETE,
216.0,k2204_PPV,5.0,75.0,8.868299119058065e-05,2022-10-25 15:21:17.271906,2022-10-25 15:23:38.831435,0 days 00:02:21.559529,1.0,2.0,256.0,0.0005730320929484971,95.0,10.0,0.01,107.0,,,COMPLETE,
216.0,k2204_PPV,5.0,76.0,3.6401223042048514e-05,2022-10-25 15:23:38.832019,2022-10-25 15:31:59.716123,0 days 00:08:20.884104,1.0,2.0,256.0,0.00019512135793873695,76.0,10.0,0.01,400.0,,,COMPLETE,
216.0,k2204_PPV,5.0,77.0,4.850567347602919e-05,2022-10-25 15:31:59.716693,2022-10-25 15:36:32.719919,0 days 00:04:33.003226,1.0,2.0,256.0,0.00046437952692249886,82.0,9.0,0.01,210.0,,,COMPLETE,
216.0,k2204_PPV,5.0,78.0,0.00012826070815208368,2022-10-25 15:36:32.720488,2022-10-25 15:38:21.687093,0 days 00:01:48.966605,1.0,2.0,256.0,0.000980923092253577,115.0,10.0,0.01,80.0,,,COMPLETE,
216.0,k2204_PPV,5.0,79.0,3.893157736456487e-05,2022-10-25 15:38:21.687709,2022-10-25 15:43:08.389609,0 days 00:04:46.701900,1.0,2.0,256.0,0.0002942405697268526,99.0,10.0,0.01,221.0,,,COMPLETE,
216.0,k2204_PPV,5.0,80.0,6.763537203369197e-05,2022-10-25 15:43:08.390168,2022-10-25 15:45:24.999843,0 days 00:02:16.609675,1.0,2.0,256.0,0.0008102563875455047,136.0,9.0,0.01,101.0,,,COMPLETE,
216.0,k2204_PPV,5.0,81.0,4.98823919770075e-05,2022-10-25 15:45:25.000398,2022-10-25 15:48:21.208715,0 days 00:02:56.208317,1.0,2.0,256.0,0.0005467973314343188,85.0,10.0,0.01,134.0,,,COMPLETE,
216.0,k2204_PPV,5.0,82.0,3.4484985008020885e-05,2022-10-25 15:48:21.209280,2022-10-25 15:53:25.751383,0 days 00:05:04.542103,1.0,2.0,256.0,0.0003384890900355106,103.0,8.0,0.01,223.0,,,COMPLETE,
216.0,k2204_PPV,5.0,83.0,3.19649270750233e-05,2022-10-25 15:53:25.751954,2022-10-25 15:58:42.952485,0 days 00:05:17.200531,1.0,2.0,256.0,0.0003256405533410583,115.0,8.0,0.01,232.0,,,COMPLETE,
216.0,k2204_PPV,5.0,84.0,0.0013941831421107054,2022-10-25 15:58:42.953096,2022-10-25 15:58:53.595546,0 days 00:00:10.642450,1.0,2.0,256.0,0.09821194585555389,115.0,8.0,0.01,3.0,,,COMPLETE,
216.0,k2204_PPV,5.0,85.0,7.53525073378114e-05,2022-10-25 15:58:53.596098,2022-10-25 16:08:06.326910,0 days 00:09:12.730812,1.0,2.0,256.0,0.00017881620623369255,152.0,8.0,0.01,400.0,,,COMPLETE,
216.0,k2204_PPV,5.0,86.0,9.539406892145053e-05,2022-10-25 16:08:06.327486,2022-10-25 16:13:07.931808,0 days 00:05:01.604322,1.0,2.0,256.0,0.00024012806373685893,128.0,8.0,0.2,224.0,,,COMPLETE,
216.0,k2204_PPV,5.0,87.0,0.00018212460417998955,2022-10-25 16:13:07.932378,2022-10-25 16:20:01.311957,0 days 00:06:53.379579,1.0,2.0,256.0,0.00033220532848434717,88.0,8.0,1.0,314.0,,,COMPLETE,
216.0,k2204_PPV,5.0,88.0,0.0020032680477015674,2022-10-25 16:20:01.312526,2022-10-25 16:20:13.461649,0 days 00:00:12.149123,1.0,2.0,1024.0,0.03901210412286949,106.0,9.0,0.01,16.0,,,COMPLETE,
216.0,k2204_PPV,5.0,89.0,4.505804645305034e-05,2022-10-25 16:20:13.462226,2022-10-25 16:24:31.723357,0 days 00:04:18.261131,1.0,2.0,256.0,0.0002950082621809227,115.0,9.0,0.01,199.0,,,COMPLETE,
216.0,k2204_PPV,5.0,90.0,3.934666256100172e-05,2022-10-25 16:24:31.723964,2022-10-25 16:28:16.265284,0 days 00:03:44.541320,1.0,2.0,256.0,0.00041510352250155163,163.0,10.0,0.01,166.0,,,COMPLETE,
216.0,k2204_PPV,5.0,91.0,4.251899736118503e-05,2022-10-25 16:28:16.265862,2022-10-25 16:30:52.184911,0 days 00:02:35.919049,1.0,2.0,256.0,0.0006550647358073657,104.0,10.0,0.01,119.0,,,COMPLETE,
216.0,k2204_PPV,5.0,92.0,0.00011458249718998559,2022-10-25 16:30:52.185459,2022-10-25 16:34:22.207272,0 days 00:03:30.021813,1.0,2.0,256.0,0.00044276088708282115,67.0,10.0,0.01,163.0,,,COMPLETE,
216.0,k2204_PPV,5.0,93.0,6.545023097714875e-05,2022-10-25 16:34:22.207854,2022-10-25 16:37:11.668921,0 days 00:02:49.461067,1.0,2.0,256.0,0.0005537853572007288,97.0,10.0,0.01,128.0,,,COMPLETE,
216.0,k2204_PPV,5.0,94.0,2.8291738090047147e-05,2022-10-25 16:37:11.669489,2022-10-25 16:43:05.315244,0 days 00:05:53.645755,1.0,2.0,256.0,0.00027264459412047905,137.0,8.0,0.01,252.0,,,COMPLETE,
216.0,k2204_PPV,5.0,95.0,3.907292375515681e-05,2022-10-25 16:43:05.315829,2022-10-25 16:47:39.895783,0 days 00:04:34.579954,1.0,2.0,256.0,0.0003524883295550386,142.0,8.0,0.01,196.0,,,COMPLETE,
216.0,k2204_PPV,5.0,96.0,3.700558045238722e-05,2022-10-25 16:47:39.896342,2022-10-25 16:53:42.949989,0 days 00:06:03.053647,1.0,2.0,256.0,0.0002426683202733763,120.0,8.0,0.01,271.0,,,COMPLETE,
216.0,k2204_PPV,5.0,97.0,2.8513260076579172e-05,2022-10-25 16:53:42.950591,2022-10-25 16:58:29.329444,0 days 00:04:46.378853,1.0,2.0,256.0,0.000282857275800885,111.0,8.0,0.01,214.0,,,COMPLETE,
216.0,k2204_PPV,5.0,98.0,9.933904220815748e-05,2022-10-25 16:58:29.329994,2022-10-25 17:05:13.753408,0 days 00:06:44.423414,1.0,2.0,256.0,0.00020943316871304386,136.0,9.0,0.2,311.0,,,COMPLETE,
216.0,k2204_PPV,5.0,99.0,0.0007196349979494698,2022-10-25 17:05:13.753965,2022-10-25 17:09:14.726962,0 days 00:04:00.972997,1.0,2.0,1024.0,0.0002828619458583152,157.0,7.0,1.0,400.0,,,COMPLETE,
