dataset_id,dataset_name,outer_cv_split,number,value,datetime_start,datetime_complete,duration,params_n_dspp_layers,params_n_dspp_out,params_batch_size,params_lr,params_num_inducing,params_num_quadrature_sites,params_beta,user_attrs_MAX_EPOCHS,user_attrs_Train_Losses,user_attrs_Val_MSE,state,system_attrs_completed_rung_0,system_attrs_completed_rung_1,system_attrs_completed_rung_2,system_attrs_fixed_params
44027.0,r1_08_PPV,1.0,0.0,5.269030680210562e-06,2022-11-04 20:42:40.376009,2022-11-04 20:59:50.772220,0 days 00:17:10.396211,3.0,1.0,1024.0,0.001,200.0,8.0,0.05,20.0,,,COMPLETE,,,,"{'n_dspp_layers': 3, 'n_dspp_out': 1, 'num_inducing': 200, 'batch_size': 1024, 'lr': 0.001, 'num_quadrature_sites': 8, 'beta': 0.05}"
44027.0,r1_08_PPV,1.0,1.0,1.987324867513962e-05,2022-11-04 20:59:50.772759,2022-11-04 21:17:07.720012,0 days 00:17:16.947253,1.0,1.0,512.0,0.0007468774694297,105.0,6.0,0.2,29.0,,,COMPLETE,0.00015712538152,5.722135756514035e-05,2.3877020794316195e-05,
44027.0,r1_08_PPV,1.0,2.0,0.0017959104152396,2022-11-04 21:17:07.720540,2022-11-04 21:21:14.060280,0 days 00:04:06.339740,3.0,1.0,512.0,0.0002942967460085,107.0,8.0,0.2,,,,PRUNED,0.0017959104152396,,,
44027.0,r1_08_PPV,1.0,3.0,3.909739916707622e-06,2022-11-04 21:21:14.060722,2022-11-04 21:47:32.576565,0 days 00:26:18.515843,2.0,3.0,512.0,0.0003990538118178,217.0,9.0,0.05,22.0,,,COMPLETE,3.800479680649005e-05,3.119048778899014e-05,,
44027.0,r1_08_PPV,1.0,4.0,2.105865860357881e-05,2022-11-04 21:47:32.577133,2022-11-04 22:05:43.389650,0 days 00:18:10.812517,1.0,1.0,512.0,0.000852058753169,246.0,10.0,0.05,27.0,,,COMPLETE,7.677242683712393e-05,2.3892513127066195e-05,,
44027.0,r1_08_PPV,1.0,5.0,7.098620699252933e-05,2022-11-04 22:05:43.390238,2022-11-04 22:06:45.603649,0 days 00:01:02.213411,1.0,4.0,2048.0,0.0019731978416893,86.0,7.0,0.05,,,,PRUNED,7.098620699252933e-05,,,
44027.0,r1_08_PPV,1.0,6.0,0.0450420118868351,2022-11-04 22:06:45.604048,2022-11-04 22:08:47.798710,0 days 00:02:02.194662,1.0,1.0,1024.0,0.0001437249438028,534.0,9.0,0.01,,,,PRUNED,0.0450420118868351,,,
44027.0,r1_08_PPV,1.0,7.0,0.06077491492033,2022-11-04 22:08:47.799087,2022-11-04 22:09:49.346474,0 days 00:01:01.547387,1.0,1.0,2048.0,0.0003349401685128,159.0,9.0,0.05,,,,PRUNED,0.06077491492033,,,
44027.0,r1_08_PPV,1.0,8.0,0.0831801891326904,2022-11-04 22:09:49.346847,2022-11-04 22:12:44.593075,0 days 00:02:55.246228,2.0,1.0,2048.0,0.0001114039058983,780.0,8.0,0.2,,,,PRUNED,0.0831801891326904,,,
44027.0,r1_08_PPV,1.0,9.0,2.722631870710757e-05,2022-11-04 22:12:44.593463,2022-11-04 22:19:36.997217,0 days 00:06:52.403754,1.0,3.0,2048.0,0.000974990427539,139.0,5.0,0.05,,,,PRUNED,7.253678631968796e-05,2.722631870710757e-05,,
44027.0,r1_08_PPV,1.0,10.0,4.966563665220747e-06,2022-11-04 22:19:36.997580,2022-11-04 22:49:49.360716,0 days 00:30:12.363136,2.0,1.0,512.0,0.0001496288132126,531.0,9.0,0.01,18.0,,,COMPLETE,3.4466702345525846e-05,,,
44027.0,r1_08_PPV,1.0,11.0,3.6906421883031726e-05,2022-11-04 22:49:49.361261,2022-11-04 22:58:49.812324,0 days 00:09:00.451063,2.0,1.0,512.0,0.0008705153763635,290.0,9.0,0.2,,,,PRUNED,3.6906421883031726e-05,,,
44027.0,r1_08_PPV,1.0,12.0,0.0170488990843296,2022-11-04 22:58:49.812709,2022-11-04 23:01:20.351363,0 days 00:02:30.538654,3.0,3.0,2048.0,0.0003382751109131,57.0,7.0,1.0,,,,PRUNED,0.0170488990843296,,,
44027.0,r1_08_PPV,1.0,13.0,2.644796040840447e-05,2022-11-04 23:01:20.351753,2022-11-04 23:04:23.161444,0 days 00:03:02.809691,1.0,1.0,1024.0,0.0045830860311316,65.0,7.0,1.0,5.0,,,COMPLETE,,,,
44027.0,r1_08_PPV,1.0,14.0,8.190014568754123e-07,2022-11-04 23:04:23.162037,2022-11-04 23:17:12.167099,0 days 00:12:49.005062,1.0,4.0,512.0,0.0129478387138689,314.0,9.0,0.01,14.0,,,COMPLETE,2.391448788330308e-06,2.7599047825788148e-05,,
44027.0,r1_08_PPV,1.0,15.0,0.0061465753242373,2022-11-04 23:17:12.167639,2022-11-04 23:19:19.631919,0 days 00:02:07.464280,1.0,3.0,1024.0,0.0001127783027507,606.0,6.0,1.0,,,,PRUNED,0.0061465753242373,,,
44027.0,r1_08_PPV,1.0,16.0,9.548569323669652e-06,2022-11-04 23:19:19.632280,2022-11-04 23:28:10.426148,0 days 00:08:50.793868,2.0,2.0,512.0,0.0296992899790403,332.0,10.0,0.01,3.0,,,COMPLETE,2.211182982136961e-05,,,
44027.0,r1_08_PPV,1.0,17.0,1.0028771839643014e-06,2022-11-04 23:28:10.426664,2022-11-04 23:45:36.266655,0 days 00:17:25.839991,2.0,2.0,512.0,0.0127594987592807,262.0,10.0,0.01,13.0,,,COMPLETE,4.03664744226262e-05,1.7192188579429055e-06,,
44027.0,r1_08_PPV,1.0,18.0,2.392658871031017e-06,2022-11-04 23:45:36.267192,2022-11-04 23:55:49.758496,0 days 00:10:13.491304,2.0,2.0,512.0,0.0156141237421727,304.0,10.0,0.01,,,,PRUNED,1.332999272563029e-05,2.392658871031017e-06,,
44027.0,r1_08_PPV,1.0,19.0,4.531355807557702e-05,2022-11-04 23:55:49.758932,2022-11-05 00:00:35.218228,0 days 00:04:45.459296,2.0,2.0,512.0,0.097100884245662,364.0,10.0,0.01,,,,PRUNED,4.531355807557702e-05,,,
44027.0,r1_08_PPV,1.0,20.0,,2022-11-05 00:00:35.218681,,,1.0,4.0,512.0,0.0356009992475063,146.0,8.0,1.0,,,,RUNNING,,,,
44027.0,r1_08_PPV,1.0,0.0,,2022-11-05 00:07:41.703532,,,3.0,1.0,1024.0,0.001,200.0,8.0,0.05,,,,RUNNING,,,,"{'n_dspp_layers': 3, 'n_dspp_out': 1, 'num_inducing': 200, 'batch_size': 1024, 'lr': 0.001, 'num_quadrature_sites': 8, 'beta': 0.05}"
44027.0,r1_08_PPV,1.0,0.0,4.2456604205654e-06,2022-11-05 07:46:27.313566,2022-11-05 08:11:57.258635,0 days 00:25:29.945069,3.0,1.0,1024.0,0.001,200.0,8.0,0.05,32.0,,,COMPLETE,0.0001857611350715,3.227855995646678e-05,5.1145334509783424e-06,"{'n_dspp_layers': 3, 'n_dspp_out': 1, 'num_inducing': 200, 'batch_size': 1024, 'lr': 0.001, 'num_quadrature_sites': 8, 'beta': 0.05}"
44027.0,r1_08_PPV,1.0,1.0,9.51217589317821e-06,2022-11-05 08:11:57.259207,2022-11-05 08:19:24.292796,0 days 00:07:27.033589,3.0,1.0,2048.0,0.0023569998972305,92.0,5.0,0.01,14.0,,,COMPLETE,,,,
44027.0,r1_08_PPV,1.0,2.0,2.066465867756051e-06,2022-11-05 08:19:24.293365,2022-11-05 08:28:32.303786,0 days 00:09:08.010421,3.0,2.0,1024.0,0.0112566706414713,89.0,8.0,0.05,9.0,,,COMPLETE,6.50911624688888e-06,2.777589315883233e-06,,
44027.0,r1_08_PPV,1.0,3.0,1.3947329534858e-05,2022-11-05 08:28:32.304311,2022-11-05 08:33:39.585866,0 days 00:05:07.281555,2.0,4.0,2048.0,0.0922068811936701,268.0,5.0,0.2,4.0,,,COMPLETE,,,,
44027.0,r1_08_PPV,1.0,4.0,0.0001719906576909,2022-11-05 08:33:39.586409,2022-11-05 08:35:44.996813,0 days 00:02:05.410404,1.0,2.0,512.0,0.0013200351522021,101.0,6.0,1.0,,,,PRUNED,0.0001719906576909,,,
44027.0,r1_08_PPV,1.0,5.0,2.0484443666646257e-05,2022-11-05 08:35:44.997183,2022-11-05 09:06:02.893316,0 days 00:30:17.896133,1.0,1.0,512.0,0.0003988355218564,456.0,7.0,0.01,38.0,,,COMPLETE,0.0001123302135965,3.258665674366057e-05,,
44027.0,r1_08_PPV,1.0,6.0,0.0001476664474466,2022-11-05 09:06:02.893845,2022-11-05 09:09:09.953928,0 days 00:03:07.060083,2.0,4.0,512.0,0.0041274535264143,88.0,5.0,0.2,,,,PRUNED,0.0001476664474466,,,
44027.0,r1_08_PPV,1.0,7.0,6.041044252924621e-05,2022-11-05 09:09:09.954307,2022-11-05 09:13:37.595026,0 days 00:04:27.640719,3.0,3.0,1024.0,0.0125076940465928,254.0,10.0,1.0,,,,PRUNED,6.041044252924621e-05,,,
44027.0,r1_08_PPV,1.0,8.0,3.9996048144530505e-06,2022-11-05 09:13:37.595444,2022-11-05 09:19:16.028038,0 days 00:05:38.432594,1.0,1.0,512.0,0.0090697365617483,228.0,6.0,1.0,,,,PRUNED,1.8198963516624644e-05,3.9996048144530505e-06,,
44027.0,r1_08_PPV,1.0,9.0,4.3929630919592455e-06,2022-11-05 09:19:16.028470,2022-11-05 09:26:38.130629,0 days 00:07:22.102159,2.0,2.0,2048.0,0.0032248445808985,50.0,5.0,1.0,17.0,,,COMPLETE,,,,
44027.0,r1_08_PPV,1.0,10.0,5.965463969914708e-06,2022-11-05 09:26:38.131153,2022-11-05 09:43:24.730906,0 days 00:16:46.599753,2.0,2.0,512.0,0.0006640033407777,316.0,5.0,0.2,13.0,,,COMPLETE,,,,
44027.0,r1_08_PPV,1.0,11.0,4.2065814341185614e-05,2022-11-05 09:43:24.731417,2022-11-05 09:46:03.195285,0 days 00:02:38.463868,1.0,1.0,512.0,0.0053933163015392,504.0,5.0,0.05,,,,PRUNED,4.2065814341185614e-05,,,
44027.0,r1_08_PPV,1.0,12.0,9.05623073776951e-06,2022-11-05 09:46:03.195640,2022-11-05 09:56:26.292117,0 days 00:10:23.096477,1.0,2.0,512.0,0.0977633028048018,739.0,9.0,1.0,4.0,,,COMPLETE,9.05623073776951e-06,,,
44027.0,r1_08_PPV,1.0,13.0,2.994977694470436e-05,2022-11-05 09:56:26.292641,2022-11-05 09:59:20.191565,0 days 00:02:53.898924,2.0,1.0,512.0,0.0011681746287767,112.0,5.0,1.0,,,,PRUNED,2.994977694470436e-05,,,
44027.0,r1_08_PPV,1.0,14.0,3.486813056952087e-06,2022-11-05 09:59:20.191942,2022-11-05 10:04:15.722486,0 days 00:04:55.530544,1.0,4.0,512.0,0.0307263022378881,487.0,6.0,0.01,1.0,,,COMPLETE,1.1378431736375204e-05,,,
44027.0,r1_08_PPV,1.0,15.0,0.0041192704811692,2022-11-05 10:04:15.722991,2022-11-05 10:08:13.043082,0 days 00:03:57.320091,1.0,2.0,2048.0,0.0001670162351649,697.0,6.0,1.0,,,,PRUNED,0.0041192704811692,,,
44027.0,r1_08_PPV,1.0,16.0,0.0624239407479763,2022-11-05 10:08:13.043490,2022-11-05 10:09:48.050137,0 days 00:01:35.006647,2.0,2.0,2048.0,0.000179128617318,51.0,8.0,0.05,,,,PRUNED,0.0624239407479763,,,
44027.0,r1_08_PPV,1.0,17.0,4.982427981303772e-06,2022-11-05 10:09:48.050512,2022-11-05 10:40:01.671387,0 days 00:30:13.620875,2.0,1.0,2048.0,0.0006414670865595,348.0,7.0,0.01,67.0,,,COMPLETE,7.688374171266332e-05,1.733132558001671e-05,,
44027.0,r1_08_PPV,1.0,18.0,5.444238468044205e-06,2022-11-05 10:40:01.671928,2022-11-05 10:44:15.595881,0 days 00:04:13.923953,2.0,2.0,2048.0,0.0409885613469229,203.0,6.0,0.01,5.0,,,COMPLETE,,,,
44027.0,r1_08_PPV,1.0,19.0,6.2645020079799e-05,2022-11-05 10:44:15.596415,2022-11-05 10:48:32.955169,0 days 00:04:17.358754,2.0,4.0,1024.0,0.0429467701671159,398.0,7.0,0.01,,,,PRUNED,6.2645020079799e-05,,,
44027.0,r1_08_PPV,1.0,20.0,1.837194758991245e-05,2022-11-05 10:48:32.955508,2022-11-05 10:50:16.021554,0 days 00:01:43.066046,2.0,3.0,2048.0,0.0239822137335312,50.0,7.0,0.01,,,,PRUNED,1.837194758991245e-05,,,
44027.0,r1_08_PPV,1.0,21.0,4.802726107300259e-05,2022-11-05 10:50:16.021933,2022-11-05 10:55:58.956308,0 days 00:05:42.934375,3.0,3.0,1024.0,0.0372340039560686,354.0,9.0,0.01,,,,PRUNED,4.802726107300259e-05,,,
44027.0,r1_08_PPV,1.0,22.0,0.0001987880241358,2022-11-05 10:55:58.956649,2022-11-05 10:57:18.863852,0 days 00:01:19.907203,1.0,2.0,1024.0,0.0178745478454516,153.0,6.0,0.2,,,,PRUNED,0.0001987880241358,,,
44027.0,r1_08_PPV,1.0,23.0,1.5232906662276946e-05,2022-11-05 10:57:18.864191,2022-11-05 11:08:21.338077,0 days 00:11:02.473886,1.0,3.0,2048.0,0.0008718016740619,99.0,9.0,0.01,37.0,,,COMPLETE,4.017158425995149e-05,,,
44027.0,r1_08_PPV,1.0,24.0,0.0005269416724331,2022-11-05 11:08:21.338605,2022-11-05 11:18:18.897340,0 days 00:09:57.558735,1.0,1.0,1024.0,0.0001121786249534,223.0,8.0,0.2,,,,PRUNED,0.0005269416724331,,,
44027.0,r1_08_PPV,1.0,25.0,5.027840597904287e-05,2022-11-05 11:18:18.897716,2022-11-05 11:26:13.161999,0 days 00:07:54.264283,3.0,3.0,2048.0,0.0953927818325775,794.0,7.0,0.01,,,,PRUNED,5.027840597904287e-05,,,
44027.0,r1_08_PPV,1.0,26.0,1.829156462918036e-05,2022-11-05 11:26:13.162381,2022-11-05 11:31:50.204190,0 days 00:05:37.041809,2.0,4.0,1024.0,0.0024042639848313,75.0,9.0,0.05,,,,PRUNED,1.8039525457425043e-05,1.829156462918036e-05,,
44027.0,r1_08_PPV,1.0,27.0,0.0001467237016186,2022-11-05 11:31:50.204550,2022-11-05 11:39:05.824413,0 days 00:07:15.619863,3.0,3.0,1024.0,0.0030610092735971,50.0,10.0,0.05,,,,PRUNED,0.0001467237016186,,,
44027.0,r1_08_PPV,1.0,28.0,0.0001070365833584,2022-11-05 11:39:05.824786,2022-11-05 11:41:23.430441,0 days 00:02:17.605655,1.0,2.0,512.0,0.0003633313423595,153.0,8.0,0.01,,,,PRUNED,0.0001070365833584,,,
44027.0,r1_08_PPV,1.0,29.0,8.396717021241784e-06,2022-11-05 11:41:23.430822,2022-11-05 11:53:49.936027,0 days 00:12:26.505205,3.0,3.0,1024.0,0.0077994793870032,293.0,10.0,0.05,,,,PRUNED,3.6542321595334215e-06,8.396717021241784e-06,,
44027.0,r1_08_PPV,1.0,30.0,1.1675546375045087e-05,2022-11-05 11:53:49.936397,2022-11-05 12:24:01.841787,0 days 00:30:11.905390,2.0,2.0,512.0,0.0002423647657897,262.0,7.0,0.2,27.0,,,COMPLETE,,,,
44027.0,r1_08_PPV,1.0,31.0,0.0002269743854412,2022-11-05 12:24:01.842322,2022-11-05 12:34:25.217642,0 days 00:10:23.375320,2.0,4.0,2048.0,0.0437846416940953,482.0,6.0,0.2,,,,PRUNED,1.12689576781122e-05,0.0002269743854412,,
44027.0,r1_08_PPV,1.0,32.0,1.4044801446289057e-06,2022-11-05 12:34:25.218022,2022-11-05 12:40:43.998516,0 days 00:06:18.780494,1.0,4.0,2048.0,0.0236437043312679,477.0,5.0,1.0,14.0,,,COMPLETE,,,,
44027.0,r1_08_PPV,1.0,33.0,1.4898509107297286e-05,2022-11-05 12:40:43.999057,2022-11-05 12:43:55.493195,0 days 00:03:11.494138,1.0,1.0,1024.0,0.077794091162047,166.0,6.0,1.0,5.0,,,COMPLETE,,,,
44027.0,r1_08_PPV,1.0,34.0,2.179510829591891e-06,2022-11-05 12:43:55.493732,2022-11-05 12:49:15.516162,0 days 00:05:20.022430,2.0,2.0,2048.0,0.0222432576259881,179.0,6.0,0.2,8.0,,,COMPLETE,1.8628879843163304e-05,,,
44027.0,r1_08_PPV,1.0,35.0,0.0001390982361044,2022-11-05 12:49:15.516692,2022-11-05 12:55:29.868613,0 days 00:06:14.351921,1.0,2.0,512.0,0.000114217064857,304.0,6.0,0.05,,,,PRUNED,0.0001390982361044,,,
44027.0,r1_08_PPV,1.0,36.0,3.830019704764709e-05,2022-11-05 12:55:29.868973,2022-11-05 13:05:29.393605,0 days 00:09:59.524632,3.0,1.0,512.0,0.0670501849805947,224.0,6.0,0.2,4.0,,,COMPLETE,,,,
44027.0,r1_08_PPV,1.0,37.0,1.7293444898314192e-06,2022-11-05 13:05:29.394183,2022-11-05 13:09:58.039919,0 days 00:04:28.645736,1.0,1.0,2048.0,0.0276262979927635,57.0,9.0,1.0,14.0,,,COMPLETE,1.9723036075447453e-06,,,
44027.0,r1_08_PPV,1.0,38.0,4.750753942062147e-05,2022-11-05 13:09:58.040455,2022-11-05 13:11:20.179721,0 days 00:01:22.139266,1.0,3.0,1024.0,0.0023149135205047,133.0,7.0,0.01,,,,PRUNED,4.750753942062147e-05,,,
44027.0,r1_08_PPV,1.0,39.0,0.0020868533756583,2022-11-05 13:11:20.180088,2022-11-05 13:13:59.477589,0 days 00:02:39.297501,3.0,1.0,1024.0,0.0004384541762426,186.0,8.0,0.05,,,,PRUNED,0.0020868533756583,,,
44027.0,r1_08_PPV,1.0,40.0,0.0001289610663661,2022-11-05 13:13:59.477988,2022-11-05 13:16:21.800791,0 days 00:02:22.322803,3.0,1.0,1024.0,0.0009363447011097,72.0,8.0,0.05,,,,PRUNED,0.0001289610663661,,,
44027.0,r1_08_PPV,1.0,41.0,3.350013867020607e-05,2022-11-05 13:16:21.801167,2022-11-05 13:26:00.321424,0 days 00:09:38.520257,3.0,1.0,512.0,0.0050677302296602,97.0,5.0,0.2,,,,PRUNED,3.350013867020607e-05,,,
44027.0,r1_08_PPV,1.0,42.0,5.126014002598822e-06,2022-11-05 13:26:00.321790,2022-11-05 13:40:51.357987,0 days 00:14:51.036197,3.0,2.0,1024.0,0.0207457039278279,542.0,9.0,0.05,4.0,,,COMPLETE,5.126014002598822e-06,,,
44027.0,r1_08_PPV,1.0,43.0,0.0001648216129979,2022-11-05 13:40:51.358523,2022-11-05 13:43:37.167004,0 days 00:02:45.808481,3.0,1.0,1024.0,0.0005703821571332,201.0,8.0,0.05,,,,PRUNED,0.0001648216129979,,,
44027.0,r1_08_PPV,1.0,44.0,2.807776218105573e-05,2022-11-05 13:43:37.167379,2022-11-05 13:56:58.896094,0 days 00:13:21.728715,2.0,4.0,512.0,0.0034645368056765,346.0,7.0,0.05,,,,PRUNED,9.813627912080848e-06,2.807776218105573e-05,,
44027.0,r1_08_PPV,1.0,45.0,0.0593084879219532,2022-11-05 13:56:58.896486,2022-11-05 13:59:33.771465,0 days 00:02:34.874979,3.0,2.0,1024.0,0.0001086802279992,65.0,9.0,0.05,,,,PRUNED,0.0593084879219532,,,
44027.0,r1_08_PPV,1.0,46.0,3.812770955846645e-05,2022-11-05 13:59:33.771871,2022-11-05 14:01:33.776315,0 days 00:02:00.004444,2.0,3.0,2048.0,0.0066734824815396,123.0,8.0,0.01,,,,PRUNED,3.812770955846645e-05,,,
44027.0,r1_08_PPV,1.0,47.0,8.951313247962389e-06,2022-11-05 14:01:33.776690,2022-11-05 14:21:15.705253,0 days 00:19:41.928563,1.0,1.0,512.0,0.000846117745877,178.0,5.0,1.0,32.0,,,COMPLETE,,,,
44027.0,r1_08_PPV,1.0,48.0,2.144950713045546e-06,2022-11-05 14:21:15.705826,2022-11-05 14:39:26.064111,0 days 00:18:10.358285,3.0,1.0,1024.0,0.012111999649137,622.0,6.0,0.2,13.0,,,COMPLETE,1.6461208360851742e-05,2.6927218641503714e-06,,
44027.0,r1_08_PPV,1.0,49.0,2.1750649466412145e-05,2022-11-05 14:39:26.064648,2022-11-05 14:51:46.906982,0 days 00:12:20.842334,1.0,1.0,2048.0,0.0011950487598321,124.0,5.0,0.05,51.0,,,COMPLETE,,,,
44027.0,r1_08_PPV,1.0,50.0,3.5969584132544696e-05,2022-11-05 14:51:46.907513,2022-11-05 15:22:00.751525,0 days 00:30:13.844012,1.0,1.0,2048.0,0.0001056388349903,376.0,6.0,0.05,108.0,,,COMPLETE,4.510395956458524e-05,,,
44027.0,r1_08_PPV,1.0,51.0,0.0001228494802489,2022-11-05 15:22:00.752079,2022-11-05 15:27:03.611011,0 days 00:05:02.858932,1.0,4.0,512.0,0.0001479846495754,61.0,6.0,0.2,,,,PRUNED,0.0001228494802489,,,
44027.0,r1_08_PPV,1.0,52.0,2.8913624191773124e-05,2022-11-05 15:27:03.611439,2022-11-05 15:36:35.853460,0 days 00:09:32.242021,1.0,1.0,1024.0,0.0029663394220645,85.0,7.0,0.2,26.0,,,COMPLETE,3.922026007785462e-05,,,
44027.0,r1_08_PPV,1.0,53.0,1.7669190128799528e-05,2022-11-05 15:36:35.854068,2022-11-05 16:06:59.849220,0 days 00:30:23.995152,3.0,1.0,1024.0,0.0001610987732915,580.0,7.0,0.2,24.0,,,COMPLETE,,,,
44027.0,r1_08_PPV,1.0,54.0,4.989008175471099e-06,2022-11-05 16:06:59.849805,2022-11-05 16:27:05.227324,0 days 00:20:05.377519,3.0,1.0,512.0,0.0123756550831099,647.0,6.0,0.2,,,,PRUNED,1.1057844858441968e-05,4.989008175471099e-06,,
44027.0,r1_08_PPV,1.0,55.0,0.0011865412816405,2022-11-05 16:27:05.227730,2022-11-05 16:31:50.469415,0 days 00:04:45.241685,2.0,4.0,1024.0,0.0605455402394381,589.0,5.0,0.2,,,,PRUNED,0.0011865412816405,,,
44027.0,r1_08_PPV,1.0,56.0,0.0001854637084761,2022-11-05 16:31:50.469828,2022-11-05 16:37:15.545582,0 days 00:05:25.075754,2.0,3.0,2048.0,0.0995146593775829,103.0,10.0,1.0,,,,PRUNED,0.0001854637084761,,,
44027.0,r1_08_PPV,1.0,57.0,9.06494449282036e-07,2022-11-05 16:37:15.545979,2022-11-05 16:51:37.384110,0 days 00:14:21.838131,2.0,2.0,2048.0,0.018507216652933,163.0,9.0,0.2,25.0,,,COMPLETE,1.6153697288245894e-05,2.757326001301408e-06,,
44027.0,r1_08_PPV,1.0,58.0,2.3215172404889017e-05,2022-11-05 16:51:37.384703,2022-11-05 16:54:52.150152,0 days 00:03:14.765449,3.0,1.0,1024.0,0.0018454914881265,421.0,6.0,0.2,,,,PRUNED,2.3215172404889017e-05,,,
44027.0,r1_08_PPV,1.0,59.0,1.921561488416046e-05,2022-11-05 16:54:52.150545,2022-11-05 16:57:26.701859,0 days 00:02:34.551314,3.0,2.0,1024.0,0.0286163061364623,96.0,7.0,0.2,,,,PRUNED,1.921561488416046e-05,,,
44027.0,r1_08_PPV,1.0,60.0,3.920097515219823e-05,2022-11-05 16:57:26.702272,2022-11-05 17:00:05.916825,0 days 00:02:39.214553,3.0,1.0,1024.0,0.0128749650458702,282.0,5.0,0.2,,,,PRUNED,3.920097515219823e-05,,,
44027.0,r1_08_PPV,1.0,61.0,4.341448857303476e-06,2022-11-05 17:00:05.917216,2022-11-05 17:09:11.364259,0 days 00:09:05.447043,1.0,1.0,512.0,0.0046899251812639,699.0,6.0,0.05,,,,PRUNED,3.027923867193749e-06,4.341448857303476e-06,,
44027.0,r1_08_PPV,1.0,62.0,2.302752182004042e-05,2022-11-05 17:09:11.364703,2022-11-05 17:14:29.302379,0 days 00:05:17.937676,3.0,3.0,512.0,0.0110608366304615,234.0,7.0,1.0,,,,PRUNED,2.302752182004042e-05,,,
44027.0,r1_08_PPV,1.0,63.0,9.038091957336292e-05,2022-11-05 17:14:29.302778,2022-11-05 17:18:20.253178,0 days 00:03:50.950400,2.0,2.0,1024.0,0.0007200656699244,469.0,8.0,0.01,,,,PRUNED,9.038091957336292e-05,,,
44027.0,r1_08_PPV,1.0,64.0,1.8558124793344177e-05,2022-11-05 17:18:20.253558,2022-11-05 17:20:28.835098,0 days 00:02:08.581540,1.0,1.0,512.0,0.0171768601850645,186.0,5.0,1.0,,,,PRUNED,1.8558124793344177e-05,,,
44027.0,r1_08_PPV,1.0,65.0,2.693384521990083e-05,2022-11-05 17:20:28.835449,2022-11-05 17:22:37.168433,0 days 00:02:08.332984,2.0,1.0,1024.0,0.0017084851173054,314.0,6.0,0.05,,,,PRUNED,2.693384521990083e-05,,,
44027.0,r1_08_PPV,1.0,66.0,4.565075141726993e-05,2022-11-05 17:22:37.168831,2022-11-05 17:39:25.415791,0 days 00:16:48.246960,3.0,4.0,512.0,0.0066202980756705,624.0,10.0,0.2,,,,PRUNED,4.565075141726993e-05,,,
44027.0,r1_08_PPV,1.0,67.0,2.44036073127063e-06,2022-11-05 17:39:25.416142,2022-11-05 17:45:54.013148,0 days 00:06:28.597006,2.0,2.0,2048.0,0.0160873992075816,96.0,9.0,1.0,10.0,,,COMPLETE,2.44036073127063e-06,,,
44027.0,r1_08_PPV,1.0,68.0,2.3990894533199025e-06,2022-11-05 17:45:54.013768,2022-11-05 17:49:41.014624,0 days 00:03:47.000856,1.0,1.0,2048.0,0.0489774315609081,270.0,6.0,0.05,10.0,,,COMPLETE,,,,
44027.0,r1_08_PPV,1.0,69.0,7.075419125612825e-05,2022-11-05 17:49:41.015204,2022-11-05 17:51:00.981149,0 days 00:01:19.965945,1.0,4.0,1024.0,0.061173605588624,90.0,7.0,0.05,,,,PRUNED,7.075419125612825e-05,,,
44027.0,r1_08_PPV,1.0,70.0,5.428928034234559e-06,2022-11-05 17:51:00.981530,2022-11-05 17:56:49.090012,0 days 00:05:48.108482,1.0,3.0,512.0,0.0037018299769548,66.0,7.0,1.0,6.0,,,COMPLETE,,,,
44027.0,r1_08_PPV,1.0,71.0,4.320765128795756e-06,2022-11-05 17:56:49.090616,2022-11-05 18:27:32.239886,0 days 00:30:43.149270,1.0,2.0,512.0,0.0006967514963169,464.0,9.0,1.0,34.0,,,COMPLETE,9.15845430426998e-06,,,
44027.0,r1_08_PPV,1.0,72.0,0.0001120881715905,2022-11-05 18:27:32.240429,2022-11-05 18:34:19.351131,0 days 00:06:47.110702,3.0,2.0,1024.0,0.0196797433071938,547.0,9.0,0.05,,,,PRUNED,0.0001120881715905,,,
44027.0,r1_08_PPV,1.0,73.0,3.0222422537917737e-06,2022-11-05 18:34:19.351490,2022-11-05 18:45:03.918305,0 days 00:10:44.566815,3.0,2.0,1024.0,0.0307727908294204,392.0,9.0,0.05,4.0,,,COMPLETE,3.0222422537917737e-06,,,
44027.0,r1_08_PPV,1.0,74.0,1.0071974429592956e-05,2022-11-05 18:45:03.918887,2022-11-05 19:01:23.546447,0 days 00:16:19.627560,1.0,1.0,512.0,0.0012955227207271,590.0,5.0,0.01,17.0,,,COMPLETE,,,,
44027.0,r1_08_PPV,1.0,75.0,5.166096798348008e-06,2022-11-05 19:01:23.547101,2022-11-05 19:11:17.183581,0 days 00:09:53.636480,3.0,1.0,1024.0,0.0446785800911401,279.0,5.0,1.0,10.0,,,COMPLETE,,,,
44027.0,r1_08_PPV,1.0,76.0,5.83050241402816e-05,2022-11-05 19:11:17.184150,2022-11-05 19:16:44.380722,0 days 00:05:27.196572,3.0,2.0,1024.0,0.0304216518419887,414.0,10.0,0.05,,,,PRUNED,5.83050241402816e-05,,,
44027.0,r1_08_PPV,1.0,77.0,1.7407456880391692e-06,2022-11-05 19:16:44.381106,2022-11-05 19:38:14.593618,0 days 00:21:30.212512,3.0,1.0,1024.0,0.0028809529531948,71.0,8.0,0.05,31.0,,,COMPLETE,,,,
44027.0,r1_08_PPV,1.0,78.0,4.11823857575655e-05,2022-11-05 19:38:14.594272,2022-11-05 19:43:01.714992,0 days 00:04:47.120720,3.0,2.0,1024.0,0.0587679542762055,374.0,9.0,0.05,,,,PRUNED,4.11823857575655e-05,,,
44027.0,r1_08_PPV,1.0,79.0,8.096730198303703e-06,2022-11-05 19:43:01.715414,2022-11-05 19:52:22.900180,0 days 00:09:21.184766,3.0,3.0,2048.0,0.0144154250814168,242.0,8.0,1.0,,,,PRUNED,1.2265430996194482e-05,8.096730198303703e-06,,
44027.0,r1_08_PPV,2.0,0.0,1.6894433429115452e-05,2022-11-05 20:49:43.660896,2022-11-05 21:12:26.748964,0 days 00:22:43.088068,3.0,1.0,1024.0,0.001,200.0,8.0,0.05,28.0,,,COMPLETE,0.0001205369189847,3.549086977727711e-05,1.6894433429115452e-05,"{'n_dspp_layers': 3, 'n_dspp_out': 1, 'num_inducing': 200, 'batch_size': 1024, 'lr': 0.001, 'num_quadrature_sites': 8, 'beta': 0.05}"
44027.0,r1_08_PPV,2.0,1.0,0.0001956174673978,2022-11-05 21:12:26.749553,2022-11-05 21:14:30.236107,0 days 00:02:03.486554,1.0,1.0,512.0,0.0013621335859082,92.0,8.0,1.0,,,,PRUNED,0.0001956174673978,,,
44027.0,r1_08_PPV,2.0,2.0,1.6621909253444755e-06,2022-11-05 21:14:30.236512,2022-11-05 21:24:36.902082,0 days 00:10:06.665570,3.0,1.0,1024.0,0.0098829983055157,179.0,6.0,0.2,11.0,,,COMPLETE,,,,
44027.0,r1_08_PPV,2.0,3.0,1.46787385801872e-06,2022-11-05 21:24:36.902585,2022-11-05 21:54:30.246969,0 days 00:29:53.344384,2.0,4.0,2048.0,0.0086719138465301,703.0,10.0,1.0,13.0,,,COMPLETE,2.4441063942504115e-05,3.813429657384404e-06,,
44027.0,r1_08_PPV,2.0,4.0,0.0017025652341544,2022-11-05 21:54:30.247482,2022-11-05 21:56:30.901609,0 days 00:02:00.654127,1.0,1.0,512.0,0.0001810231046892,106.0,5.0,0.05,,,,PRUNED,0.0017025652341544,,,
44027.0,r1_08_PPV,2.0,5.0,0.0023609700147062,2022-11-05 21:56:30.901952,2022-11-05 22:02:10.711571,0 days 00:05:39.809619,2.0,3.0,512.0,0.0001093438660257,373.0,9.0,0.2,,,,PRUNED,0.0023609700147062,,,
44027.0,r1_08_PPV,2.0,6.0,1.900693132483866e-05,2022-11-05 22:02:10.711944,2022-11-05 22:07:01.397899,0 days 00:04:50.685955,1.0,3.0,1024.0,0.0327201408413156,445.0,8.0,0.2,,,,PRUNED,1.1230768905079458e-05,1.900693132483866e-05,,
44027.0,r1_08_PPV,2.0,7.0,0.0002940445847343,2022-11-05 22:07:01.398268,2022-11-05 22:08:15.707889,0 days 00:01:14.309621,1.0,1.0,1024.0,0.0749207719596381,80.0,8.0,1.0,,,,PRUNED,0.0002940445847343,,,
44027.0,r1_08_PPV,2.0,8.0,3.21749976137653e-05,2022-11-05 22:08:15.708227,2022-11-05 22:24:30.243373,0 days 00:16:14.535146,1.0,1.0,1024.0,0.0010555838820322,469.0,7.0,0.05,33.0,,,COMPLETE,0.0001397077139699,3.7574791349470615e-05,,
44027.0,r1_08_PPV,2.0,9.0,0.1141750067472457,2022-11-05 22:24:30.243909,2022-11-05 22:27:15.852708,0 days 00:02:45.608799,3.0,2.0,2048.0,0.0001304318187352,201.0,8.0,1.0,,,,PRUNED,0.1141750067472457,,,
44027.0,r1_08_PPV,2.0,10.0,1.2416156778272125e-06,2022-11-05 22:27:15.853149,2022-11-05 22:29:34.354886,0 days 00:02:18.501737,1.0,1.0,2048.0,0.022361071433542,52.0,8.0,0.01,5.0,,,COMPLETE,3.686407126224367e-06,,,
44027.0,r1_08_PPV,2.0,11.0,4.462707238417352e-06,2022-11-05 22:29:34.355416,2022-11-05 22:33:43.134059,0 days 00:04:08.778643,1.0,2.0,512.0,0.0502484870598402,77.0,6.0,1.0,3.0,,,COMPLETE,,,,
44027.0,r1_08_PPV,2.0,12.0,0.000683166552335,2022-11-05 22:33:43.134592,2022-11-05 22:36:00.298681,0 days 00:02:17.164089,3.0,2.0,2048.0,0.0062451567321607,76.0,8.0,1.0,,,,PRUNED,0.000683166552335,,,
44027.0,r1_08_PPV,2.0,13.0,2.217881046817638e-06,2022-11-05 22:36:00.299030,2022-11-05 22:41:02.211649,0 days 00:05:01.912619,2.0,2.0,2048.0,0.02302917568393,53.0,6.0,0.01,9.0,,,COMPLETE,1.2715241609839724e-05,2.6479790449229768e-06,,
44027.0,r1_08_PPV,2.0,14.0,0.00039891974302,2022-11-05 22:41:02.212159,2022-11-05 22:47:39.258100,0 days 00:06:37.045941,2.0,4.0,2048.0,0.0058744007816094,699.0,10.0,0.01,,,,PRUNED,0.00039891974302,,,
44027.0,r1_08_PPV,2.0,15.0,7.57244492888276e-07,2022-11-05 22:47:39.258467,2022-11-05 23:08:03.618695,0 days 00:20:24.360228,2.0,4.0,2048.0,0.0156379753848807,323.0,10.0,0.01,14.0,,,COMPLETE,5.136347226653015e-06,9.247120260624796e-07,,
44027.0,r1_08_PPV,2.0,16.0,3.00918463835842e-06,2022-11-05 23:08:03.619244,2022-11-05 23:12:28.255815,0 days 00:04:24.636571,2.0,2.0,2048.0,0.0175398730072531,306.0,6.0,0.01,4.0,,,COMPLETE,3.00918463835842e-06,,,
44027.0,r1_08_PPV,2.0,17.0,2.126444451278076e-05,2022-11-05 23:12:28.256359,2022-11-05 23:13:33.743139,0 days 00:01:05.486780,1.0,3.0,2048.0,0.0825437390400602,136.0,9.0,0.01,,,,PRUNED,2.126444451278076e-05,,,
44027.0,r1_08_PPV,2.0,18.0,0.0001803931227186,2022-11-05 23:13:33.743597,2022-11-05 23:15:24.966415,0 days 00:01:51.222818,2.0,1.0,2048.0,0.0014623146201286,263.0,10.0,0.01,,,,PRUNED,0.0001803931227186,,,
44027.0,r1_08_PPV,2.0,19.0,3.864605332637439e-06,2022-11-05 23:15:24.966809,2022-11-05 23:21:44.445334,0 days 00:06:19.478525,3.0,3.0,2048.0,0.0416147697097667,139.0,7.0,0.01,4.0,,,COMPLETE,3.864605332637439e-06,,,
44027.0,r1_08_PPV,2.0,20.0,2.0481740648392588e-05,2022-11-05 23:21:44.445895,2022-11-05 23:22:47.490579,0 days 00:01:03.044684,1.0,4.0,2048.0,0.0126542664799838,52.0,9.0,0.01,,,,PRUNED,2.0481740648392588e-05,,,
44027.0,r1_08_PPV,2.0,21.0,8.820804396236781e-06,2022-11-05 23:22:47.490980,2022-11-05 23:31:14.877015,0 days 00:08:27.386035,2.0,2.0,1024.0,0.003170204685898,456.0,7.0,0.01,,,,PRUNED,9.07218418433331e-06,8.820804396236781e-06,,
44027.0,r1_08_PPV,2.0,22.0,4.146262290305458e-05,2022-11-05 23:31:14.877362,2022-11-05 23:33:20.118250,0 days 00:02:05.240888,1.0,1.0,512.0,0.0027858776294678,155.0,9.0,0.05,,,,PRUNED,4.146262290305458e-05,,,
44027.0,r1_08_PPV,2.0,23.0,1.4494173683488043e-06,2022-11-05 23:33:20.118606,2022-11-05 23:45:34.544992,0 days 00:12:14.426386,1.0,3.0,1024.0,0.0072823082282593,455.0,9.0,1.0,18.0,,,COMPLETE,5.092180799692869e-06,,,
44027.0,r1_08_PPV,2.0,24.0,1.7393490452377591e-06,2022-11-05 23:45:34.545515,2022-11-05 23:59:22.968348,0 days 00:13:48.422833,2.0,3.0,1024.0,0.0038908457428137,77.0,6.0,0.05,23.0,,,COMPLETE,,,,
44027.0,r1_08_PPV,2.0,25.0,5.71647979086265e-06,2022-11-05 23:59:22.968863,2022-11-06 00:06:36.775814,0 days 00:07:13.806951,3.0,3.0,2048.0,0.0412912875398862,272.0,6.0,0.2,4.0,,,COMPLETE,5.71647979086265e-06,,,
44027.0,r1_08_PPV,2.0,26.0,7.155370553846296e-07,2022-11-06 00:06:36.776338,2022-11-06 00:37:24.267937,0 days 00:30:47.491599,2.0,4.0,2048.0,0.0064493833541397,776.0,10.0,1.0,12.0,,,COMPLETE,5.914946996199433e-06,1.2953930763615062e-06,,
44027.0,r1_08_PPV,2.0,27.0,1.6669566321070306e-05,2022-11-06 00:37:24.268474,2022-11-06 00:46:52.803925,0 days 00:09:28.535451,2.0,1.0,512.0,0.077244873325443,188.0,5.0,1.0,7.0,,,COMPLETE,,,,
44027.0,r1_08_PPV,2.0,28.0,1.5705041732871905e-05,2022-11-06 00:46:52.804472,2022-11-06 00:54:21.673373,0 days 00:07:28.868901,2.0,4.0,2048.0,0.0114470251747317,786.0,10.0,1.0,,,,PRUNED,1.5705041732871905e-05,,,
44027.0,r1_08_PPV,2.0,29.0,0.0004126716521568,2022-11-06 00:54:21.673809,2022-11-06 00:59:35.406279,0 days 00:05:13.732470,2.0,4.0,2048.0,0.0034788036278657,543.0,10.0,0.01,,,,PRUNED,0.0004126716521568,,,
44027.0,r1_08_PPV,2.0,30.0,0.0006536346045322,2022-11-06 00:59:35.406654,2022-11-06 01:03:48.331748,0 days 00:04:12.925094,2.0,3.0,2048.0,0.0004962411787275,557.0,9.0,0.01,,,,PRUNED,0.0006536346045322,,,
44027.0,r1_08_PPV,2.0,31.0,0.0001642953284317,2022-11-06 01:03:48.332180,2022-11-06 01:08:53.592834,0 days 00:05:05.260654,1.0,1.0,512.0,0.0001330141532382,94.0,7.0,0.01,,,,PRUNED,0.0001642953284317,,,
44027.0,r1_08_PPV,2.0,32.0,1.7214406398124993e-06,2022-11-06 01:08:53.593306,2022-11-06 01:16:34.793874,0 days 00:07:41.200568,1.0,3.0,1024.0,0.0060561377024096,285.0,8.0,0.05,14.0,,,COMPLETE,,,,
44027.0,r1_08_PPV,2.0,33.0,6.590862085431581e-06,2022-11-06 01:16:34.794465,2022-11-06 01:23:40.039674,0 days 00:07:05.245209,1.0,1.0,512.0,0.0065765483328719,75.0,8.0,0.2,9.0,,,COMPLETE,,,,
44027.0,r1_08_PPV,2.0,34.0,6.799655238864943e-05,2022-11-06 01:23:40.040229,2022-11-06 01:41:37.447128,0 days 00:17:57.406899,2.0,1.0,512.0,0.0002561288081827,717.0,10.0,1.0,,,,PRUNED,6.799655238864943e-05,,,
44027.0,r1_08_PPV,2.0,35.0,,2022-11-06 01:41:37.447548,2022-11-06 01:41:38.367390,0 days 00:00:00.919842,3.0,4.0,2048.0,0.0235767014062769,332.0,10.0,1.0,,,,FAIL,,,,
44027.0,r1_08_PPV,3.0,0.0,5.336903996067122e-06,2022-11-06 03:33:00.322624,2022-11-06 03:52:16.842896,0 days 00:19:16.520272,3.0,1.0,1024.0,0.001,200.0,8.0,0.05,23.0,,,COMPLETE,0.0001584140845807,1.5516487110289745e-05,,"{'n_dspp_layers': 3, 'n_dspp_out': 1, 'num_inducing': 200, 'batch_size': 1024, 'lr': 0.001, 'num_quadrature_sites': 8, 'beta': 0.05}"
44027.0,r1_08_PPV,3.0,1.0,2.905343899328728e-05,2022-11-06 03:52:16.843427,2022-11-06 03:55:15.226934,0 days 00:02:58.383507,1.0,1.0,1024.0,0.0516325216951044,472.0,10.0,0.2,1.0,,,COMPLETE,,,,
44027.0,r1_08_PPV,3.0,2.0,2.29136526286311e-06,2022-11-06 03:55:15.227496,2022-11-06 03:57:52.082362,0 days 00:02:36.854866,1.0,1.0,2048.0,0.0404973621388596,82.0,8.0,0.2,6.0,,,COMPLETE,3.705480594362598e-06,2.511598950150073e-06,,
44027.0,r1_08_PPV,3.0,3.0,3.7094057461217744e-06,2022-11-06 03:57:52.082857,2022-11-06 04:08:51.532342,0 days 00:10:59.449485,3.0,1.0,2048.0,0.0328043797235287,104.0,9.0,0.05,18.0,,,COMPLETE,,,,
44027.0,r1_08_PPV,3.0,4.0,3.29053436871618e-05,2022-11-06 04:08:51.532846,2022-11-06 04:11:07.872750,0 days 00:02:16.339904,1.0,1.0,1024.0,0.0021709503769689,624.0,10.0,0.2,,,,PRUNED,3.29053436871618e-05,,,
44027.0,r1_08_PPV,3.0,5.0,0.0010920336935669,2022-11-06 04:11:07.873106,2022-11-06 04:15:32.370904,0 days 00:04:24.497798,1.0,2.0,512.0,0.0001397193066846,688.0,10.0,0.2,,,,PRUNED,0.0010920336935669,,,
44027.0,r1_08_PPV,3.0,6.0,0.000706557824742,2022-11-06 04:15:32.371288,2022-11-06 04:17:19.754091,0 days 00:01:47.382803,2.0,1.0,1024.0,0.0007306175177764,122.0,6.0,1.0,,,,PRUNED,0.000706557824742,,,
44027.0,r1_08_PPV,3.0,7.0,2.01467628357932e-05,2022-11-06 04:17:19.754479,2022-11-06 04:47:48.483546,0 days 00:30:28.729067,1.0,1.0,1024.0,0.0002767037491774,725.0,6.0,0.2,52.0,,,COMPLETE,6.451782974181697e-05,,,
44027.0,r1_08_PPV,3.0,8.0,6.299860160652315e-06,2022-11-06 04:47:48.484100,2022-11-06 04:59:44.234355,0 days 00:11:55.750255,2.0,1.0,512.0,0.0020318435001145,541.0,6.0,0.05,,,,PRUNED,2.756650792434812e-05,6.299860160652315e-06,,
44027.0,r1_08_PPV,3.0,9.0,7.608443411299959e-05,2022-11-06 04:59:44.234744,2022-11-06 05:00:58.226551,0 days 00:01:13.991807,1.0,2.0,2048.0,0.0327063774398651,250.0,10.0,0.2,,,,PRUNED,7.608443411299959e-05,,,
44027.0,r1_08_PPV,3.0,10.0,1.2822248208976816e-05,2022-11-06 05:00:58.226896,2022-11-06 05:05:11.350526,0 days 00:04:13.123630,1.0,1.0,1024.0,0.0033346901828334,553.0,5.0,1.0,5.0,,,COMPLETE,,,,
44027.0,r1_08_PPV,3.0,11.0,3.8122120713524055e-06,2022-11-06 05:05:11.351032,2022-11-06 05:18:00.438433,0 days 00:12:49.087401,1.0,1.0,512.0,0.0033584277070301,96.0,5.0,0.01,21.0,,,COMPLETE,,,,
44027.0,r1_08_PPV,3.0,12.0,2.0287787265260704e-05,2022-11-06 05:18:00.438958,2022-11-06 05:42:02.061494,0 days 00:24:01.622536,2.0,2.0,2048.0,0.0004706095164384,462.0,9.0,0.01,22.0,,,COMPLETE,7.556736818514764e-05,,,
44027.0,r1_08_PPV,3.0,13.0,4.970738882548176e-05,2022-11-06 05:42:02.062033,2022-11-06 05:43:50.476020,0 days 00:01:48.413987,2.0,2.0,2048.0,0.0069975137216973,206.0,7.0,0.01,,,,PRUNED,4.970738882548176e-05,,,
44027.0,r1_08_PPV,3.0,14.0,1.3568511349149048e-05,2022-11-06 05:43:50.476387,2022-11-06 05:53:43.521867,0 days 00:09:53.045480,1.0,4.0,1024.0,0.0005679430353693,238.0,10.0,0.2,20.0,,,COMPLETE,,,,
44027.0,r1_08_PPV,3.0,15.0,1.0643497262208255e-05,2022-11-06 05:53:43.522402,2022-11-06 06:02:23.843151,0 days 00:08:40.320749,1.0,1.0,512.0,0.0656243611748796,183.0,6.0,0.01,11.0,,,COMPLETE,1.450232866773149e-05,,,
44027.0,r1_08_PPV,3.0,16.0,1.956413507286925e-05,2022-11-06 06:02:23.843663,2022-11-06 06:13:21.852034,0 days 00:10:58.008371,3.0,1.0,512.0,0.0002673032669433,173.0,7.0,0.01,,,,PRUNED,1.956413507286925e-05,,,
44027.0,r1_08_PPV,3.0,17.0,2.427361550871865e-06,2022-11-06 06:13:21.852410,2022-11-06 06:26:26.989716,0 days 00:13:05.137306,1.0,4.0,512.0,0.0035035095151148,140.0,6.0,0.05,18.0,,,COMPLETE,8.48915533424588e-06,,,
44027.0,r1_08_PPV,3.0,18.0,9.75753096099652e-07,2022-11-06 06:26:26.990286,2022-11-06 06:31:52.045587,0 days 00:05:25.055301,1.0,1.0,2048.0,0.0327852657503178,472.0,5.0,0.05,15.0,,,COMPLETE,5.463341040012892e-06,9.949685590981971e-07,,
44027.0,r1_08_PPV,3.0,19.0,0.0026635802350938,2022-11-06 06:31:52.046201,2022-11-06 06:33:55.636255,0 days 00:02:03.590054,1.0,3.0,1024.0,0.0002171259901175,509.0,8.0,0.2,,,,PRUNED,0.0026635802350938,,,
44027.0,r1_08_PPV,3.0,20.0,2.496277375030332e-06,2022-11-06 06:33:55.636613,2022-11-06 06:37:41.228242,0 days 00:03:45.591629,2.0,4.0,1024.0,0.0203762991065443,113.0,6.0,0.05,2.0,,,COMPLETE,,,,
44027.0,r1_08_PPV,3.0,21.0,0.0001279995776712,2022-11-06 06:37:41.228827,2022-11-06 06:42:03.896424,0 days 00:04:22.667597,2.0,1.0,1024.0,0.0122444755576574,66.0,9.0,0.01,,,,PRUNED,0.0001279995776712,,,
44027.0,r1_08_PPV,3.0,22.0,1.7127956652984722e-06,2022-11-06 06:42:03.896746,2022-11-06 06:49:24.051680,0 days 00:07:20.154934,2.0,1.0,512.0,0.0073425559424492,101.0,10.0,0.05,5.0,,,COMPLETE,,,,
44027.0,r1_08_PPV,3.0,23.0,0.0002462861011736,2022-11-06 06:49:24.052201,2022-11-06 06:53:35.112456,0 days 00:04:11.060255,3.0,4.0,2048.0,0.0961935018913585,350.0,5.0,0.05,,,,PRUNED,0.0002462861011736,,,
44027.0,r1_08_PPV,3.0,24.0,5.288679858495016e-06,2022-11-06 06:53:35.112833,2022-11-06 06:59:50.550239,0 days 00:06:15.437406,1.0,1.0,2048.0,0.054614548806917,615.0,8.0,0.01,12.0,,,COMPLETE,6.557433152920567e-06,,,
44027.0,r1_08_PPV,3.0,25.0,1.560270220579696e-06,2022-11-06 06:59:50.550765,2022-11-06 07:02:05.750885,0 days 00:02:15.200120,1.0,1.0,2048.0,0.0173838934638141,54.0,7.0,0.01,,,,PRUNED,3.555332568794256e-06,1.560270220579696e-06,,
44027.0,r1_08_PPV,3.0,26.0,3.050898521905765e-05,2022-11-06 07:02:05.751230,2022-11-06 07:03:31.988520,0 days 00:01:26.237290,2.0,1.0,2048.0,0.0698424535155576,104.0,9.0,1.0,,,,PRUNED,3.050898521905765e-05,,,
44027.0,r1_08_PPV,3.0,27.0,4.495148914429592e-06,2022-11-06 07:03:31.988861,2022-11-06 07:05:45.154955,0 days 00:02:13.166094,1.0,2.0,2048.0,0.0119118336429802,51.0,5.0,0.05,,,,PRUNED,1.8623115465743467e-05,4.495148914429592e-06,,
44027.0,r1_08_PPV,3.0,28.0,3.0325825264299056e-06,2022-11-06 07:05:45.155298,2022-11-06 07:08:47.606651,0 days 00:03:02.451353,1.0,3.0,2048.0,0.0151048812844766,50.0,6.0,1.0,8.0,,,COMPLETE,,,,
44027.0,r1_08_PPV,3.0,29.0,3.416849722270854e-05,2022-11-06 07:08:47.607178,2022-11-06 07:09:51.619630,0 days 00:01:04.012452,1.0,3.0,2048.0,0.0337302936881015,113.0,9.0,0.2,,,,PRUNED,3.416849722270854e-05,,,
44027.0,r1_08_PPV,3.0,30.0,1.2050599025315023e-06,2022-11-06 07:09:51.619954,2022-11-06 07:21:03.935628,0 days 00:11:12.315674,2.0,2.0,1024.0,0.0307553898424693,421.0,6.0,0.05,10.0,,,COMPLETE,1.2050599025315023e-06,,,
44027.0,r1_08_PPV,3.0,31.0,3.5829341413773363e-06,2022-11-06 07:21:03.936171,2022-11-06 07:42:04.202402,0 days 00:21:00.266231,1.0,2.0,512.0,0.0013184931134549,150.0,9.0,0.2,34.0,,,COMPLETE,5.679626156052109e-06,,,
44027.0,r1_08_PPV,3.0,32.0,0.0001108252545236,2022-11-06 07:42:04.202926,2022-11-06 07:43:20.539957,0 days 00:01:16.337031,2.0,1.0,2048.0,0.0073169173723325,81.0,6.0,0.05,,,,PRUNED,0.0001108252545236,,,
44027.0,r1_08_PPV,3.0,33.0,3.626456600613892e-05,2022-11-06 07:43:20.540307,2022-11-06 07:46:03.920289,0 days 00:02:43.379982,1.0,2.0,512.0,0.0295595699619143,330.0,8.0,1.0,,,,PRUNED,3.626456600613892e-05,,,
44027.0,r1_08_PPV,3.0,34.0,0.0001089018405764,2022-11-06 07:46:03.920632,2022-11-06 07:47:09.491214,0 days 00:01:05.570582,1.0,4.0,2048.0,0.05855435599334,147.0,7.0,0.01,,,,PRUNED,0.0001089018405764,,,
44027.0,r1_08_PPV,3.0,35.0,3.384492811164819e-05,2022-11-06 07:47:09.491547,2022-11-06 07:50:05.367714,0 days 00:02:55.876167,3.0,3.0,2048.0,0.0045746098651291,78.0,9.0,0.2,,,,PRUNED,3.384492811164819e-05,,,
44027.0,r1_08_PPV,3.0,36.0,0.0002040827093878,2022-11-06 07:50:05.368106,2022-11-06 07:53:58.268839,0 days 00:03:52.900733,2.0,1.0,512.0,0.0161129685365576,377.0,6.0,0.05,,,,PRUNED,0.0002040827093878,,,
44027.0,r1_08_PPV,3.0,37.0,0.0001067077610059,2022-11-06 07:53:58.269190,2022-11-06 07:54:54.728847,0 days 00:00:56.459657,1.0,2.0,2048.0,0.0400083251054766,150.0,5.0,0.05,,,,PRUNED,0.0001067077610059,,,
44027.0,r1_08_PPV,3.0,38.0,1.2846279787481762e-05,2022-11-06 07:54:54.729173,2022-11-06 08:02:32.253060,0 days 00:07:37.523887,3.0,2.0,1024.0,0.0010447046431828,304.0,5.0,0.05,,,,PRUNED,1.2846279787481762e-05,,,
44027.0,r1_08_PPV,3.0,39.0,0.0001873513538157,2022-11-06 08:02:32.253443,2022-11-06 08:05:24.275153,0 days 00:02:52.021710,3.0,1.0,1024.0,0.0007461078341732,239.0,8.0,0.05,,,,PRUNED,0.0001873513538157,,,
44027.0,r1_08_PPV,3.0,40.0,9.066806524060668e-05,2022-11-06 08:05:24.275539,2022-11-06 08:08:00.973042,0 days 00:02:36.697503,3.0,1.0,1024.0,0.000769161008391,166.0,8.0,0.05,,,,PRUNED,9.066806524060668e-05,,,
44027.0,r1_08_PPV,3.0,41.0,0.0008832904859445,2022-11-06 08:08:00.973398,2022-11-06 08:12:19.398261,0 days 00:04:18.424863,3.0,1.0,1024.0,0.000367076156414,457.0,9.0,0.05,,,,PRUNED,0.0008832904859445,,,
44027.0,r1_08_PPV,3.0,42.0,4.014765363535844e-05,2022-11-06 08:12:19.398636,2022-11-06 08:14:05.276550,0 days 00:01:45.877914,2.0,1.0,1024.0,0.0018557218920323,72.0,7.0,0.05,,,,PRUNED,4.014765363535844e-05,,,
44027.0,r1_08_PPV,3.0,43.0,1.3503225773092709e-06,2022-11-06 08:14:05.276954,2022-11-06 08:23:11.020562,0 days 00:09:05.743608,2.0,2.0,512.0,0.0124668106196126,71.0,7.0,0.05,7.0,,,COMPLETE,4.846320734941401e-06,,,
44027.0,r1_08_PPV,3.0,44.0,0.0003589756379369,2022-11-06 08:23:11.021123,2022-11-06 08:24:38.395056,0 days 00:01:27.373933,1.0,1.0,1024.0,0.0012163849308371,272.0,8.0,0.2,,,,PRUNED,0.0003589756379369,,,
44027.0,r1_08_PPV,3.0,45.0,4.984116912964964e-06,2022-11-06 08:24:38.395448,2022-11-06 08:45:11.939850,0 days 00:20:33.544402,2.0,4.0,512.0,0.0005594919213145,104.0,5.0,0.2,21.0,,,COMPLETE,,,,
44027.0,r1_08_PPV,3.0,46.0,8.863785296853166e-06,2022-11-06 08:45:11.940378,2022-11-06 09:15:27.003859,0 days 00:30:15.063481,1.0,3.0,2048.0,0.0002172746393116,128.0,9.0,0.05,108.0,,,COMPLETE,1.4084202121011913e-05,,,
44027.0,r1_08_PPV,3.0,47.0,4.476462436286965e-06,2022-11-06 09:15:27.004404,2022-11-06 09:21:25.791442,0 days 00:05:58.787038,2.0,3.0,512.0,0.0161958083624119,55.0,7.0,0.05,3.0,,,COMPLETE,,,,
44027.0,r1_08_PPV,3.0,48.0,1.8307473510503769e-06,2022-11-06 09:21:25.791995,2022-11-06 09:28:48.637678,0 days 00:07:22.845683,3.0,2.0,1024.0,0.0305874092854287,286.0,6.0,0.05,4.0,,,COMPLETE,,,,
44027.0,r1_08_PPV,3.0,49.0,0.0625210255384445,2022-11-06 09:28:48.638224,2022-11-06 09:33:37.816055,0 days 00:04:49.177831,2.0,3.0,2048.0,0.0001038883729165,93.0,8.0,1.0,,,,PRUNED,0.0625210255384445,,,
44027.0,r1_08_PPV,3.0,50.0,3.1934243452269584e-05,2022-11-06 09:33:37.816454,2022-11-06 10:03:54.116075,0 days 00:30:16.299621,1.0,1.0,512.0,0.0002846996920971,83.0,5.0,1.0,56.0,,,COMPLETE,,,,
44027.0,r1_08_PPV,3.0,51.0,8.017080835998058e-05,2022-11-06 10:03:54.116641,2022-11-06 10:05:22.679965,0 days 00:01:28.563324,2.0,1.0,2048.0,0.0037324673341155,208.0,7.0,0.01,,,,PRUNED,8.017080835998058e-05,,,
44027.0,r1_08_PPV,3.0,52.0,0.0003848129417747,2022-11-06 10:05:22.680318,2022-11-06 10:11:52.726723,0 days 00:06:30.046405,3.0,1.0,1024.0,0.00034288193204,788.0,9.0,1.0,,,,PRUNED,0.0003848129417747,,,
44027.0,r1_08_PPV,3.0,53.0,1.5071489542606288e-05,2022-11-06 10:11:52.727104,2022-11-06 10:19:48.319663,0 days 00:07:55.592559,1.0,3.0,512.0,0.0094936592518509,417.0,8.0,0.05,,,,PRUNED,7.99746976554161e-06,1.5071489542606288e-05,,
44027.0,r1_08_PPV,3.0,54.0,3.941819886676967e-05,2022-11-06 10:19:48.320040,2022-11-06 10:22:50.853920,0 days 00:03:02.533880,1.0,1.0,2048.0,0.0204190039031919,296.0,10.0,0.2,,,,PRUNED,2.2785434339311905e-06,3.941819886676967e-05,,
44027.0,r1_08_PPV,3.0,55.0,5.620424417429604e-05,2022-11-06 10:22:50.854270,2022-11-06 10:24:04.420726,0 days 00:01:13.566456,1.0,2.0,1024.0,0.0055895443225257,63.0,7.0,0.2,,,,PRUNED,5.620424417429604e-05,,,
44027.0,r1_08_PPV,3.0,56.0,0.0002917075180448,2022-11-06 10:24:04.421097,2022-11-06 10:34:29.710766,0 days 00:10:25.289669,1.0,1.0,2048.0,0.0001568811376229,635.0,8.0,0.05,,,,PRUNED,0.0002917075180448,,,
44027.0,r1_08_PPV,3.0,57.0,2.230046629847493e-05,2022-11-06 10:34:29.711135,2022-11-06 10:44:52.574450,0 days 00:10:22.863315,2.0,3.0,512.0,0.0158640936580924,271.0,7.0,0.2,,,,PRUNED,2.230046629847493e-05,,,
44027.0,r1_08_PPV,3.0,58.0,7.38738090149127e-05,2022-11-06 10:44:52.574824,2022-11-06 10:45:45.062004,0 days 00:00:52.487180,1.0,1.0,2048.0,0.0177203247595089,50.0,6.0,0.01,,,,PRUNED,7.38738090149127e-05,,,
44027.0,r1_08_PPV,3.0,59.0,2.991739529534243e-05,2022-11-06 10:45:45.062387,2022-11-06 11:05:12.155035,0 days 00:19:27.092648,1.0,1.0,2048.0,0.0006080523702747,60.0,9.0,0.2,,,,PRUNED,2.991739529534243e-05,,,
44027.0,r1_08_PPV,4.0,0.0,2.7128917281515896e-05,2022-11-06 11:13:32.505946,2022-11-06 11:26:40.394772,0 days 00:13:07.888826,3.0,1.0,1024.0,0.001,200.0,8.0,0.05,14.0,,,COMPLETE,8.64537651068531e-05,,,"{'n_dspp_layers': 3, 'n_dspp_out': 1, 'num_inducing': 200, 'batch_size': 1024, 'lr': 0.001, 'num_quadrature_sites': 8, 'beta': 0.05}"
44027.0,r1_08_PPV,4.0,1.0,3.8318057704600506e-06,2022-11-06 11:26:40.395309,2022-11-06 11:43:51.056513,0 days 00:17:10.661204,3.0,2.0,2048.0,0.0023680454068927,73.0,7.0,0.05,27.0,,,COMPLETE,5.356583642424084e-05,2.146229235222563e-05,,
44027.0,r1_08_PPV,4.0,2.0,2.849121983672376e-06,2022-11-06 11:43:51.057076,2022-11-06 11:55:30.630081,0 days 00:11:39.573005,2.0,1.0,1024.0,0.0152436818410169,83.0,7.0,0.2,21.0,,,COMPLETE,4.867862571700243e-06,,,
44027.0,r1_08_PPV,4.0,3.0,4.704145794676151e-06,2022-11-06 11:55:30.630638,2022-11-06 12:26:46.808662,0 days 00:31:16.178024,2.0,2.0,512.0,0.0004901820817511,488.0,8.0,0.05,17.0,,,COMPLETE,,,,
44027.0,r1_08_PPV,4.0,4.0,6.47670049147564e-06,2022-11-06 12:26:46.809189,2022-11-06 12:51:58.076892,0 days 00:25:11.267703,2.0,2.0,2048.0,0.0002657069892076,65.0,6.0,0.01,64.0,,,COMPLETE,0.0570036210119724,0.0010896672029048,4.9305828724754974e-05,
44027.0,r1_08_PPV,4.0,5.0,8.417219942202792e-05,2022-11-06 12:51:58.077444,2022-11-06 12:55:12.417255,0 days 00:03:14.339811,1.0,1.0,1024.0,0.0021492497185013,158.0,9.0,1.0,,,,PRUNED,8.417219942202792e-05,,,
44027.0,r1_08_PPV,4.0,6.0,4.717448518931633e-06,2022-11-06 12:55:12.417607,2022-11-06 12:59:05.075036,0 days 00:03:52.657429,1.0,1.0,1024.0,0.0094661353657333,66.0,6.0,1.0,8.0,,,COMPLETE,,,,
44027.0,r1_08_PPV,4.0,7.0,8.584770512243267e-06,2022-11-06 12:59:05.075571,2022-11-06 13:04:30.080447,0 days 00:05:25.004876,1.0,1.0,2048.0,0.0047461123764467,74.0,10.0,0.2,17.0,,,COMPLETE,2.611468153190799e-05,1.7419091818737797e-05,,
44027.0,r1_08_PPV,4.0,8.0,0.0023906351998448,2022-11-06 13:04:30.080986,2022-11-06 13:06:00.889471,0 days 00:01:30.808485,1.0,2.0,1024.0,0.0002625877007329,353.0,5.0,0.01,,,,PRUNED,0.0023906351998448,,,
44027.0,r1_08_PPV,4.0,9.0,0.0001637250679777,2022-11-06 13:06:00.889840,2022-11-06 13:08:37.843521,0 days 00:02:36.953681,3.0,3.0,2048.0,0.0019368126093443,91.0,7.0,0.05,,,,PRUNED,0.0001637250679777,,,
44027.0,r1_08_PPV,4.0,10.0,3.1904583011055365e-06,2022-11-06 13:08:37.843849,2022-11-06 13:11:41.199467,0 days 00:03:03.355618,1.0,1.0,1024.0,0.0518477731362828,89.0,6.0,0.05,5.0,,,COMPLETE,,,,
44027.0,r1_08_PPV,4.0,11.0,0.0001162954722531,2022-11-06 13:11:41.200054,2022-11-06 13:14:39.511203,0 days 00:02:58.311149,2.0,2.0,2048.0,0.0033942128855866,381.0,9.0,0.01,,,,PRUNED,0.0001162954722531,,,
44027.0,r1_08_PPV,4.0,12.0,2.595020851003937e-05,2022-11-06 13:14:39.511566,2022-11-06 13:17:57.851611,0 days 00:03:18.340045,1.0,4.0,2048.0,0.0023279582187185,248.0,10.0,0.01,,,,PRUNED,8.029889431782067e-05,2.595020851003937e-05,,
44027.0,r1_08_PPV,4.0,13.0,0.0020447999704629,2022-11-06 13:17:57.852044,2022-11-06 13:19:41.205338,0 days 00:01:43.353294,1.0,1.0,1024.0,0.0003077632474855,435.0,8.0,0.2,,,,PRUNED,0.0020447999704629,,,
44027.0,r1_08_PPV,4.0,14.0,5.9895673985010944e-06,2022-11-06 13:19:41.205705,2022-11-06 13:27:08.576790,0 days 00:07:27.371085,1.0,2.0,2048.0,0.003834368233775,199.0,7.0,1.0,23.0,,,COMPLETE,3.520411701174453e-05,9.867592780210543e-06,,
44027.0,r1_08_PPV,4.0,15.0,5.589271495409776e-06,2022-11-06 13:27:08.577318,2022-11-06 13:43:07.368525,0 days 00:15:58.791207,2.0,3.0,512.0,0.0016998762643125,202.0,9.0,0.01,12.0,,,COMPLETE,,,,
44027.0,r1_08_PPV,4.0,16.0,1.851053639256861e-06,2022-11-06 13:43:07.369077,2022-11-06 14:02:42.423972,0 days 00:19:35.054895,3.0,3.0,2048.0,0.005590663472371,87.0,8.0,0.2,23.0,,,COMPLETE,,,,
44027.0,r1_08_PPV,4.0,17.0,2.207825491495896e-05,2022-11-06 14:02:42.424558,2022-11-06 14:12:42.216594,0 days 00:09:59.792036,3.0,1.0,512.0,0.0795423133493123,190.0,7.0,0.2,4.0,,,COMPLETE,2.207825491495896e-05,,,
44027.0,r1_08_PPV,4.0,18.0,3.034554902114905e-05,2022-11-06 14:12:42.217135,2022-11-06 14:25:16.555039,0 days 00:12:34.337904,3.0,3.0,512.0,0.0007814576797628,238.0,6.0,0.2,,,,PRUNED,3.034554902114905e-05,,,
44027.0,r1_08_PPV,4.0,19.0,0.0015611388953402,2022-11-06 14:25:16.555414,2022-11-06 14:26:55.459137,0 days 00:01:38.903723,1.0,1.0,1024.0,0.0003725244262843,365.0,9.0,1.0,,,,PRUNED,0.0015611388953402,,,
44027.0,r1_08_PPV,4.0,20.0,9.346786100650206e-05,2022-11-06 14:26:55.459499,2022-11-06 14:32:01.527262,0 days 00:05:06.067763,1.0,1.0,1024.0,0.030491731331207,469.0,10.0,0.2,,,,PRUNED,9.346786100650206e-05,,,
44027.0,r1_08_PPV,4.0,21.0,0.0001327329373452,2022-11-06 14:32:01.527677,2022-11-06 14:39:52.523599,0 days 00:07:50.995922,2.0,3.0,512.0,0.0277709510838111,716.0,5.0,1.0,,,,PRUNED,0.0001327329373452,,,
44027.0,r1_08_PPV,4.0,22.0,0.096903271973133,2022-11-06 14:39:52.523985,2022-11-06 14:41:24.907301,0 days 00:01:32.383316,2.0,2.0,2048.0,0.0001048460208552,125.0,6.0,1.0,,,,PRUNED,0.096903271973133,,,
44027.0,r1_08_PPV,4.0,23.0,1.1533505812622025e-06,2022-11-06 14:41:24.907708,2022-11-06 15:12:45.634653,0 days 00:31:20.726945,3.0,4.0,512.0,0.009819817404793,460.0,7.0,0.2,6.0,,,COMPLETE,,,,
44027.0,r1_08_PPV,4.0,24.0,1.0367142749601044e-05,2022-11-06 15:12:45.635161,2022-11-06 15:37:46.749263,0 days 00:25:01.114102,1.0,4.0,2048.0,0.0004259702725305,439.0,7.0,0.01,65.0,,,COMPLETE,,,,
44027.0,r1_08_PPV,4.0,25.0,2.390468944213353e-05,2022-11-06 15:37:46.749815,2022-11-06 15:40:03.449249,0 days 00:02:16.699434,1.0,4.0,1024.0,0.0939198482025181,65.0,7.0,0.2,2.0,,,COMPLETE,,,,
44027.0,r1_08_PPV,4.0,26.0,3.3744836400728677e-06,2022-11-06 15:40:03.449803,2022-11-06 15:47:37.449378,0 days 00:07:33.999575,1.0,2.0,2048.0,0.002955738389781,138.0,7.0,1.0,25.0,,,COMPLETE,,,,
44027.0,r1_08_PPV,4.0,27.0,3.27739653585013e-05,2022-11-06 15:47:37.449943,2022-11-06 15:51:12.834421,0 days 00:03:35.384478,2.0,2.0,2048.0,0.0072698583329634,51.0,6.0,0.05,,,,PRUNED,1.612959567864891e-05,3.27739653585013e-05,,
44027.0,r1_08_PPV,4.0,28.0,3.020076974280528e-06,2022-11-06 15:51:12.834757,2022-11-06 16:21:56.224083,0 days 00:30:43.389326,1.0,4.0,512.0,0.0016551095751383,735.0,8.0,0.01,19.0,,,COMPLETE,,,,
44027.0,r1_08_PPV,4.0,29.0,1.5513682001255802e-06,2022-11-06 16:21:56.224614,2022-11-06 16:31:27.165197,0 days 00:09:30.940583,1.0,1.0,2048.0,0.024044374679996,62.0,10.0,0.05,34.0,,,COMPLETE,4.083354724571109e-06,4.005955815955531e-06,,
44027.0,r1_08_PPV,4.0,30.0,3.7768229958601296e-05,2022-11-06 16:31:27.165778,2022-11-06 16:35:53.366737,0 days 00:04:26.200959,1.0,1.0,1024.0,0.0018909371977627,387.0,10.0,1.0,,,,PRUNED,3.7768229958601296e-05,,,
44027.0,r1_08_PPV,4.0,31.0,0.0002481682167854,2022-11-06 16:35:53.367098,2022-11-06 16:37:42.223669,0 days 00:01:48.856571,2.0,3.0,2048.0,0.0009410885420178,160.0,6.0,1.0,,,,PRUNED,0.0002481682167854,,,
44027.0,r1_08_PPV,4.0,32.0,1.2499680224209442e-06,2022-11-06 16:37:42.224088,2022-11-06 16:54:52.512149,0 days 00:17:10.288061,3.0,4.0,2048.0,0.0131038639002243,53.0,8.0,0.01,17.0,,,COMPLETE,1.5728597645647824e-05,6.567446234839736e-06,,
44027.0,r1_08_PPV,4.0,33.0,2.3488322767661884e-05,2022-11-06 16:54:52.512699,2022-11-06 17:06:28.184737,0 days 00:11:35.672038,3.0,4.0,512.0,0.0150464389282868,106.0,8.0,0.01,,,,PRUNED,4.758001523441635e-06,2.3488322767661884e-05,,
44027.0,r1_08_PPV,4.0,34.0,0.0188660286366939,2022-11-06 17:06:28.185133,2022-11-06 17:10:05.536309,0 days 00:03:37.351176,2.0,2.0,2048.0,0.0001039258340805,129.0,5.0,0.01,,,,PRUNED,0.0188660286366939,,,
44027.0,r1_08_PPV,4.0,35.0,7.904483027232345e-06,2022-11-06 17:10:05.536691,2022-11-06 17:23:13.669748,0 days 00:13:08.133057,1.0,3.0,2048.0,0.0011606551053236,59.0,10.0,1.0,45.0,,,COMPLETE,,,,
44027.0,r1_08_PPV,4.0,36.0,0.0003049781371373,2022-11-06 17:23:13.670286,2022-11-06 17:41:36.423368,0 days 00:18:22.753082,3.0,3.0,2048.0,0.014120323330805,689.0,8.0,1.0,,,,PRUNED,4.331931449996773e-06,0.0003049781371373,,
44027.0,r1_08_PPV,4.0,37.0,0.0001559497031848,2022-11-06 17:41:36.423764,2022-11-06 17:42:51.986938,0 days 00:01:15.563174,1.0,4.0,2048.0,0.0571815445195643,240.0,9.0,0.05,,,,PRUNED,0.0001559497031848,,,
44027.0,r1_08_PPV,4.0,38.0,3.7829993289051353e-06,2022-11-06 17:42:51.987289,2022-11-06 17:49:32.609373,0 days 00:06:40.622084,1.0,3.0,1024.0,0.0025797850292523,103.0,5.0,1.0,16.0,,,COMPLETE,,,,
44027.0,r1_08_PPV,4.0,39.0,2.956803427878185e-06,2022-11-06 17:49:32.609937,2022-11-06 18:05:23.321092,0 days 00:15:50.711155,1.0,4.0,1024.0,0.0011270375086402,355.0,8.0,0.2,30.0,,,COMPLETE,,,,
44027.0,r1_08_PPV,4.0,40.0,7.289331279025646e-06,2022-11-06 18:05:23.321609,2022-11-06 18:13:09.692691,0 days 00:07:46.371082,1.0,1.0,2048.0,0.00322211554489,119.0,8.0,1.0,27.0,,,COMPLETE,1.6552481611142866e-05,,,
44027.0,r1_08_PPV,4.0,41.0,4.592607365339063e-05,2022-11-06 18:13:09.693250,2022-11-06 18:16:11.105198,0 days 00:03:01.411948,3.0,3.0,1024.0,0.001042562230623,142.0,7.0,0.01,,,,PRUNED,4.592607365339063e-05,,,
44027.0,r1_08_PPV,4.0,42.0,3.974902028858196e-06,2022-11-06 18:16:11.105670,2022-11-06 18:21:22.166076,0 days 00:05:11.060406,2.0,2.0,2048.0,0.0126050222950449,54.0,8.0,0.01,8.0,,,COMPLETE,1.1284038009762298e-05,,,
44027.0,r1_08_PPV,4.0,43.0,1.541347046440933e-06,2022-11-06 18:21:22.166616,2022-11-06 18:34:32.981409,0 days 00:13:10.814793,2.0,4.0,512.0,0.0092288405945801,53.0,8.0,1.0,12.0,,,COMPLETE,1.0696030585677365e-05,3.824181476375088e-06,,
44027.0,r1_08_PPV,4.0,44.0,8.655171768623404e-06,2022-11-06 18:34:32.981954,2022-11-06 18:39:39.612395,0 days 00:05:06.630441,2.0,1.0,512.0,0.0105838940393972,104.0,9.0,0.2,2.0,,,COMPLETE,,,,
44027.0,r1_08_PPV,4.0,45.0,6.222538104339037e-06,2022-11-06 18:39:39.612930,2022-11-06 18:45:09.515039,0 days 00:05:29.902109,2.0,4.0,512.0,0.0348290630173889,54.0,9.0,1.0,2.0,,,COMPLETE,1.8302802345715463e-05,,,
44027.0,r1_08_PPV,4.0,46.0,2.3287882413569605e-06,2022-11-06 18:45:09.515551,2022-11-06 18:59:06.544323,0 days 00:13:57.028772,2.0,1.0,1024.0,0.0189677374876017,102.0,8.0,0.01,25.0,,,COMPLETE,2.346059773117304e-06,,,
44027.0,r1_08_PPV,4.0,47.0,5.130750287207775e-05,2022-11-06 18:59:06.544880,2022-11-06 19:03:31.316282,0 days 00:04:24.771402,3.0,4.0,512.0,0.0110696435672562,80.0,8.0,1.0,,,,PRUNED,5.130750287207775e-05,,,
44027.0,r1_08_PPV,4.0,48.0,2.0644387404900044e-05,2022-11-06 19:03:31.316654,2022-11-06 19:13:51.414418,0 days 00:10:20.097764,2.0,2.0,2048.0,0.0098084753530501,697.0,9.0,0.05,,,,PRUNED,2.0644387404900044e-05,,,
44027.0,r1_08_PPV,4.0,49.0,0.0001329499064013,2022-11-06 19:13:51.414757,2022-11-06 19:17:54.612890,0 days 00:04:03.198133,2.0,3.0,2048.0,0.0230120673354254,55.0,6.0,0.2,,,,PRUNED,0.0001329499064013,,,
44027.0,r1_08_PPV,4.0,50.0,1.8793118670146212e-06,2022-11-06 19:17:54.613260,2022-11-06 19:24:41.425439,0 days 00:06:46.812179,2.0,3.0,512.0,0.0067581854703682,61.0,7.0,1.0,4.0,,,COMPLETE,1.8793118670146212e-06,,,
44027.0,r1_08_PPV,4.0,51.0,4.240326961735264e-05,2022-11-06 19:24:41.426039,2022-11-06 19:27:43.471665,0 days 00:03:02.045626,2.0,3.0,512.0,0.0258723493720708,62.0,8.0,1.0,,,,PRUNED,4.240326961735264e-05,,,
44027.0,r1_08_PPV,4.0,52.0,5.747779141529463e-05,2022-11-06 19:27:43.472005,2022-11-06 19:32:10.179068,0 days 00:04:26.707063,3.0,4.0,512.0,0.0070357792552932,93.0,7.0,1.0,,,,PRUNED,5.747779141529463e-05,,,
44027.0,r1_08_PPV,4.0,53.0,7.511802095905296e-07,2022-11-06 19:32:10.179436,2022-11-06 19:43:15.197542,0 days 00:11:05.018106,2.0,3.0,512.0,0.010715226218005,66.0,8.0,0.01,9.0,,,COMPLETE,1.1909897921213997e-06,1.8451263485985687e-06,,
44027.0,r1_08_PPV,4.0,54.0,8.810978761175647e-05,2022-11-06 19:43:15.198124,2022-11-06 19:54:21.200612,0 days 00:11:06.002488,3.0,4.0,512.0,0.0180838264994195,76.0,9.0,0.01,,,,PRUNED,1.8514548401071809e-06,8.810978761175647e-05,,
44027.0,r1_08_PPV,4.0,55.0,9.221843356499448e-05,2022-11-06 19:54:21.201062,2022-11-06 20:01:57.085867,0 days 00:07:35.884805,2.0,3.0,512.0,0.0095282283497996,50.0,8.0,0.01,,,,PRUNED,2.2202934815140907e-06,9.221843356499448e-05,,
44027.0,r1_08_PPV,4.0,56.0,5.672184670402203e-06,2022-11-06 20:01:57.086250,2022-11-06 20:12:32.592956,0 days 00:10:35.506706,3.0,4.0,512.0,0.0482431910387652,109.0,9.0,0.01,4.0,,,COMPLETE,5.672184670402203e-06,,,
44027.0,r1_08_PPV,4.0,57.0,1.9921353668905795e-05,2022-11-06 20:12:32.593499,2022-11-06 20:15:42.396198,0 days 00:03:09.802699,2.0,3.0,512.0,0.0190023517917719,67.0,8.0,0.01,,,,PRUNED,1.9921353668905795e-05,,,
44027.0,r1_08_PPV,4.0,58.0,6.661436054855585e-05,2022-11-06 20:15:42.396622,2022-11-06 20:17:40.876287,0 days 00:01:58.479665,2.0,2.0,1024.0,0.0017004793662102,61.0,10.0,0.01,,,,PRUNED,6.661436054855585e-05,,,
44027.0,r1_08_PPV,4.0,59.0,2.949751888081664e-06,2022-11-06 20:17:40.876633,2022-11-06 20:36:19.127426,0 days 00:18:38.250793,2.0,1.0,512.0,0.0058210205713447,97.0,8.0,0.05,19.0,,,COMPLETE,1.1198511856491676e-05,,,
44027.0,r1_08_PPV,5.0,0.0,9.094546840060502e-06,2022-11-06 20:53:40.177960,2022-11-06 21:17:50.879580,0 days 00:24:10.701620,3.0,1.0,1024.0,0.001,200.0,8.0,0.05,30.0,,,COMPLETE,8.05902891443111e-05,2.8737636966980062e-05,9.924724508891813e-06,"{'n_dspp_layers': 3, 'n_dspp_out': 1, 'num_inducing': 200, 'batch_size': 1024, 'lr': 0.001, 'num_quadrature_sites': 8, 'beta': 0.05}"
44027.0,r1_08_PPV,5.0,1.0,6.020093678671401e-06,2022-11-06 21:17:50.880151,2022-11-06 21:34:04.463214,0 days 00:16:13.583063,2.0,3.0,512.0,0.030469197098831675,198.0,10.0,0.01,12.0,,,COMPLETE,,,,
44027.0,r1_08_PPV,5.0,2.0,1.4170919939715532e-06,2022-11-06 21:34:04.463744,2022-11-06 21:38:17.871102,0 days 00:04:13.407358,1.0,4.0,1024.0,0.015471724030332718,156.0,6.0,1.0,7.0,,,COMPLETE,,,,
44027.0,r1_08_PPV,5.0,3.0,0.06017007678747177,2022-11-06 21:38:17.871622,2022-11-06 21:40:35.074835,0 days 00:02:17.203213,2.0,1.0,1024.0,0.0002461512302325669,436.0,5.0,1.0,,,,PRUNED,0.06017007678747177,,,
44027.0,r1_08_PPV,5.0,4.0,0.00013850757386535406,2022-11-06 21:40:35.075196,2022-11-06 21:46:10.539406,0 days 00:05:35.464210,2.0,1.0,1024.0,0.0020714653346988734,262.0,8.0,0.2,,,,PRUNED,3.7170113500906155e-05,0.00013850757386535406,,
44027.0,r1_08_PPV,5.0,5.0,0.005537412595003843,2022-11-06 21:46:10.539748,2022-11-06 21:47:55.707222,0 days 00:01:45.167474,2.0,2.0,2048.0,0.0004699755412152714,58.0,10.0,0.05,,,,PRUNED,0.005537412595003843,,,
44027.0,r1_08_PPV,5.0,6.0,1.4068516065890435e-05,2022-11-06 21:47:55.707570,2022-11-06 22:18:18.994579,0 days 00:30:23.287009,2.0,1.0,512.0,0.00019254577630860236,410.0,8.0,0.01,22.0,,,COMPLETE,,,,
44027.0,r1_08_PPV,5.0,7.0,7.267732144100592e-05,2022-11-06 22:18:18.995215,2022-11-06 22:20:49.794761,0 days 00:02:30.799546,1.0,1.0,512.0,0.08961990898701402,347.0,6.0,1.0,,,,PRUNED,7.267732144100592e-05,,,
44027.0,r1_08_PPV,5.0,8.0,1.3720520655624568e-05,2022-11-06 22:20:49.795154,2022-11-06 22:30:23.807488,0 days 00:09:34.012334,1.0,2.0,512.0,0.0015997092498134895,182.0,10.0,0.05,12.0,,,COMPLETE,,,,
44027.0,r1_08_PPV,5.0,9.0,0.00019254465587437153,2022-11-06 22:30:23.808013,2022-11-06 22:32:06.943873,0 days 00:01:43.135860,2.0,2.0,2048.0,0.001068612833127068,166.0,7.0,0.05,,,,PRUNED,0.00019254465587437153,,,
44027.0,r1_08_PPV,5.0,10.0,2.1928956357442075e-06,2022-11-06 22:32:06.944226,2022-11-06 22:50:30.130719,0 days 00:18:23.186493,1.0,1.0,512.0,0.004134044157804756,689.0,7.0,0.01,14.0,,,COMPLETE,8.838307621772401e-06,7.668229045521002e-06,,
44027.0,r1_08_PPV,5.0,11.0,7.697734690736979e-05,2022-11-06 22:50:30.131245,2022-11-06 22:53:58.605881,0 days 00:03:28.474636,2.0,4.0,512.0,0.03453343446687919,128.0,8.0,0.05,,,,PRUNED,7.697734690736979e-05,,,
44027.0,r1_08_PPV,5.0,12.0,7.977850327733904e-05,2022-11-06 22:53:58.606299,2022-11-06 22:56:02.510108,0 days 00:02:03.903809,2.0,3.0,1024.0,0.0006807710835863009,158.0,5.0,0.2,,,,PRUNED,7.977850327733904e-05,,,
44027.0,r1_08_PPV,5.0,13.0,2.363893372603343e-06,2022-11-06 22:56:02.510468,2022-11-06 23:06:55.421902,0 days 00:10:52.911434,2.0,1.0,512.0,0.009235948333684244,222.0,8.0,1.0,7.0,,,COMPLETE,2.5337292754556984e-05,5.4044262469687965e-06,,
44027.0,r1_08_PPV,5.0,14.0,1.5511341189267114e-05,2022-11-06 23:06:55.422459,2022-11-06 23:19:22.817472,0 days 00:12:27.395013,1.0,2.0,512.0,0.006081006817572814,800.0,10.0,0.01,,,,PRUNED,1.733580393192824e-05,1.5511341189267114e-05,,
44027.0,r1_08_PPV,5.0,15.0,2.1555576950049726e-06,2022-11-06 23:19:22.817894,2022-11-06 23:27:58.671893,0 days 00:08:35.853999,1.0,1.0,512.0,0.009048010891980344,700.0,7.0,0.01,4.0,,,COMPLETE,2.1555576950049726e-06,,,
44027.0,r1_08_PPV,5.0,16.0,4.9024576583178714e-05,2022-11-06 23:27:58.672443,2022-11-06 23:31:48.431653,0 days 00:03:49.759210,1.0,1.0,512.0,0.01332297156127815,752.0,7.0,0.01,,,,PRUNED,4.9024576583178714e-05,,,
44027.0,r1_08_PPV,5.0,17.0,0.0002469882310833782,2022-11-06 23:31:48.432012,2022-11-07 00:02:13.543179,0 days 00:30:25.111167,2.0,1.0,2048.0,0.0001448765835562315,649.0,8.0,0.2,42.0,,,COMPLETE,0.050504639744758606,0.001976816216483712,,
44027.0,r1_08_PPV,5.0,18.0,2.6038336727651767e-05,2022-11-07 00:02:13.543716,2022-11-07 00:05:25.249901,0 days 00:03:11.706185,1.0,2.0,512.0,0.003131316918401972,517.0,6.0,0.01,,,,PRUNED,2.6038336727651767e-05,,,
44027.0,r1_08_PPV,5.0,19.0,1.5017639043435338e-06,2022-11-07 00:05:25.250323,2022-11-07 00:17:13.689272,0 days 00:11:48.438949,3.0,2.0,2048.0,0.006657382555627553,138.0,10.0,0.01,12.0,,,COMPLETE,,,,
44027.0,r1_08_PPV,5.0,20.0,1.3229556316218805e-05,2022-11-07 00:17:13.689796,2022-11-07 00:25:22.609447,0 days 00:08:08.919651,1.0,2.0,2048.0,0.002590745542603018,135.0,9.0,0.01,26.0,,,COMPLETE,3.5798111639451236e-05,,,
44027.0,r1_08_PPV,5.0,21.0,4.553427515929798e-06,2022-11-07 00:25:22.610003,2022-11-07 00:54:11.071953,0 days 00:28:48.461950,1.0,3.0,512.0,0.0004449212202737254,296.0,10.0,0.05,39.0,,,COMPLETE,3.513778210617602e-05,9.175827472063247e-06,,
44027.0,r1_08_PPV,5.0,22.0,1.791766067071876e-06,2022-11-07 00:54:11.072498,2022-11-07 01:07:55.823683,0 days 00:13:44.751185,1.0,3.0,512.0,0.02458075009690095,542.0,9.0,0.01,10.0,,,COMPLETE,1.622845411475282e-05,1.791766067071876e-06,,
44027.0,r1_08_PPV,5.0,23.0,5.3605388529831544e-05,2022-11-07 01:07:55.824194,2022-11-07 01:21:03.931497,0 days 00:13:08.107303,3.0,3.0,512.0,0.02618657757832654,491.0,9.0,0.01,,,,PRUNED,5.3605388529831544e-05,,,
44027.0,r1_08_PPV,5.0,24.0,0.0012896740809082985,2022-11-07 01:21:03.931864,2022-11-07 01:24:42.736956,0 days 00:03:38.805092,1.0,4.0,2048.0,0.08546398646272695,337.0,9.0,0.01,,,,PRUNED,1.7810640201787464e-05,0.0012896740809082985,,
44027.0,r1_08_PPV,5.0,25.0,1.234354840562446e-06,2022-11-07 01:24:42.737306,2022-11-07 01:45:32.713048,0 days 00:20:49.975742,2.0,2.0,2048.0,0.005864714713379791,396.0,10.0,1.0,21.0,,,COMPLETE,,,,
44027.0,r1_08_PPV,5.0,26.0,1.3424107692117104e-06,2022-11-07 01:45:32.713598,2022-11-07 01:54:40.575773,0 days 00:09:07.862175,1.0,4.0,512.0,0.022034417665579974,51.0,9.0,0.01,13.0,,,COMPLETE,1.6119367501232773e-05,1.5723118167443317e-06,,
44027.0,r1_08_PPV,5.0,27.0,0.0002834905171766877,2022-11-07 01:54:40.576324,2022-11-07 01:59:42.016992,0 days 00:05:01.440668,1.0,3.0,512.0,0.030400557858053158,51.0,9.0,0.01,,,,PRUNED,3.205347638868261e-06,0.0002834905171766877,,
44027.0,r1_08_PPV,5.0,28.0,4.2802195821423084e-05,2022-11-07 01:59:42.017376,2022-11-07 02:03:25.336036,0 days 00:03:43.318660,3.0,4.0,2048.0,0.022134769974539115,86.0,10.0,0.2,,,,PRUNED,4.2802195821423084e-05,,,
44027.0,r1_08_PPV,5.0,29.0,0.009012220427393913,2022-11-07 02:03:25.336421,2022-11-07 02:11:56.270441,0 days 00:08:30.934020,3.0,2.0,2048.0,0.00011839247632343771,276.0,9.0,0.2,,,,PRUNED,0.009012220427393913,,,
44027.0,r1_08_PPV,5.0,30.0,2.311739763172227e-06,2022-11-07 02:11:56.270810,2022-11-07 02:18:36.938544,0 days 00:06:40.667734,2.0,2.0,2048.0,0.026548297597330493,412.0,5.0,1.0,8.0,,,COMPLETE,1.0217050657956861e-05,,,
44027.0,r1_08_PPV,5.0,31.0,5.2705265261465684e-05,2022-11-07 02:18:36.939104,2022-11-07 02:25:46.450582,0 days 00:07:09.511478,1.0,2.0,512.0,0.0005962031603873015,444.0,6.0,1.0,,,,PRUNED,5.2705265261465684e-05,,,
44027.0,r1_08_PPV,5.0,32.0,2.8040637971571414e-06,2022-11-07 02:25:46.450932,2022-11-07 02:30:54.656851,0 days 00:05:08.205919,1.0,1.0,1024.0,0.042809841255496583,388.0,5.0,1.0,9.0,,,COMPLETE,3.2243767691397807e-06,,,
44027.0,r1_08_PPV,5.0,33.0,7.269981870194897e-05,2022-11-07 02:30:54.657412,2022-11-07 03:01:06.187041,0 days 00:30:11.529629,3.0,1.0,1024.0,0.00010838050894487766,208.0,7.0,1.0,41.0,,,COMPLETE,,,,
44027.0,r1_08_PPV,5.0,34.0,1.5120255056899623e-06,2022-11-07 03:01:06.187597,2022-11-07 03:09:22.814996,0 days 00:08:16.627399,1.0,3.0,512.0,0.01581530082376969,86.0,9.0,0.01,11.0,,,COMPLETE,8.841989256325178e-06,2.993348289237474e-06,,
44027.0,r1_08_PPV,5.0,35.0,1.992241777770687e-05,2022-11-07 03:09:22.815530,2022-11-07 03:22:13.853125,0 days 00:12:51.037595,1.0,3.0,2048.0,0.0004687455335494953,182.0,8.0,0.01,41.0,,,COMPLETE,,,,
44027.0,r1_08_PPV,5.0,36.0,3.4735776353045367e-06,2022-11-07 03:22:13.853706,2022-11-07 03:42:21.274475,0 days 00:20:07.420769,3.0,3.0,1024.0,0.017313014251700017,706.0,7.0,1.0,4.0,,,COMPLETE,,,,
44027.0,r1_08_PPV,5.0,37.0,9.538522135699168e-06,2022-11-07 03:42:21.275007,2022-11-07 03:50:35.401500,0 days 00:08:14.126493,1.0,2.0,1024.0,0.001786433197824297,63.0,7.0,0.01,22.0,,,COMPLETE,,,,
44027.0,r1_08_PPV,5.0,38.0,2.0800828224309953e-06,2022-11-07 03:50:35.402100,2022-11-07 04:03:19.993446,0 days 00:12:44.591346,3.0,2.0,1024.0,0.009038413841364017,532.0,8.0,0.05,4.0,,,COMPLETE,,,,
44027.0,r1_08_PPV,5.0,39.0,8.512059866916388e-05,2022-11-07 04:03:19.994050,2022-11-07 04:05:23.211061,0 days 00:02:03.217011,1.0,3.0,512.0,0.0476835193321188,74.0,9.0,0.01,,,,PRUNED,8.512059866916388e-05,,,
44027.0,r1_08_PPV,5.0,40.0,3.7221916500129737e-06,2022-11-07 04:05:23.211432,2022-11-07 04:22:24.321379,0 days 00:17:01.109947,1.0,4.0,512.0,0.0008533394940659625,253.0,9.0,0.01,22.0,,,COMPLETE,,,,
44027.0,r1_08_PPV,5.0,41.0,2.3720280296402052e-05,2022-11-07 04:22:24.321965,2022-11-07 04:24:29.810577,0 days 00:02:05.488612,1.0,3.0,512.0,0.013055101672018697,102.0,9.0,0.01,,,,PRUNED,2.3720280296402052e-05,,,
44027.0,r1_08_PPV,5.0,42.0,0.00016050100384745747,2022-11-07 04:24:29.810946,2022-11-07 04:26:34.434946,0 days 00:02:04.624000,1.0,4.0,512.0,0.05654273415911633,68.0,10.0,0.01,,,,PRUNED,0.00016050100384745747,,,
44027.0,r1_08_PPV,5.0,43.0,6.168575055198744e-05,2022-11-07 04:26:34.435312,2022-11-07 04:28:41.098319,0 days 00:02:06.663007,1.0,3.0,512.0,0.015326841290442648,114.0,9.0,0.01,,,,PRUNED,6.168575055198744e-05,,,
44027.0,r1_08_PPV,5.0,44.0,1.8589826140669174e-06,2022-11-07 04:28:41.098682,2022-11-07 04:37:05.965970,0 days 00:08:24.867288,1.0,4.0,512.0,0.006065201178670962,82.0,10.0,0.01,11.0,,,COMPLETE,3.141380375382141e-06,2.6526249712333083e-06,,
44027.0,r1_08_PPV,5.0,45.0,1.424148877049447e-06,2022-11-07 04:37:05.966534,2022-11-07 04:41:04.879311,0 days 00:03:58.912777,1.0,2.0,512.0,0.01978419375895245,51.0,8.0,0.01,3.0,,,COMPLETE,1.617129896658298e-06,,,
44027.0,r1_08_PPV,5.0,46.0,0.00025111096329055727,2022-11-07 04:41:04.879855,2022-11-07 04:42:18.442476,0 days 00:01:13.562621,1.0,2.0,1024.0,0.052226239038293945,50.0,8.0,1.0,,,,PRUNED,0.00025111096329055727,,,
44027.0,r1_08_PPV,5.0,47.0,1.996920900637633e-06,2022-11-07 04:42:18.442814,2022-11-07 04:49:48.933213,0 days 00:07:30.490399,1.0,2.0,512.0,0.015946115160908776,63.0,8.0,0.2,10.0,,,COMPLETE,4.968724624632159e-06,1.996920900637633e-06,,
44027.0,r1_08_PPV,5.0,48.0,0.0001320665905950591,2022-11-07 04:49:48.933806,2022-11-07 04:53:06.673708,0 days 00:03:17.739902,3.0,4.0,2048.0,0.0016070582925422929,91.0,8.0,0.05,,,,PRUNED,0.0001320665905950591,,,
44027.0,r1_08_PPV,5.0,49.0,1.6737843907321803e-05,2022-11-07 04:53:06.674116,2022-11-07 04:58:39.072686,0 days 00:05:32.398570,2.0,1.0,2048.0,0.0057276645577029085,645.0,6.0,1.0,,,,PRUNED,1.6737843907321803e-05,,,
44027.0,r1_08_PPV,5.0,50.0,3.88026774089667e-06,2022-11-07 04:58:39.073072,2022-11-07 05:01:49.050823,0 days 00:03:09.977751,1.0,3.0,1024.0,0.0073688940431667245,59.0,9.0,0.01,5.0,,,COMPLETE,4.04348566007684e-06,,,
44027.0,r1_08_PPV,5.0,51.0,9.046962804859504e-05,2022-11-07 05:01:49.051399,2022-11-07 05:03:59.907045,0 days 00:02:10.855646,1.0,3.0,512.0,0.019621776534043203,137.0,9.0,0.01,,,,PRUNED,9.046962804859504e-05,,,
44027.0,r1_08_PPV,5.0,52.0,2.2736739992978983e-05,2022-11-07 05:03:59.907420,2022-11-07 05:06:05.428358,0 days 00:02:05.520938,1.0,4.0,512.0,0.043188022385659997,74.0,9.0,0.01,,,,PRUNED,2.2736739992978983e-05,,,
44027.0,r1_08_PPV,5.0,53.0,6.282496906351298e-05,2022-11-07 05:06:05.428744,2022-11-07 05:08:06.382436,0 days 00:02:00.953692,1.0,3.0,512.0,0.025148131942268972,50.0,8.0,0.01,,,,PRUNED,6.282496906351298e-05,,,
44027.0,r1_08_PPV,5.0,54.0,4.801465547643602e-05,2022-11-07 05:08:06.382789,2022-11-07 05:13:15.299923,0 days 00:05:08.917134,1.0,1.0,512.0,0.0010745408810851822,85.0,8.0,0.2,,,,PRUNED,4.801465547643602e-05,,,
44027.0,r1_08_PPV,5.0,55.0,0.0036358097568154335,2022-11-07 05:13:15.300304,2022-11-07 05:15:37.603835,0 days 00:02:22.303531,1.0,2.0,512.0,0.00013381054754214627,234.0,10.0,0.01,,,,PRUNED,0.0036358097568154335,,,
44027.0,r1_08_PPV,5.0,56.0,3.347410529386252e-05,2022-11-07 05:15:37.604253,2022-11-07 05:19:59.731765,0 days 00:04:22.127512,2.0,1.0,1024.0,0.001947387832593146,90.0,6.0,0.05,,,,PRUNED,3.347410529386252e-05,,,
44027.0,r1_08_PPV,5.0,57.0,4.043207081849687e-05,2022-11-07 05:19:59.732190,2022-11-07 05:21:16.002096,0 days 00:01:16.269906,1.0,4.0,1024.0,0.011238191382226738,61.0,8.0,1.0,,,,PRUNED,4.043207081849687e-05,,,
44027.0,r1_08_PPV,5.0,58.0,3.778357495320961e-05,2022-11-07 05:21:16.002449,2022-11-07 05:25:59.800241,0 days 00:04:43.797792,2.0,4.0,2048.0,0.08694091143457094,156.0,5.0,0.01,,,,PRUNED,3.778357495320961e-05,,,
44027.0,r1_08_PPV,5.0,59.0,7.887879291956779e-06,2022-11-07 05:25:59.800572,2022-11-07 05:31:12.586549,0 days 00:05:12.785977,1.0,2.0,512.0,0.003555560157769893,102.0,9.0,0.2,,,,PRUNED,1.1604999599512666e-05,7.887879291956779e-06,,
