dataset_id,dataset_name,outer_cv_split,number,value,datetime_start,datetime_complete,duration,params_n_gp_layers,params_n_gp_out,params_batch_size,params_lr,params_num_inducing,params_num_samples,params_kernel_type,user_attrs_MAX_EPOCHS,state,system_attrs_fixed_params
287.0,wine_quality,1.0,0.0,0.0208926405757665,2022-10-25 17:37:17.010591,2022-10-25 17:38:17.648878,0 days 00:01:00.638287,2.0,1.0,1024.0,0.001,200.0,10.0,rbf,72.0,COMPLETE,"{'n_gp_layers': 2, 'n_gp_out': 1, 'num_inducing': 200, 'batch_size': 1024, 'lr': 0.001, 'num_samples': 10, 'kernel_type': 'rbf'}"
287.0,wine_quality,1.0,1.0,0.0204186383634805,2022-10-25 17:38:17.649408,2022-10-25 17:39:40.947587,0 days 00:01:23.298179,1.0,1.0,256.0,0.0004425335346277,85.0,12.0,rbf,62.0,COMPLETE,
287.0,wine_quality,1.0,2.0,0.0212421109899878,2022-10-25 17:39:40.948118,2022-10-25 17:43:58.574923,0 days 00:04:17.626805,1.0,2.0,1024.0,0.000172813297535,626.0,2.0,rbf,300.0,COMPLETE,
287.0,wine_quality,1.0,3.0,0.0207482958212494,2022-10-25 17:43:58.575470,2022-10-25 17:44:12.007488,0 days 00:00:13.432018,1.0,1.0,512.0,0.0069075739833996,61.0,6.0,matern1.5,11.0,COMPLETE,
287.0,wine_quality,1.0,4.0,0.0207703532651066,2022-10-25 17:44:12.008033,2022-10-25 17:44:31.299452,0 days 00:00:19.291419,3.0,1.0,1024.0,0.007558156520638,172.0,5.0,matern0.5,14.0,COMPLETE,
287.0,wine_quality,1.0,5.0,0.0195635547861456,2022-10-25 17:44:31.300002,2022-10-25 17:44:49.066818,0 days 00:00:17.766816,1.0,1.0,1024.0,0.0087793584384371,217.0,13.0,matern0.5,23.0,COMPLETE,
287.0,wine_quality,1.0,6.0,0.0208857748657464,2022-10-25 17:44:49.067398,2022-10-25 17:49:31.118425,0 days 00:04:42.051027,3.0,4.0,256.0,0.0013589316105005,739.0,6.0,matern0.5,25.0,COMPLETE,
287.0,wine_quality,1.0,7.0,0.0213039917871356,2022-10-25 17:49:31.119027,2022-10-25 17:55:41.669220,0 days 00:06:10.550193,3.0,2.0,1024.0,0.0002078024101864,220.0,9.0,matern1.5,273.0,COMPLETE,
287.0,wine_quality,1.0,8.0,0.0206733914092183,2022-10-25 17:55:41.669767,2022-10-25 17:55:46.726482,0 days 00:00:05.056715,1.0,1.0,1024.0,0.0330500759701221,380.0,3.0,rbf,3.0,COMPLETE,
287.0,wine_quality,1.0,9.0,0.0214871177449822,2022-10-25 17:55:46.727064,2022-10-25 17:56:04.104618,0 days 00:00:17.377554,3.0,3.0,1024.0,0.0650462768343592,455.0,6.0,matern0.5,2.0,COMPLETE,
287.0,wine_quality,1.0,10.0,0.020935459062457,2022-10-25 17:56:04.105161,2022-10-25 17:56:41.746270,0 days 00:00:37.641109,5.0,2.0,512.0,0.0174426370472721,123.0,15.0,matern0.5,10.0,COMPLETE,
287.0,wine_quality,1.0,11.0,0.0155727779492735,2022-10-25 17:56:41.746870,2022-10-25 17:59:48.455903,0 days 00:03:06.709033,1.0,1.0,256.0,0.0008143372448867,73.0,13.0,rbf,147.0,COMPLETE,
287.0,wine_quality,1.0,12.0,0.0208193995058536,2022-10-25 17:59:48.456410,2022-10-25 18:00:12.786109,0 days 00:00:24.329699,2.0,1.0,256.0,0.0024446554101637,50.0,15.0,rbf,9.0,COMPLETE,
287.0,wine_quality,1.0,13.0,0.0199194233864545,2022-10-25 18:00:12.786636,2022-10-25 18:00:29.329319,0 days 00:00:16.542683,1.0,2.0,256.0,0.0041018032157811,104.0,12.0,matern0.5,7.0,COMPLETE,
287.0,wine_quality,1.0,14.0,0.0208707191050052,2022-10-25 18:00:29.329852,2022-10-25 18:03:01.288504,0 days 00:02:31.958652,2.0,3.0,256.0,0.0006607718827449,314.0,12.0,matern1.5,47.0,COMPLETE,
287.0,wine_quality,1.0,15.0,0.0200003758072853,2022-10-25 18:03:01.289037,2022-10-25 18:03:07.829925,0 days 00:00:06.540888,1.0,1.0,512.0,0.0164628244993428,142.0,13.0,rbf,3.0,COMPLETE,
287.0,wine_quality,1.0,16.0,0.0209173327311873,2022-10-25 18:03:07.830448,2022-10-25 18:04:44.544194,0 days 00:01:36.713746,5.0,3.0,256.0,0.0021294776717984,77.0,10.0,matern0.5,20.0,COMPLETE,
287.0,wine_quality,1.0,17.0,0.0207997960969805,2022-10-25 18:04:44.544723,2022-10-25 18:07:55.060211,0 days 00:03:10.515488,2.0,2.0,1024.0,0.0003297419089788,268.0,14.0,matern0.5,161.0,COMPLETE,
287.0,wine_quality,1.0,18.0,0.0151371285319328,2022-10-25 18:07:55.060764,2022-10-25 18:10:17.480192,0 days 00:02:22.419428,1.0,1.0,256.0,0.0050681721769819,905.0,11.0,rbf,40.0,COMPLETE,
287.0,wine_quality,1.0,19.0,0.1299683079123497,2022-10-25 18:10:17.480711,2022-10-25 18:17:58.567295,0 days 00:07:41.086584,4.0,2.0,256.0,0.0001110395942259,881.0,8.0,rbf,35.0,COMPLETE,
287.0,wine_quality,1.0,20.0,0.0208998760208487,2022-10-25 18:17:58.567869,2022-10-25 18:18:37.557574,0 days 00:00:38.989705,2.0,1.0,256.0,0.0042910057112827,460.0,11.0,rbf,9.0,COMPLETE,
287.0,wine_quality,1.0,21.0,0.0152321644127368,2022-10-25 18:18:37.558119,2022-10-25 18:19:39.840831,0 days 00:01:02.282712,1.0,1.0,256.0,0.0119723620132911,561.0,13.0,rbf,24.0,COMPLETE,
287.0,wine_quality,1.0,22.0,0.0211590379476547,2022-10-25 18:19:39.841362,2022-10-25 18:20:07.761166,0 days 00:00:27.919804,1.0,1.0,256.0,0.0978545624583415,937.0,14.0,rbf,3.0,COMPLETE,
287.0,wine_quality,1.0,23.0,0.0152158085256814,2022-10-25 18:20:07.761687,2022-10-25 18:21:33.891954,0 days 00:01:26.130267,1.0,4.0,256.0,0.0140798046558174,580.0,11.0,rbf,29.0,COMPLETE,
287.0,wine_quality,1.0,24.0,0.0152346990071237,2022-10-25 18:21:33.892450,2022-10-25 18:22:26.713658,0 days 00:00:52.821208,1.0,4.0,256.0,0.0182150294045154,608.0,8.0,rbf,17.0,COMPLETE,
287.0,wine_quality,1.0,25.0,0.0151824811473488,2022-10-25 18:22:26.714188,2022-10-25 18:23:28.696094,0 days 00:01:01.981906,1.0,3.0,256.0,0.030584902428693,615.0,10.0,rbf,20.0,COMPLETE,
287.0,wine_quality,1.0,26.0,0.0159514853730797,2022-10-25 18:23:28.696637,2022-10-25 18:25:05.353876,0 days 00:01:36.657239,2.0,4.0,256.0,0.0397966707004037,754.0,10.0,rbf,9.0,COMPLETE,
287.0,wine_quality,1.0,27.0,0.0209363028407096,2022-10-25 18:25:05.354405,2022-10-25 18:27:44.439626,0 days 00:02:39.085221,4.0,3.0,512.0,0.0337295404505664,989.0,9.0,matern1.5,7.0,COMPLETE,
287.0,wine_quality,1.0,28.0,0.0152674680575728,2022-10-25 18:27:44.440214,2022-10-25 18:29:17.584167,0 days 00:01:33.143953,1.0,4.0,256.0,0.0050527080076804,447.0,11.0,rbf,41.0,COMPLETE,
287.0,wine_quality,1.0,29.0,0.0152404131367802,2022-10-25 18:29:17.584692,2022-10-25 18:30:42.048282,0 days 00:01:24.463590,2.0,3.0,256.0,0.0262019155065486,343.0,11.0,rbf,25.0,COMPLETE,
287.0,wine_quality,1.0,30.0,0.0186119368299841,2022-10-25 18:30:42.048800,2022-10-25 18:35:41.848328,0 days 00:04:59.799528,4.0,4.0,256.0,0.0693326759099954,746.0,7.0,rbf,18.0,COMPLETE,
287.0,wine_quality,1.0,31.0,0.0148485293611884,2022-10-25 18:35:41.848931,2022-10-25 18:37:28.030834,0 days 00:01:46.181903,1.0,3.0,256.0,0.0124498079459001,559.0,10.0,rbf,41.0,COMPLETE,
287.0,wine_quality,1.0,32.0,0.015214963350445,2022-10-25 18:37:28.031367,2022-10-25 18:38:32.190829,0 days 00:01:04.159462,1.0,3.0,256.0,0.0109954576435066,533.0,9.0,rbf,24.0,COMPLETE,
287.0,wine_quality,1.0,33.0,0.0151926716789603,2022-10-25 18:38:32.191364,2022-10-25 18:39:46.192985,0 days 00:01:14.001621,1.0,3.0,256.0,0.0093446978317399,498.0,9.0,rbf,31.0,COMPLETE,
287.0,wine_quality,1.0,34.0,0.0155129423364996,2022-10-25 18:39:46.193524,2022-10-25 18:41:39.353130,0 days 00:01:53.159606,1.0,3.0,256.0,0.0061647306025542,712.0,10.0,rbf,34.0,COMPLETE,
287.0,wine_quality,1.0,35.0,0.0205902056768536,2022-10-25 18:41:39.353667,2022-10-25 18:42:12.674452,0 days 00:00:33.320785,1.0,2.0,512.0,0.0030630639176283,819.0,8.0,rbf,12.0,COMPLETE,
287.0,wine_quality,1.0,36.0,0.0151126189157366,2022-10-25 18:42:12.675030,2022-10-25 18:42:50.356387,0 days 00:00:37.681357,1.0,3.0,256.0,0.0250814938852609,416.0,10.0,rbf,16.0,COMPLETE,
287.0,wine_quality,1.0,37.0,0.0153160411864519,2022-10-25 18:42:50.356920,2022-10-25 18:44:23.045828,0 days 00:01:32.688908,1.0,3.0,256.0,0.0243290560712419,655.0,10.0,matern1.5,27.0,COMPLETE,
287.0,wine_quality,1.0,38.0,0.0156162241473793,2022-10-25 18:44:23.046366,2022-10-25 18:45:07.838272,0 days 00:00:44.791906,2.0,2.0,256.0,0.0552427262682285,415.0,12.0,rbf,10.0,COMPLETE,
287.0,wine_quality,1.0,39.0,0.0162227544933557,2022-10-25 18:45:07.838865,2022-10-25 18:45:36.753486,0 days 00:00:28.914621,1.0,4.0,256.0,0.0461948441925935,280.0,7.0,rbf,13.0,COMPLETE,
287.0,wine_quality,1.0,40.0,0.0185921061784029,2022-10-25 18:45:36.754070,2022-10-25 18:46:09.006398,0 days 00:00:32.252328,1.0,3.0,512.0,0.0016722671544292,175.0,4.0,matern1.5,29.0,COMPLETE,
287.0,wine_quality,1.0,41.0,0.0150421722792088,2022-10-25 18:46:09.007003,2022-10-25 18:48:06.550831,0 days 00:01:57.543828,1.0,3.0,256.0,0.0064991479019544,507.0,9.0,rbf,52.0,COMPLETE,
287.0,wine_quality,1.0,42.0,0.015097398776561,2022-10-25 18:48:06.551368,2022-10-25 18:49:34.937090,0 days 00:01:28.385722,1.0,3.0,256.0,0.0072157637369537,387.0,10.0,rbf,45.0,COMPLETE,
287.0,wine_quality,1.0,43.0,0.0149753345176577,2022-10-25 18:49:34.937642,2022-10-25 18:51:03.757766,0 days 00:01:28.820124,1.0,4.0,256.0,0.0075545152128158,368.0,9.0,rbf,47.0,COMPLETE,
287.0,wine_quality,1.0,44.0,0.0156573988497257,2022-10-25 18:51:03.758305,2022-10-25 18:51:51.485715,0 days 00:00:47.727410,1.0,4.0,1024.0,0.0073756749366999,371.0,7.0,rbf,57.0,COMPLETE,
287.0,wine_quality,1.0,45.0,0.0154015091247856,2022-10-25 18:51:51.486240,2022-10-25 18:52:42.812043,0 days 00:00:51.325803,1.0,4.0,256.0,0.0072913130785736,262.0,9.0,rbf,28.0,COMPLETE,
287.0,wine_quality,1.0,46.0,0.0152767193503677,2022-10-25 18:52:42.812562,2022-10-25 18:53:21.163874,0 days 00:00:38.351312,1.0,3.0,256.0,0.0211620599423691,320.0,9.0,rbf,19.0,COMPLETE,
287.0,wine_quality,1.0,47.0,0.0209156144410371,2022-10-25 18:53:21.164381,2022-10-25 18:55:10.472064,0 days 00:01:49.307683,3.0,4.0,256.0,0.0031413608838746,377.0,8.0,rbf,19.0,COMPLETE,
287.0,wine_quality,1.0,48.0,0.0157177308574318,2022-10-25 18:55:10.472582,2022-10-25 18:56:07.998610,0 days 00:00:57.526028,1.0,2.0,1024.0,0.0097177062504257,504.0,10.0,rbf,61.0,COMPLETE,
287.0,wine_quality,1.0,49.0,0.0156387733295559,2022-10-25 18:56:07.999177,2022-10-25 18:56:50.312270,0 days 00:00:42.313093,1.0,3.0,256.0,0.0131038996381498,411.0,6.0,matern1.5,17.0,COMPLETE,
287.0,wine_quality,1.0,50.0,0.0209305081516504,2022-10-25 18:56:50.312817,2022-10-25 19:00:48.472369,0 days 00:03:58.159552,5.0,4.0,512.0,0.0011431352916019,225.0,7.0,matern0.5,64.0,COMPLETE,
287.0,wine_quality,1.0,51.0,0.0150810219347476,2022-10-25 19:00:48.472951,2022-10-25 19:02:20.493592,0 days 00:01:32.020641,1.0,3.0,256.0,0.0052924812082184,300.0,11.0,rbf,54.0,COMPLETE,
287.0,wine_quality,1.0,52.0,0.0150524224154651,2022-10-25 19:02:20.494156,2022-10-25 19:03:42.158812,0 days 00:01:21.664656,1.0,3.0,256.0,0.0059611009892473,301.0,12.0,rbf,47.0,COMPLETE,
287.0,wine_quality,1.0,53.0,0.0157950036227703,2022-10-25 19:03:42.159354,2022-10-25 19:04:34.795178,0 days 00:00:52.635824,1.0,3.0,256.0,0.0057296894388839,294.0,12.0,rbf,29.0,COMPLETE,
287.0,wine_quality,1.0,54.0,0.0150945968925952,2022-10-25 19:04:34.795708,2022-10-25 19:06:16.173026,0 days 00:01:41.377318,1.0,4.0,256.0,0.0038309688032794,196.0,12.0,rbf,65.0,COMPLETE,
287.0,wine_quality,1.0,55.0,0.0152421770617365,2022-10-25 19:06:16.173543,2022-10-25 19:07:39.070192,0 days 00:01:22.896649,1.0,4.0,256.0,0.0039380226363415,242.0,14.0,rbf,49.0,COMPLETE,
287.0,wine_quality,1.0,56.0,0.0156685034744441,2022-10-25 19:07:39.070762,2022-10-25 19:08:51.914306,0 days 00:01:12.843544,1.0,4.0,256.0,0.0039134629572331,190.0,12.0,rbf,46.0,COMPLETE,
287.0,wine_quality,1.0,57.0,0.0190895833075046,2022-10-25 19:08:51.914856,2022-10-25 19:09:35.414259,0 days 00:00:43.499403,1.0,4.0,1024.0,0.0021644007618449,148.0,11.0,matern0.5,64.0,COMPLETE,
287.0,wine_quality,1.0,58.0,0.0208815485239028,2022-10-25 19:09:35.414839,2022-10-25 19:10:38.926038,0 days 00:01:03.511199,3.0,4.0,256.0,0.0017214650870817,207.0,13.0,rbf,15.0,COMPLETE,
287.0,wine_quality,1.0,59.0,0.0209119971841573,2022-10-25 19:10:38.926585,2022-10-25 19:11:44.809198,0 days 00:01:05.882613,3.0,3.0,256.0,0.0026906208436229,345.0,2.0,rbf,15.0,COMPLETE,
287.0,wine_quality,1.0,60.0,0.0152058801613748,2022-10-25 19:11:44.809770,2022-10-25 19:12:50.431622,0 days 00:01:05.621852,1.0,2.0,256.0,0.0048666804344584,246.0,12.0,rbf,40.0,COMPLETE,
287.0,wine_quality,1.0,61.0,0.01539256144315,2022-10-25 19:12:50.432148,2022-10-25 19:13:37.773357,0 days 00:00:47.341209,1.0,3.0,256.0,0.0078395561618912,304.0,11.0,rbf,25.0,COMPLETE,
287.0,wine_quality,1.0,62.0,0.0153315188363194,2022-10-25 19:13:37.773905,2022-10-25 19:14:17.522614,0 days 00:00:39.748709,1.0,3.0,256.0,0.0152551961764509,346.0,11.0,rbf,19.0,COMPLETE,
287.0,wine_quality,1.0,63.0,0.0148502318188548,2022-10-25 19:14:17.523244,2022-10-25 19:16:05.117942,0 days 00:01:47.594698,1.0,3.0,256.0,0.0091869806709513,462.0,10.0,rbf,50.0,COMPLETE,
287.0,wine_quality,1.0,64.0,0.0152396708726882,2022-10-25 19:16:05.118469,2022-10-25 19:17:05.625071,0 days 00:01:00.506602,1.0,4.0,256.0,0.0112661146353906,490.0,9.0,rbf,24.0,COMPLETE,
287.0,wine_quality,1.0,65.0,0.0209085876122117,2022-10-25 19:17:05.625619,2022-10-25 19:19:04.231535,0 days 00:01:58.605916,4.0,2.0,256.0,0.0058304535065728,451.0,13.0,rbf,13.0,COMPLETE,
287.0,wine_quality,1.0,66.0,0.0155369732528924,2022-10-25 19:19:04.232068,2022-10-25 19:20:05.009615,0 days 00:01:00.777547,1.0,3.0,256.0,0.0089699177390689,552.0,12.0,rbf,21.0,COMPLETE,
287.0,wine_quality,1.0,67.0,0.0198693852871656,2022-10-25 19:20:05.010177,2022-10-25 19:20:25.475691,0 days 00:00:20.465514,1.0,4.0,256.0,0.0036382108912084,147.0,10.0,matern0.5,9.0,COMPLETE,
287.0,wine_quality,1.0,68.0,0.0153298582881689,2022-10-25 19:20:25.476206,2022-10-25 19:21:40.452861,0 days 00:01:14.976655,1.0,3.0,256.0,0.004554046818031,103.0,11.0,rbf,53.0,COMPLETE,
287.0,wine_quality,1.0,69.0,0.0152162467129528,2022-10-25 19:21:40.453386,2022-10-25 19:22:50.411602,0 days 00:01:09.958216,1.0,4.0,512.0,0.0188539590444812,658.0,8.0,matern1.5,31.0,COMPLETE,
287.0,wine_quality,1.0,70.0,0.0152580379508435,2022-10-25 19:22:50.412160,2022-10-25 19:23:35.531554,0 days 00:00:45.119394,1.0,3.0,1024.0,0.0136250047630757,232.0,14.0,rbf,65.0,COMPLETE,
287.0,wine_quality,1.0,71.0,0.0147190503776073,2022-10-25 19:23:35.532103,2022-10-25 19:25:33.854892,0 days 00:01:58.322789,1.0,3.0,256.0,0.0060824488379326,329.0,10.0,rbf,68.0,COMPLETE,
287.0,wine_quality,1.0,72.0,0.0150641365908086,2022-10-25 19:25:33.855462,2022-10-25 19:26:50.249261,0 days 00:01:16.393799,1.0,3.0,256.0,0.0059804075932014,322.0,9.0,rbf,43.0,COMPLETE,
287.0,wine_quality,1.0,73.0,0.0150423366576433,2022-10-25 19:26:50.249819,2022-10-25 19:28:16.207550,0 days 00:01:25.957731,1.0,3.0,256.0,0.0061508749363476,320.0,9.0,rbf,50.0,COMPLETE,
287.0,wine_quality,1.0,74.0,0.0151182217523455,2022-10-25 19:28:16.208075,2022-10-25 19:29:13.261220,0 days 00:00:57.053145,1.0,3.0,256.0,0.0104406327587644,334.0,9.0,rbf,30.0,COMPLETE,
287.0,wine_quality,1.0,75.0,0.0152760678902268,2022-10-25 19:29:13.261788,2022-10-25 19:30:23.276661,0 days 00:01:10.014873,1.0,2.0,256.0,0.0081360956902654,271.0,8.0,rbf,39.0,COMPLETE,
287.0,wine_quality,1.0,76.0,0.0147849372588098,2022-10-25 19:30:23.277193,2022-10-25 19:32:32.933379,0 days 00:02:09.656186,1.0,3.0,256.0,0.0063627501117959,430.0,9.0,rbf,65.0,COMPLETE,
287.0,wine_quality,1.0,77.0,0.0153791736811399,2022-10-25 19:32:32.933949,2022-10-25 19:33:43.909604,0 days 00:01:10.975655,1.0,3.0,256.0,0.0063939571957664,466.0,9.0,rbf,31.0,COMPLETE,
287.0,wine_quality,1.0,78.0,0.0153797580860555,2022-10-25 19:33:43.910153,2022-10-25 19:34:35.071114,0 days 00:00:51.160961,1.0,3.0,256.0,0.0120272293526012,384.0,10.0,rbf,25.0,COMPLETE,
287.0,wine_quality,1.0,79.0,0.0151399308815598,2022-10-25 19:34:35.071662,2022-10-25 19:35:59.917140,0 days 00:01:24.845478,1.0,3.0,256.0,0.0094507517907182,520.0,8.0,rbf,34.0,COMPLETE,
287.0,wine_quality,1.0,80.0,0.0209388621151447,2022-10-25 19:35:59.917693,2022-10-25 19:37:27.146720,0 days 00:01:27.229027,5.0,3.0,256.0,0.0069513937855978,417.0,10.0,rbf,6.0,COMPLETE,
287.0,wine_quality,1.0,81.0,0.0150650045834481,2022-10-25 19:37:27.147316,2022-10-25 19:39:27.385770,0 days 00:02:00.238454,1.0,3.0,256.0,0.0060248486605163,366.0,9.0,rbf,66.0,COMPLETE,
287.0,wine_quality,1.0,82.0,0.0153804859146475,2022-10-25 19:39:27.386325,2022-10-25 19:42:04.266840,0 days 00:02:36.880515,1.0,3.0,256.0,0.0032671392509024,423.0,9.0,rbf,80.0,COMPLETE,
287.0,wine_quality,1.0,83.0,0.0148665076121687,2022-10-25 19:42:04.267407,2022-10-25 19:43:34.641143,0 days 00:01:30.373736,1.0,3.0,256.0,0.0084629192999463,328.0,8.0,rbf,48.0,COMPLETE,
287.0,wine_quality,1.0,84.0,0.0150357061065733,2022-10-25 19:43:34.641704,2022-10-25 19:45:24.678268,0 days 00:01:50.036564,1.0,3.0,256.0,0.0084826473775359,584.0,8.0,rbf,42.0,COMPLETE,
287.0,wine_quality,1.0,85.0,0.0153338126838207,2022-10-25 19:45:24.678866,2022-10-25 19:46:51.772593,0 days 00:01:27.093727,1.0,3.0,256.0,0.008356251219228,558.0,7.0,matern1.5,32.0,COMPLETE,
287.0,wine_quality,1.0,86.0,0.0150918224826455,2022-10-25 19:46:51.773149,2022-10-25 19:47:48.808958,0 days 00:00:57.035809,1.0,3.0,512.0,0.0158115777901069,599.0,8.0,rbf,32.0,COMPLETE,
287.0,wine_quality,1.0,87.0,0.0147500722669065,2022-10-25 19:47:48.809509,2022-10-25 19:50:04.796997,0 days 00:02:15.987488,1.0,2.0,256.0,0.0107604684627591,684.0,7.0,matern0.5,46.0,COMPLETE,
287.0,wine_quality,1.0,88.0,0.0151255638338625,2022-10-25 19:50:04.797544,2022-10-25 19:51:19.092034,0 days 00:01:14.294490,1.0,2.0,256.0,0.0200949598247509,671.0,7.0,matern0.5,23.0,COMPLETE,
287.0,wine_quality,1.0,89.0,0.0209330832585692,2022-10-25 19:51:19.092578,2022-10-25 19:52:15.045079,0 days 00:00:55.952501,2.0,4.0,256.0,0.0109496589839288,829.0,6.0,matern0.5,3.0,COMPLETE,
287.0,wine_quality,1.0,90.0,0.0200406983494758,2022-10-25 19:52:15.045618,2022-10-25 19:52:31.483575,0 days 00:00:16.437957,1.0,2.0,1024.0,0.0141222840495191,702.0,5.0,matern0.5,10.0,COMPLETE,
287.0,wine_quality,1.0,91.0,0.0204251389950513,2022-10-25 19:52:31.484138,2022-10-25 19:52:48.144982,0 days 00:00:16.660844,1.0,3.0,256.0,0.0086757025147951,480.0,8.0,matern0.5,3.0,COMPLETE,
287.0,wine_quality,1.0,92.0,0.0148368445225059,2022-10-25 19:52:48.145528,2022-10-25 19:56:19.290173,0 days 00:03:31.144645,1.0,3.0,256.0,0.0047897188928169,627.0,8.0,matern0.5,77.0,COMPLETE,
287.0,wine_quality,1.0,93.0,0.0150637426413595,2022-10-25 19:56:19.290729,2022-10-25 19:57:58.027853,0 days 00:01:38.737124,1.0,3.0,256.0,0.0124505892935019,610.0,8.0,matern0.5,34.0,COMPLETE,
287.0,wine_quality,1.0,94.0,0.0204073442146182,2022-10-25 19:57:58.028411,2022-10-25 19:58:39.928060,0 days 00:00:41.899649,1.0,3.0,256.0,0.0044190544581442,767.0,7.0,matern0.5,9.0,COMPLETE,
287.0,wine_quality,1.0,95.0,0.0192121043801307,2022-10-25 19:58:39.928632,2022-10-25 19:59:05.476866,0 days 00:00:25.548234,1.0,3.0,256.0,0.0070587362195439,525.0,10.0,matern0.5,6.0,COMPLETE,
287.0,wine_quality,1.0,96.0,0.0148880439810454,2022-10-25 19:59:05.477399,2022-10-25 20:00:43.370280,0 days 00:01:37.892881,1.0,3.0,256.0,0.0103262766083689,576.0,6.0,matern0.5,39.0,COMPLETE,
287.0,wine_quality,1.0,97.0,0.0148187661543488,2022-10-25 20:00:43.370849,2022-10-25 20:02:14.921561,0 days 00:01:31.550712,1.0,4.0,256.0,0.0173863353688192,583.0,6.0,matern0.5,32.0,COMPLETE,
287.0,wine_quality,1.0,98.0,0.0155200446024537,2022-10-25 20:02:14.922171,2022-10-25 20:03:23.031365,0 days 00:01:08.109194,1.0,4.0,256.0,0.0296656308328801,633.0,5.0,matern0.5,22.0,COMPLETE,
287.0,wine_quality,1.0,99.0,0.0152247622609138,2022-10-25 20:03:23.031931,2022-10-25 20:04:38.065684,0 days 00:01:15.033753,1.0,4.0,256.0,0.0162287443470066,438.0,6.0,matern0.5,32.0,COMPLETE,
287.0,wine_quality,2.0,0.0,0.0209236461669206,2022-10-25 20:06:31.666274,2022-10-25 20:07:27.888758,0 days 00:00:56.222484,2.0,1.0,1024.0,0.001,200.0,10.0,rbf,64.0,COMPLETE,"{'n_gp_layers': 2, 'n_gp_out': 1, 'num_inducing': 200, 'batch_size': 1024, 'lr': 0.001, 'num_samples': 10, 'kernel_type': 'rbf'}"
287.0,wine_quality,2.0,1.0,0.0212864903733134,2022-10-25 20:07:27.889288,2022-10-25 20:07:47.229155,0 days 00:00:19.339867,2.0,1.0,512.0,0.0237495483951784,66.0,8.0,matern0.5,11.0,COMPLETE,
287.0,wine_quality,2.0,2.0,0.0217130696401,2022-10-25 20:07:47.229701,2022-10-25 20:07:51.632970,0 days 00:00:04.403269,1.0,1.0,1024.0,0.0600539840600932,425.0,3.0,matern0.5,1.0,COMPLETE,
287.0,wine_quality,2.0,3.0,0.0607824940234422,2022-10-25 20:07:51.633510,2022-10-25 20:12:22.700473,0 days 00:04:31.066963,3.0,2.0,1024.0,0.0001198175172828,71.0,9.0,rbf,300.0,COMPLETE,
287.0,wine_quality,2.0,4.0,0.0207648761570453,2022-10-25 20:12:22.700992,2022-10-25 20:15:56.693657,0 days 00:03:33.992665,1.0,1.0,256.0,0.0001347299531251,213.0,11.0,matern0.5,143.0,COMPLETE,
287.0,wine_quality,2.0,5.0,0.0153711172752082,2022-10-25 20:15:56.694200,2022-10-25 20:21:33.408136,0 days 00:05:36.713936,1.0,1.0,512.0,0.0019878265943516,976.0,13.0,matern1.5,133.0,COMPLETE,
287.0,wine_quality,2.0,6.0,0.0209603598341345,2022-10-25 20:21:33.408668,2022-10-25 20:23:48.078992,0 days 00:02:14.670324,1.0,1.0,256.0,0.0004750249480761,627.0,13.0,matern0.5,50.0,COMPLETE,
287.0,wine_quality,2.0,7.0,0.0212638052180409,2022-10-25 20:23:48.079531,2022-10-25 20:24:39.643082,0 days 00:00:51.563551,3.0,2.0,256.0,0.001314956407165,166.0,5.0,rbf,15.0,COMPLETE,
287.0,wine_quality,2.0,8.0,0.021265409886837,2022-10-25 20:24:39.643591,2022-10-25 20:25:48.612199,0 days 00:01:08.968608,3.0,3.0,256.0,0.0033462886704351,254.0,14.0,matern1.5,14.0,COMPLETE,
287.0,wine_quality,2.0,9.0,0.0217897910624742,2022-10-25 20:25:48.612728,2022-10-25 20:31:45.766316,0 days 00:05:57.153588,2.0,2.0,512.0,0.0001159781102645,153.0,2.0,rbf,300.0,COMPLETE,
287.0,wine_quality,2.0,10.0,0.0200920663774013,2022-10-25 20:31:45.766888,2022-10-25 20:32:17.599586,0 days 00:00:31.832698,1.0,4.0,512.0,0.0077458146843395,879.0,15.0,matern1.5,6.0,COMPLETE,
287.0,wine_quality,2.0,11.0,0.0210936851799488,2022-10-25 20:32:17.600127,2022-10-25 20:32:50.351714,0 days 00:00:32.751587,1.0,4.0,512.0,0.0082919760862167,978.0,15.0,matern1.5,5.0,COMPLETE,
287.0,wine_quality,2.0,12.0,,2022-10-25 20:32:50.352234,2022-10-25 20:32:52.539887,0 days 00:00:02.187653,5.0,4.0,512.0,0.0082918098936301,955.0,13.0,matern1.5,,FAIL,
287.0,wine_quality,3.0,0.0,0.0213296795263886,2022-10-25 20:39:11.181234,2022-10-25 20:40:19.076419,0 days 00:01:07.895185,2.0,1.0,1024.0,0.001,200.0,10.0,rbf,83.0,COMPLETE,"{'n_gp_layers': 2, 'n_gp_out': 1, 'num_inducing': 200, 'batch_size': 1024, 'lr': 0.001, 'num_samples': 10, 'kernel_type': 'rbf'}"
287.0,wine_quality,3.0,1.0,0.0214036023244261,2022-10-25 20:40:19.076935,2022-10-25 20:40:47.909703,0 days 00:00:28.832768,3.0,1.0,1024.0,0.0124648245282464,639.0,10.0,matern1.5,7.0,COMPLETE,
287.0,wine_quality,3.0,2.0,0.0209236545488238,2022-10-25 20:40:47.910288,2022-10-25 20:40:58.321497,0 days 00:00:10.411209,2.0,4.0,1024.0,0.0680268450644231,71.0,2.0,rbf,9.0,COMPLETE,
287.0,wine_quality,3.0,3.0,0.0213768929243087,2022-10-25 20:40:58.322037,2022-10-25 20:42:15.048351,0 days 00:01:16.726314,3.0,4.0,256.0,0.0030014197763143,119.0,13.0,matern1.5,21.0,COMPLETE,
287.0,wine_quality,3.0,4.0,0.0212576054036617,2022-10-25 20:42:15.048894,2022-10-25 20:48:20.066018,0 days 00:06:05.017124,2.0,4.0,512.0,0.0003009533996099,277.0,6.0,matern1.5,198.0,COMPLETE,
287.0,wine_quality,3.0,5.0,0.0212954580783844,2022-10-25 20:48:20.066580,2022-10-25 20:49:50.573717,0 days 00:01:30.507137,3.0,1.0,256.0,0.0015344286869896,466.0,14.0,matern1.5,16.0,COMPLETE,
287.0,wine_quality,3.0,6.0,0.0214541545137763,2022-10-25 20:49:50.574263,2022-10-25 20:52:47.783415,0 days 00:02:57.209152,5.0,1.0,1024.0,0.0005301126114787,130.0,15.0,matern0.5,115.0,COMPLETE,
287.0,wine_quality,3.0,7.0,0.0211979653686285,2022-10-25 20:52:47.783930,2022-10-25 20:54:02.099598,0 days 00:01:14.315668,1.0,1.0,1024.0,0.0006997698646805,164.0,6.0,rbf,129.0,COMPLETE,
287.0,wine_quality,3.0,8.0,0.0208692550659179,2022-10-25 20:54:02.100132,2022-10-25 20:58:32.360885,0 days 00:04:30.260753,1.0,2.0,256.0,0.0001174049886987,397.0,13.0,rbf,147.0,COMPLETE,
287.0,wine_quality,3.0,9.0,0.0213756822049617,2022-10-25 20:58:32.361419,2022-10-25 21:00:26.499770,0 days 00:01:54.138351,5.0,3.0,256.0,0.0034211352655175,247.0,15.0,matern1.5,15.0,COMPLETE,
287.0,wine_quality,3.0,10.0,0.0217626560479402,2022-10-25 21:00:26.500305,2022-10-25 21:07:58.422275,0 days 00:07:31.921970,1.0,2.0,512.0,0.0001229434219639,931.0,12.0,matern0.5,171.0,COMPLETE,
287.0,wine_quality,3.0,11.0,0.0169025352224707,2022-10-25 21:07:58.422810,2022-10-25 21:08:18.354702,0 days 00:00:19.931892,1.0,2.0,256.0,0.0890882309865999,53.0,3.0,rbf,11.0,COMPLETE,
287.0,wine_quality,3.0,12.0,0.0160511350259184,2022-10-25 21:08:18.355220,2022-10-25 21:08:51.931766,0 days 00:00:33.576546,1.0,2.0,256.0,0.0703535775624367,54.0,3.0,rbf,22.0,COMPLETE,
287.0,wine_quality,3.0,13.0,0.0168174309656023,2022-10-25 21:08:51.932283,2022-10-25 21:09:07.165437,0 days 00:00:15.233154,1.0,2.0,256.0,0.0712515874084866,72.0,3.0,rbf,7.0,COMPLETE,
287.0,wine_quality,3.0,14.0,0.0153753627091646,2022-10-25 21:09:07.165985,2022-10-25 21:09:56.265594,0 days 00:00:49.099609,1.0,2.0,256.0,0.0252050648495228,85.0,5.0,rbf,33.0,COMPLETE,
287.0,wine_quality,3.0,15.0,0.0159057946875691,2022-10-25 21:09:56.266184,2022-10-25 21:10:25.406519,0 days 00:00:29.140335,1.0,3.0,256.0,0.0219575823740734,97.0,6.0,rbf,17.0,COMPLETE,
287.0,wine_quality,3.0,16.0,0.0155172031372785,2022-10-25 21:10:25.407101,2022-10-25 21:11:29.946061,0 days 00:01:04.538960,2.0,3.0,256.0,0.0193864651243345,100.0,6.0,rbf,29.0,COMPLETE,
287.0,wine_quality,3.0,17.0,0.0213491870090365,2022-10-25 21:11:29.946590,2022-10-25 21:11:48.055476,0 days 00:00:18.108886,2.0,3.0,512.0,0.0209152417214898,95.0,8.0,matern0.5,9.0,COMPLETE,
287.0,wine_quality,3.0,18.0,0.0213909177109599,2022-10-25 21:11:48.055993,2022-10-25 21:12:46.567110,0 days 00:00:58.511117,4.0,3.0,256.0,0.008228859982179,155.0,5.0,rbf,13.0,COMPLETE,
287.0,wine_quality,3.0,19.0,0.0214233389124274,2022-10-25 21:12:46.567631,2022-10-25 21:13:03.819168,0 days 00:00:17.251537,3.0,3.0,256.0,0.0225779363232712,85.0,8.0,rbf,2.0,COMPLETE,
287.0,wine_quality,3.0,20.0,0.0213960874825716,2022-10-25 21:13:03.819692,2022-10-25 21:13:30.059777,0 days 00:00:26.240085,2.0,2.0,512.0,0.0089942231258427,119.0,5.0,matern0.5,16.0,COMPLETE,
287.0,wine_quality,3.0,21.0,0.0159014239907264,2022-10-25 21:13:30.060296,2022-10-25 21:13:55.192963,0 days 00:00:25.132667,1.0,3.0,256.0,0.0281430654581556,92.0,7.0,rbf,14.0,COMPLETE,
287.0,wine_quality,3.0,22.0,0.0159613480791449,2022-10-25 21:13:55.193508,2022-10-25 21:14:30.629703,0 days 00:00:35.436195,2.0,3.0,256.0,0.0305798874261069,70.0,7.0,rbf,14.0,COMPLETE,
287.0,wine_quality,3.0,23.0,0.0154612786136567,2022-10-25 21:14:30.630249,2022-10-25 21:15:10.945517,0 days 00:00:40.315268,1.0,3.0,256.0,0.0368022404632225,184.0,10.0,rbf,24.0,COMPLETE,
287.0,wine_quality,3.0,24.0,0.0213631773367524,2022-10-25 21:15:10.946068,2022-10-25 21:15:33.266654,0 days 00:00:22.320586,2.0,4.0,256.0,0.0056106173002148,198.0,10.0,rbf,5.0,COMPLETE,
287.0,wine_quality,3.0,25.0,0.0214603003114461,2022-10-25 21:15:33.267233,2022-10-25 21:16:10.532872,0 days 00:00:37.265639,4.0,2.0,256.0,0.0363916800624766,322.0,9.0,rbf,4.0,COMPLETE,
287.0,wine_quality,3.0,26.0,0.0213792407885193,2022-10-25 21:16:10.533399,2022-10-25 21:16:49.823493,0 days 00:00:39.290094,4.0,4.0,256.0,0.0142317170884736,150.0,4.0,rbf,7.0,COMPLETE,
287.0,wine_quality,3.0,27.0,0.0213657198473811,2022-10-25 21:16:49.824013,2022-10-25 21:17:39.195484,0 days 00:00:49.371471,3.0,3.0,256.0,0.0052844079213806,197.0,11.0,rbf,12.0,COMPLETE,
287.0,wine_quality,3.0,28.0,0.015708421356976,2022-10-25 21:17:39.196066,2022-10-25 21:18:18.058210,0 days 00:00:38.862144,1.0,2.0,256.0,0.0476162966565965,114.0,9.0,rbf,25.0,COMPLETE,
287.0,wine_quality,3.0,29.0,0.0213593374937772,2022-10-25 21:18:18.058756,2022-10-25 21:18:30.092788,0 days 00:00:12.034032,2.0,4.0,512.0,0.0417493065991974,182.0,7.0,matern0.5,3.0,COMPLETE,
287.0,wine_quality,3.0,30.0,0.0211611548438668,2022-10-25 21:18:30.093321,2022-10-25 21:18:43.684527,0 days 00:00:13.591206,2.0,3.0,1024.0,0.0107696583864536,64.0,5.0,rbf,14.0,COMPLETE,
287.0,wine_quality,3.0,31.0,0.0158084696158766,2022-10-25 21:18:43.685074,2022-10-25 21:19:08.211400,0 days 00:00:24.526326,1.0,2.0,256.0,0.0501062151354553,112.0,9.0,rbf,14.0,COMPLETE,
287.0,wine_quality,3.0,32.0,0.0152849233709275,2022-10-25 21:19:08.211925,2022-10-25 21:19:50.849048,0 days 00:00:42.637123,1.0,2.0,256.0,0.0163692611136107,142.0,11.0,rbf,27.0,COMPLETE,
287.0,wine_quality,3.0,33.0,0.0153523958288133,2022-10-25 21:19:50.849583,2022-10-25 21:20:22.010945,0 days 00:00:31.161362,1.0,3.0,256.0,0.0155226035122853,142.0,11.0,rbf,18.0,COMPLETE,
287.0,wine_quality,3.0,34.0,0.0154181960970163,2022-10-25 21:20:22.011457,2022-10-25 21:21:07.025731,0 days 00:00:45.014274,1.0,2.0,256.0,0.0135550003927516,144.0,11.0,rbf,29.0,COMPLETE,
287.0,wine_quality,3.0,35.0,0.0164982816204428,2022-10-25 21:21:07.026268,2022-10-25 21:21:35.573797,0 days 00:00:28.547529,1.0,2.0,1024.0,0.0149349327415035,139.0,11.0,matern1.5,41.0,COMPLETE,
287.0,wine_quality,3.0,36.0,0.0154438372701406,2022-10-25 21:21:35.574330,2022-10-25 21:22:39.170164,0 days 00:01:03.595834,1.0,2.0,256.0,0.0060789915563755,225.0,12.0,rbf,39.0,COMPLETE,
287.0,wine_quality,3.0,37.0,0.0154906958341598,2022-10-25 21:22:39.170696,2022-10-25 21:25:19.807840,0 days 00:02:40.637144,1.0,1.0,256.0,0.0019354139691136,263.0,11.0,matern1.5,99.0,COMPLETE,
287.0,wine_quality,3.0,38.0,0.0164025193080306,2022-10-25 21:25:19.808365,2022-10-25 21:26:40.128825,0 days 00:01:20.320460,1.0,4.0,1024.0,0.004055422091577,327.0,13.0,rbf,98.0,COMPLETE,
287.0,wine_quality,3.0,39.0,0.0154182803817093,2022-10-25 21:26:40.129341,2022-10-25 21:27:22.321063,0 days 00:00:42.191722,1.0,2.0,256.0,0.0138955437608475,81.0,12.0,rbf,28.0,COMPLETE,
287.0,wine_quality,3.0,40.0,0.0213394975289702,2022-10-25 21:27:22.321594,2022-10-25 21:28:28.162283,0 days 00:01:05.840689,3.0,2.0,512.0,0.0020548533610952,133.0,14.0,matern1.5,32.0,COMPLETE,
287.0,wine_quality,3.0,41.0,0.0153439836576581,2022-10-25 21:28:28.162862,2022-10-25 21:29:21.262376,0 days 00:00:53.099514,1.0,2.0,256.0,0.0153558556347342,80.0,12.0,rbf,37.0,COMPLETE,
287.0,wine_quality,3.0,42.0,0.0152673446573317,2022-10-25 21:29:21.262938,2022-10-25 21:30:06.168130,0 days 00:00:44.905192,1.0,2.0,256.0,0.0095963206949296,63.0,11.0,rbf,31.0,COMPLETE,
287.0,wine_quality,3.0,43.0,0.0158667908981442,2022-10-25 21:30:06.168656,2022-10-25 21:30:45.031834,0 days 00:00:38.863178,1.0,2.0,256.0,0.0074641212117679,62.0,13.0,rbf,26.0,COMPLETE,
287.0,wine_quality,3.0,44.0,0.0156627874821424,2022-10-25 21:30:45.032356,2022-10-25 21:31:29.796919,0 days 00:00:44.764563,1.0,2.0,256.0,0.0108086260714908,50.0,12.0,rbf,31.0,COMPLETE,
287.0,wine_quality,3.0,45.0,0.0212915418669581,2022-10-25 21:31:29.797431,2022-10-25 21:31:44.564277,0 days 00:00:14.766846,1.0,1.0,256.0,0.0041488894504026,78.0,14.0,rbf,7.0,COMPLETE,
287.0,wine_quality,3.0,46.0,0.0215160455554723,2022-10-25 21:31:44.564778,2022-10-25 21:32:15.436161,0 days 00:00:30.871383,5.0,4.0,256.0,0.0178147276547446,62.0,10.0,matern0.5,3.0,COMPLETE,
287.0,wine_quality,3.0,47.0,0.0214439770206809,2022-10-25 21:32:15.436725,2022-10-25 21:32:23.215984,0 days 00:00:07.779259,1.0,2.0,1024.0,0.027844351120121,108.0,11.0,rbf,9.0,COMPLETE,
287.0,wine_quality,3.0,48.0,0.0161920478567481,2022-10-25 21:32:23.216517,2022-10-25 21:32:56.091959,0 days 00:00:32.875442,1.0,3.0,256.0,0.0574595568866106,630.0,2.0,rbf,11.0,COMPLETE,
287.0,wine_quality,3.0,49.0,0.0184318870306015,2022-10-25 21:32:56.092506,2022-10-25 21:33:08.748235,0 days 00:00:12.655729,1.0,2.0,256.0,0.0990158468029024,87.0,10.0,matern1.5,4.0,COMPLETE,
287.0,wine_quality,3.0,50.0,0.0212401617318391,2022-10-25 21:33:08.748782,2022-10-25 21:35:12.695690,0 days 00:02:03.946908,1.0,3.0,256.0,0.0002773295486834,70.0,13.0,rbf,90.0,COMPLETE,
287.0,wine_quality,3.0,51.0,0.015410064253956,2022-10-25 21:35:12.696226,2022-10-25 21:36:02.192720,0 days 00:00:49.496494,1.0,2.0,256.0,0.0117513897595918,168.0,12.0,rbf,31.0,COMPLETE,
287.0,wine_quality,3.0,52.0,0.0154137094505131,2022-10-25 21:36:02.193241,2022-10-25 21:37:00.571507,0 days 00:00:58.378266,1.0,2.0,256.0,0.0090023917509717,161.0,12.0,rbf,38.0,COMPLETE,
287.0,wine_quality,3.0,53.0,0.0155826122500002,2022-10-25 21:37:00.572034,2022-10-25 21:37:33.836786,0 days 00:00:33.264752,1.0,2.0,256.0,0.0250732027401922,231.0,12.0,rbf,18.0,COMPLETE,
287.0,wine_quality,3.0,54.0,0.0157935433089733,2022-10-25 21:37:33.837330,2022-10-25 21:38:06.451750,0 days 00:00:32.614420,1.0,2.0,256.0,0.0186479148516347,55.0,14.0,rbf,21.0,COMPLETE,
287.0,wine_quality,3.0,55.0,0.0157156018540263,2022-10-25 21:38:06.452266,2022-10-25 21:38:53.514989,0 days 00:00:47.062723,1.0,3.0,512.0,0.0072570190702791,124.0,15.0,rbf,49.0,COMPLETE,
287.0,wine_quality,3.0,56.0,0.0211964640766382,2022-10-25 21:38:53.515511,2022-10-25 21:39:05.159210,0 days 00:00:11.643699,1.0,2.0,256.0,0.0100467422342386,169.0,11.0,matern0.5,3.0,COMPLETE,
287.0,wine_quality,3.0,57.0,0.0153197334147989,2022-10-25 21:39:05.159727,2022-10-25 21:39:57.846002,0 days 00:00:52.686275,1.0,2.0,256.0,0.0176208941924537,96.0,8.0,rbf,35.0,COMPLETE,
287.0,wine_quality,3.0,58.0,0.0153622031211853,2022-10-25 21:39:57.846572,2022-10-25 21:40:42.025696,0 days 00:00:44.179124,1.0,3.0,256.0,0.0168016394971493,97.0,8.0,rbf,28.0,COMPLETE,
287.0,wine_quality,3.0,59.0,0.0153815913945436,2022-10-25 21:40:42.026254,2022-10-25 21:41:28.083417,0 days 00:00:46.057163,1.0,4.0,256.0,0.0171383070821286,104.0,8.0,rbf,29.0,COMPLETE,
287.0,wine_quality,3.0,60.0,0.0152322058565914,2022-10-25 21:41:28.083937,2022-10-25 21:43:40.455423,0 days 00:02:12.371486,1.0,3.0,256.0,0.0027687016365952,75.0,8.0,rbf,95.0,COMPLETE,
287.0,wine_quality,3.0,61.0,0.0153988497331738,2022-10-25 21:43:40.455951,2022-10-25 21:45:18.680630,0 days 00:01:38.224679,1.0,3.0,256.0,0.0026114761085636,76.0,8.0,rbf,69.0,COMPLETE,
287.0,wine_quality,3.0,62.0,0.0161020569503307,2022-10-25 21:45:18.681175,2022-10-25 21:47:31.430675,0 days 00:02:12.749500,1.0,3.0,256.0,0.0011342284916082,93.0,9.0,rbf,98.0,COMPLETE,
287.0,wine_quality,3.0,63.0,0.015626027714461,2022-10-25 21:47:31.431293,2022-10-25 21:48:10.402259,0 days 00:00:38.970966,1.0,3.0,256.0,0.0340924994434728,57.0,7.0,rbf,26.0,COMPLETE,
287.0,wine_quality,3.0,64.0,0.0160920796915888,2022-10-25 21:48:10.402823,2022-10-25 21:49:04.125244,0 days 00:00:53.722421,1.0,4.0,256.0,0.0034278236649907,67.0,8.0,rbf,36.0,COMPLETE,
287.0,wine_quality,3.0,65.0,0.0155732105486094,2022-10-25 21:49:04.125773,2022-10-25 21:50:04.668176,0 days 00:01:00.542403,1.0,3.0,256.0,0.0067726210213261,87.0,9.0,rbf,42.0,COMPLETE,
287.0,wine_quality,3.0,66.0,0.0154679492115974,2022-10-25 21:50:04.668734,2022-10-25 21:51:21.169782,0 days 00:01:16.501048,1.0,4.0,256.0,0.0046602324929059,74.0,10.0,rbf,54.0,COMPLETE,
287.0,wine_quality,3.0,67.0,0.0213699024170637,2022-10-25 21:51:21.170335,2022-10-25 21:51:45.716500,0 days 00:00:24.546165,4.0,3.0,512.0,0.0219648731716249,101.0,6.0,matern0.5,7.0,COMPLETE,
287.0,wine_quality,3.0,68.0,0.0211387993767857,2022-10-25 21:51:45.717039,2022-10-25 21:52:20.200497,0 days 00:00:34.483458,1.0,3.0,1024.0,0.0012283944626257,118.0,10.0,rbf,57.0,COMPLETE,
287.0,wine_quality,3.0,69.0,0.0154014993458986,2022-10-25 21:52:20.201043,2022-10-25 21:52:55.134488,0 days 00:00:34.933445,1.0,3.0,256.0,0.0162039136241172,60.0,7.0,rbf,23.0,COMPLETE,
287.0,wine_quality,3.0,70.0,0.0159243196249008,2022-10-25 21:52:55.135094,2022-10-25 21:53:41.265716,0 days 00:00:46.130622,1.0,4.0,256.0,0.0088378597115324,81.0,9.0,matern1.5,27.0,COMPLETE,
287.0,wine_quality,3.0,71.0,0.0155579671263694,2022-10-25 21:53:41.266267,2022-10-25 21:54:10.778037,0 days 00:00:29.511770,1.0,2.0,256.0,0.0249416157393997,93.0,8.0,rbf,17.0,COMPLETE,
287.0,wine_quality,3.0,72.0,0.0153413186781108,2022-10-25 21:54:10.778563,2022-10-25 21:54:45.701047,0 days 00:00:34.922484,1.0,2.0,256.0,0.0130643396828536,67.0,4.0,rbf,22.0,COMPLETE,
287.0,wine_quality,3.0,73.0,0.0158335613086819,2022-10-25 21:54:45.701596,2022-10-25 21:55:15.659499,0 days 00:00:29.957903,1.0,2.0,256.0,0.0123804277519595,76.0,4.0,rbf,18.0,COMPLETE,
287.0,wine_quality,3.0,74.0,0.0152753894217312,2022-10-25 21:55:15.660019,2022-10-25 21:56:07.878861,0 days 00:00:52.218842,1.0,3.0,256.0,0.0201826047607303,69.0,11.0,rbf,36.0,COMPLETE,
287.0,wine_quality,3.0,75.0,0.0155867543071508,2022-10-25 21:56:07.879433,2022-10-25 21:57:50.197887,0 days 00:01:42.318454,1.0,2.0,256.0,0.0024456712089837,70.0,11.0,rbf,76.0,COMPLETE,
287.0,wine_quality,3.0,76.0,0.0214020414277911,2022-10-25 21:57:50.198419,2022-10-25 21:58:14.544625,0 days 00:00:24.346206,5.0,3.0,256.0,0.020593469718323,58.0,11.0,rbf,2.0,COMPLETE,
287.0,wine_quality,3.0,77.0,0.0153451217338442,2022-10-25 21:58:14.545153,2022-10-25 21:58:58.206862,0 days 00:00:43.661709,1.0,2.0,256.0,0.011598450426813,50.0,13.0,rbf,30.0,COMPLETE,
287.0,wine_quality,3.0,78.0,0.0153948818333446,2022-10-25 21:58:58.207419,2022-10-25 22:00:12.000814,0 days 00:01:13.793395,1.0,2.0,256.0,0.0059736264718946,64.0,13.0,rbf,54.0,COMPLETE,
287.0,wine_quality,3.0,79.0,0.016983762383461,2022-10-25 22:00:12.001360,2022-10-25 22:00:31.240687,0 days 00:00:19.239327,1.0,2.0,1024.0,0.0311698868310109,67.0,13.0,rbf,31.0,COMPLETE,
287.0,wine_quality,3.0,80.0,0.0158075601793825,2022-10-25 22:00:31.241221,2022-10-25 22:01:04.887520,0 days 00:00:33.646299,1.0,2.0,512.0,0.0415070705583897,54.0,2.0,rbf,38.0,COMPLETE,
287.0,wine_quality,3.0,81.0,0.0152308316901326,2022-10-25 22:01:04.888062,2022-10-25 22:01:57.400042,0 days 00:00:52.511980,1.0,2.0,256.0,0.0135564404341233,51.0,12.0,rbf,37.0,COMPLETE,
287.0,wine_quality,3.0,82.0,0.0154883302748203,2022-10-25 22:01:57.400575,2022-10-25 22:02:46.103690,0 days 00:00:48.703115,1.0,2.0,256.0,0.0122127916201495,50.0,12.0,rbf,34.0,COMPLETE,
287.0,wine_quality,3.0,83.0,0.0158319007605314,2022-10-25 22:02:46.104234,2022-10-25 22:03:21.539127,0 days 00:00:35.434893,1.0,2.0,256.0,0.0097798198213915,50.0,4.0,rbf,23.0,COMPLETE,
287.0,wine_quality,3.0,84.0,0.0156792011111974,2022-10-25 22:03:21.539679,2022-10-25 22:03:57.885785,0 days 00:00:36.346106,1.0,2.0,256.0,0.014046795285002,57.0,13.0,rbf,24.0,COMPLETE,
287.0,wine_quality,3.0,85.0,0.015480644069612,2022-10-25 22:03:57.886343,2022-10-25 22:04:37.092422,0 days 00:00:39.206079,1.0,2.0,256.0,0.0195828108655436,65.0,14.0,rbf,26.0,COMPLETE,
287.0,wine_quality,3.0,86.0,0.0212935553863644,2022-10-25 22:04:37.092942,2022-10-25 22:04:57.657717,0 days 00:00:20.564775,1.0,2.0,256.0,0.0049021656095998,83.0,12.0,matern0.5,10.0,COMPLETE,
287.0,wine_quality,3.0,87.0,0.0154544552788138,2022-10-25 22:04:57.658264,2022-10-25 22:05:43.553607,0 days 00:00:45.895343,1.0,2.0,256.0,0.0118881356971788,60.0,10.0,matern1.5,28.0,COMPLETE,
287.0,wine_quality,3.0,88.0,0.0162479532882571,2022-10-25 22:05:43.554155,2022-10-25 22:13:15.986285,0 days 00:07:32.432130,1.0,2.0,256.0,0.0006542075498632,987.0,12.0,rbf,112.0,COMPLETE,
287.0,wine_quality,3.0,89.0,0.0155606688931584,2022-10-25 22:13:15.986847,2022-10-25 22:13:48.937881,0 days 00:00:32.951034,1.0,2.0,256.0,0.0241148120609006,73.0,13.0,rbf,21.0,COMPLETE,
287.0,wine_quality,3.0,90.0,0.0152586009353399,2022-10-25 22:13:48.938449,2022-10-25 22:14:49.035752,0 days 00:01:00.097303,1.0,2.0,256.0,0.0078588072289586,52.0,11.0,rbf,43.0,COMPLETE,
287.0,wine_quality,3.0,91.0,0.015417527873069,2022-10-25 22:14:49.036310,2022-10-25 22:15:48.088743,0 days 00:00:59.052433,1.0,2.0,256.0,0.0070685073013307,53.0,11.0,rbf,42.0,COMPLETE,
287.0,wine_quality,3.0,92.0,0.0156880081631243,2022-10-25 22:15:48.089304,2022-10-25 22:16:27.936844,0 days 00:00:39.847540,1.0,2.0,256.0,0.0082037475586195,53.0,11.0,rbf,27.0,COMPLETE,
287.0,wine_quality,3.0,93.0,0.015509630087763,2022-10-25 22:16:27.937384,2022-10-25 22:17:02.910267,0 days 00:00:34.972883,1.0,2.0,256.0,0.0105793458288604,61.0,10.0,rbf,23.0,COMPLETE,
287.0,wine_quality,3.0,94.0,0.0153906783089041,2022-10-25 22:17:02.910834,2022-10-25 22:17:44.575627,0 days 00:00:41.664793,1.0,2.0,256.0,0.0135191377762287,66.0,12.0,rbf,28.0,COMPLETE,
287.0,wine_quality,3.0,95.0,0.021429126150906,2022-10-25 22:17:44.576158,2022-10-25 22:18:27.083734,0 days 00:00:42.507576,3.0,2.0,256.0,0.0156584345389309,72.0,6.0,rbf,13.0,COMPLETE,
287.0,wine_quality,3.0,96.0,0.0152348414994776,2022-10-25 22:18:27.084301,2022-10-25 22:20:38.739623,0 days 00:02:11.655322,1.0,2.0,256.0,0.0034500486209334,80.0,11.0,rbf,99.0,COMPLETE,
287.0,wine_quality,3.0,97.0,0.01569510018453,2022-10-25 22:20:38.740153,2022-10-25 22:22:14.241059,0 days 00:01:35.500906,1.0,2.0,256.0,0.0031359709259868,78.0,11.0,rbf,70.0,COMPLETE,
287.0,wine_quality,3.0,98.0,0.0209103999659419,2022-10-25 22:22:14.241624,2022-10-25 22:22:30.850023,0 days 00:00:16.608399,1.0,1.0,1024.0,0.0036475022133201,90.0,10.0,rbf,27.0,COMPLETE,
287.0,wine_quality,3.0,99.0,0.0157857695594429,2022-10-25 22:22:30.850578,2022-10-25 22:23:53.764645,0 days 00:01:22.914067,1.0,2.0,256.0,0.0020836406136085,82.0,11.0,rbf,60.0,COMPLETE,
287.0,wine_quality,4.0,0.0,0.0208468800410628,2022-10-25 22:25:12.235846,2022-10-25 22:26:23.888354,0 days 00:01:11.652508,2.0,1.0,1024.0,0.001,200.0,10.0,rbf,86.0,COMPLETE,"{'n_gp_layers': 2, 'n_gp_out': 1, 'num_inducing': 200, 'batch_size': 1024, 'lr': 0.001, 'num_samples': 10, 'kernel_type': 'rbf'}"
287.0,wine_quality,4.0,1.0,0.0208035260438919,2022-10-25 22:26:23.888903,2022-10-25 22:30:29.639068,0 days 00:04:05.750165,1.0,1.0,256.0,0.0001570711224839,391.0,9.0,matern1.5,136.0,COMPLETE,
287.0,wine_quality,4.0,2.0,0.0217221118509769,2022-10-25 22:30:29.639593,2022-10-25 22:30:45.222254,0 days 00:00:15.582661,2.0,1.0,1024.0,0.0546877781549964,80.0,10.0,matern0.5,16.0,COMPLETE,
287.0,wine_quality,4.0,3.0,0.0210414854809641,2022-10-25 22:30:45.222836,2022-10-25 22:31:39.937095,0 days 00:00:54.714259,2.0,1.0,512.0,0.0010285552438784,102.0,5.0,matern0.5,41.0,COMPLETE,
287.0,wine_quality,4.0,4.0,0.0226687798276543,2022-10-25 22:31:39.937643,2022-10-25 22:37:35.391628,0 days 00:05:55.453985,4.0,1.0,1024.0,0.0001757807607147,109.0,9.0,matern1.5,300.0,COMPLETE,
287.0,wine_quality,4.0,5.0,0.0150455078110098,2022-10-25 22:37:35.392179,2022-10-25 22:38:18.502437,0 days 00:00:43.110258,1.0,1.0,256.0,0.0258937799598786,50.0,12.0,matern0.5,28.0,COMPLETE,
287.0,wine_quality,4.0,6.0,0.0211275164037942,2022-10-25 22:38:18.503005,2022-10-25 22:42:20.320555,0 days 00:04:01.817550,2.0,2.0,1024.0,0.00024969164539,93.0,9.0,matern0.5,300.0,COMPLETE,
287.0,wine_quality,4.0,7.0,0.032240635715425,2022-10-25 22:42:20.321081,2022-10-25 22:49:51.867103,0 days 00:07:31.546022,2.0,2.0,1024.0,0.000242139016243,693.0,15.0,matern0.5,155.0,COMPLETE,
287.0,wine_quality,4.0,8.0,0.0154026937671005,2022-10-25 22:49:51.867664,2022-10-25 22:51:46.763478,0 days 00:01:54.895814,1.0,1.0,256.0,0.0014785812172454,312.0,2.0,rbf,77.0,COMPLETE,
287.0,wine_quality,4.0,9.0,0.0696825794875621,2022-10-25 22:51:46.763992,2022-10-25 22:59:16.918912,0 days 00:07:30.154920,5.0,1.0,1024.0,0.0001082626747951,165.0,11.0,matern1.5,285.0,COMPLETE,
287.0,wine_quality,4.0,10.0,0.0155523042194545,2022-10-25 22:59:16.919446,2022-10-25 22:59:48.424476,0 days 00:00:31.505030,1.0,4.0,256.0,0.0334347839027162,62.0,14.0,matern0.5,18.0,COMPLETE,
287.0,wine_quality,4.0,11.0,0.0149017870426177,2022-10-25 22:59:48.425009,2022-10-25 23:00:54.937858,0 days 00:01:06.512849,1.0,2.0,256.0,0.0101562788115077,377.0,2.0,rbf,37.0,COMPLETE,
287.0,wine_quality,4.0,12.0,0.0150106335058808,2022-10-25 23:00:54.938383,2022-10-25 23:02:29.541112,0 days 00:01:34.602729,1.0,2.0,256.0,0.0126029263342698,958.0,5.0,rbf,26.0,COMPLETE,
287.0,wine_quality,4.0,13.0,0.0210787700489163,2022-10-25 23:02:29.541649,2022-10-25 23:04:30.618435,0 days 00:02:01.076786,3.0,3.0,256.0,0.0097854071662612,897.0,5.0,rbf,8.0,COMPLETE,
287.0,wine_quality,4.0,14.0,0.0153121761977672,2022-10-25 23:04:30.619001,2022-10-25 23:05:31.048675,0 days 00:01:00.429674,1.0,2.0,512.0,0.0075455096097633,602.0,2.0,rbf,43.0,COMPLETE,
287.0,wine_quality,4.0,15.0,0.0209007626399397,2022-10-25 23:05:31.049208,2022-10-25 23:06:05.734530,0 days 00:00:34.685322,3.0,3.0,256.0,0.0079960504643563,399.0,5.0,rbf,4.0,COMPLETE,
287.0,wine_quality,4.0,16.0,0.0159544716589152,2022-10-25 23:06:05.735089,2022-10-25 23:07:41.164471,0 days 00:01:35.429382,1.0,3.0,256.0,0.096642737513889,988.0,7.0,rbf,21.0,COMPLETE,
287.0,wine_quality,4.0,17.0,0.0210818089544773,2022-10-25 23:07:41.165027,2022-10-25 23:08:33.143882,0 days 00:00:51.978855,3.0,2.0,256.0,0.003618411751304,565.0,4.0,rbf,6.0,COMPLETE,
287.0,wine_quality,4.0,18.0,0.0165625363588333,2022-10-25 23:08:33.144411,2022-10-25 23:08:49.684892,0 days 00:00:16.540481,1.0,4.0,512.0,0.0179465370376314,287.0,7.0,rbf,11.0,COMPLETE,
287.0,wine_quality,4.0,19.0,0.0150066027417778,2022-10-25 23:08:49.685433,2022-10-25 23:10:29.916000,0 days 00:01:40.230567,1.0,2.0,256.0,0.0032962184836969,162.0,3.0,rbf,69.0,COMPLETE,
287.0,wine_quality,4.0,20.0,0.021072388626635,2022-10-25 23:10:29.916510,2022-10-25 23:11:19.078179,0 days 00:00:49.161669,3.0,3.0,256.0,0.0034933944731949,157.0,3.0,rbf,14.0,COMPLETE,
287.0,wine_quality,4.0,21.0,0.0147993373684585,2022-10-25 23:11:19.078760,2022-10-25 23:12:20.573796,0 days 00:01:01.495036,1.0,2.0,256.0,0.0138414558027433,239.0,3.0,rbf,38.0,COMPLETE,
287.0,wine_quality,4.0,22.0,0.0152427251450717,2022-10-25 23:12:20.574365,2022-10-25 23:14:52.697142,0 days 00:02:32.122777,1.0,2.0,256.0,0.0021264214116874,241.0,3.0,rbf,101.0,COMPLETE,
287.0,wine_quality,4.0,23.0,0.0149427917785942,2022-10-25 23:14:52.697677,2022-10-25 23:16:31.272578,0 days 00:01:38.574901,1.0,3.0,256.0,0.0049939033234742,134.0,7.0,rbf,66.0,COMPLETE,
287.0,wine_quality,4.0,24.0,0.0148571580648422,2022-10-25 23:16:31.273109,2022-10-25 23:18:15.769079,0 days 00:01:44.495970,1.0,3.0,256.0,0.0050355339532989,126.0,7.0,rbf,72.0,COMPLETE,
287.0,wine_quality,4.0,25.0,0.0210563354194164,2022-10-25 23:18:15.769612,2022-10-25 23:19:03.298980,0 days 00:00:47.529368,2.0,4.0,512.0,0.0177445824256326,411.0,6.0,matern1.5,15.0,COMPLETE,
287.0,wine_quality,4.0,26.0,0.021110825240612,2022-10-25 23:19:03.299503,2022-10-25 23:22:03.385521,0 days 00:03:00.086018,4.0,3.0,256.0,0.0005939975171712,225.0,2.0,rbf,45.0,COMPLETE,
287.0,wine_quality,4.0,27.0,0.0149628035724163,2022-10-25 23:22:03.386084,2022-10-25 23:23:45.539000,0 days 00:01:42.152916,1.0,4.0,256.0,0.0053421558021369,325.0,4.0,rbf,56.0,COMPLETE,
287.0,wine_quality,4.0,28.0,0.021149281412363,2022-10-25 23:23:45.539541,2022-10-25 23:24:11.306823,0 days 00:00:25.767282,5.0,3.0,256.0,0.0397255174213876,125.0,4.0,rbf,2.0,COMPLETE,
287.0,wine_quality,4.0,29.0,0.0210836129263043,2022-10-25 23:24:11.307400,2022-10-25 23:24:21.737383,0 days 00:00:10.429983,2.0,2.0,512.0,0.0172070833459304,185.0,8.0,rbf,3.0,COMPLETE,
287.0,wine_quality,4.0,30.0,0.0211028419435024,2022-10-25 23:24:21.737941,2022-10-25 23:26:36.964352,0 days 00:02:15.226411,4.0,3.0,256.0,0.0017657140732072,238.0,6.0,matern1.5,28.0,COMPLETE,
287.0,wine_quality,4.0,31.0,0.0153619875200092,2022-10-25 23:26:36.964910,2022-10-25 23:27:34.485149,0 days 00:00:57.520239,1.0,3.0,256.0,0.0056253505392242,133.0,7.0,rbf,36.0,COMPLETE,
287.0,wine_quality,4.0,32.0,0.0149568016640841,2022-10-25 23:27:34.485690,2022-10-25 23:28:44.335304,0 days 00:01:09.849614,1.0,3.0,256.0,0.0058408834237178,78.0,8.0,rbf,48.0,COMPLETE,
287.0,wine_quality,4.0,33.0,0.0148749286308884,2022-10-25 23:28:44.335848,2022-10-25 23:30:04.932830,0 days 00:01:20.596982,1.0,4.0,256.0,0.0128544279984732,471.0,10.0,rbf,34.0,COMPLETE,
287.0,wine_quality,4.0,34.0,0.0157707063481211,2022-10-25 23:30:04.933353,2022-10-25 23:30:45.431922,0 days 00:00:40.498569,1.0,4.0,256.0,0.054673496260694,477.0,11.0,rbf,14.0,COMPLETE,
287.0,wine_quality,4.0,35.0,0.0151702752336859,2022-10-25 23:30:45.432474,2022-10-25 23:31:36.667834,0 days 00:00:51.235360,1.0,4.0,256.0,0.0128641419846701,278.0,10.0,rbf,28.0,COMPLETE,
287.0,wine_quality,4.0,36.0,0.0210362365469336,2022-10-25 23:31:36.668353,2022-10-25 23:32:16.296893,0 days 00:00:39.628540,2.0,4.0,1024.0,0.0273911654685245,486.0,13.0,matern1.5,8.0,COMPLETE,
287.0,wine_quality,4.0,37.0,0.0149030373431742,2022-10-25 23:32:16.297420,2022-10-25 23:33:08.365444,0 days 00:00:52.068024,1.0,2.0,256.0,0.0113451891840631,350.0,11.0,rbf,27.0,COMPLETE,
287.0,wine_quality,4.0,38.0,0.0149435913190245,2022-10-25 23:33:08.366015,2022-10-25 23:38:20.513567,0 days 00:05:12.147552,2.0,4.0,256.0,0.0181284253047308,726.0,9.0,matern0.5,42.0,COMPLETE,
287.0,wine_quality,4.0,39.0,0.0210552234202623,2022-10-25 23:38:20.514225,2022-10-25 23:39:42.628917,0 days 00:01:22.114692,2.0,2.0,1024.0,0.0007041611690265,207.0,12.0,rbf,85.0,COMPLETE,
287.0,wine_quality,4.0,40.0,0.020068877376616,2022-10-25 23:39:42.629458,2022-10-25 23:40:04.007132,0 days 00:00:21.377674,1.0,3.0,512.0,0.0026634671619082,451.0,3.0,matern0.5,13.0,COMPLETE,
287.0,wine_quality,4.0,41.0,0.015107792802155,2022-10-25 23:40:04.007673,2022-10-25 23:41:03.595749,0 days 00:00:59.588076,1.0,2.0,256.0,0.0110875293034686,341.0,11.0,rbf,32.0,COMPLETE,
287.0,wine_quality,4.0,42.0,0.0151954321190714,2022-10-25 23:41:03.596275,2022-10-25 23:42:07.167248,0 days 00:01:03.570973,1.0,2.0,256.0,0.0081426223523058,343.0,12.0,rbf,34.0,COMPLETE,
287.0,wine_quality,4.0,43.0,0.0150687689892947,2022-10-25 23:42:07.167762,2022-10-25 23:42:51.771170,0 days 00:00:44.603408,1.0,2.0,256.0,0.0219376609296317,259.0,10.0,rbf,25.0,COMPLETE,
287.0,wine_quality,4.0,44.0,0.014971571508795,2022-10-25 23:42:51.771718,2022-10-25 23:43:42.861822,0 days 00:00:51.090104,1.0,4.0,256.0,0.014287561225654,369.0,10.0,rbf,24.0,COMPLETE,
287.0,wine_quality,4.0,45.0,0.0211475575342774,2022-10-25 23:43:42.862390,2022-10-25 23:46:01.449835,0 days 00:02:18.587445,4.0,2.0,256.0,0.0093262235633372,566.0,13.0,matern1.5,11.0,COMPLETE,
287.0,wine_quality,4.0,46.0,0.0162117956206202,2022-10-25 23:46:01.450384,2022-10-25 23:46:26.597272,0 days 00:00:25.146888,1.0,1.0,1024.0,0.0296057286825207,190.0,11.0,rbf,39.0,COMPLETE,
287.0,wine_quality,4.0,47.0,0.0150133701972663,2022-10-25 23:46:26.597854,2022-10-25 23:47:27.321980,0 days 00:01:00.724126,1.0,3.0,256.0,0.0071676270453507,89.0,2.0,matern0.5,39.0,COMPLETE,
287.0,wine_quality,4.0,48.0,0.0155336637981235,2022-10-25 23:47:27.322514,2022-10-25 23:48:17.223115,0 days 00:00:49.900601,1.0,2.0,256.0,0.0470199053145765,692.0,9.0,rbf,14.0,COMPLETE,
287.0,wine_quality,4.0,49.0,0.0150787681341171,2022-10-25 23:48:17.223666,2022-10-25 23:49:45.400824,0 days 00:01:28.177158,1.0,2.0,256.0,0.0040883145519123,306.0,12.0,rbf,52.0,COMPLETE,
287.0,wine_quality,4.0,50.0,0.0153473066166043,2022-10-25 23:49:45.401364,2022-10-25 23:51:45.003639,0 days 00:01:59.602275,2.0,3.0,256.0,0.0230963259838102,517.0,15.0,rbf,21.0,COMPLETE,
287.0,wine_quality,4.0,51.0,0.0148896039463579,2022-10-25 23:51:45.004173,2022-10-25 23:53:15.666237,0 days 00:01:30.662064,1.0,3.0,256.0,0.0047248062239299,111.0,6.0,rbf,63.0,COMPLETE,
287.0,wine_quality,4.0,52.0,0.0149983307346701,2022-10-25 23:53:15.666790,2022-10-25 23:54:13.958108,0 days 00:00:58.291318,1.0,4.0,256.0,0.0113853503499719,66.0,5.0,rbf,40.0,COMPLETE,
287.0,wine_quality,4.0,53.0,0.014990571886301,2022-10-25 23:54:13.958638,2022-10-25 23:55:38.620888,0 days 00:01:24.662250,1.0,3.0,256.0,0.0067103877101924,426.0,6.0,rbf,41.0,COMPLETE,
287.0,wine_quality,4.0,54.0,0.0150435264222323,2022-10-25 23:55:38.621444,2022-10-25 23:57:20.721116,0 days 00:01:42.099672,1.0,4.0,256.0,0.0042538325609213,106.0,4.0,rbf,72.0,COMPLETE,
287.0,wine_quality,4.0,55.0,0.0151438349857926,2022-10-25 23:57:20.721644,2022-10-25 23:59:45.620289,0 days 00:02:24.898645,1.0,2.0,256.0,0.0026340562228397,365.0,8.0,rbf,80.0,COMPLETE,
287.0,wine_quality,4.0,56.0,0.0206597195938229,2022-10-25 23:59:45.620839,2022-10-26 00:00:38.318384,0 days 00:00:52.697545,1.0,3.0,1024.0,0.0012024800090812,88.0,10.0,rbf,92.0,COMPLETE,
287.0,wine_quality,4.0,57.0,0.0170180546119809,2022-10-26 00:00:38.318948,2022-10-26 00:00:56.650277,0 days 00:00:18.331329,1.0,2.0,512.0,0.0872471668631822,116.0,3.0,matern0.5,16.0,COMPLETE,
287.0,wine_quality,4.0,58.0,0.0147055275738239,2022-10-26 00:00:56.650849,2022-10-26 00:02:24.092374,0 days 00:01:27.441525,1.0,4.0,256.0,0.0092939869529907,156.0,2.0,rbf,58.0,COMPLETE,
287.0,wine_quality,4.0,59.0,0.0147345578297972,2022-10-26 00:02:24.092916,2022-10-26 00:03:59.444023,0 days 00:01:35.351107,1.0,4.0,256.0,0.008761942515204,152.0,2.0,matern1.5,59.0,COMPLETE,
287.0,wine_quality,4.0,60.0,0.0151104005053639,2022-10-26 00:03:59.444554,2022-10-26 00:05:37.748102,0 days 00:01:38.303548,1.0,4.0,256.0,0.0046193967924449,139.0,2.0,matern1.5,61.0,COMPLETE,
287.0,wine_quality,4.0,61.0,0.0148636233061552,2022-10-26 00:05:37.748650,2022-10-26 00:07:06.774535,0 days 00:01:29.025885,1.0,4.0,256.0,0.0086249553109092,155.0,2.0,matern1.5,55.0,COMPLETE,
287.0,wine_quality,4.0,62.0,0.0151802925392985,2022-10-26 00:07:06.775142,2022-10-26 00:08:07.386101,0 days 00:01:00.610959,1.0,4.0,256.0,0.0087858483174941,149.0,2.0,matern1.5,36.0,COMPLETE,
287.0,wine_quality,4.0,63.0,0.0149380355142056,2022-10-26 00:08:07.386646,2022-10-26 00:08:53.235389,0 days 00:00:45.848743,1.0,4.0,256.0,0.0147233984212202,179.0,3.0,matern1.5,25.0,COMPLETE,
287.0,wine_quality,4.0,64.0,0.0148060689680278,2022-10-26 00:08:53.235917,2022-10-26 00:10:12.005547,0 days 00:01:18.769630,1.0,4.0,256.0,0.0066111853006217,117.0,4.0,matern1.5,49.0,COMPLETE,
287.0,wine_quality,4.0,65.0,0.0143518070690333,2022-10-26 00:10:12.006103,2022-10-26 00:12:51.171399,0 days 00:02:39.165296,1.0,4.0,256.0,0.0064916099791321,169.0,4.0,matern1.5,99.0,COMPLETE,
287.0,wine_quality,4.0,66.0,0.0211061416193842,2022-10-26 00:12:51.171933,2022-10-26 00:13:26.683237,0 days 00:00:35.511304,3.0,4.0,256.0,0.0063237235809298,168.0,4.0,matern1.5,7.0,COMPLETE,
287.0,wine_quality,4.0,67.0,0.0151744107715785,2022-10-26 00:13:26.683792,2022-10-26 00:15:05.931220,0 days 00:01:39.247428,1.0,4.0,256.0,0.0028210459652424,122.0,2.0,matern1.5,64.0,COMPLETE,
287.0,wine_quality,4.0,68.0,0.0209333458915352,2022-10-26 00:15:05.931774,2022-10-26 00:15:16.677973,0 days 00:00:10.746199,1.0,4.0,512.0,0.0078736302794171,98.0,3.0,matern1.5,7.0,COMPLETE,
287.0,wine_quality,4.0,69.0,0.0211260197684168,2022-10-26 00:15:16.678507,2022-10-26 00:16:13.318883,0 days 00:00:56.640376,5.0,4.0,256.0,0.009961052540024,212.0,3.0,matern1.5,7.0,COMPLETE,
287.0,wine_quality,4.0,70.0,0.014899075962603,2022-10-26 00:16:13.319429,2022-10-26 00:17:36.182698,0 days 00:01:22.863269,1.0,4.0,256.0,0.0058498413728299,148.0,4.0,matern1.5,50.0,COMPLETE,
287.0,wine_quality,4.0,71.0,0.0148811740800738,2022-10-26 00:17:36.183274,2022-10-26 00:18:23.046095,0 days 00:00:46.862821,1.0,4.0,256.0,0.0142238249120619,178.0,2.0,matern1.5,26.0,COMPLETE,
287.0,wine_quality,4.0,72.0,0.0147008476778864,2022-10-26 00:18:23.046651,2022-10-26 00:20:00.981703,0 days 00:01:37.935052,1.0,4.0,256.0,0.0090375759212723,142.0,4.0,matern1.5,60.0,COMPLETE,
287.0,wine_quality,4.0,73.0,0.0208030957728624,2022-10-26 00:20:00.982245,2022-10-26 00:20:17.341975,0 days 00:00:16.359730,1.0,4.0,256.0,0.0039132611012705,129.0,4.0,matern1.5,6.0,COMPLETE,
287.0,wine_quality,4.0,74.0,0.0147556420415639,2022-10-26 00:20:17.342510,2022-10-26 00:21:55.832748,0 days 00:01:38.490238,1.0,4.0,256.0,0.0074116090873983,144.0,5.0,matern1.5,61.0,COMPLETE,
287.0,wine_quality,4.0,75.0,0.0147972609847784,2022-10-26 00:21:55.833291,2022-10-26 00:23:17.959956,0 days 00:01:22.126665,1.0,3.0,256.0,0.0070515411343623,143.0,5.0,matern1.5,50.0,COMPLETE,
287.0,wine_quality,4.0,76.0,0.0150779401883482,2022-10-26 00:23:17.960491,2022-10-26 00:24:28.929531,0 days 00:01:10.969040,1.0,4.0,256.0,0.0067300263402645,141.0,5.0,matern1.5,42.0,COMPLETE,
287.0,wine_quality,4.0,77.0,0.0167419463396072,2022-10-26 00:24:28.930070,2022-10-26 00:24:51.391522,0 days 00:00:22.461452,1.0,3.0,1024.0,0.0198112063234336,197.0,5.0,matern1.5,29.0,COMPLETE,
287.0,wine_quality,4.0,78.0,0.014900307636708,2022-10-26 00:24:51.392067,2022-10-26 00:25:45.498132,0 days 00:00:54.106065,1.0,4.0,256.0,0.0165575261108582,169.0,5.0,matern1.5,30.0,COMPLETE,
287.0,wine_quality,4.0,79.0,0.0152147146873176,2022-10-26 00:25:45.498715,2022-10-26 00:26:35.763320,0 days 00:00:50.264605,1.0,4.0,256.0,0.010798215541576,224.0,3.0,matern1.5,27.0,COMPLETE,
287.0,wine_quality,4.0,80.0,0.0148538062348961,2022-10-26 00:26:35.763867,2022-10-26 00:28:54.304545,0 days 00:02:18.540678,1.0,3.0,256.0,0.0053861419886166,120.0,4.0,matern1.5,91.0,COMPLETE,
287.0,wine_quality,4.0,81.0,0.0150531763210892,2022-10-26 00:28:54.305102,2022-10-26 00:30:33.195308,0 days 00:01:38.890206,1.0,3.0,256.0,0.0032981462434568,118.0,4.0,matern1.5,63.0,COMPLETE,
287.0,wine_quality,4.0,82.0,0.0147501011379063,2022-10-26 00:30:33.195853,2022-10-26 00:32:02.813280,0 days 00:01:29.617427,1.0,4.0,256.0,0.0071368348584977,102.0,3.0,matern1.5,58.0,COMPLETE,
287.0,wine_quality,4.0,83.0,0.0207827696576714,2022-10-26 00:32:02.813844,2022-10-26 00:32:28.106609,0 days 00:00:25.292765,1.0,4.0,256.0,0.0021341402570991,96.0,3.0,matern1.5,13.0,COMPLETE,
287.0,wine_quality,4.0,84.0,0.015089513733983,2022-10-26 00:32:28.107219,2022-10-26 00:33:39.344113,0 days 00:01:11.236894,1.0,4.0,256.0,0.0079689049118713,144.0,5.0,matern1.5,43.0,COMPLETE,
287.0,wine_quality,4.0,85.0,0.0147743141278624,2022-10-26 00:33:39.344648,2022-10-26 00:35:04.857334,0 days 00:01:25.512686,1.0,4.0,256.0,0.0096182999365564,162.0,3.0,matern1.5,52.0,COMPLETE,
287.0,wine_quality,4.0,86.0,0.015027925837785,2022-10-26 00:35:04.857925,2022-10-26 00:35:55.627346,0 days 00:00:50.769421,1.0,4.0,512.0,0.012498146071112,159.0,3.0,matern1.5,49.0,COMPLETE,
287.0,wine_quality,4.0,87.0,0.0211037555709481,2022-10-26 00:35:55.627911,2022-10-26 00:37:15.749897,0 days 00:01:20.121986,4.0,4.0,256.0,0.0098463847244434,258.0,3.0,matern1.5,14.0,COMPLETE,
287.0,wine_quality,4.0,88.0,0.0149713233113288,2022-10-26 00:37:15.750484,2022-10-26 00:38:23.065684,0 days 00:01:07.315200,1.0,4.0,256.0,0.0150788137440459,194.0,2.0,matern1.5,39.0,COMPLETE,
287.0,wine_quality,4.0,89.0,0.0149442343972623,2022-10-26 00:38:23.066298,2022-10-26 00:39:21.993145,0 days 00:00:58.926847,1.0,3.0,256.0,0.0123252345651356,79.0,4.0,matern1.5,37.0,COMPLETE,
287.0,wine_quality,4.0,90.0,0.0150750093162059,2022-10-26 00:39:21.993710,2022-10-26 00:39:56.359353,0 days 00:00:34.365643,1.0,4.0,256.0,0.0238515649579306,169.0,2.0,matern1.5,18.0,COMPLETE,
287.0,wine_quality,4.0,91.0,0.0149920959956943,2022-10-26 00:39:56.359917,2022-10-26 00:41:12.369883,0 days 00:01:16.009966,1.0,4.0,256.0,0.0061880777196486,132.0,4.0,matern1.5,46.0,COMPLETE,
287.0,wine_quality,4.0,92.0,0.0147630465216934,2022-10-26 00:41:12.370428,2022-10-26 00:42:28.829166,0 days 00:01:16.458738,1.0,4.0,256.0,0.0071268681344109,107.0,3.0,matern1.5,48.0,COMPLETE,
287.0,wine_quality,4.0,93.0,0.020137034356594,2022-10-26 00:42:28.829727,2022-10-26 00:42:41.806369,0 days 00:00:12.976642,1.0,4.0,256.0,0.0073899521836033,105.0,3.0,matern1.5,4.0,COMPLETE,
287.0,wine_quality,4.0,94.0,0.0151084852404892,2022-10-26 00:42:41.806954,2022-10-26 00:43:38.764845,0 days 00:00:56.957891,1.0,4.0,256.0,0.010070027719272,209.0,6.0,matern1.5,30.0,COMPLETE,
287.0,wine_quality,4.0,95.0,0.0200722506269812,2022-10-26 00:43:38.765407,2022-10-26 00:43:57.561153,0 days 00:00:18.795746,1.0,4.0,1024.0,0.0049423956344669,152.0,3.0,matern1.5,25.0,COMPLETE,
287.0,wine_quality,4.0,96.0,0.0199130699038505,2022-10-26 00:43:57.561752,2022-10-26 00:44:09.092330,0 days 00:00:11.530578,1.0,4.0,256.0,0.0083936168039407,136.0,2.0,matern0.5,3.0,COMPLETE,
287.0,wine_quality,4.0,97.0,0.0210858723148703,2022-10-26 00:44:09.092873,2022-10-26 00:44:43.637576,0 days 00:00:34.544703,3.0,3.0,256.0,0.0200991358316382,84.0,5.0,matern1.5,8.0,COMPLETE,
287.0,wine_quality,4.0,98.0,0.0206466931849718,2022-10-26 00:44:43.638120,2022-10-26 00:46:48.340759,0 days 00:02:04.702639,1.0,4.0,256.0,0.0003252831528683,181.0,3.0,matern1.5,77.0,COMPLETE,
287.0,wine_quality,4.0,99.0,0.0153362080454826,2022-10-26 00:46:48.341307,2022-10-26 00:47:21.850260,0 days 00:00:33.508953,1.0,3.0,256.0,0.0090677373585419,74.0,4.0,matern1.5,19.0,COMPLETE,
287.0,wine_quality,5.0,0.0,0.02119823545217514,2022-10-26 00:48:35.082134,2022-10-26 00:49:46.964709,0 days 00:01:11.882575,2.0,1.0,1024.0,0.001,200.0,10.0,rbf,86.0,COMPLETE,"{'n_gp_layers': 2, 'n_gp_out': 1, 'num_inducing': 200, 'batch_size': 1024, 'lr': 0.001, 'num_samples': 10, 'kernel_type': 'rbf'}"
287.0,wine_quality,5.0,1.0,0.021252429112792015,2022-10-26 00:49:46.965239,2022-10-26 00:49:54.356844,0 days 00:00:07.391605,3.0,1.0,1024.0,0.03306640290541486,58.0,9.0,matern0.5,3.0,COMPLETE,
287.0,wine_quality,5.0,2.0,0.020748632960021496,2022-10-26 00:49:54.357365,2022-10-26 00:50:56.043620,0 days 00:01:01.686255,1.0,1.0,1024.0,0.0010394365881101276,113.0,12.0,matern1.5,98.0,COMPLETE,
287.0,wine_quality,5.0,3.0,0.015644030179828405,2022-10-26 00:50:56.044129,2022-10-26 00:51:17.684141,0 days 00:00:21.640012,1.0,1.0,256.0,0.03184603304016874,111.0,4.0,rbf,12.0,COMPLETE,
287.0,wine_quality,5.0,4.0,0.02093259897083044,2022-10-26 00:51:17.684662,2022-10-26 00:52:57.223019,0 days 00:01:39.538357,1.0,1.0,256.0,0.00027198752330136476,137.0,8.0,matern0.5,65.0,COMPLETE,
287.0,wine_quality,5.0,5.0,0.021418475545942783,2022-10-26 00:52:57.223550,2022-10-26 00:54:17.233603,0 days 00:01:20.010053,1.0,1.0,1024.0,0.0005146026333666292,69.0,12.0,matern1.5,135.0,COMPLETE,
287.0,wine_quality,5.0,6.0,0.015865962952375412,2022-10-26 00:54:17.234122,2022-10-26 00:55:00.250918,0 days 00:00:43.016796,1.0,1.0,512.0,0.005649124444922929,84.0,8.0,rbf,48.0,COMPLETE,
287.0,wine_quality,5.0,7.0,0.015580376610159874,2022-10-26 00:55:00.251470,2022-10-26 00:55:35.683898,0 days 00:00:35.432428,1.0,1.0,256.0,0.042319924439395355,189.0,5.0,matern1.5,19.0,COMPLETE,
287.0,wine_quality,5.0,8.0,0.021368058398365974,2022-10-26 00:55:35.684424,2022-10-26 00:56:03.850492,0 days 00:00:28.166068,5.0,1.0,1024.0,0.029591049925708088,103.0,3.0,matern1.5,16.0,COMPLETE,
287.0,wine_quality,5.0,9.0,0.01570806559175253,2022-10-26 00:56:03.851116,2022-10-26 00:57:45.363352,0 days 00:01:41.512236,1.0,1.0,1024.0,0.0062316478574140416,563.0,2.0,matern0.5,125.0,COMPLETE,
287.0,wine_quality,5.0,10.0,0.015852351672947407,2022-10-26 00:57:45.363883,2022-10-26 01:00:07.567397,0 days 00:02:22.203514,2.0,3.0,256.0,0.07048346316469371,448.0,15.0,matern1.5,28.0,COMPLETE,
287.0,wine_quality,5.0,11.0,0.01548444153741002,2022-10-26 01:00:07.567930,2022-10-26 01:01:15.511930,0 days 00:01:07.944000,2.0,2.0,256.0,0.013902641900128776,285.0,5.0,rbf,25.0,COMPLETE,
287.0,wine_quality,5.0,12.0,0.021284664049744606,2022-10-26 01:01:15.512468,2022-10-26 01:01:49.764864,0 days 00:00:34.252396,3.0,2.0,256.0,0.010075842068328416,318.0,5.0,rbf,6.0,COMPLETE,
287.0,wine_quality,5.0,13.0,0.015817086212337017,2022-10-26 01:01:49.765418,2022-10-26 01:05:15.572802,0 days 00:03:25.807384,2.0,2.0,256.0,0.086327478708221,976.0,6.0,matern1.5,28.0,COMPLETE,
287.0,wine_quality,5.0,14.0,0.021216856315732002,2022-10-26 01:05:15.573381,2022-10-26 01:05:45.101588,0 days 00:00:29.528207,3.0,4.0,512.0,0.015229315412585754,232.0,6.0,rbf,10.0,COMPLETE,
287.0,wine_quality,5.0,15.0,0.021233094856142998,2022-10-26 01:05:45.102145,2022-10-26 01:06:59.942773,0 days 00:01:14.840628,4.0,2.0,256.0,0.0025102620397177903,181.0,6.0,matern1.5,16.0,COMPLETE,
287.0,wine_quality,5.0,16.0,0.021085225045681,2022-10-26 01:06:59.943305,2022-10-26 01:13:25.972208,0 days 00:06:26.028903,2.0,3.0,256.0,0.0001046851516511415,332.0,2.0,rbf,153.0,COMPLETE,
287.0,wine_quality,5.0,17.0,0.02122138999402523,2022-10-26 01:13:25.972763,2022-10-26 01:13:56.876077,0 days 00:00:30.903314,3.0,2.0,256.0,0.01790458775294143,289.0,4.0,matern1.5,4.0,COMPLETE,
287.0,wine_quality,5.0,18.0,0.015790993347764015,2022-10-26 01:13:56.876621,2022-10-26 01:18:20.937565,0 days 00:04:24.060944,2.0,3.0,512.0,0.0029791213824008817,584.0,7.0,rbf,86.0,COMPLETE,
287.0,wine_quality,5.0,19.0,0.01603378728032112,2022-10-26 01:18:20.938128,2022-10-26 01:20:12.595682,0 days 00:01:51.657554,4.0,4.0,256.0,0.05293688238609544,159.0,4.0,matern0.5,26.0,COMPLETE,
287.0,wine_quality,5.0,20.0,0.021259327419102192,2022-10-26 01:20:12.596206,2022-10-26 01:21:25.730659,0 days 00:01:13.134453,4.0,2.0,256.0,0.007277293972586301,419.0,10.0,matern1.5,8.0,COMPLETE,
287.0,wine_quality,5.0,21.0,0.0153292715549469,2022-10-26 01:21:25.731239,2022-10-26 01:22:04.883262,0 days 00:00:39.152023,1.0,2.0,256.0,0.031508604673070734,244.0,4.0,rbf,22.0,COMPLETE,
287.0,wine_quality,5.0,22.0,0.015246621798723936,2022-10-26 01:22:04.883791,2022-10-26 01:22:43.984523,0 days 00:00:39.100732,1.0,3.0,256.0,0.01395056703176659,259.0,3.0,rbf,21.0,COMPLETE,
287.0,wine_quality,5.0,23.0,0.015306070912629366,2022-10-26 01:22:43.985060,2022-10-26 01:24:13.648938,0 days 00:01:29.663878,2.0,3.0,256.0,0.012288971846320051,230.0,3.0,rbf,37.0,COMPLETE,
287.0,wine_quality,5.0,24.0,0.015243617817759514,2022-10-26 01:24:13.649455,2022-10-26 01:24:53.486010,0 days 00:00:39.836555,1.0,3.0,256.0,0.021015007612294943,221.0,2.0,rbf,23.0,COMPLETE,
287.0,wine_quality,5.0,25.0,0.015921014361083508,2022-10-26 01:24:53.486529,2022-10-26 01:26:23.151854,0 days 00:01:29.665325,2.0,3.0,512.0,0.0042369390810787465,143.0,2.0,rbf,68.0,COMPLETE,
287.0,wine_quality,5.0,26.0,0.021229864098131657,2022-10-26 01:26:23.152374,2022-10-26 01:26:57.706829,0 days 00:00:34.554455,3.0,4.0,256.0,0.020375701147370383,381.0,3.0,rbf,4.0,COMPLETE,
287.0,wine_quality,5.0,27.0,0.021243090741336346,2022-10-26 01:26:57.707379,2022-10-26 01:28:14.607291,0 days 00:01:16.899912,5.0,3.0,256.0,0.009814783521752255,256.0,3.0,rbf,13.0,COMPLETE,
287.0,wine_quality,5.0,28.0,0.015555259771645069,2022-10-26 01:28:14.607865,2022-10-26 01:31:09.704611,0 days 00:02:55.096746,1.0,4.0,256.0,0.0021268103985282584,627.0,2.0,rbf,76.0,COMPLETE,
287.0,wine_quality,5.0,29.0,0.02121101599186659,2022-10-26 01:31:09.705132,2022-10-26 01:31:53.919517,0 days 00:00:44.214385,2.0,3.0,512.0,0.0014440495928169353,208.0,3.0,rbf,29.0,COMPLETE,
287.0,wine_quality,5.0,30.0,0.015245140995830297,2022-10-26 01:31:53.920047,2022-10-26 01:33:27.858895,0 days 00:01:33.938848,2.0,4.0,256.0,0.011423221173594057,171.0,2.0,rbf,40.0,COMPLETE,
287.0,wine_quality,5.0,31.0,0.02109291683882475,2022-10-26 01:33:27.859414,2022-10-26 01:33:54.898266,0 days 00:00:27.038852,2.0,4.0,256.0,0.010315985873181773,170.0,2.0,rbf,8.0,COMPLETE,
287.0,wine_quality,5.0,32.0,0.015290686395019293,2022-10-26 01:33:54.898831,2022-10-26 01:35:28.769914,0 days 00:01:33.871083,3.0,3.0,256.0,0.022583800328261332,213.0,3.0,rbf,29.0,COMPLETE,
287.0,wine_quality,5.0,33.0,0.021233673207461834,2022-10-26 01:35:28.770474,2022-10-26 01:35:57.499949,0 days 00:00:28.729475,3.0,4.0,256.0,0.021425069432773346,140.0,4.0,rbf,6.0,COMPLETE,
287.0,wine_quality,5.0,34.0,0.015444139018654823,2022-10-26 01:35:57.500501,2022-10-26 01:38:10.421517,0 days 00:02:12.921016,4.0,3.0,256.0,0.05535762589021439,202.0,2.0,rbf,33.0,COMPLETE,
287.0,wine_quality,5.0,35.0,0.021589715965092182,2022-10-26 01:38:10.422087,2022-10-26 01:38:23.661268,0 days 00:00:13.239181,3.0,4.0,1024.0,0.023104920782729806,121.0,12.0,matern0.5,5.0,COMPLETE,
287.0,wine_quality,5.0,36.0,0.021242327988147736,2022-10-26 01:38:23.661823,2022-10-26 01:39:09.176199,0 days 00:00:45.514376,4.0,3.0,256.0,0.004177968595361213,99.0,5.0,rbf,10.0,COMPLETE,
287.0,wine_quality,5.0,37.0,0.01585520664229989,2022-10-26 01:39:09.176729,2022-10-26 01:40:56.119715,0 days 00:01:46.942986,5.0,4.0,256.0,0.04125293389234384,52.0,3.0,rbf,26.0,COMPLETE,
287.0,wine_quality,5.0,38.0,0.020789376460015774,2022-10-26 01:40:56.120297,2022-10-26 01:41:05.364861,0 days 00:00:09.244564,1.0,3.0,1024.0,0.00759227665563274,76.0,7.0,rbf,12.0,COMPLETE,
287.0,wine_quality,5.0,39.0,0.021254874765872955,2022-10-26 01:41:05.365384,2022-10-26 01:41:45.189474,0 days 00:00:39.824090,3.0,4.0,256.0,0.028022828022097896,127.0,10.0,matern0.5,9.0,COMPLETE,
287.0,wine_quality,5.0,40.0,0.015250189695507288,2022-10-26 01:41:45.190058,2022-10-26 01:42:33.936787,0 days 00:00:48.746729,1.0,3.0,256.0,0.01593498694669645,164.0,15.0,rbf,30.0,COMPLETE,
287.0,wine_quality,5.0,41.0,0.015016264747828245,2022-10-26 01:42:33.937324,2022-10-26 01:43:16.439078,0 days 00:00:42.501754,1.0,3.0,256.0,0.014256890886135189,158.0,11.0,rbf,26.0,COMPLETE,
287.0,wine_quality,5.0,42.0,0.015428563114255667,2022-10-26 01:43:16.439595,2022-10-26 01:44:23.120519,0 days 00:01:06.680924,1.0,3.0,256.0,0.004931387640568522,159.0,15.0,rbf,43.0,COMPLETE,
287.0,wine_quality,5.0,43.0,0.01517352880910039,2022-10-26 01:44:23.121065,2022-10-26 01:45:26.047003,0 days 00:01:02.925938,1.0,4.0,256.0,0.007791345423776702,89.0,14.0,rbf,43.0,COMPLETE,
287.0,wine_quality,5.0,44.0,0.015704783610999584,2022-10-26 01:45:26.047532,2022-10-26 01:46:10.020164,0 days 00:00:43.972632,1.0,4.0,1024.0,0.008690671708863347,109.0,14.0,rbf,72.0,COMPLETE,
287.0,wine_quality,5.0,45.0,0.021140090189874172,2022-10-26 01:46:10.020699,2022-10-26 01:47:29.989300,0 days 00:01:19.968601,1.0,4.0,256.0,0.0006244929699365631,63.0,13.0,rbf,58.0,COMPLETE,
287.0,wine_quality,5.0,46.0,0.015104848425835371,2022-10-26 01:47:29.989835,2022-10-26 01:48:41.737442,0 days 00:01:11.747607,1.0,4.0,256.0,0.006140924141779918,85.0,11.0,rbf,50.0,COMPLETE,
287.0,wine_quality,5.0,47.0,0.021072912961244583,2022-10-26 01:48:41.738001,2022-10-26 01:48:58.649182,0 days 00:00:16.911181,1.0,4.0,512.0,0.0056112678867829705,91.0,11.0,matern0.5,14.0,COMPLETE,
287.0,wine_quality,5.0,48.0,0.015353740192949772,2022-10-26 01:48:58.649722,2022-10-26 01:51:11.624670,0 days 00:02:12.974948,1.0,4.0,256.0,0.003510754383730531,80.0,11.0,rbf,98.0,COMPLETE,
287.0,wine_quality,5.0,49.0,0.015194100327789783,2022-10-26 01:51:11.625193,2022-10-26 01:55:23.381518,0 days 00:04:11.756325,1.0,4.0,256.0,0.001580516548778009,68.0,13.0,rbf,190.0,COMPLETE,
287.0,wine_quality,5.0,50.0,0.020411069504916668,2022-10-26 01:55:23.382103,2022-10-26 01:56:15.041127,0 days 00:00:51.659024,1.0,4.0,1024.0,0.0015070697449775952,68.0,13.0,rbf,89.0,COMPLETE,
287.0,wine_quality,5.0,51.0,0.015677965246140957,2022-10-26 01:56:15.041672,2022-10-26 01:59:30.143724,0 days 00:03:15.102052,1.0,4.0,256.0,0.0008891002627377503,57.0,14.0,rbf,149.0,COMPLETE,
287.0,wine_quality,5.0,52.0,0.015148669481277466,2022-10-26 01:59:30.144258,2022-10-26 02:00:42.581642,0 days 00:01:12.437384,1.0,4.0,256.0,0.006068554043756983,92.0,13.0,rbf,50.0,COMPLETE,
287.0,wine_quality,5.0,53.0,0.015719974413514137,2022-10-26 02:00:42.582198,2022-10-26 02:03:09.988707,0 days 00:02:27.406509,1.0,4.0,256.0,0.001817253102260798,91.0,13.0,rbf,107.0,COMPLETE,
287.0,wine_quality,5.0,54.0,0.01545944344252348,2022-10-26 02:03:09.989220,2022-10-26 02:05:09.150773,0 days 00:01:59.161553,1.0,4.0,256.0,0.0029171247487130283,75.0,9.0,rbf,87.0,COMPLETE,
287.0,wine_quality,5.0,55.0,0.01510170428082347,2022-10-26 02:05:09.151395,2022-10-26 02:06:18.006153,0 days 00:01:08.854758,1.0,3.0,256.0,0.006212318985132244,89.0,11.0,rbf,48.0,COMPLETE,
287.0,wine_quality,5.0,56.0,0.015054569579660892,2022-10-26 02:06:18.006710,2022-10-26 02:08:02.823686,0 days 00:01:44.816976,1.0,4.0,256.0,0.006737936029688293,97.0,11.0,matern1.5,68.0,COMPLETE,
287.0,wine_quality,5.0,57.0,0.015523931011557579,2022-10-26 02:08:02.824229,2022-10-26 02:08:59.342124,0 days 00:00:56.517895,1.0,3.0,256.0,0.006621690525929942,90.0,11.0,matern1.5,35.0,COMPLETE,
287.0,wine_quality,5.0,58.0,0.0210729343816638,2022-10-26 02:08:59.342658,2022-10-26 02:09:22.082842,0 days 00:00:22.740184,1.0,2.0,256.0,0.003928128894968874,115.0,11.0,matern1.5,11.0,COMPLETE,
287.0,wine_quality,5.0,59.0,0.02019649650901556,2022-10-26 02:09:22.083396,2022-10-26 02:09:34.750522,0 days 00:00:12.667126,1.0,3.0,512.0,0.005141166760407536,101.0,12.0,matern1.5,9.0,COMPLETE,
287.0,wine_quality,5.0,60.0,0.014888014644384384,2022-10-26 02:09:34.751107,2022-10-26 02:11:04.868224,0 days 00:01:30.117117,1.0,4.0,256.0,0.008274699027730106,83.0,14.0,matern1.5,58.0,COMPLETE,
287.0,wine_quality,5.0,61.0,0.01515660248696804,2022-10-26 02:11:04.868754,2022-10-26 02:12:16.877686,0 days 00:01:12.008932,1.0,4.0,256.0,0.007930056828717117,85.0,14.0,matern1.5,45.0,COMPLETE,
287.0,wine_quality,5.0,62.0,0.015130822081118822,2022-10-26 02:12:16.878222,2022-10-26 02:13:24.503345,0 days 00:01:07.625123,1.0,4.0,256.0,0.0059390716141554745,61.0,9.0,matern1.5,44.0,COMPLETE,
287.0,wine_quality,5.0,63.0,0.015131870284676552,2022-10-26 02:13:24.503890,2022-10-26 02:14:59.687582,0 days 00:01:35.183692,1.0,4.0,256.0,0.005796159706839963,60.0,9.0,matern1.5,64.0,COMPLETE,
287.0,wine_quality,5.0,64.0,0.015154825989156961,2022-10-26 02:14:59.688106,2022-10-26 02:15:45.835393,0 days 00:00:46.147287,1.0,4.0,256.0,0.01242175198502224,55.0,9.0,matern1.5,28.0,COMPLETE,
287.0,wine_quality,5.0,65.0,0.015566410031169653,2022-10-26 02:15:45.835965,2022-10-26 02:17:38.847551,0 days 00:01:53.011586,1.0,3.0,256.0,0.0024487752765238154,61.0,8.0,matern1.5,77.0,COMPLETE,
287.0,wine_quality,5.0,66.0,0.015210560988634825,2022-10-26 02:17:38.848085,2022-10-26 02:18:59.847816,0 days 00:01:20.999731,1.0,4.0,256.0,0.004898416925165596,50.0,9.0,matern1.5,54.0,COMPLETE,
287.0,wine_quality,5.0,67.0,0.015224608592689037,2022-10-26 02:18:59.848363,2022-10-26 02:19:53.038679,0 days 00:00:53.190316,1.0,3.0,256.0,0.009657195617317533,73.0,10.0,matern1.5,33.0,COMPLETE,
287.0,wine_quality,5.0,68.0,0.015213645529001951,2022-10-26 02:19:53.039260,2022-10-26 02:21:53.431720,0 days 00:02:00.392460,1.0,4.0,256.0,0.0031919583627665056,64.0,10.0,matern1.5,82.0,COMPLETE,
287.0,wine_quality,5.0,69.0,0.021086626686155796,2022-10-26 02:21:53.432257,2022-10-26 02:24:20.421658,0 days 00:02:26.989401,1.0,3.0,512.0,0.00023071934475177677,81.0,12.0,matern1.5,159.0,COMPLETE,
287.0,wine_quality,5.0,70.0,0.01525325421243906,2022-10-26 02:24:20.422206,2022-10-26 02:25:12.832545,0 days 00:00:52.410339,1.0,4.0,256.0,0.016499960432645285,126.0,8.0,matern1.5,30.0,COMPLETE,
287.0,wine_quality,5.0,71.0,0.015314671210944653,2022-10-26 02:25:12.833088,2022-10-26 02:26:24.427764,0 days 00:01:11.594676,1.0,4.0,256.0,0.00678351199260537,71.0,11.0,matern1.5,45.0,COMPLETE,
287.0,wine_quality,5.0,72.0,0.015555347315967083,2022-10-26 02:26:24.428298,2022-10-26 02:27:29.350064,0 days 00:01:04.921766,1.0,4.0,256.0,0.005982326063084817,80.0,10.0,matern1.5,41.0,COMPLETE,
287.0,wine_quality,5.0,73.0,0.015231066849082708,2022-10-26 02:27:29.350598,2022-10-26 02:28:25.512858,0 days 00:00:56.162260,1.0,4.0,256.0,0.01230575546500652,107.0,12.0,matern1.5,34.0,COMPLETE,
287.0,wine_quality,5.0,74.0,0.01515674078837037,2022-10-26 02:28:25.513387,2022-10-26 02:29:26.227102,0 days 00:01:00.713715,1.0,4.0,256.0,0.009240003649581727,58.0,11.0,matern1.5,39.0,COMPLETE,
287.0,wine_quality,5.0,75.0,0.021137481555342674,2022-10-26 02:29:26.227640,2022-10-26 02:29:41.802366,0 days 00:00:15.574726,1.0,3.0,256.0,0.004403374111592946,99.0,9.0,matern1.5,6.0,COMPLETE,
287.0,wine_quality,5.0,76.0,0.020716299302875996,2022-10-26 02:29:41.802970,2022-10-26 02:29:58.701922,0 days 00:00:16.898952,1.0,4.0,1024.0,0.0056147750973797915,66.0,10.0,matern0.5,24.0,COMPLETE,
287.0,wine_quality,5.0,77.0,0.01544624799862504,2022-10-26 02:29:58.702483,2022-10-26 02:31:30.809323,0 days 00:01:32.106840,1.0,1.0,256.0,0.0035918435171643317,151.0,12.0,matern1.5,60.0,COMPLETE,
287.0,wine_quality,5.0,78.0,0.015045675449073315,2022-10-26 02:31:30.809878,2022-10-26 02:32:46.848800,0 days 00:01:16.038922,1.0,4.0,256.0,0.006446318835508322,94.0,8.0,matern1.5,47.0,COMPLETE,
287.0,wine_quality,5.0,79.0,0.015548516996204853,2022-10-26 02:32:46.849331,2022-10-26 02:33:30.662897,0 days 00:00:43.813566,1.0,3.0,256.0,0.011035597753519429,130.0,8.0,matern1.5,24.0,COMPLETE,
287.0,wine_quality,5.0,80.0,0.015518692787736654,2022-10-26 02:33:30.663479,2022-10-26 02:35:32.249341,0 days 00:02:01.585862,1.0,4.0,256.0,0.0027832821005267425,114.0,7.0,matern1.5,77.0,COMPLETE,
287.0,wine_quality,5.0,81.0,0.019108870066702366,2022-10-26 02:35:32.249913,2022-10-26 02:35:48.462549,0 days 00:00:16.212636,1.0,4.0,256.0,0.0069586685329403345,95.0,7.0,matern1.5,6.0,COMPLETE,
287.0,wine_quality,5.0,82.0,0.015961093828082085,2022-10-26 02:35:48.463141,2022-10-26 02:36:21.918001,0 days 00:00:33.454860,1.0,4.0,256.0,0.008064274960057535,85.0,8.0,matern1.5,18.0,COMPLETE,
287.0,wine_quality,5.0,83.0,0.015251127071678638,2022-10-26 02:36:21.918555,2022-10-26 02:38:01.992414,0 days 00:01:40.073859,1.0,4.0,256.0,0.004614693345357041,74.0,9.0,matern1.5,66.0,COMPLETE,
287.0,wine_quality,5.0,84.0,0.015090951230376959,2022-10-26 02:38:01.992954,2022-10-26 02:39:05.782100,0 days 00:01:03.789146,1.0,4.0,256.0,0.013892506060682657,103.0,13.0,matern0.5,40.0,COMPLETE,
287.0,wine_quality,5.0,85.0,0.015142668038606644,2022-10-26 02:39:05.782645,2022-10-26 02:40:02.940076,0 days 00:00:57.157431,1.0,3.0,256.0,0.01414683677167966,189.0,11.0,matern0.5,33.0,COMPLETE,
287.0,wine_quality,5.0,86.0,0.0151389273814857,2022-10-26 02:40:02.940616,2022-10-26 02:41:13.675275,0 days 00:01:10.734659,1.0,2.0,256.0,0.00907006413074723,104.0,9.0,matern0.5,46.0,COMPLETE,
287.0,wine_quality,5.0,87.0,0.0151415029540658,2022-10-26 02:41:13.675818,2022-10-26 02:42:09.807679,0 days 00:00:56.131861,1.0,4.0,256.0,0.016674460090950968,118.0,10.0,matern0.5,34.0,COMPLETE,
287.0,wine_quality,5.0,88.0,0.015569888986647129,2022-10-26 02:42:09.808228,2022-10-26 02:43:57.662816,0 days 00:01:47.854588,1.0,4.0,512.0,0.025052518699329392,912.0,15.0,matern0.5,32.0,COMPLETE,
287.0,wine_quality,5.0,89.0,0.021044040098786354,2022-10-26 02:43:57.663394,2022-10-26 02:44:03.991961,0 days 00:00:06.328567,1.0,4.0,1024.0,0.019765055663848202,59.0,12.0,matern0.5,6.0,COMPLETE,
287.0,wine_quality,5.0,90.0,0.015040526632219553,2022-10-26 02:44:03.992496,2022-10-26 02:45:15.934451,0 days 00:01:11.941955,1.0,4.0,256.0,0.011900003466035126,82.0,10.0,matern1.5,45.0,COMPLETE,
287.0,wine_quality,5.0,91.0,0.015089502092450857,2022-10-26 02:45:15.935063,2022-10-26 02:46:01.086904,0 days 00:00:45.151841,1.0,4.0,256.0,0.013218767761649,55.0,10.0,matern1.5,28.0,COMPLETE,
287.0,wine_quality,5.0,92.0,0.015864224638789892,2022-10-26 02:46:01.087461,2022-10-26 02:46:27.504569,0 days 00:00:26.417108,1.0,4.0,256.0,0.03735606214331186,54.0,10.0,matern1.5,14.0,COMPLETE,
287.0,wine_quality,5.0,93.0,0.015261842869222164,2022-10-26 02:46:27.505134,2022-10-26 02:47:15.110480,0 days 00:00:47.605346,1.0,4.0,256.0,0.013816837719766209,79.0,11.0,matern1.5,28.0,COMPLETE,
287.0,wine_quality,5.0,94.0,0.015209514647722244,2022-10-26 02:47:15.111038,2022-10-26 02:48:12.369108,0 days 00:00:57.258070,1.0,4.0,256.0,0.01050813874044541,85.0,10.0,matern1.5,35.0,COMPLETE,
287.0,wine_quality,5.0,95.0,0.014996488112956285,2022-10-26 02:48:12.369689,2022-10-26 02:49:04.325228,0 days 00:00:51.955539,1.0,4.0,256.0,0.018599153596997656,134.0,11.0,matern1.5,30.0,COMPLETE,
287.0,wine_quality,5.0,96.0,0.015309347305446863,2022-10-26 02:49:04.325800,2022-10-26 02:49:46.129756,0 days 00:00:41.803956,1.0,1.0,256.0,0.018976444308610847,135.0,11.0,matern1.5,25.0,COMPLETE,
287.0,wine_quality,5.0,97.0,0.015070744790136814,2022-10-26 02:49:46.130345,2022-10-26 02:50:41.651127,0 days 00:00:55.520782,1.0,3.0,256.0,0.013035740764457068,149.0,12.0,matern0.5,33.0,COMPLETE,
287.0,wine_quality,5.0,98.0,0.015496753621846437,2022-10-26 02:50:41.651686,2022-10-26 02:51:31.266544,0 days 00:00:49.614858,1.0,3.0,256.0,0.029375293678494365,152.0,12.0,matern0.5,29.0,COMPLETE,
287.0,wine_quality,5.0,99.0,0.021263078786432743,2022-10-26 02:51:31.267141,2022-10-26 02:52:16.212836,0 days 00:00:44.945695,5.0,3.0,256.0,0.013548388966123147,109.0,13.0,matern0.5,6.0,COMPLETE,
