dataset_id,dataset_name,outer_cv_split,number,value,datetime_start,datetime_complete,duration,params_n_gp_layers,params_n_gp_out,params_batch_size,params_lr,params_num_inducing,params_num_samples,params_kernel_type,user_attrs_MAX_EPOCHS,state,system_attrs_completed_rung_0,system_attrs_completed_rung_1,system_attrs_completed_rung_2,system_attrs_fixed_params
44027.0,r1_08_PPV,1.0,0.0,,2022-11-04 23:48:14.531998,,,2.0,1.0,1024.0,0.001,200.0,10.0,rbf,,RUNNING,0.0003255366755183,3.166915485053323e-05,6.1520340750576e-06,"{'n_gp_layers': 2, 'n_gp_out': 1, 'num_inducing': 200, 'batch_size': 1024, 'lr': 0.001, 'num_samples': 10, 'kernel_type': 'rbf'}"
44027.0,r1_08_PPV,1.0,0.0,7.579907560284482e-06,2022-11-05 00:04:44.347515,2022-11-05 00:35:13.247121,0 days 00:30:28.899606,2.0,1.0,1024.0,0.001,200.0,10.0,rbf,62.0,COMPLETE,,,,"{'n_gp_layers': 2, 'n_gp_out': 1, 'num_inducing': 200, 'batch_size': 1024, 'lr': 0.001, 'num_samples': 10, 'kernel_type': 'rbf'}"
44027.0,r1_08_PPV,1.0,1.0,1.449577553103154e-06,2022-11-05 00:35:13.247732,2022-11-05 00:46:14.058328,0 days 00:11:00.810596,1.0,4.0,512.0,0.0022001807718789,435.0,5.0,rbf,10.0,COMPLETE,6.977509656280745e-06,1.449577553103154e-06,,
44027.0,r1_08_PPV,1.0,2.0,0.0662792026996612,2022-11-05 00:46:14.058868,2022-11-05 00:48:07.399463,0 days 00:01:53.340595,2.0,1.0,1024.0,0.00010431265253,167.0,5.0,matern1.5,,PRUNED,0.0662792026996612,,,
44027.0,r1_08_PPV,1.0,3.0,4.47069851361448e-06,2022-11-05 00:48:07.399865,2022-11-05 00:52:02.346755,0 days 00:03:54.946890,1.0,4.0,1024.0,0.0138504162827836,51.0,2.0,matern1.5,8.0,COMPLETE,,,,
44027.0,r1_08_PPV,1.0,4.0,4.1314997361041605e-05,2022-11-05 00:52:02.347283,2022-11-05 00:54:28.356498,0 days 00:02:26.009215,3.0,3.0,2048.0,0.0187480694569905,135.0,7.0,matern0.5,,PRUNED,4.1314997361041605e-05,,,
44027.0,r1_08_PPV,1.0,5.0,1.1644918231468182e-05,2022-11-05 00:54:28.356842,2022-11-05 01:04:33.805682,0 days 00:10:05.448840,2.0,3.0,2048.0,0.0286217060777853,320.0,14.0,matern1.5,,PRUNED,6.3389679780812e-06,1.1644918231468182e-05,,
44027.0,r1_08_PPV,1.0,6.0,0.051562275737524,2022-11-05 01:04:33.806089,2022-11-05 01:05:48.234209,0 days 00:01:14.428120,1.0,4.0,2048.0,0.0002614931797381,306.0,7.0,matern0.5,,PRUNED,0.051562275737524,,,
44027.0,r1_08_PPV,1.0,7.0,0.0598713792860507,2022-11-05 01:05:48.234576,2022-11-05 01:13:46.638235,0 days 00:07:58.403659,3.0,1.0,512.0,0.0004046895013499,200.0,12.0,matern1.5,2.0,COMPLETE,,,,
44027.0,r1_08_PPV,1.0,8.0,0.0010819971794262,2022-11-05 01:13:46.638784,2022-11-05 01:15:50.572247,0 days 00:02:03.933463,3.0,1.0,2048.0,0.0466874202375852,112.0,13.0,matern1.5,,PRUNED,0.0010819971794262,,,
44027.0,r1_08_PPV,1.0,9.0,0.0598791502416133,2022-11-05 01:15:50.572612,2022-11-05 01:32:50.810898,0 days 00:17:00.238286,3.0,4.0,1024.0,0.0015553875680832,626.0,15.0,matern0.5,,PRUNED,0.0598791502416133,,,
44027.0,r1_08_PPV,1.0,10.0,0.004143048543483,2022-11-05 01:32:50.811338,2022-11-05 01:36:42.848402,0 days 00:03:52.037064,3.0,1.0,512.0,0.0005568211113498,69.0,4.0,matern1.5,,PRUNED,0.004143048543483,,,
44027.0,r1_08_PPV,1.0,11.0,9.888318163575605e-05,2022-11-05 01:36:42.848924,2022-11-05 01:40:48.271546,0 days 00:04:05.422622,3.0,1.0,512.0,0.0019259876595465,96.0,8.0,matern1.5,,PRUNED,9.888318163575605e-05,,,
44027.0,r1_08_PPV,1.0,12.0,2.5865965653792955e-06,2022-11-05 01:40:48.272050,2022-11-05 01:51:10.401152,0 days 00:10:22.129102,1.0,3.0,512.0,0.00738592298688,73.0,10.0,matern0.5,15.0,COMPLETE,2.888517201427021e-06,,,
44027.0,r1_08_PPV,1.0,13.0,0.0035328639205545,2022-11-05 01:51:10.401715,2022-11-05 02:00:22.874308,0 days 00:09:12.472593,2.0,1.0,512.0,0.0002583770260316,305.0,9.0,matern0.5,,PRUNED,0.0035328639205545,,,
44027.0,r1_08_PPV,1.0,14.0,4.57435380667448e-05,2022-11-05 02:00:22.874845,2022-11-05 02:01:32.760224,0 days 00:01:09.885379,1.0,1.0,1024.0,0.0027575671653449,217.0,3.0,rbf,,PRUNED,4.57435380667448e-05,,,
44027.0,r1_08_PPV,1.0,15.0,4.571748377202312e-06,2022-11-05 02:01:32.760637,2022-11-05 02:09:50.827242,0 days 00:08:18.066605,1.0,2.0,512.0,0.0087536871140131,684.0,2.0,rbf,,PRUNED,8.49025855131913e-06,4.571748377202312e-06,,
44027.0,r1_08_PPV,1.0,16.0,3.47150421475817e-06,2022-11-05 02:09:50.827704,2022-11-05 02:16:26.278304,0 days 00:06:35.450600,1.0,2.0,512.0,0.0082127200608409,663.0,2.0,rbf,3.0,COMPLETE,9.985755241359584e-06,,,
44027.0,r1_08_PPV,1.0,17.0,0.0598734579980373,2022-11-05 02:16:26.278884,2022-11-05 02:28:32.338246,0 days 00:12:06.059362,4.0,1.0,1024.0,0.0020862358686207,195.0,12.0,matern0.5,9.0,COMPLETE,,,,
44027.0,r1_08_PPV,1.0,18.0,1.168149356089998e-05,2022-11-05 02:28:32.338797,2022-11-05 02:32:00.446954,0 days 00:03:28.108157,1.0,2.0,512.0,0.0068208907861982,511.0,11.0,rbf,,PRUNED,1.168149356089998e-05,,,
44027.0,r1_08_PPV,1.0,19.0,4.463543518795632e-05,2022-11-05 02:32:00.447424,2022-11-05 02:36:19.100681,0 days 00:04:18.653257,2.0,2.0,512.0,0.0961460120945371,410.0,5.0,rbf,,PRUNED,4.463543518795632e-05,,,
44027.0,r1_08_PPV,1.0,20.0,2.616085794215905e-06,2022-11-05 02:36:19.101216,2022-11-05 02:41:32.823984,0 days 00:05:13.722768,1.0,4.0,1024.0,0.0115158028350365,124.0,10.0,rbf,12.0,COMPLETE,,,,
44027.0,r1_08_PPV,1.0,21.0,0.0001301477896049,2022-11-05 02:41:32.824520,2022-11-05 02:46:29.626396,0 days 00:04:56.801876,1.0,1.0,512.0,0.0003549930189559,60.0,10.0,matern1.5,,PRUNED,0.0001301477896049,,,
44027.0,r1_08_PPV,1.0,22.0,1.9229705685575027e-06,2022-11-05 02:46:29.626907,2022-11-05 02:52:57.532543,0 days 00:06:27.905636,1.0,3.0,512.0,0.0077929312021253,437.0,2.0,rbf,,PRUNED,4.792427716893144e-06,1.9229705685575027e-06,,
44027.0,r1_08_PPV,1.0,23.0,7.265656222443795e-06,2022-11-05 02:52:57.533058,2022-11-05 03:26:46.971887,0 days 00:33:49.438829,3.0,3.0,512.0,0.0017322960756657,506.0,13.0,matern1.5,3.0,COMPLETE,,,,
44027.0,r1_08_PPV,1.0,24.0,7.259489939315245e-05,2022-11-05 03:26:46.972421,2022-11-05 03:37:36.744460,0 days 00:10:49.772039,2.0,2.0,512.0,0.0007202127972595,780.0,10.0,rbf,,PRUNED,7.259489939315245e-05,,,
44027.0,r1_08_PPV,1.0,25.0,0.0597969107329845,2022-11-05 03:37:36.744995,2022-11-05 03:41:47.645612,0 days 00:04:10.900617,2.0,1.0,1024.0,0.0001447909617091,134.0,6.0,rbf,,PRUNED,0.0597969107329845,,,
44027.0,r1_08_PPV,1.0,26.0,4.974040621164022e-06,2022-11-05 03:41:47.646063,2022-11-05 03:50:42.208588,0 days 00:08:54.562525,2.0,2.0,512.0,0.0036653621452339,239.0,3.0,matern0.5,,PRUNED,4.974040621164022e-06,,,
44027.0,r1_08_PPV,1.0,27.0,1.4630872101406568e-05,2022-11-05 03:50:42.209101,2022-11-05 03:56:23.735453,0 days 00:05:41.526352,2.0,1.0,1024.0,0.0722900633348893,213.0,13.0,matern1.5,5.0,COMPLETE,,,,
44027.0,r1_08_PPV,1.0,28.0,2.116083578584949e-06,2022-11-05 03:56:23.735998,2022-11-05 04:02:06.144197,0 days 00:05:42.408199,1.0,3.0,512.0,0.0047766454912502,248.0,5.0,rbf,,PRUNED,5.340298685041489e-06,2.116083578584949e-06,,
44027.0,r1_08_PPV,1.0,29.0,3.928851583623327e-06,2022-11-05 04:02:06.144686,2022-11-05 04:05:48.025520,0 days 00:03:41.880834,1.0,1.0,2048.0,0.0101401449061942,61.0,2.0,rbf,16.0,COMPLETE,,,,
44027.0,r1_08_PPV,1.0,30.0,1.699324911896838e-06,2022-11-05 04:05:48.026125,2022-11-05 04:25:21.534910,0 days 00:19:33.508785,1.0,3.0,512.0,0.0063090777640434,713.0,8.0,matern1.5,10.0,COMPLETE,1.699324911896838e-06,,,
44027.0,r1_08_PPV,1.0,31.0,9.166939776150684e-07,2022-11-05 04:25:21.535446,2022-11-05 04:50:08.688534,0 days 00:24:47.153088,1.0,1.0,1024.0,0.002434634530694,478.0,7.0,rbf,53.0,COMPLETE,2.067628884105943e-06,,,
44027.0,r1_08_PPV,1.0,32.0,2.2254398572840728e-06,2022-11-05 04:50:08.689135,2022-11-05 05:01:02.286812,0 days 00:10:53.597677,1.0,1.0,512.0,0.0057519089984362,132.0,4.0,rbf,18.0,COMPLETE,,,,
44027.0,r1_08_PPV,1.0,33.0,1.536663512524683e-05,2022-11-05 05:01:02.287409,2022-11-05 05:15:52.645278,0 days 00:14:50.357869,4.0,4.0,512.0,0.0140121660040171,478.0,6.0,rbf,,PRUNED,1.536663512524683e-05,,,
44027.0,r1_08_PPV,1.0,34.0,2.7423839128459804e-06,2022-11-05 05:15:52.645850,2022-11-05 05:25:36.771158,0 days 00:09:44.125308,1.0,1.0,1024.0,0.0103812963035672,432.0,11.0,matern0.5,15.0,COMPLETE,,,,
44027.0,r1_08_PPV,1.0,35.0,1.424919901182875e-05,2022-11-05 05:25:36.771756,2022-11-05 05:31:52.501996,0 days 00:06:15.730240,3.0,1.0,1024.0,0.025093081360995,160.0,6.0,matern1.5,,PRUNED,1.424919901182875e-05,,,
44027.0,r1_08_PPV,1.0,36.0,3.723588815773837e-05,2022-11-05 05:31:52.502420,2022-11-05 05:34:17.792721,0 days 00:02:25.290301,1.0,2.0,512.0,0.0010025642102117,365.0,3.0,rbf,,PRUNED,3.723588815773837e-05,,,
44027.0,r1_08_PPV,1.0,37.0,0.0579216592013835,2022-11-05 05:34:17.793196,2022-11-05 05:35:59.759077,0 days 00:01:41.965881,2.0,3.0,1024.0,0.0002668820315837,50.0,9.0,rbf,,PRUNED,0.0579216592013835,,,
44027.0,r1_08_PPV,1.0,38.0,2.7113533178635407e-06,2022-11-05 05:35:59.759539,2022-11-05 05:55:33.170199,0 days 00:19:33.410660,3.0,4.0,1024.0,0.0056611846801667,150.0,12.0,rbf,18.0,COMPLETE,,,,
44027.0,r1_08_PPV,1.0,39.0,3.4286242680536816e-06,2022-11-05 05:55:33.170801,2022-11-05 06:04:26.563237,0 days 00:08:53.392436,2.0,4.0,1024.0,0.0045558706952473,89.0,12.0,rbf,13.0,COMPLETE,,,,
44027.0,r1_08_PPV,1.0,40.0,2.2523932784679342e-05,2022-11-05 06:04:26.563836,2022-11-05 06:19:41.522464,0 days 00:15:14.958628,4.0,4.0,512.0,0.0036588842647399,571.0,4.0,matern0.5,,PRUNED,2.2523932784679342e-05,,,
44027.0,r1_08_PPV,1.0,41.0,2.860318818420637e-05,2022-11-05 06:19:41.523032,2022-11-05 06:22:18.240144,0 days 00:02:36.717112,1.0,3.0,512.0,0.009593697502031,445.0,2.0,rbf,,PRUNED,2.860318818420637e-05,,,
44027.0,r1_08_PPV,1.0,42.0,0.0598782189190387,2022-11-05 06:22:18.240655,2022-11-05 06:42:43.587762,0 days 00:20:25.347107,4.0,1.0,512.0,0.0004355096733289,417.0,8.0,matern0.5,,PRUNED,0.0598782189190387,,,
44027.0,r1_08_PPV,1.0,43.0,6.785739515180467e-06,2022-11-05 06:42:43.588291,2022-11-05 06:52:41.352440,0 days 00:09:57.764149,1.0,3.0,512.0,0.0055163421318817,790.0,2.0,rbf,,PRUNED,3.943724095734069e-06,6.785739515180467e-06,,
44027.0,r1_08_PPV,1.0,44.0,5.176597824174678e-06,2022-11-05 06:52:41.352932,2022-11-05 07:06:55.825407,0 days 00:14:14.472475,3.0,1.0,2048.0,0.0368150893961144,161.0,14.0,matern1.5,19.0,COMPLETE,,,,
44027.0,r1_08_PPV,1.0,45.0,5.541154678212479e-06,2022-11-05 07:06:55.826022,2022-11-05 07:11:16.571867,0 days 00:04:20.745845,1.0,4.0,2048.0,0.0134927121436785,785.0,2.0,rbf,,PRUNED,5.541154678212479e-06,,,
44027.0,r1_08_PPV,1.0,46.0,1.3773309319731195e-06,2022-11-05 07:11:16.572273,2022-11-05 07:25:16.344827,0 days 00:13:59.772554,1.0,4.0,512.0,0.0027065673322803,288.0,3.0,rbf,19.0,COMPLETE,4.326583166402997e-06,1.7790943047657493e-06,,
44027.0,r1_08_PPV,1.0,47.0,3.871149601764046e-06,2022-11-05 07:25:16.345445,2022-11-05 07:30:37.386670,0 days 00:05:21.041225,1.0,3.0,512.0,0.0164106790334297,123.0,4.0,matern0.5,5.0,COMPLETE,,,,
44027.0,r1_08_PPV,1.0,48.0,1.3031443813815711e-05,2022-11-05 07:30:37.387286,2022-11-05 07:32:57.956179,0 days 00:02:20.568893,1.0,2.0,2048.0,0.0036951105982814,61.0,11.0,matern0.5,,PRUNED,1.3031443813815711e-05,,,
44027.0,r1_08_PPV,1.0,49.0,1.0215435395366512e-05,2022-11-05 07:32:57.956546,2022-11-05 07:35:20.723034,0 days 00:02:22.766488,1.0,4.0,512.0,0.0022258586789513,264.0,4.0,rbf,,PRUNED,1.0215435395366512e-05,,,
44027.0,r1_08_PPV,1.0,50.0,2.1449312043841928e-05,2022-11-05 07:35:20.723529,2022-11-05 07:37:25.722303,0 days 00:02:04.998774,1.0,4.0,512.0,0.0014362561982751,176.0,3.0,rbf,,PRUNED,2.1449312043841928e-05,,,
44027.0,r1_08_PPV,1.0,51.0,5.055219844507519e-06,2022-11-05 07:37:25.722787,2022-11-05 07:42:58.373568,0 days 00:05:32.650781,1.0,3.0,512.0,0.0100578947592014,99.0,15.0,matern1.5,,PRUNED,5.055219844507519e-06,,,
44027.0,r1_08_PPV,1.0,52.0,5.265394520392874e-06,2022-11-05 07:42:58.374143,2022-11-05 07:48:27.812888,0 days 00:05:29.438745,1.0,4.0,512.0,0.00137076120064,97.0,7.0,matern0.5,,PRUNED,5.265394520392874e-06,,,
44027.0,r1_08_PPV,1.0,53.0,1.1461007488833276e-05,2022-11-05 07:48:27.813382,2022-11-05 07:52:24.743658,0 days 00:03:56.930276,2.0,2.0,512.0,0.0033509213966113,340.0,6.0,rbf,,PRUNED,1.1461007488833276e-05,,,
44027.0,r1_08_PPV,1.0,54.0,1.5541470929747447e-05,2022-11-05 07:52:24.744159,2022-11-05 07:53:53.287983,0 days 00:01:28.543824,1.0,4.0,2048.0,0.0152829463799486,580.0,4.0,rbf,,PRUNED,1.5541470929747447e-05,,,
44027.0,r1_08_PPV,1.0,55.0,2.498974481568439e-06,2022-11-05 07:53:53.288360,2022-11-05 08:02:43.878143,0 days 00:08:50.589783,1.0,2.0,512.0,0.0091655075487276,764.0,4.0,rbf,4.0,COMPLETE,,,,
44027.0,r1_08_PPV,1.0,56.0,0.0023476332426071,2022-11-05 08:02:43.878768,2022-11-05 08:05:18.585366,0 days 00:02:34.706598,1.0,3.0,512.0,0.000364979348088,258.0,6.0,matern0.5,,PRUNED,0.0023476332426071,,,
44027.0,r1_08_PPV,1.0,57.0,0.0602750591933727,2022-11-05 08:05:18.585885,2022-11-05 08:07:20.009553,0 days 00:02:01.423668,2.0,4.0,1024.0,0.0001431234432509,202.0,3.0,rbf,,PRUNED,0.0602750591933727,,,
44027.0,r1_08_PPV,1.0,58.0,0.0006107347435317,2022-11-05 08:07:20.010038,2022-11-05 08:08:41.150803,0 days 00:01:21.140765,1.0,2.0,1024.0,0.0009121687981352,163.0,5.0,matern1.5,,PRUNED,0.0006107347435317,,,
44027.0,r1_08_PPV,1.0,59.0,2.3694756237091497e-06,2022-11-05 08:08:41.151161,2022-11-05 08:15:06.205361,0 days 00:06:25.054200,1.0,3.0,512.0,0.0096606497856577,409.0,2.0,rbf,,PRUNED,3.553473561623832e-06,2.3694756237091497e-06,,
44027.0,r1_08_PPV,1.0,60.0,3.6857431950920727e-06,2022-11-05 08:15:06.205907,2022-11-05 08:22:43.009438,0 days 00:07:36.803531,1.0,3.0,512.0,0.0264872034052334,533.0,3.0,rbf,,PRUNED,4.614857971318997e-06,3.6857431950920727e-06,,
44027.0,r1_08_PPV,1.0,61.0,8.63997956912499e-06,2022-11-05 08:22:43.009989,2022-11-05 08:28:48.811556,0 days 00:06:05.801567,1.0,3.0,512.0,0.0041028366096639,369.0,2.0,rbf,,PRUNED,7.538468253187602e-06,8.63997956912499e-06,,
44027.0,r1_08_PPV,1.0,62.0,1.5251356671797112e-05,2022-11-05 08:28:48.812092,2022-11-05 08:29:50.123568,0 days 00:01:01.311476,1.0,4.0,2048.0,0.0067391191862578,302.0,4.0,rbf,,PRUNED,1.5251356671797112e-05,,,
44027.0,r1_08_PPV,1.0,63.0,1.5918516510282643e-05,2022-11-05 08:29:50.123965,2022-11-05 08:34:29.165936,0 days 00:04:39.041971,1.0,3.0,512.0,0.0308585851496898,662.0,7.0,matern0.5,,PRUNED,1.5918516510282643e-05,,,
44027.0,r1_08_PPV,1.0,64.0,1.2007519671897171e-06,2022-11-05 08:34:29.166453,2022-11-05 08:39:59.313382,0 days 00:05:30.146929,1.0,2.0,2048.0,0.0273603212739469,729.0,4.0,rbf,9.0,COMPLETE,4.21900040237233e-06,,,
44027.0,r1_08_PPV,1.0,65.0,0.0002294736914336,2022-11-05 08:39:59.313993,2022-11-05 08:46:38.540583,0 days 00:06:39.226590,2.0,4.0,2048.0,0.0024370135049895,456.0,12.0,matern1.5,,PRUNED,0.0002294736914336,,,
44027.0,r1_08_PPV,1.0,66.0,1.4023022231413051e-05,2022-11-05 08:46:38.541012,2022-11-05 08:49:12.935797,0 days 00:02:34.394785,1.0,4.0,512.0,0.0013963100956835,316.0,5.0,rbf,,PRUNED,1.4023022231413051e-05,,,
44027.0,r1_08_PPV,1.0,67.0,3.899302100762725e-06,2022-11-05 08:49:12.936318,2022-11-05 08:56:11.372889,0 days 00:06:58.436571,1.0,3.0,512.0,0.0130675102462614,413.0,3.0,matern0.5,,PRUNED,4.72296687803464e-06,3.899302100762725e-06,,
44027.0,r1_08_PPV,1.0,68.0,3.3768158118618885e-06,2022-11-05 08:56:11.373439,2022-11-05 09:05:00.048180,0 days 00:08:48.674741,2.0,2.0,2048.0,0.010360338948229,74.0,4.0,matern0.5,,PRUNED,3.3768158118618885e-06,,,
44027.0,r1_08_PPV,1.0,69.0,5.447502189781517e-06,2022-11-05 09:05:00.048573,2022-11-05 09:14:23.171934,0 days 00:09:23.123361,3.0,2.0,2048.0,0.0567188329246235,505.0,5.0,rbf,,PRUNED,5.447502189781517e-06,,,
44027.0,r1_08_PPV,1.0,70.0,1.386397980240872e-05,2022-11-05 09:14:23.172312,2022-11-05 09:19:57.535858,0 days 00:05:34.363546,4.0,3.0,2048.0,0.018224940119775,292.0,8.0,matern1.5,,PRUNED,1.386397980240872e-05,,,
44027.0,r1_08_PPV,1.0,71.0,2.795682803480304e-06,2022-11-05 09:19:57.536271,2022-11-05 09:31:57.637920,0 days 00:12:00.101649,2.0,4.0,2048.0,0.0054470007298304,75.0,13.0,rbf,,PRUNED,2.795682803480304e-06,,,
44027.0,r1_08_PPV,1.0,72.0,2.3668833364354214e-06,2022-11-05 09:31:57.638252,2022-11-05 09:36:32.573819,0 days 00:04:34.935567,2.0,3.0,2048.0,0.0271890925009789,585.0,2.0,rbf,3.0,COMPLETE,,,,
44027.0,r1_08_PPV,1.0,73.0,1.563081968924962e-05,2022-11-05 09:36:32.574432,2022-11-05 09:41:33.293760,0 days 00:05:00.719328,4.0,1.0,1024.0,0.0815597654857112,55.0,12.0,rbf,3.0,COMPLETE,,,,
44027.0,r1_08_PPV,1.0,74.0,2.055344566542772e-06,2022-11-05 09:41:33.294378,2022-11-05 09:45:25.338363,0 days 00:03:52.043985,1.0,2.0,2048.0,0.0294149826970493,329.0,4.0,matern1.5,9.0,COMPLETE,3.6738817925652256e-06,,,
44027.0,r1_08_PPV,1.0,75.0,7.515105971833691e-05,2022-11-05 09:45:25.339011,2022-11-05 10:01:14.012035,0 days 00:15:48.673024,4.0,4.0,2048.0,0.0011347135866621,336.0,8.0,rbf,,PRUNED,7.515105971833691e-05,,,
44027.0,r1_08_PPV,1.0,76.0,1.965012597793248e-05,2022-11-05 10:01:14.012464,2022-11-05 10:03:27.910856,0 days 00:02:13.898392,1.0,4.0,1024.0,0.0052744450004059,654.0,2.0,rbf,,PRUNED,1.965012597793248e-05,,,
44027.0,r1_08_PPV,1.0,77.0,5.184105248190463e-06,2022-11-05 10:03:27.911286,2022-11-05 10:07:46.164449,0 days 00:04:18.253163,1.0,1.0,2048.0,0.0185913233659239,735.0,3.0,rbf,8.0,COMPLETE,,,,
44027.0,r1_08_PPV,1.0,78.0,6.082023446651874e-06,2022-11-05 10:07:46.165074,2022-11-05 10:13:26.985643,0 days 00:05:40.820569,1.0,3.0,512.0,0.0051067596251416,227.0,5.0,rbf,,PRUNED,3.807435405178694e-06,6.082023446651874e-06,,
44027.0,r1_08_PPV,1.0,79.0,2.8035635750711663e-06,2022-11-05 10:13:26.986141,2022-11-05 10:19:06.973631,0 days 00:05:39.987490,1.0,3.0,512.0,0.0030891542180958,243.0,4.0,rbf,,PRUNED,3.957734861614881e-06,2.8035635750711663e-06,,
44027.0,r1_08_PPV,2.0,0.0,1.3735879065279732e-06,2022-11-05 11:08:33.385920,2022-11-05 11:38:48.619016,0 days 00:30:15.233096,2.0,1.0,1024.0,0.001,200.0,10.0,rbf,61.0,COMPLETE,6.233093699847814e-06,,,"{'n_gp_layers': 2, 'n_gp_out': 1, 'num_inducing': 200, 'batch_size': 1024, 'lr': 0.001, 'num_samples': 10, 'kernel_type': 'rbf'}"
44027.0,r1_08_PPV,2.0,1.0,2.234178282378707e-06,2022-11-05 11:38:48.619661,2022-11-05 12:09:06.706171,0 days 00:30:18.086510,1.0,1.0,1024.0,0.0004786828000396,504.0,7.0,rbf,65.0,COMPLETE,0.0045611062087118,0.0001818145101424,1.3439544090942944e-05,
44027.0,r1_08_PPV,2.0,2.0,9.766223456608714e-07,2022-11-05 12:09:06.706797,2022-11-05 12:39:19.983469,0 days 00:30:13.276672,1.0,2.0,512.0,0.0016935021233059,173.0,6.0,matern1.5,47.0,COMPLETE,3.258123570049065e-06,1.4744381360287662e-06,,
44027.0,r1_08_PPV,2.0,3.0,0.0598687678575515,2022-11-05 12:39:19.984052,2022-11-05 12:40:48.925894,0 days 00:01:28.941842,1.0,3.0,1024.0,0.0001562503614139,288.0,4.0,matern0.5,,PRUNED,0.0598687678575515,,,
44027.0,r1_08_PPV,2.0,4.0,0.0002001426473725,2022-11-05 12:40:48.926291,2022-11-05 13:05:10.901482,0 days 00:24:21.975191,2.0,3.0,512.0,0.0001485215659075,532.0,14.0,rbf,,PRUNED,0.0022661762777715,0.0002001426473725,,
44027.0,r1_08_PPV,2.0,5.0,7.655738045286853e-06,2022-11-05 13:05:10.902015,2022-11-05 13:11:43.487809,0 days 00:06:32.585794,2.0,2.0,2048.0,0.0517190398908877,71.0,14.0,matern1.5,9.0,COMPLETE,,,,
44027.0,r1_08_PPV,2.0,6.0,1.2565043334689108e-06,2022-11-05 13:11:43.488394,2022-11-05 13:41:46.797611,0 days 00:30:03.309217,1.0,3.0,512.0,0.0006965450110519,411.0,10.0,matern1.5,32.0,COMPLETE,0.0001762476458679,8.51985805638833e-06,1.6319105498041608e-06,
44027.0,r1_08_PPV,2.0,7.0,6.10812230661395e-06,2022-11-05 13:41:46.798196,2022-11-05 13:50:12.023478,0 days 00:08:25.225282,3.0,1.0,2048.0,0.019565561869498,374.0,12.0,matern0.5,,PRUNED,6.10812230661395e-06,,,
44027.0,r1_08_PPV,2.0,8.0,0.060093555599451,2022-11-05 13:50:12.023857,2022-11-05 13:51:20.949041,0 days 00:01:08.925184,2.0,1.0,2048.0,0.0011348466423048,51.0,13.0,rbf,,PRUNED,0.060093555599451,,,
44027.0,r1_08_PPV,2.0,9.0,0.0034317530225962,2022-11-05 13:51:20.949423,2022-11-05 13:56:00.308174,0 days 00:04:39.358751,3.0,3.0,2048.0,0.0956125410933472,60.0,3.0,matern1.5,,PRUNED,7.111625745892525e-05,0.0034317530225962,,
44027.0,r1_08_PPV,2.0,10.0,4.995640119886957e-05,2022-11-05 13:56:00.308605,2022-11-05 14:04:57.440156,0 days 00:08:57.131551,2.0,4.0,2048.0,0.0194958406541125,596.0,3.0,matern1.5,,PRUNED,4.995640119886957e-05,,,
44027.0,r1_08_PPV,2.0,11.0,0.1009002476930618,2022-11-05 14:04:57.440531,2022-11-05 14:05:51.717268,0 days 00:00:54.276737,1.0,1.0,2048.0,0.0001366894429427,72.0,7.0,matern1.5,,PRUNED,0.1009002476930618,,,
44027.0,r1_08_PPV,2.0,12.0,0.0603328198194503,2022-11-05 14:05:51.717653,2022-11-05 14:09:49.917535,0 days 00:03:58.199882,3.0,1.0,512.0,0.0176622892636326,94.0,6.0,matern0.5,,PRUNED,0.0603328198194503,,,
44027.0,r1_08_PPV,2.0,13.0,7.413862476823851e-05,2022-11-05 14:09:49.917920,2022-11-05 14:11:51.384870,0 days 00:02:01.466950,1.0,2.0,2048.0,0.0947697183355546,144.0,3.0,rbf,,PRUNED,4.0688108128961176e-05,7.413862476823851e-05,,
44027.0,r1_08_PPV,2.0,14.0,0.0600914880633354,2022-11-05 14:11:51.385276,2022-11-05 14:14:22.328944,0 days 00:02:30.943668,2.0,1.0,1024.0,0.0005107251660261,278.0,13.0,matern0.5,,PRUNED,0.0600914880633354,,,
44027.0,r1_08_PPV,2.0,15.0,4.120687663089484e-06,2022-11-05 14:14:22.329344,2022-11-05 14:49:28.416533,0 days 00:35:06.087189,4.0,2.0,512.0,0.0054580390791826,794.0,10.0,matern1.5,1.0,COMPLETE,1.2908212738693692e-05,,,
44027.0,r1_08_PPV,2.0,16.0,0.0002061507839243,2022-11-05 14:49:28.417130,2022-11-05 14:51:47.276848,0 days 00:02:18.859718,1.0,4.0,1024.0,0.0008536475732603,478.0,10.0,rbf,,PRUNED,0.0002061507839243,,,
44027.0,r1_08_PPV,2.0,17.0,0.0001396392908645,2022-11-05 14:51:47.277291,2022-11-05 14:54:07.551109,0 days 00:02:20.273818,1.0,4.0,2048.0,0.0013183238002493,137.0,2.0,matern1.5,,PRUNED,0.0001396392908645,,,
44027.0,r1_08_PPV,2.0,18.0,2.0648210465878947e-06,2022-11-05 14:54:07.551545,2022-11-05 15:14:27.930213,0 days 00:20:20.378668,1.0,2.0,512.0,0.002597345782821,373.0,9.0,matern1.5,,PRUNED,6.568734988832148e-06,2.554286766098812e-06,2.0648210465878947e-06,
44027.0,r1_08_PPV,2.0,19.0,0.0037632242310792,2022-11-05 15:14:27.930604,2022-11-05 15:15:56.504341,0 days 00:01:28.573737,1.0,4.0,1024.0,0.0004612000213397,180.0,6.0,matern1.5,,PRUNED,0.0037632242310792,,,
44027.0,r1_08_PPV,2.0,20.0,8.343238846464374e-07,2022-11-05 15:15:56.504771,2022-11-05 15:37:54.686543,0 days 00:21:58.181772,1.0,2.0,1024.0,0.0039184743257488,704.0,11.0,rbf,23.0,COMPLETE,4.593345693137962e-06,4.327716851548757e-06,,
44027.0,r1_08_PPV,2.0,21.0,1.3885942280467134e-06,2022-11-05 15:37:54.687145,2022-11-05 16:08:59.071131,0 days 00:31:04.383986,2.0,2.0,512.0,0.0077387642971761,699.0,12.0,rbf,7.0,COMPLETE,7.215860932774376e-06,1.3885942280467134e-06,,
44027.0,r1_08_PPV,2.0,22.0,0.0597753897309303,2022-11-05 16:08:59.071687,2022-11-05 16:15:44.700454,0 days 00:06:45.628767,3.0,4.0,1024.0,0.0001318879306594,100.0,10.0,rbf,,PRUNED,0.0597753897309303,,,
44027.0,r1_08_PPV,2.0,23.0,9.421024515177123e-06,2022-11-05 16:15:44.700940,2022-11-05 16:33:12.084707,0 days 00:17:27.383767,2.0,1.0,1024.0,0.0037300420085982,295.0,15.0,rbf,,PRUNED,9.421024515177123e-06,,,
44027.0,r1_08_PPV,2.0,24.0,5.303088983055204e-06,2022-11-05 16:33:12.085040,2022-11-05 16:50:56.063265,0 days 00:17:43.978225,3.0,3.0,512.0,0.0024145256909387,284.0,11.0,matern1.5,,PRUNED,1.2974076526006684e-05,5.303088983055204e-06,,
44027.0,r1_08_PPV,2.0,25.0,6.827877314208308e-06,2022-11-05 16:50:56.063778,2022-11-05 16:59:38.472712,0 days 00:08:42.408934,2.0,2.0,1024.0,0.0120661032194717,388.0,8.0,matern1.5,,PRUNED,4.397065367811592e-06,6.827877314208308e-06,,
44027.0,r1_08_PPV,2.0,26.0,7.96583935880335e-06,2022-11-05 16:59:38.473143,2022-11-05 17:01:42.256828,0 days 00:02:03.783685,1.0,2.0,2048.0,0.0034061195921859,101.0,6.0,rbf,,PRUNED,7.96583935880335e-06,,,
44027.0,r1_08_PPV,2.0,27.0,1.5111759239516689e-06,2022-11-05 17:01:42.257214,2022-11-05 17:15:34.838855,0 days 00:13:52.581641,1.0,4.0,512.0,0.0346002848161838,680.0,15.0,rbf,4.0,COMPLETE,1.5111759239516689e-06,,,
44027.0,r1_08_PPV,2.0,28.0,0.000689469219651,2022-11-05 17:15:34.839432,2022-11-05 17:20:10.771681,0 days 00:04:35.932249,2.0,3.0,1024.0,0.0014704779164532,369.0,11.0,matern0.5,,PRUNED,0.000689469219651,,,
44027.0,r1_08_PPV,2.0,29.0,2.4708819182706065e-05,2022-11-05 17:20:10.772139,2022-11-05 17:24:34.853337,0 days 00:04:24.081198,4.0,2.0,1024.0,0.0044059664415907,219.0,9.0,matern1.5,,PRUNED,2.4708819182706065e-05,,,
44027.0,r1_08_PPV,2.0,30.0,1.8014534362009729e-06,2022-11-05 17:24:34.853829,2022-11-05 17:55:35.141041,0 days 00:31:00.287212,2.0,2.0,512.0,0.0108550544213929,600.0,12.0,rbf,10.0,COMPLETE,3.240945488869329e-06,3.343991465953877e-06,,
44027.0,r1_08_PPV,2.0,31.0,5.702537600882352e-05,2022-11-05 17:55:35.141604,2022-11-05 18:17:55.769063,0 days 00:22:20.627459,3.0,3.0,512.0,0.0072600374257839,749.0,12.0,rbf,,PRUNED,5.702537600882352e-05,,,
44027.0,r1_08_PPV,2.0,32.0,6.34579555480741e-06,2022-11-05 18:17:55.769609,2022-11-05 18:33:04.151144,0 days 00:15:08.381535,2.0,2.0,512.0,0.0031645790807072,445.0,11.0,rbf,,PRUNED,5.206923560763244e-06,6.34579555480741e-06,,
44027.0,r1_08_PPV,2.0,33.0,1.488801785853866e-06,2022-11-05 18:33:04.151632,2022-11-05 18:45:12.636610,0 days 00:12:08.484978,1.0,4.0,512.0,0.0304043070201865,626.0,15.0,rbf,4.0,COMPLETE,1.488801785853866e-06,,,
44027.0,r1_08_PPV,2.0,34.0,1.0589430530671962e-05,2022-11-05 18:45:12.637169,2022-11-05 19:01:38.628215,0 days 00:16:25.991046,3.0,3.0,512.0,0.0019741310056248,587.0,13.0,rbf,,PRUNED,1.0589430530671962e-05,,,
44027.0,r1_08_PPV,2.0,35.0,0.0031478959135711,2022-11-05 19:01:38.628747,2022-11-05 19:03:48.730354,0 days 00:02:10.101607,1.0,2.0,2048.0,0.0004191881036267,111.0,2.0,matern1.5,,PRUNED,0.0031478959135711,,,
44027.0,r1_08_PPV,2.0,36.0,7.187999926827615e-06,2022-11-05 19:03:48.730748,2022-11-05 19:25:51.870233,0 days 00:22:03.139485,4.0,1.0,512.0,0.0220259693946964,318.0,7.0,matern1.5,8.0,COMPLETE,,,,
44027.0,r1_08_PPV,2.0,37.0,0.0017980324337258,2022-11-05 19:25:51.870799,2022-11-05 19:47:20.696125,0 days 00:21:28.825326,4.0,2.0,512.0,0.0002742671084689,775.0,10.0,rbf,,PRUNED,0.0017980324337258,,,
44027.0,r1_08_PPV,2.0,38.0,3.1392915843753144e-05,2022-11-05 19:47:20.696687,2022-11-05 19:52:17.555177,0 days 00:04:56.858490,2.0,3.0,2048.0,0.0079751841969712,422.0,12.0,matern0.5,,PRUNED,3.1392915843753144e-05,,,
44027.0,r1_08_PPV,2.0,39.0,1.3244645060694893e-06,2022-11-05 19:52:17.555608,2022-11-05 20:03:27.925037,0 days 00:11:10.369429,1.0,2.0,512.0,0.0037696730471175,329.0,8.0,rbf,12.0,COMPLETE,2.927623654613853e-06,3.893364919349551e-06,,
44027.0,r1_08_PPV,2.0,40.0,5.875020178791601e-06,2022-11-05 20:03:27.925598,2022-11-05 20:33:42.933193,0 days 00:30:15.007595,4.0,1.0,512.0,0.0036589686618146,119.0,14.0,matern0.5,19.0,COMPLETE,,,,
44027.0,r1_08_PPV,2.0,41.0,1.9268385585746728e-05,2022-11-05 20:33:42.933758,2022-11-05 21:09:22.828137,0 days 00:35:39.894379,4.0,4.0,1024.0,0.0042992446729623,767.0,10.0,matern0.5,1.0,COMPLETE,,,,
44027.0,r1_08_PPV,2.0,42.0,0.0007482386427,2022-11-05 21:09:22.828723,2022-11-05 21:11:13.929348,0 days 00:01:51.100625,1.0,4.0,1024.0,0.0007645125460556,321.0,8.0,matern1.5,,PRUNED,0.0007482386427,,,
44027.0,r1_08_PPV,2.0,43.0,5.734686510550091e-06,2022-11-05 21:11:13.929806,2022-11-05 21:16:21.897267,0 days 00:05:07.967461,1.0,1.0,512.0,0.0190407324041531,81.0,6.0,rbf,6.0,COMPLETE,,,,
44027.0,r1_08_PPV,2.0,44.0,4.565793915389804e-06,2022-11-05 21:16:21.897862,2022-11-05 21:20:44.414573,0 days 00:04:22.516711,1.0,1.0,1024.0,0.0826545839004574,158.0,4.0,matern1.5,9.0,COMPLETE,,,,
44027.0,r1_08_PPV,2.0,45.0,1.3245084119262174e-05,2022-11-05 21:20:44.415155,2022-11-05 21:41:00.440865,0 days 00:20:16.025710,2.0,1.0,512.0,0.0009375991955907,685.0,10.0,matern1.5,,PRUNED,1.3245084119262174e-05,,,
44027.0,r1_08_PPV,2.0,46.0,0.0029103555716574,2022-11-05 21:41:00.441451,2022-11-05 21:42:19.299727,0 days 00:01:18.858276,1.0,3.0,1024.0,0.0003147519935453,202.0,5.0,rbf,,PRUNED,0.0029103555716574,,,
44027.0,r1_08_PPV,2.0,47.0,1.502847680967534e-06,2022-11-05 21:42:19.300177,2022-11-05 21:53:35.392269,0 days 00:11:16.092092,1.0,2.0,512.0,0.0041584838690249,524.0,8.0,rbf,8.0,COMPLETE,2.739219098657486e-06,2.2950584934733342e-06,,
44027.0,r1_08_PPV,2.0,48.0,0.0012698223581537,2022-11-05 21:53:35.392855,2022-11-05 22:00:23.488688,0 days 00:06:48.095833,1.0,4.0,1024.0,0.0001734821162438,555.0,10.0,rbf,,PRUNED,0.0012698223581537,,,
44027.0,r1_08_PPV,2.0,49.0,9.996653034249905e-07,2022-11-05 22:00:23.489120,2022-11-05 22:17:03.105723,0 days 00:16:39.616603,1.0,2.0,512.0,0.0015908663572849,320.0,9.0,rbf,22.0,COMPLETE,8.5932515503373e-06,2.0580293949024053e-06,,
44027.0,r1_08_PPV,2.0,50.0,1.4633512364525814e-05,2022-11-05 22:17:03.106289,2022-11-05 22:19:34.595864,0 days 00:02:31.489575,1.0,2.0,512.0,0.0016367856224215,319.0,7.0,rbf,,PRUNED,1.4633512364525814e-05,,,
44027.0,r1_08_PPV,2.0,51.0,2.7864170988323167e-05,2022-11-05 22:19:34.596394,2022-11-05 22:21:38.677241,0 days 00:02:04.080847,1.0,3.0,512.0,0.0011662250324193,155.0,9.0,rbf,,PRUNED,2.7864170988323167e-05,,,
44027.0,r1_08_PPV,2.0,52.0,0.0003042232419829,2022-11-05 22:21:38.677780,2022-11-05 22:36:17.152303,0 days 00:14:38.474523,2.0,3.0,2048.0,0.0002985030519316,322.0,3.0,matern1.5,,PRUNED,0.0003042232419829,,,
44027.0,r1_08_PPV,2.0,53.0,0.0001216560121974,2022-11-05 22:36:17.152619,2022-11-05 22:38:35.541443,0 days 00:02:18.388824,1.0,3.0,512.0,0.0007294267485465,236.0,10.0,rbf,,PRUNED,0.0001216560121974,,,
44027.0,r1_08_PPV,2.0,54.0,6.843392475275323e-05,2022-11-05 22:38:35.542006,2022-11-05 22:39:36.980256,0 days 00:01:01.438250,1.0,2.0,2048.0,0.003638916777951,250.0,9.0,rbf,,PRUNED,6.843392475275323e-05,,,
44027.0,r1_08_PPV,2.0,55.0,0.0005938276881352,2022-11-05 22:39:36.980659,2022-11-05 22:42:11.190623,0 days 00:02:34.209964,1.0,1.0,512.0,0.0011652207504856,337.0,6.0,matern0.5,,PRUNED,0.0005938276881352,,,
44027.0,r1_08_PPV,2.0,56.0,0.0080827176570892,2022-11-05 22:42:11.191132,2022-11-05 22:44:29.010203,0 days 00:02:17.819071,1.0,3.0,1024.0,0.0002790881598686,521.0,7.0,matern1.5,,PRUNED,0.0080827176570892,,,
44027.0,r1_08_PPV,2.0,57.0,0.0002646675275173,2022-11-05 22:44:29.010720,2022-11-05 22:45:31.929280,0 days 00:01:02.918560,1.0,2.0,2048.0,0.0020074063997564,443.0,2.0,rbf,,PRUNED,0.0002646675275173,,,
44027.0,r1_08_PPV,2.0,58.0,,2022-11-05 22:45:31.929690,2022-11-05 22:45:32.310415,0 days 00:00:00.380725,4.0,3.0,2048.0,0.0281020957451421,463.0,10.0,matern1.5,,FAIL,,,,
44027.0,r1_08_PPV,3.0,0.0,1.62265450853738e-06,2022-11-06 00:25:08.716901,2022-11-06 00:55:23.754794,0 days 00:30:15.037893,2.0,1.0,1024.0,0.001,200.0,10.0,rbf,61.0,COMPLETE,0.0006368604372255,8.36312974570319e-05,5.417980901256669e-06,"{'n_gp_layers': 2, 'n_gp_out': 1, 'num_inducing': 200, 'batch_size': 1024, 'lr': 0.001, 'num_samples': 10, 'kernel_type': 'rbf'}"
44027.0,r1_08_PPV,3.0,1.0,0.0118657955899834,2022-11-06 00:55:23.755409,2022-11-06 00:57:23.124748,0 days 00:01:59.369339,1.0,1.0,512.0,0.0001631876351297,176.0,6.0,rbf,,PRUNED,0.0118657955899834,,,
44027.0,r1_08_PPV,3.0,2.0,2.7450889774627285e-06,2022-11-06 00:57:23.125221,2022-11-06 01:27:42.570182,0 days 00:30:19.444961,2.0,4.0,512.0,0.0003912710710305,159.0,7.0,rbf,30.0,COMPLETE,0.0003789262846112,3.250315421610139e-05,3.1309482437791303e-06,
44027.0,r1_08_PPV,3.0,3.0,1.0635400030878372e-05,2022-11-06 01:27:42.570844,2022-11-06 01:51:06.005063,0 days 00:23:23.434219,3.0,1.0,1024.0,0.0073807484545066,446.0,4.0,matern1.5,,PRUNED,2.8119917260482907e-05,2.124543971149251e-05,1.0635400030878372e-05,
44027.0,r1_08_PPV,3.0,4.0,2.230016889370745e-06,2022-11-06 01:51:06.005374,2022-11-06 02:21:14.929178,0 days 00:30:08.923804,1.0,1.0,1024.0,0.0007436910354964,322.0,6.0,matern1.5,74.0,COMPLETE,6.931685675226618e-06,,,
44027.0,r1_08_PPV,3.0,5.0,5.779708226327784e-05,2022-11-06 02:21:14.929807,2022-11-06 02:22:40.603520,0 days 00:01:25.673713,2.0,1.0,2048.0,0.0188548291833755,210.0,11.0,rbf,,PRUNED,5.779708226327784e-05,,,
44027.0,r1_08_PPV,3.0,6.0,0.0058044120669364,2022-11-06 02:22:40.603867,2022-11-06 02:24:01.673597,0 days 00:01:21.069730,2.0,2.0,2048.0,0.0015898557608569,58.0,7.0,matern0.5,,PRUNED,0.0058044120669364,,,
44027.0,r1_08_PPV,3.0,7.0,0.0003945352509617,2022-11-06 02:24:01.673971,2022-11-06 02:26:06.244777,0 days 00:02:04.570806,2.0,1.0,1024.0,0.0008625642873637,459.0,2.0,rbf,,PRUNED,0.0003945352509617,,,
44027.0,r1_08_PPV,3.0,8.0,2.012468394241296e-05,2022-11-06 02:26:06.245195,2022-11-06 02:35:33.014832,0 days 00:09:26.769637,4.0,1.0,2048.0,0.0574710114274413,162.0,11.0,matern1.5,9.0,COMPLETE,,,,
44027.0,r1_08_PPV,3.0,9.0,6.957021105336025e-05,2022-11-06 02:35:33.015468,2022-11-06 02:40:10.082175,0 days 00:04:37.066707,2.0,3.0,1024.0,0.0355806126091269,70.0,13.0,rbf,,PRUNED,2.285538357682526e-05,6.957021105336025e-05,,
44027.0,r1_08_PPV,3.0,10.0,1.7820925677369814e-06,2022-11-06 02:40:10.082583,2022-11-06 02:51:39.380673,0 days 00:11:29.298090,2.0,1.0,1024.0,0.0155722714952983,458.0,5.0,rbf,14.0,COMPLETE,1.05761118902592e-05,,,
44027.0,r1_08_PPV,3.0,11.0,0.0607387498021125,2022-11-06 02:51:39.381289,2022-11-06 02:53:11.027865,0 days 00:01:31.646576,2.0,2.0,2048.0,0.0002827438834657,121.0,6.0,matern1.5,,PRUNED,0.0607387498021125,,,
44027.0,r1_08_PPV,3.0,12.0,7.539091711805668e-06,2022-11-06 02:53:11.028270,2022-11-06 03:02:56.885528,0 days 00:09:45.857258,3.0,3.0,1024.0,0.0154509096879477,70.0,14.0,matern0.5,8.0,COMPLETE,1.1794329111580735e-05,8.426527529081795e-06,,
44027.0,r1_08_PPV,3.0,13.0,1.128378698922461e-06,2022-11-06 03:02:56.886164,2022-11-06 03:33:25.654123,0 days 00:30:28.767959,1.0,2.0,1024.0,0.0033697626556153,745.0,10.0,matern0.5,30.0,COMPLETE,2.7702802981366403e-05,2.883921069951612e-06,1.3870716202291078e-06,
44027.0,r1_08_PPV,3.0,14.0,1.5794264982105233e-05,2022-11-06 03:33:25.654701,2022-11-06 03:37:19.051038,0 days 00:03:53.396337,2.0,1.0,512.0,0.0884053443713271,64.0,4.0,rbf,1.0,COMPLETE,,,,
44027.0,r1_08_PPV,3.0,15.0,1.735021101012535e-06,2022-11-06 03:37:19.051621,2022-11-06 04:01:46.235568,0 days 00:24:27.183947,1.0,2.0,1024.0,0.0039111999198318,749.0,10.0,matern0.5,,PRUNED,2.461077383486554e-05,2.5038400508492487e-06,1.735021101012535e-06,
44027.0,r1_08_PPV,3.0,16.0,2.2237078155740164e-05,2022-11-06 04:01:46.235887,2022-11-06 04:06:04.223509,0 days 00:04:17.987622,1.0,2.0,1024.0,0.095775691275431,321.0,10.0,matern0.5,,PRUNED,6.7401520027488e-06,2.2237078155740164e-05,,
44027.0,r1_08_PPV,3.0,17.0,0.0601377338171005,2022-11-06 04:06:04.223926,2022-11-06 04:26:44.516562,0 days 00:20:40.292636,4.0,3.0,1024.0,0.0032503382837736,726.0,12.0,matern0.5,,PRUNED,0.0601377338171005,,,
44027.0,r1_08_PPV,3.0,18.0,0.0009738024091348,2022-11-06 04:26:44.517006,2022-11-06 04:28:15.772217,0 days 00:01:31.255211,1.0,1.0,1024.0,0.0009362918127323,285.0,9.0,matern1.5,,PRUNED,0.0009738024091348,,,
44027.0,r1_08_PPV,3.0,19.0,2.950481757579837e-05,2022-11-06 04:28:15.772688,2022-11-06 04:31:07.319112,0 days 00:02:51.546424,1.0,1.0,2048.0,0.0022437720274549,185.0,13.0,matern1.5,,PRUNED,2.950481757579837e-05,,,
44027.0,r1_08_PPV,3.0,20.0,3.1590873277309584e-06,2022-11-06 04:31:07.319513,2022-11-06 04:36:07.949297,0 days 00:05:00.629784,1.0,2.0,2048.0,0.0466979238279277,66.0,14.0,rbf,18.0,COMPLETE,4.100063051737379e-06,,,
44027.0,r1_08_PPV,3.0,21.0,0.0600853823125362,2022-11-06 04:36:07.949879,2022-11-06 04:38:43.259081,0 days 00:02:35.309202,3.0,1.0,2048.0,0.0008331758978503,87.0,3.0,matern1.5,2.0,COMPLETE,,,,
44027.0,r1_08_PPV,3.0,22.0,1.7379077235091245e-06,2022-11-06 04:38:43.259651,2022-11-06 05:06:37.380262,0 days 00:27:54.120611,3.0,2.0,512.0,0.001360228151017,104.0,15.0,rbf,,PRUNED,1.8544764316175133e-05,5.085715201857965e-06,1.7379077235091245e-06,
44027.0,r1_08_PPV,3.0,23.0,0.0680396109819412,2022-11-06 05:06:37.380617,2022-11-06 05:22:02.788267,0 days 00:15:25.407650,4.0,4.0,1024.0,0.000105451088938,502.0,8.0,matern0.5,,PRUNED,0.0680396109819412,,,
44027.0,r1_08_PPV,3.0,24.0,0.0008646153728477,2022-11-06 05:22:02.788738,2022-11-06 05:23:38.621150,0 days 00:01:35.832412,1.0,3.0,1024.0,0.0004554429084766,275.0,12.0,rbf,,PRUNED,0.0008646153728477,,,
44027.0,r1_08_PPV,3.0,25.0,7.145884592318907e-05,2022-11-06 05:23:38.621577,2022-11-06 05:25:44.826055,0 days 00:02:06.204478,3.0,2.0,2048.0,0.0066851174283569,112.0,9.0,matern0.5,,PRUNED,7.145884592318907e-05,,,
44027.0,r1_08_PPV,3.0,26.0,1.285902385461668e-06,2022-11-06 05:25:44.826495,2022-11-06 05:56:18.910256,0 days 00:30:34.083761,1.0,1.0,512.0,0.0019553881156694,566.0,12.0,matern1.5,24.0,COMPLETE,8.99189126357669e-06,3.436167389736511e-06,1.285902385461668e-06,
44027.0,r1_08_PPV,3.0,27.0,2.560830807851744e-06,2022-11-06 05:56:18.910844,2022-11-06 06:13:34.590544,0 days 00:17:15.679700,2.0,1.0,512.0,0.0044483400495689,115.0,14.0,matern1.5,17.0,COMPLETE,4.0362815525440965e-06,,,
44027.0,r1_08_PPV,3.0,28.0,9.411075438947593e-07,2022-11-06 06:13:34.591145,2022-11-06 06:44:39.920133,0 days 00:31:05.328988,1.0,4.0,512.0,0.0026333048900766,533.0,15.0,matern1.5,20.0,COMPLETE,6.500802101072623e-06,1.649779619583569e-06,,
44027.0,r1_08_PPV,3.0,29.0,1.1040768868042503e-06,2022-11-06 06:44:39.920685,2022-11-06 07:15:51.740897,0 days 00:31:11.820212,1.0,4.0,512.0,0.0021634699391552,566.0,15.0,matern1.5,19.0,COMPLETE,9.534696800983513e-06,1.840825234467048e-06,,
44027.0,r1_08_PPV,3.0,30.0,3.209584974683821e-06,2022-11-06 07:15:51.741475,2022-11-06 07:24:07.780392,0 days 00:08:16.038917,1.0,4.0,512.0,0.0054111684519291,368.0,15.0,matern1.5,,PRUNED,7.2059742706187535e-06,3.209584974683821e-06,,
44027.0,r1_08_PPV,3.0,31.0,0.0600930675864219,2022-11-06 07:24:07.780887,2022-11-06 07:28:24.313440,0 days 00:04:16.532553,4.0,1.0,1024.0,0.0145159364554146,69.0,11.0,matern0.5,1.0,COMPLETE,,,,
44027.0,r1_08_PPV,3.0,32.0,1.2414054708642652e-06,2022-11-06 07:28:24.314007,2022-11-06 07:59:16.739866,0 days 00:30:52.425859,1.0,4.0,512.0,0.0024311320729682,625.0,14.0,matern1.5,17.0,COMPLETE,1.8014039596891962e-05,1.986604047488072e-06,,
44027.0,r1_08_PPV,3.0,33.0,4.842982889385894e-06,2022-11-06 07:59:16.740431,2022-11-06 08:05:13.315836,0 days 00:05:56.575405,2.0,1.0,1024.0,0.0121152264393015,109.0,5.0,rbf,10.0,COMPLETE,,,,
44027.0,r1_08_PPV,3.0,34.0,4.104320851183729e-06,2022-11-06 08:05:13.316397,2022-11-06 08:15:25.034159,0 days 00:10:11.717762,1.0,1.0,512.0,0.0044097785581508,198.0,3.0,matern1.5,14.0,COMPLETE,,,,
44027.0,r1_08_PPV,3.0,35.0,2.9114250992279267e-06,2022-11-06 08:15:25.034755,2022-11-06 08:23:51.939095,0 days 00:08:26.904340,1.0,3.0,512.0,0.0112445407574784,391.0,14.0,matern1.5,,PRUNED,1.6936932297539897e-05,2.9114250992279267e-06,,
44027.0,r1_08_PPV,3.0,36.0,3.000920969498111e-06,2022-11-06 08:23:51.939582,2022-11-06 08:43:02.544421,0 days 00:19:10.604839,1.0,4.0,512.0,0.0035913862391461,796.0,15.0,matern1.5,,PRUNED,8.243706361099612e-06,3.000920969498111e-06,,
44027.0,r1_08_PPV,3.0,37.0,1.0825618119270077e-05,2022-11-06 08:43:02.544986,2022-11-06 08:56:29.172057,0 days 00:13:26.627071,4.0,3.0,512.0,0.0108767082644154,115.0,5.0,matern0.5,,PRUNED,1.0825618119270077e-05,,,
44027.0,r1_08_PPV,3.0,38.0,0.0001699099520919,2022-11-06 08:56:29.172616,2022-11-06 09:01:27.157601,0 days 00:04:57.984985,1.0,3.0,512.0,0.0006217904924687,588.0,13.0,matern1.5,,PRUNED,0.0001699099520919,,,
44027.0,r1_08_PPV,3.0,39.0,2.915356844823691e-06,2022-11-06 09:01:27.158132,2022-11-06 09:12:29.706030,0 days 00:11:02.547898,1.0,4.0,512.0,0.0295375162774771,639.0,13.0,matern1.5,3.0,COMPLETE,6.596571438421961e-06,,,
44027.0,r1_08_PPV,3.0,40.0,1.943373945323401e-06,2022-11-06 09:12:29.706587,2022-11-06 09:42:53.300469,0 days 00:30:23.593882,1.0,4.0,512.0,0.0005455149779443,764.0,5.0,matern0.5,20.0,COMPLETE,,,,
44027.0,r1_08_PPV,3.0,41.0,1.48258379795152e-06,2022-11-06 09:42:53.301014,2022-11-06 10:01:59.930130,0 days 00:19:06.629116,1.0,3.0,512.0,0.0024133539597855,513.0,11.0,matern1.5,13.0,COMPLETE,6.2951889958640095e-06,1.8531364958107588e-06,,
44027.0,r1_08_PPV,3.0,42.0,1.618097667233087e-05,2022-11-06 10:01:59.930723,2022-11-06 10:05:22.679758,0 days 00:03:22.749035,1.0,1.0,1024.0,0.0167982602649362,284.0,9.0,rbf,,PRUNED,1.618097667233087e-05,,,
44027.0,r1_08_PPV,3.0,43.0,0.0019801862072199,2022-11-06 10:05:22.680190,2022-11-06 10:07:44.291116,0 days 00:02:21.610926,1.0,1.0,2048.0,0.0005141250401939,162.0,14.0,rbf,,PRUNED,0.0019801862072199,,,
44027.0,r1_08_PPV,3.0,44.0,7.532301242463291e-05,2022-11-06 10:07:44.291517,2022-11-06 10:10:36.040251,0 days 00:02:51.748734,1.0,4.0,512.0,0.0012547689300325,385.0,4.0,matern0.5,,PRUNED,7.532301242463291e-05,,,
44027.0,r1_08_PPV,3.0,45.0,6.356293852149975e-06,2022-11-06 10:10:36.040752,2022-11-06 10:40:51.859293,0 days 00:30:15.818541,1.0,2.0,1024.0,0.0001328948605414,330.0,12.0,rbf,66.0,COMPLETE,,,,
44027.0,r1_08_PPV,3.0,46.0,3.039613375221961e-06,2022-11-06 10:40:51.859857,2022-11-06 10:50:04.129174,0 days 00:09:12.269317,1.0,3.0,2048.0,0.0101517498726193,247.0,11.0,matern1.5,,PRUNED,1.4364209164341446e-05,2.2967160475673154e-06,3.039613375221961e-06,
44027.0,r1_08_PPV,3.0,47.0,0.0012612615246325,2022-11-06 10:50:04.129479,2022-11-06 11:04:25.399999,0 days 00:14:21.270520,2.0,2.0,1024.0,0.0001657047703297,767.0,7.0,rbf,,PRUNED,0.0012612615246325,,,
44027.0,r1_08_PPV,3.0,48.0,1.858534233178944e-06,2022-11-06 11:04:25.400446,2022-11-06 11:35:33.742234,0 days 00:31:08.341788,2.0,2.0,512.0,0.0040782375164655,432.0,7.0,matern1.5,19.0,COMPLETE,2.4985156414913945e-06,,,
44027.0,r1_08_PPV,3.0,49.0,1.3631993169838097e-06,2022-11-06 11:35:33.742804,2022-11-06 11:59:44.825263,0 days 00:24:11.082459,1.0,4.0,512.0,0.0026439321429799,695.0,14.0,matern1.5,10.0,COMPLETE,5.898775270907208e-06,1.3631993169838097e-06,,
44027.0,r1_08_PPV,3.0,50.0,3.647973244369496e-06,2022-11-06 11:59:44.825865,2022-11-06 12:12:27.082256,0 days 00:12:42.256391,1.0,4.0,512.0,0.004421815854324,546.0,15.0,matern1.5,,PRUNED,6.574131930392468e-06,3.647973244369496e-06,,
44027.0,r1_08_PPV,3.0,51.0,1.178196725959424e-06,2022-11-06 12:12:27.082772,2022-11-06 12:43:09.899848,0 days 00:30:42.817076,1.0,4.0,512.0,0.0020129667771642,650.0,14.0,matern1.5,15.0,COMPLETE,1.0201315490121488e-05,2.046507916020346e-06,,
44027.0,r1_08_PPV,3.0,52.0,0.0001674576633377,2022-11-06 12:43:09.900435,2022-11-06 12:46:52.205563,0 days 00:03:42.305128,1.0,3.0,512.0,0.0007073173672565,452.0,13.0,matern1.5,,PRUNED,0.0001674576633377,,,
44027.0,r1_08_PPV,3.0,53.0,2.130932807631325e-05,2022-11-06 12:46:52.206057,2022-11-06 12:54:33.357736,0 days 00:07:41.151679,1.0,4.0,512.0,0.0014456020722714,791.0,15.0,matern1.5,,PRUNED,2.130932807631325e-05,,,
44027.0,r1_08_PPV,3.0,54.0,4.794051164935809e-06,2022-11-06 12:54:33.358254,2022-11-06 13:06:40.863419,0 days 00:12:07.505165,2.0,4.0,1024.0,0.0034935918843135,412.0,7.0,matern1.5,,PRUNED,4.794051164935809e-06,,,
44027.0,r1_08_PPV,3.0,55.0,2.756939920800505e-06,2022-11-06 13:06:40.863868,2022-11-06 13:38:31.299706,0 days 00:31:50.435838,2.0,3.0,512.0,0.007698823943304,659.0,14.0,matern1.5,4.0,COMPLETE,3.159803327434929e-06,,,
44027.0,r1_08_PPV,3.0,56.0,4.669277586799581e-06,2022-11-06 13:38:31.300262,2022-11-06 13:53:36.515629,0 days 00:15:05.215367,2.0,4.0,2048.0,0.0155070574305838,273.0,13.0,matern1.5,9.0,COMPLETE,,,,
44027.0,r1_08_PPV,3.0,57.0,1.872379834821913e-05,2022-11-06 13:53:36.516192,2022-11-06 13:56:36.326949,0 days 00:02:59.810757,1.0,4.0,512.0,0.0018145002948073,344.0,12.0,matern0.5,,PRUNED,1.872379834821913e-05,,,
44027.0,r1_08_PPV,3.0,58.0,0.0616092607378959,2022-11-06 13:56:36.327441,2022-11-06 13:58:06.300545,0 days 00:01:29.973104,2.0,2.0,2048.0,0.0002881788905455,171.0,4.0,matern1.5,,PRUNED,0.0616092607378959,,,
44027.0,r1_08_PPV,3.0,59.0,7.907093277026433e-06,2022-11-06 13:58:06.300944,2022-11-06 14:21:24.537917,0 days 00:23:18.236973,3.0,2.0,512.0,0.0072450187510223,538.0,6.0,matern1.5,,PRUNED,7.907093277026433e-06,,,
44027.0,r1_08_PPV,3.0,60.0,0.0600391067564487,2022-11-06 14:21:24.538441,2022-11-06 14:32:18.565197,0 days 00:10:54.026756,4.0,3.0,512.0,0.0002994842723772,55.0,15.0,matern0.5,3.0,COMPLETE,,,,
44027.0,r1_08_PPV,3.0,61.0,2.367259867241956e-06,2022-11-06 14:32:18.565790,2022-11-06 14:49:36.635289,0 days 00:17:18.069499,2.0,4.0,512.0,0.0051310851330198,426.0,7.0,rbf,,PRUNED,7.472011020581704e-06,2.367259867241956e-06,,
44027.0,r1_08_PPV,3.0,62.0,0.001432673423551,2022-11-06 14:49:36.635790,2022-11-06 14:50:57.184256,0 days 00:01:20.548466,1.0,3.0,1024.0,0.0010957350992924,218.0,2.0,matern0.5,,PRUNED,0.001432673423551,,,
44027.0,r1_08_PPV,3.0,63.0,1.0168706694457796e-06,2022-11-06 14:50:57.184728,2022-11-06 15:21:52.098204,0 days 00:30:54.913476,1.0,4.0,512.0,0.0023242674032341,630.0,14.0,matern1.5,17.0,COMPLETE,6.298978405538946e-06,1.5205018826236485e-06,,
44027.0,r1_08_PPV,3.0,64.0,1.2004017662547994e-05,2022-11-06 15:21:52.098835,2022-11-06 15:26:04.063584,0 days 00:04:11.964749,1.0,4.0,512.0,0.0023112470943042,487.0,14.0,matern1.5,,PRUNED,1.2004017662547994e-05,,,
44027.0,r1_08_PPV,3.0,65.0,1.2446886103134602e-05,2022-11-06 15:26:04.064080,2022-11-06 15:34:41.138728,0 days 00:08:37.074648,3.0,3.0,1024.0,0.0250455486227572,326.0,2.0,matern0.5,,PRUNED,1.2446886103134602e-05,,,
44027.0,r1_08_PPV,3.0,66.0,2.5188535346387653e-06,2022-11-06 15:34:41.139170,2022-11-06 16:06:10.837350,0 days 00:31:29.698180,2.0,2.0,512.0,0.0012959878350017,737.0,9.0,rbf,8.0,COMPLETE,3.473473270787508e-06,,,
44027.0,r1_08_PPV,3.0,67.0,1.0584824394754833e-06,2022-11-06 16:06:10.837925,2022-11-06 16:37:08.499670,0 days 00:30:57.661745,1.0,4.0,512.0,0.0017203885686687,590.0,13.0,matern1.5,19.0,COMPLETE,9.742353540787008e-06,1.5741924244139227e-06,,
44027.0,r1_08_PPV,3.0,68.0,1.0419484169688076e-05,2022-11-06 16:37:08.500261,2022-11-06 16:45:35.589135,0 days 00:08:27.088874,3.0,3.0,1024.0,0.041300153649373,260.0,11.0,matern1.5,2.0,COMPLETE,,,,
44027.0,r1_08_PPV,3.0,69.0,2.154747198801488e-05,2022-11-06 16:45:35.589715,2022-11-06 16:52:03.514931,0 days 00:06:27.925216,1.0,1.0,2048.0,0.0011083526644143,140.0,8.0,matern0.5,,PRUNED,2.154747198801488e-05,,,
44027.0,r1_08_PPV,3.0,70.0,3.734195161086973e-06,2022-11-06 16:52:03.515280,2022-11-06 17:04:00.156096,0 days 00:11:56.640816,1.0,3.0,512.0,0.0032538165515586,567.0,13.0,matern1.5,,PRUNED,6.211220352270175e-06,3.734195161086973e-06,,
44027.0,r1_08_PPV,3.0,71.0,0.0591035336256027,2022-11-06 17:04:00.156613,2022-11-06 17:16:12.630227,0 days 00:12:12.473614,3.0,4.0,1024.0,0.000587424660027,452.0,11.0,matern1.5,,PRUNED,0.0591035336256027,,,
44027.0,r1_08_PPV,3.0,72.0,5.300964403431863e-05,2022-11-06 17:16:12.630696,2022-11-06 17:32:19.364264,0 days 00:16:06.733568,2.0,4.0,512.0,0.0002823171366203,506.0,5.0,rbf,,PRUNED,5.300964403431863e-05,,,
44027.0,r1_08_PPV,3.0,73.0,5.348536433302797e-06,2022-11-06 17:32:19.364824,2022-11-06 18:02:49.584821,0 days 00:30:30.219997,1.0,1.0,512.0,0.0001308781143563,174.0,10.0,matern1.5,51.0,COMPLETE,,,,
44027.0,r1_08_PPV,3.0,74.0,5.84608687859145e-06,2022-11-06 18:02:49.585389,2022-11-06 18:32:53.656050,0 days 00:30:04.070661,1.0,1.0,2048.0,0.0001599835566807,72.0,5.0,rbf,156.0,COMPLETE,2.5320123313576914e-05,,,
44027.0,r1_08_PPV,3.0,75.0,1.017129420688434e-06,2022-11-06 18:32:53.656619,2022-11-06 19:03:01.764196,0 days 00:30:08.107577,2.0,1.0,512.0,0.0027500825113882,591.0,11.0,rbf,13.0,COMPLETE,,,,
44027.0,r1_08_PPV,3.0,76.0,0.0069811413995921,2022-11-06 19:03:01.764761,2022-11-06 19:04:10.036954,0 days 00:01:08.272193,1.0,3.0,2048.0,0.0009778262208717,139.0,15.0,matern0.5,,PRUNED,0.0069811413995921,,,
44027.0,r1_08_PPV,3.0,77.0,9.771591976459604e-06,2022-11-06 19:04:10.037378,2022-11-06 19:23:03.791052,0 days 00:18:53.753674,3.0,2.0,1024.0,0.0020141841865779,601.0,8.0,matern1.5,,PRUNED,9.771591976459604e-06,,,
44027.0,r1_08_PPV,3.0,78.0,9.144739010480408e-07,2022-11-06 19:23:03.791496,2022-11-06 19:54:16.624471,0 days 00:31:12.832975,1.0,2.0,512.0,0.0016475526384888,698.0,13.0,rbf,18.0,COMPLETE,9.099565431824884e-06,1.6069022876763484e-06,,
44027.0,r1_08_PPV,3.0,79.0,0.0600842647254467,2022-11-06 19:54:16.625024,2022-11-06 20:12:13.960788,0 days 00:17:57.335764,3.0,2.0,2048.0,0.0005272418257239,377.0,12.0,matern0.5,9.0,COMPLETE,,,,
44027.0,r1_08_PPV,4.0,0.0,2.1414025468402542e-06,2022-11-07 00:10:29.623639,2022-11-07 00:40:39.260238,0 days 00:30:09.636599,2.0,1.0,1024.0,0.001,200.0,10.0,rbf,61.0,COMPLETE,1.0477185242052656e-05,,,"{'n_gp_layers': 2, 'n_gp_out': 1, 'num_inducing': 200, 'batch_size': 1024, 'lr': 0.001, 'num_samples': 10, 'kernel_type': 'rbf'}"
44027.0,r1_08_PPV,4.0,1.0,0.0599718131124973,2022-11-07 00:40:39.260864,2022-11-07 00:46:16.319845,0 days 00:05:37.058981,4.0,1.0,1024.0,0.0007684509907957,70.0,7.0,matern0.5,3.0,COMPLETE,0.0599797405302524,,,
44027.0,r1_08_PPV,4.0,2.0,5.206710284255678e-06,2022-11-07 00:46:16.320466,2022-11-07 00:50:29.188647,0 days 00:04:12.868181,1.0,2.0,2048.0,0.0416474842965578,145.0,6.0,matern0.5,13.0,COMPLETE,8.428933142567985e-06,2.3236167180584744e-05,,
44027.0,r1_08_PPV,4.0,3.0,0.0600033290684223,2022-11-07 00:50:29.189270,2022-11-07 00:52:17.438426,0 days 00:01:48.249156,4.0,1.0,2048.0,0.0052165087128091,75.0,11.0,rbf,,PRUNED,0.0600033290684223,,,
44027.0,r1_08_PPV,4.0,4.0,1.7426348222215893e-06,2022-11-07 00:52:17.438805,2022-11-07 01:13:11.075198,0 days 00:20:53.636393,1.0,1.0,512.0,0.0038253074023276,256.0,9.0,matern0.5,32.0,COMPLETE,3.996397026639897e-06,1.843507561716251e-06,,
44027.0,r1_08_PPV,4.0,5.0,0.0638817027211189,2022-11-07 01:13:11.075765,2022-11-07 01:15:14.198722,0 days 00:02:03.122957,2.0,2.0,1024.0,0.0001228847869373,51.0,15.0,matern1.5,,PRUNED,0.0638817027211189,,,
44027.0,r1_08_PPV,4.0,6.0,0.0014280008617788,2022-11-07 01:15:14.199127,2022-11-07 01:16:47.427327,0 days 00:01:33.228200,2.0,4.0,2048.0,0.001546888760575,54.0,4.0,matern1.5,,PRUNED,0.0014280008617788,,,
44027.0,r1_08_PPV,4.0,7.0,5.398388566391077e-06,2022-11-07 01:16:47.427714,2022-11-07 01:19:28.490959,0 days 00:02:41.063245,1.0,1.0,1024.0,0.0308165417526624,54.0,9.0,rbf,,PRUNED,5.398388566391077e-06,,,
44027.0,r1_08_PPV,4.0,8.0,0.0599979422986507,2022-11-07 01:19:28.491355,2022-11-07 01:24:46.472677,0 days 00:05:17.981322,4.0,3.0,512.0,0.0001269918654914,169.0,2.0,rbf,,PRUNED,0.0599979422986507,,,
44027.0,r1_08_PPV,4.0,9.0,2.3990869522094727e-06,2022-11-07 01:24:46.473184,2022-11-07 01:28:56.955822,0 days 00:04:10.482638,1.0,1.0,1024.0,0.0091037493556206,105.0,9.0,rbf,10.0,COMPLETE,,,,
44027.0,r1_08_PPV,4.0,10.0,2.049479235211038e-06,2022-11-07 01:28:56.956414,2022-11-07 01:43:42.718027,0 days 00:14:45.761613,1.0,1.0,512.0,0.0052128776476158,130.0,4.0,rbf,26.0,COMPLETE,3.012805427715648e-05,4.059802449773997e-06,2.2202791569725377e-06,
44027.0,r1_08_PPV,4.0,11.0,2.147978875655099e-06,2022-11-07 01:43:42.718601,2022-11-07 01:55:14.505803,0 days 00:11:31.787202,1.0,1.0,1024.0,0.0044738169725975,207.0,11.0,matern0.5,28.0,COMPLETE,1.7679700249573216e-05,3.4580405099404743e-06,2.147978875655099e-06,
44027.0,r1_08_PPV,4.0,12.0,1.7445303456042893e-05,2022-11-07 01:55:14.506367,2022-11-07 01:58:50.518247,0 days 00:03:36.011880,1.0,4.0,1024.0,0.0258345128769018,109.0,15.0,matern1.5,,PRUNED,1.7445303456042893e-05,,,
44027.0,r1_08_PPV,4.0,13.0,5.693251296179369e-06,2022-11-07 01:58:50.518657,2022-11-07 02:11:23.967335,0 days 00:12:33.448678,3.0,2.0,512.0,0.0177847495511799,57.0,6.0,rbf,9.0,COMPLETE,,,,
44027.0,r1_08_PPV,4.0,14.0,0.0002815234765876,2022-11-07 02:11:23.967903,2022-11-07 02:19:12.489666,0 days 00:07:48.521763,2.0,1.0,512.0,0.0002732207906316,280.0,3.0,rbf,,PRUNED,0.0002815234765876,,,
44027.0,r1_08_PPV,4.0,15.0,0.0635641813278198,2022-11-07 02:19:12.490254,2022-11-07 02:20:42.207831,0 days 00:01:29.717577,2.0,1.0,2048.0,0.0002179054566283,360.0,4.0,matern0.5,,PRUNED,0.0635641813278198,,,
44027.0,r1_08_PPV,4.0,16.0,0.0599980242550373,2022-11-07 02:20:42.208244,2022-11-07 02:34:03.385310,0 days 00:13:21.177066,4.0,3.0,1024.0,0.0002085562109369,523.0,11.0,matern1.5,,PRUNED,0.0599980242550373,,,
44027.0,r1_08_PPV,4.0,17.0,1.4999423910921903e-05,2022-11-07 02:34:03.385781,2022-11-07 02:43:09.617073,0 days 00:09:06.231292,3.0,3.0,512.0,0.0643062313052786,113.0,10.0,matern0.5,3.0,COMPLETE,,,,
44027.0,r1_08_PPV,4.0,18.0,4.793317657458829e-06,2022-11-07 02:43:09.617679,2022-11-07 02:47:56.304849,0 days 00:04:46.687170,1.0,2.0,512.0,0.0347960760200738,113.0,2.0,rbf,,PRUNED,8.146957043209113e-06,4.793317657458829e-06,,
44027.0,r1_08_PPV,4.0,19.0,1.7402447838321675e-06,2022-11-07 02:47:56.305369,2022-11-07 02:54:05.379306,0 days 00:06:09.073937,1.0,1.0,512.0,0.008850902441249,279.0,10.0,rbf,6.0,COMPLETE,3.341370074849692e-06,2.375137228227686e-06,,
44027.0,r1_08_PPV,4.0,20.0,3.684145895022084e-06,2022-11-07 02:54:05.379841,2022-11-07 02:59:37.824129,0 days 00:05:32.444288,1.0,1.0,512.0,0.0126027519561533,278.0,9.0,rbf,,PRUNED,1.743475422699703e-06,3.684145895022084e-06,,
44027.0,r1_08_PPV,4.0,21.0,3.4230486107844627e-06,2022-11-07 02:59:37.824637,2022-11-07 03:30:11.266780,0 days 00:30:33.442143,1.0,1.0,512.0,0.000469282442381,227.0,12.0,matern1.5,47.0,COMPLETE,5.275535841064993e-06,,,
44027.0,r1_08_PPV,4.0,22.0,9.850095011643134e-06,2022-11-07 03:30:11.267314,2022-11-07 03:36:03.819426,0 days 00:05:52.552112,1.0,1.0,512.0,0.0125655332248444,798.0,14.0,rbf,,PRUNED,9.850095011643134e-06,,,
44027.0,r1_08_PPV,4.0,23.0,3.982914677180816e-06,2022-11-07 03:36:03.819923,2022-11-07 03:43:15.508670,0 days 00:07:11.688747,2.0,2.0,512.0,0.0126620874889927,108.0,9.0,rbf,5.0,COMPLETE,5.611378128378419e-06,,,
44027.0,r1_08_PPV,4.0,24.0,3.798682428168832e-06,2022-11-07 03:43:15.509210,2022-11-07 04:04:21.963405,0 days 00:21:06.454195,3.0,1.0,512.0,0.0116352465772514,121.0,11.0,rbf,18.0,COMPLETE,,,,
44027.0,r1_08_PPV,4.0,25.0,8.93428223207593e-05,2022-11-07 04:04:21.963939,2022-11-07 04:09:08.964098,0 days 00:04:47.000159,3.0,1.0,512.0,0.0014671630466658,261.0,7.0,rbf,,PRUNED,8.93428223207593e-05,,,
44027.0,r1_08_PPV,4.0,26.0,8.825612894725055e-06,2022-11-07 04:09:08.964634,2022-11-07 04:12:29.148174,0 days 00:03:20.183540,1.0,3.0,512.0,0.0073445522055645,434.0,13.0,rbf,,PRUNED,8.825612894725055e-06,,,
44027.0,r1_08_PPV,4.0,27.0,2.127609604940517e-06,2022-11-07 04:12:29.148698,2022-11-07 04:27:51.237848,0 days 00:15:22.089150,2.0,2.0,1024.0,0.0064200389108018,189.0,12.0,matern0.5,21.0,COMPLETE,3.654077090686769e-06,,,
44027.0,r1_08_PPV,4.0,28.0,1.622929448785726e-05,2022-11-07 04:27:51.238479,2022-11-07 04:31:39.516996,0 days 00:03:48.278517,3.0,2.0,512.0,0.0771478219666304,120.0,5.0,rbf,,PRUNED,1.622929448785726e-05,,,
44027.0,r1_08_PPV,4.0,29.0,1.6918997971515637e-06,2022-11-07 04:31:39.517493,2022-11-07 04:43:23.597603,0 days 00:11:44.080110,1.0,2.0,512.0,0.0056281496699377,104.0,5.0,rbf,19.0,COMPLETE,3.7474214877875056e-06,,,
44027.0,r1_08_PPV,4.0,30.0,1.7332730521957274e-06,2022-11-07 04:43:23.598171,2022-11-07 04:50:52.847831,0 days 00:07:29.249660,1.0,4.0,512.0,0.0021228639618951,238.0,8.0,rbf,7.0,COMPLETE,8.567626537114847e-06,2.1260639186948538e-06,,
44027.0,r1_08_PPV,4.0,31.0,0.0004244506708346,2022-11-07 04:50:52.848391,2022-11-07 05:01:47.901646,0 days 00:10:55.053255,1.0,2.0,512.0,0.0003351109279355,792.0,4.0,matern0.5,,PRUNED,0.0004244506708346,,,
44027.0,r1_08_PPV,4.0,32.0,0.0008092328207567,2022-11-07 05:01:47.902184,2022-11-07 05:08:55.500617,0 days 00:07:07.598433,3.0,4.0,512.0,0.0005760141442025,265.0,8.0,matern1.5,,PRUNED,0.0008092328207567,,,
44027.0,r1_08_PPV,4.0,33.0,4.785475084645441e-06,2022-11-07 05:08:55.501177,2022-11-07 05:31:30.103003,0 days 00:22:34.601826,2.0,3.0,512.0,0.0022218575946244,600.0,10.0,rbf,,PRUNED,4.80078233522363e-06,4.785475084645441e-06,,
44027.0,r1_08_PPV,4.0,34.0,1.107232310459949e-05,2022-11-07 05:31:30.103513,2022-11-07 05:38:25.284555,0 days 00:06:55.181042,3.0,1.0,2048.0,0.0288320150738074,91.0,10.0,rbf,14.0,COMPLETE,,,,
44027.0,r1_08_PPV,4.0,35.0,2.949114104922046e-06,2022-11-07 05:38:25.285129,2022-11-07 05:48:33.769701,0 days 00:10:08.484572,1.0,1.0,512.0,0.0076239459856231,66.0,6.0,rbf,17.0,COMPLETE,,,,
44027.0,r1_08_PPV,4.0,36.0,8.45328759169206e-06,2022-11-07 05:48:33.770279,2022-11-07 05:53:17.341957,0 days 00:04:43.571678,2.0,2.0,1024.0,0.0196810546528733,148.0,9.0,rbf,,PRUNED,8.45328759169206e-06,,,
44027.0,r1_08_PPV,4.0,37.0,8.281545888166875e-05,2022-11-07 05:53:17.342404,2022-11-07 06:23:45.241601,0 days 00:30:27.899197,2.0,2.0,1024.0,0.0001138994192259,237.0,7.0,matern1.5,45.0,COMPLETE,,,,
44027.0,r1_08_PPV,4.0,38.0,3.915941306331661e-06,2022-11-07 06:23:45.242166,2022-11-07 06:29:10.178890,0 days 00:05:24.936724,1.0,4.0,512.0,0.0033451186821659,176.0,12.0,rbf,,PRUNED,6.560811925737653e-06,3.915941306331661e-06,,
44027.0,r1_08_PPV,4.0,39.0,9.891296940622851e-06,2022-11-07 06:29:10.179404,2022-11-07 06:31:42.648951,0 days 00:02:32.469547,1.0,1.0,512.0,0.008170438915914,331.0,8.0,rbf,,PRUNED,9.891296940622851e-06,,,
44027.0,r1_08_PPV,4.0,40.0,2.69991323875729e-05,2022-11-07 06:31:42.649432,2022-11-07 06:33:51.849294,0 days 00:02:09.199862,1.0,2.0,512.0,0.027623661215292,213.0,4.0,rbf,,PRUNED,2.69991323875729e-05,,,
44027.0,r1_08_PPV,4.0,41.0,0.0001032008003676,2022-11-07 06:33:51.849821,2022-11-07 06:35:57.306150,0 days 00:02:05.456329,1.0,3.0,512.0,0.00067174763246,135.0,6.0,rbf,,PRUNED,0.0001032008003676,,,
44027.0,r1_08_PPV,4.0,42.0,2.5169058517349185e-06,2022-11-07 06:35:57.306665,2022-11-07 06:43:21.392997,0 days 00:07:24.086332,1.0,3.0,512.0,0.0102906535523237,142.0,11.0,matern1.5,8.0,COMPLETE,3.3221213016076945e-06,,,
44027.0,r1_08_PPV,4.0,43.0,9.766784933162852e-05,2022-11-07 06:43:21.393569,2022-11-07 07:13:45.443863,0 days 00:30:24.050294,2.0,4.0,2048.0,0.0003064604723041,381.0,10.0,rbf,,PRUNED,9.766784933162852e-05,,,
44027.0,r1_08_PPV,4.0,44.0,1.486433575337287e-05,2022-11-07 07:13:45.444241,2022-11-07 07:15:43.269002,0 days 00:01:57.824761,1.0,4.0,512.0,0.0023023825662422,90.0,10.0,rbf,,PRUNED,1.486433575337287e-05,,,
44027.0,r1_08_PPV,4.0,45.0,6.7896894506702665e-06,2022-11-07 07:15:43.269512,2022-11-07 07:23:01.313766,0 days 00:07:18.044254,2.0,1.0,512.0,0.0179814554349566,224.0,3.0,rbf,,PRUNED,4.508138772507664e-06,6.7896894506702665e-06,,
44027.0,r1_08_PPV,4.0,46.0,0.0008357865735888,2022-11-07 07:23:01.314248,2022-11-07 07:24:39.985950,0 days 00:01:38.671702,1.0,2.0,1024.0,0.0012185723122915,355.0,6.0,matern0.5,,PRUNED,0.0008357865735888,,,
44027.0,r1_08_PPV,4.0,47.0,1.35964446599246e-05,2022-11-07 07:24:39.986380,2022-11-07 07:26:38.921791,0 days 00:01:58.935411,1.0,1.0,512.0,0.0058289427298967,159.0,13.0,rbf,,PRUNED,1.35964446599246e-05,,,
44027.0,r1_08_PPV,4.0,48.0,0.0599876046180725,2022-11-07 07:26:38.922361,2022-11-07 07:32:24.495608,0 days 00:05:45.573247,4.0,4.0,2048.0,0.0009874185107795,54.0,6.0,rbf,,PRUNED,0.0599876046180725,,,
44027.0,r1_08_PPV,4.0,49.0,2.4801463496260112e-06,2022-11-07 07:32:24.495990,2022-11-07 08:03:24.920226,0 days 00:31:00.424236,3.0,3.0,512.0,0.0029803884470784,229.0,2.0,matern0.5,20.0,COMPLETE,,,,
44027.0,r1_08_PPV,4.0,50.0,0.0002732196007855,2022-11-07 08:03:24.920776,2022-11-07 08:05:08.703078,0 days 00:01:43.782302,3.0,1.0,2048.0,0.0029233532553156,90.0,7.0,matern1.5,,PRUNED,0.0002732196007855,,,
44027.0,r1_08_PPV,4.0,51.0,1.646512600927963e-06,2022-11-07 08:05:08.703492,2022-11-07 08:31:09.103119,0 days 00:26:00.399627,1.0,1.0,512.0,0.0020927611679776,308.0,6.0,matern0.5,37.0,COMPLETE,3.392773351151845e-06,1.821765408749343e-06,,
44027.0,r1_08_PPV,4.0,52.0,0.0055575212463736,2022-11-07 08:31:09.103704,2022-11-07 08:33:27.177649,0 days 00:02:18.073945,1.0,3.0,1024.0,0.0004499187134073,457.0,10.0,matern0.5,,PRUNED,0.0055575212463736,,,
44027.0,r1_08_PPV,4.0,53.0,1.9138991774525493e-05,2022-11-07 08:33:27.178103,2022-11-07 08:34:49.781181,0 days 00:01:22.603078,1.0,1.0,1024.0,0.0045501249473989,197.0,11.0,matern0.5,,PRUNED,1.9138991774525493e-05,,,
44027.0,r1_08_PPV,4.0,54.0,5.0039856432704255e-05,2022-11-07 08:34:49.781620,2022-11-07 08:36:16.195898,0 days 00:01:26.414278,1.0,1.0,1024.0,0.0039385593819976,236.0,12.0,matern0.5,,PRUNED,5.0039856432704255e-05,,,
44027.0,r1_08_PPV,4.0,55.0,2.487821348040597e-06,2022-11-07 08:36:16.196325,2022-11-07 08:45:57.462782,0 days 00:09:41.266457,1.0,1.0,1024.0,0.0085744252135605,288.0,9.0,matern0.5,22.0,COMPLETE,8.347966286237352e-06,3.348115114931716e-06,,
44027.0,r1_08_PPV,4.0,56.0,1.4108039749771706e-06,2022-11-07 08:45:57.463371,2022-11-07 09:06:19.375653,0 days 00:20:21.912282,1.0,2.0,512.0,0.0066182148611874,590.0,6.0,matern1.5,17.0,COMPLETE,,,,
44027.0,r1_08_PPV,4.0,57.0,0.0024610853288322,2022-11-07 09:06:19.376202,2022-11-07 09:07:43.270432,0 days 00:01:23.894230,1.0,1.0,1024.0,0.0011978005663628,197.0,12.0,matern0.5,,PRUNED,0.0024610853288322,,,
44027.0,r1_08_PPV,4.0,58.0,0.0001087441269191,2022-11-07 09:07:43.270867,2022-11-07 09:10:39.052337,0 days 00:02:55.781470,1.0,1.0,2048.0,0.0012930037912836,457.0,6.0,rbf,,PRUNED,0.0001087441269191,,,
44027.0,r1_08_PPV,4.0,59.0,8.207430255424697e-06,2022-11-07 09:10:39.052735,2022-11-07 09:22:30.338299,0 days 00:11:51.285564,2.0,2.0,512.0,0.0012763503949094,398.0,6.0,matern0.5,,PRUNED,8.207430255424697e-06,,,
44027.0,r1_08_PPV,4.0,60.0,7.173244284786051e-06,2022-11-07 09:22:30.338884,2022-11-07 09:32:48.227424,0 days 00:10:17.888540,3.0,3.0,512.0,0.0028952619262347,80.0,2.0,matern1.5,,PRUNED,7.173244284786051e-06,,,
44027.0,r1_08_PPV,4.0,61.0,0.0013364977203309,2022-11-07 09:32:48.228014,2022-11-07 09:33:47.279220,0 days 00:00:59.051206,1.0,2.0,2048.0,0.0021229477047967,146.0,8.0,matern0.5,,PRUNED,0.0013364977203309,,,
44027.0,r1_08_PPV,4.0,62.0,1.0796674359880852e-05,2022-11-07 09:33:47.279611,2022-11-07 09:42:32.369410,0 days 00:08:45.089799,2.0,2.0,1024.0,0.067487927769699,100.0,8.0,matern0.5,13.0,COMPLETE,,,,
44027.0,r1_08_PPV,4.0,63.0,0.0369027741253376,2022-11-07 09:42:32.370046,2022-11-07 09:49:31.900337,0 days 00:06:59.530291,1.0,1.0,512.0,0.0001135482632765,506.0,5.0,matern0.5,,PRUNED,0.0369027741253376,,,
44027.0,r1_08_PPV,4.0,64.0,1.0836414730874822e-05,2022-11-07 09:49:31.900854,2022-11-07 09:50:37.914455,0 days 00:01:06.013601,1.0,1.0,1024.0,0.0199367430876654,66.0,11.0,rbf,,PRUNED,1.0836414730874822e-05,,,
44027.0,r1_08_PPV,4.0,65.0,1.0025280062109232e-05,2022-11-07 09:50:37.914896,2022-11-07 09:56:18.119111,0 days 00:05:40.204215,3.0,2.0,2048.0,0.0030398127184121,239.0,7.0,rbf,,PRUNED,1.0025280062109232e-05,,,
44027.0,r1_08_PPV,4.0,66.0,7.66335942898877e-05,2022-11-07 09:56:18.119518,2022-11-07 09:57:53.044460,0 days 00:01:34.924942,2.0,1.0,2048.0,0.0063149777570001,313.0,5.0,matern1.5,,PRUNED,7.66335942898877e-05,,,
44027.0,r1_08_PPV,4.0,67.0,0.0361234620213508,2022-11-07 09:57:53.044865,2022-11-07 10:00:00.018302,0 days 00:02:06.973437,2.0,1.0,1024.0,0.0009851168435589,182.0,15.0,matern0.5,,PRUNED,0.0361234620213508,,,
44027.0,r1_08_PPV,4.0,68.0,4.072387127962429e-06,2022-11-07 10:00:00.018745,2022-11-07 10:14:03.333767,0 days 00:14:03.315022,4.0,4.0,512.0,0.0038955754982694,134.0,7.0,rbf,,PRUNED,9.76751744019566e-06,4.072387127962429e-06,,
44027.0,r1_08_PPV,4.0,69.0,1.300301209994359e-05,2022-11-07 10:14:03.334362,2022-11-07 10:15:03.746208,0 days 00:01:00.411846,1.0,2.0,2048.0,0.0577255696311925,98.0,10.0,matern1.5,,PRUNED,1.300301209994359e-05,,,
44027.0,r1_08_PPV,4.0,70.0,5.491314823302673e-06,2022-11-07 10:15:03.746606,2022-11-07 10:22:03.053158,0 days 00:06:59.306552,2.0,3.0,512.0,0.010020471679132,80.0,4.0,rbf,,PRUNED,5.491314823302673e-06,,,
44027.0,r1_08_PPV,4.0,71.0,3.343348453199724e-06,2022-11-07 10:22:03.053677,2022-11-07 10:52:11.436462,0 days 00:30:08.382785,3.0,2.0,512.0,0.0009462740572603,92.0,14.0,matern1.5,22.0,COMPLETE,,,,
44027.0,r1_08_PPV,4.0,72.0,3.677058202811168e-06,2022-11-07 10:52:11.437024,2022-11-07 10:55:51.852843,0 days 00:03:40.415819,1.0,1.0,1024.0,0.0090781617227536,293.0,9.0,matern0.5,,PRUNED,9.261145351047162e-06,3.677058202811168e-06,,
44027.0,r1_08_PPV,4.0,73.0,0.059978924691677,2022-11-07 10:55:51.853270,2022-11-07 11:11:22.128120,0 days 00:15:30.274850,4.0,2.0,512.0,0.000631127333405,352.0,7.0,matern0.5,3.0,COMPLETE,,,,
44027.0,r1_08_PPV,4.0,74.0,2.2794395135861123e-06,2022-11-07 11:11:22.128680,2022-11-07 11:23:15.012466,0 days 00:11:52.883786,1.0,1.0,1024.0,0.01079837989563,390.0,9.0,matern0.5,22.0,COMPLETE,7.261990504048299e-06,3.083676574533456e-06,,
44027.0,r1_08_PPV,4.0,75.0,1.0172643669648096e-05,2022-11-07 11:23:15.013018,2022-11-07 11:25:07.933080,0 days 00:01:52.920062,1.0,1.0,1024.0,0.0205172972364305,398.0,11.0,matern0.5,,PRUNED,1.0172643669648096e-05,,,
44027.0,r1_08_PPV,4.0,76.0,2.892052179959137e-05,2022-11-07 11:25:07.933511,2022-11-07 11:28:28.049620,0 days 00:03:20.116109,1.0,1.0,2048.0,0.0811664543399635,740.0,2.0,matern1.5,,PRUNED,2.892052179959137e-05,,,
44027.0,r1_08_PPV,4.0,77.0,1.0336809282307511e-05,2022-11-07 11:28:28.050037,2022-11-07 11:29:45.093511,0 days 00:01:17.043474,1.0,1.0,1024.0,0.0119806141837759,239.0,3.0,matern0.5,,PRUNED,1.0336809282307511e-05,,,
44027.0,r1_08_PPV,4.0,78.0,0.0001475726749049,2022-11-07 11:29:45.093975,2022-11-07 11:32:34.430989,0 days 00:02:49.337014,1.0,1.0,1024.0,0.0028634945127451,578.0,13.0,matern0.5,,PRUNED,0.0001475726749049,,,
44027.0,r1_08_PPV,4.0,79.0,1.038411028275732e-06,2022-11-07 11:32:34.431460,2022-11-07 11:47:29.073005,0 days 00:14:54.641545,1.0,3.0,512.0,0.0052058813804832,406.0,10.0,rbf,15.0,COMPLETE,2.6116406388609903e-06,2.7211178803554503e-06,,
44027.0,r1_08_PPV,5.0,0.0,1.4648636579295271e-06,2022-11-07 12:40:56.143657,2022-11-07 13:11:08.805284,0 days 00:30:12.661627,2.0,1.0,1024.0,0.001,200.0,10.0,rbf,61.0,COMPLETE,0.0008050674805417657,4.681840800913051e-05,5.046785645390628e-06,"{'n_gp_layers': 2, 'n_gp_out': 1, 'num_inducing': 200, 'batch_size': 1024, 'lr': 0.001, 'num_samples': 10, 'kernel_type': 'rbf'}"
44027.0,r1_08_PPV,5.0,1.0,0.05909155309200287,2022-11-07 13:11:08.805916,2022-11-07 13:13:21.729260,0 days 00:02:12.923344,3.0,1.0,2048.0,0.0007889237936248963,245.0,10.0,matern0.5,,PRUNED,0.05909155309200287,,,
44027.0,r1_08_PPV,5.0,2.0,2.587543349363841e-06,2022-11-07 13:13:21.729660,2022-11-07 13:17:21.748338,0 days 00:04:00.018678,1.0,1.0,512.0,0.04131691745610752,156.0,15.0,rbf,3.0,COMPLETE,,,,
44027.0,r1_08_PPV,5.0,3.0,4.949120011588093e-06,2022-11-07 13:17:21.748954,2022-11-07 13:26:08.106932,0 days 00:08:46.357978,3.0,1.0,2048.0,0.014813170678143204,109.0,3.0,rbf,22.0,COMPLETE,6.782734544685809e-06,,,
44027.0,r1_08_PPV,5.0,4.0,0.0017879471415653825,2022-11-07 13:26:08.107574,2022-11-07 13:56:46.092479,0 days 00:30:37.984905,3.0,1.0,2048.0,0.0003745457359677515,542.0,4.0,matern0.5,43.0,COMPLETE,0.05911583825945854,,,
44027.0,r1_08_PPV,5.0,5.0,0.06260207295417786,2022-11-07 13:56:46.093098,2022-11-07 13:58:39.987639,0 days 00:01:53.894541,1.0,1.0,1024.0,0.00013141670724574212,421.0,10.0,matern0.5,,PRUNED,0.06260207295417786,,,
44027.0,r1_08_PPV,5.0,6.0,1.5522003877777024e-06,2022-11-07 13:58:39.988077,2022-11-07 14:27:30.672348,0 days 00:28:50.684271,2.0,2.0,1024.0,0.0031571800859286413,412.0,2.0,matern0.5,42.0,COMPLETE,5.290550325298682e-05,1.0205067155766301e-05,2.221870090579614e-06,
44027.0,r1_08_PPV,5.0,7.0,5.3309486247599125e-06,2022-11-07 14:27:30.672976,2022-11-07 14:35:22.082051,0 days 00:07:51.409075,2.0,1.0,2048.0,0.02045983516740323,118.0,10.0,rbf,22.0,COMPLETE,2.400020275672432e-05,9.024564860737883e-06,,
44027.0,r1_08_PPV,5.0,8.0,2.825497404046473e-06,2022-11-07 14:35:22.082711,2022-11-07 14:42:53.074792,0 days 00:07:30.992081,1.0,2.0,1024.0,0.009219830602246664,127.0,8.0,matern1.5,17.0,COMPLETE,4.65783750769333e-06,3.912494321411941e-06,,
44027.0,r1_08_PPV,5.0,9.0,3.220002781745279e-06,2022-11-07 14:42:53.075419,2022-11-07 14:53:22.513592,0 days 00:10:29.438173,1.0,2.0,512.0,0.014411685587944385,203.0,7.0,matern1.5,12.0,COMPLETE,4.354959855845664e-06,,,
44027.0,r1_08_PPV,5.0,10.0,0.004961834289133549,2022-11-07 14:53:22.514218,2022-11-07 14:55:15.140606,0 days 00:01:52.626388,1.0,1.0,512.0,0.00022239828161352054,125.0,4.0,rbf,,PRUNED,0.004961834289133549,,,
44027.0,r1_08_PPV,5.0,11.0,5.182931545277825e-06,2022-11-07 14:55:15.141088,2022-11-07 15:24:01.800006,0 days 00:28:46.658918,4.0,4.0,512.0,0.00254591566590354,344.0,9.0,matern1.5,,PRUNED,1.917204644996673e-05,5.182931545277825e-06,,
44027.0,r1_08_PPV,5.0,12.0,0.08176693320274353,2022-11-07 15:24:01.800560,2022-11-07 15:24:59.569267,0 days 00:00:57.768707,1.0,2.0,2048.0,0.00023484367011395783,63.0,12.0,matern0.5,,PRUNED,0.08176693320274353,,,
44027.0,r1_08_PPV,5.0,13.0,0.049518290907144547,2022-11-07 15:24:59.569727,2022-11-07 15:26:54.918847,0 days 00:01:55.349120,4.0,1.0,2048.0,0.0012991527039993267,116.0,11.0,rbf,,PRUNED,0.049518290907144547,,,
44027.0,r1_08_PPV,5.0,14.0,0.00013139797374606133,2022-11-07 15:26:54.919246,2022-11-07 15:37:52.608283,0 days 00:10:57.689037,2.0,3.0,1024.0,0.08961767027898371,757.0,15.0,rbf,,PRUNED,0.00013139797374606133,,,
44027.0,r1_08_PPV,5.0,15.0,5.88872671869467e-06,2022-11-07 15:37:52.608760,2022-11-07 15:45:29.786696,0 days 00:07:37.177936,2.0,2.0,1024.0,0.003877167325817956,585.0,2.0,matern0.5,,PRUNED,3.16721125273034e-05,5.88872671869467e-06,,
44027.0,r1_08_PPV,5.0,16.0,1.2319979759922717e-05,2022-11-07 15:45:29.787123,2022-11-07 15:47:37.677831,0 days 00:02:07.890708,1.0,4.0,2048.0,0.0037379581944717998,117.0,4.0,rbf,,PRUNED,1.2319979759922717e-05,,,
44027.0,r1_08_PPV,5.0,17.0,0.06010463088750839,2022-11-07 15:47:37.678241,2022-11-07 15:50:09.709717,0 days 00:02:32.031476,2.0,3.0,1024.0,0.0006777464037488617,232.0,7.0,matern0.5,,PRUNED,0.06010463088750839,,,
44027.0,r1_08_PPV,5.0,18.0,2.714490392463631e-06,2022-11-07 15:50:09.710159,2022-11-07 16:03:53.665871,0 days 00:13:43.955712,3.0,2.0,1024.0,0.006224636238083942,338.0,6.0,rbf,10.0,COMPLETE,1.1007053217326757e-05,2.714490392463631e-06,,
44027.0,r1_08_PPV,5.0,19.0,0.05990403890609741,2022-11-07 16:03:53.666502,2022-11-07 16:17:12.890802,0 days 00:13:19.224300,2.0,3.0,2048.0,0.00024750084163676733,373.0,15.0,matern1.5,,PRUNED,0.05990403890609741,,,
44027.0,r1_08_PPV,5.0,20.0,7.144225037336582e-06,2022-11-07 16:17:12.891219,2022-11-07 16:47:19.076150,0 days 00:30:06.184931,4.0,1.0,512.0,0.0022106631505919333,476.0,10.0,rbf,9.0,COMPLETE,,,,
44027.0,r1_08_PPV,5.0,21.0,0.00015541935863438994,2022-11-07 16:47:19.076788,2022-11-07 16:50:24.811982,0 days 00:03:05.735194,3.0,3.0,1024.0,0.0017192512961553958,180.0,5.0,matern1.5,,PRUNED,0.00015541935863438994,,,
44027.0,r1_08_PPV,5.0,22.0,5.862452781002503e-06,2022-11-07 16:50:24.812410,2022-11-07 17:21:01.731930,0 days 00:30:36.919520,2.0,3.0,512.0,0.00015266816810404464,123.0,3.0,rbf,37.0,COMPLETE,,,,
44027.0,r1_08_PPV,5.0,23.0,6.368667072820244e-06,2022-11-07 17:21:01.732560,2022-11-07 17:23:31.915736,0 days 00:02:30.183176,1.0,4.0,2048.0,0.005151876984900911,240.0,2.0,matern1.5,,PRUNED,6.368667072820244e-06,,,
44027.0,r1_08_PPV,5.0,24.0,0.0012333665508776903,2022-11-07 17:23:31.916128,2022-11-07 17:28:41.700037,0 days 00:05:09.783909,2.0,1.0,2048.0,0.0005963684163886226,361.0,11.0,rbf,,PRUNED,0.0012333665508776903,,,
44027.0,r1_08_PPV,5.0,25.0,5.094015705253696e-06,2022-11-07 17:28:41.700423,2022-11-07 17:49:24.795539,0 days 00:20:43.095116,2.0,1.0,1024.0,0.04949799633255813,531.0,12.0,matern1.5,14.0,COMPLETE,,,,
44027.0,r1_08_PPV,5.0,26.0,0.00027205696096643806,2022-11-07 17:49:24.796175,2022-11-07 17:53:59.208745,0 days 00:04:34.412570,1.0,1.0,512.0,0.0002277513952518811,119.0,2.0,rbf,,PRUNED,0.00027205696096643806,,,
44027.0,r1_08_PPV,5.0,27.0,9.028338536154479e-05,2022-11-07 17:53:59.209252,2022-11-07 17:59:03.794313,0 days 00:05:04.585061,2.0,2.0,1024.0,0.02075336175841697,455.0,13.0,rbf,,PRUNED,9.028338536154479e-05,,,
44027.0,r1_08_PPV,5.0,28.0,2.1324406134226592e-06,2022-11-07 17:59:03.794777,2022-11-07 18:29:24.020936,0 days 00:30:20.226159,1.0,1.0,512.0,0.001164777011960546,210.0,11.0,matern1.5,48.0,COMPLETE,2.8587471661012387e-06,,,
44027.0,r1_08_PPV,5.0,29.0,2.246706026198808e-05,2022-11-07 18:29:24.021575,2022-11-07 18:35:25.330693,0 days 00:06:01.309118,1.0,1.0,2048.0,0.000794187988740717,98.0,15.0,rbf,,PRUNED,2.246706026198808e-05,,,
44027.0,r1_08_PPV,5.0,30.0,5.226477242104011e-06,2022-11-07 18:35:25.331026,2022-11-07 18:44:03.934565,0 days 00:08:38.603539,1.0,1.0,2048.0,0.001725050337028919,241.0,15.0,matern0.5,,PRUNED,5.226477242104011e-06,,,
44027.0,r1_08_PPV,5.0,31.0,0.060174841433763504,2022-11-07 18:44:03.934888,2022-11-07 18:48:10.256246,0 days 00:04:06.321358,3.0,4.0,512.0,0.0005143036650215587,65.0,2.0,matern0.5,,PRUNED,0.060174841433763504,,,
44027.0,r1_08_PPV,5.0,32.0,7.676758286834229e-06,2022-11-07 18:48:10.256790,2022-11-07 18:50:33.712263,0 days 00:02:23.455473,1.0,1.0,2048.0,0.018469720014048226,78.0,15.0,matern0.5,,PRUNED,7.676758286834229e-06,,,
44027.0,r1_08_PPV,5.0,33.0,6.188886345626088e-06,2022-11-07 18:50:33.712617,2022-11-07 18:57:58.511799,0 days 00:07:24.799182,1.0,1.0,512.0,0.028041947402833327,52.0,9.0,matern1.5,10.0,COMPLETE,,,,
44027.0,r1_08_PPV,5.0,34.0,8.3836232079193e-05,2022-11-07 18:57:58.512442,2022-11-07 19:00:17.938583,0 days 00:02:19.426141,2.0,3.0,1024.0,0.01741110263344644,290.0,4.0,rbf,,PRUNED,8.3836232079193e-05,,,
44027.0,r1_08_PPV,5.0,35.0,0.06018567830324173,2022-11-07 19:00:17.939025,2022-11-07 19:03:38.101494,0 days 00:03:20.162469,3.0,2.0,1024.0,0.004130957761923619,162.0,15.0,matern0.5,,PRUNED,0.06018567830324173,,,
44027.0,r1_08_PPV,5.0,36.0,5.0939902394020464e-06,2022-11-07 19:03:38.101967,2022-11-07 19:09:51.453374,0 days 00:06:13.351407,3.0,2.0,2048.0,0.012728435735387917,85.0,6.0,rbf,11.0,COMPLETE,,,,
44027.0,r1_08_PPV,5.0,37.0,0.060174912214279175,2022-11-07 19:09:51.454015,2022-11-07 19:22:08.755690,0 days 00:12:17.301675,4.0,1.0,512.0,0.0003231526604337176,513.0,13.0,matern1.5,,PRUNED,0.060174912214279175,,,
44027.0,r1_08_PPV,5.0,38.0,0.004182643257081509,2022-11-07 19:22:08.756153,2022-11-07 19:55:06.050314,0 days 00:32:57.294161,4.0,3.0,512.0,0.0001228562967189215,632.0,3.0,matern1.5,,PRUNED,0.004182643257081509,,,
44027.0,r1_08_PPV,5.0,39.0,1.2079022781108506e-05,2022-11-07 19:55:06.050943,2022-11-07 20:00:21.192699,0 days 00:05:15.141756,2.0,4.0,1024.0,0.07014272089580671,83.0,8.0,matern0.5,5.0,COMPLETE,2.214079358964227e-05,,,
44027.0,r1_08_PPV,5.0,40.0,1.4346894204209093e-05,2022-11-07 20:00:21.193347,2022-11-07 20:21:06.102464,0 days 00:20:44.909117,4.0,1.0,1024.0,0.003553614632921608,561.0,12.0,matern1.5,,PRUNED,1.4346894204209093e-05,,,
44027.0,r1_08_PPV,5.0,41.0,1.5509722288697958e-05,2022-11-07 20:21:06.103053,2022-11-07 20:27:32.899141,0 days 00:06:26.796088,2.0,2.0,512.0,0.07637173731972242,213.0,7.0,matern0.5,2.0,COMPLETE,,,,
44027.0,r1_08_PPV,5.0,42.0,4.693139999289997e-06,2022-11-07 20:27:32.899776,2022-11-07 20:37:29.278636,0 days 00:09:56.378860,3.0,2.0,1024.0,0.019162972348421743,56.0,6.0,rbf,14.0,COMPLETE,4.944349711877294e-06,,,
44027.0,r1_08_PPV,5.0,43.0,1.0380631465523038e-05,2022-11-07 20:37:29.279308,2022-11-07 20:46:24.627507,0 days 00:08:55.348199,3.0,2.0,1024.0,0.006704454435181257,331.0,6.0,rbf,,PRUNED,8.986210559669416e-06,1.0380631465523038e-05,,
44027.0,r1_08_PPV,5.0,44.0,0.0001091542435460724,2022-11-07 20:46:24.627915,2022-11-07 20:49:39.248435,0 days 00:03:14.620520,3.0,2.0,1024.0,0.001334989723524496,382.0,3.0,rbf,,PRUNED,0.0001091542435460724,,,
44027.0,r1_08_PPV,5.0,45.0,1.6008292504920973e-06,2022-11-07 20:49:39.248877,2022-11-07 21:15:13.129433,0 days 00:25:33.880556,1.0,1.0,1024.0,0.007761602518310891,795.0,14.0,rbf,22.0,COMPLETE,,,,
44027.0,r1_08_PPV,5.0,46.0,5.299171789374668e-06,2022-11-07 21:15:13.130089,2022-11-07 21:25:50.877723,0 days 00:10:37.747634,4.0,3.0,1024.0,0.006864392260661407,251.0,6.0,rbf,,PRUNED,1.778488513082266e-05,5.299171789374668e-06,,
44027.0,r1_08_PPV,5.0,47.0,1.1170320249220822e-05,2022-11-07 21:25:50.878116,2022-11-07 21:31:29.917763,0 days 00:05:39.039647,3.0,2.0,1024.0,0.06567817511638033,57.0,7.0,matern1.5,4.0,COMPLETE,,,,
44027.0,r1_08_PPV,5.0,48.0,3.713446494657546e-05,2022-11-07 21:31:29.918403,2022-11-07 21:38:34.178186,0 days 00:07:04.259783,3.0,2.0,1024.0,0.002438503977763962,662.0,6.0,rbf,,PRUNED,3.713446494657546e-05,,,
44027.0,r1_08_PPV,5.0,49.0,2.544022663641954e-06,2022-11-07 21:38:34.178718,2022-11-07 22:03:18.594769,0 days 00:24:44.416051,4.0,2.0,2048.0,0.01725354841479194,373.0,11.0,rbf,12.0,COMPLETE,,,,
44027.0,r1_08_PPV,5.0,50.0,1.8180535334977321e-06,2022-11-07 22:03:18.595406,2022-11-07 22:15:17.212578,0 days 00:11:58.617172,2.0,3.0,1024.0,0.009973386931202272,190.0,4.0,rbf,20.0,COMPLETE,4.78154015581822e-06,3.859782282233937e-06,,
44027.0,r1_08_PPV,5.0,51.0,9.576223419571761e-06,2022-11-07 22:15:17.213229,2022-11-07 22:19:47.140844,0 days 00:04:29.927615,2.0,3.0,1024.0,0.01060012444532792,153.0,3.0,rbf,,PRUNED,3.892115728376666e-06,9.576223419571761e-06,,
44027.0,r1_08_PPV,5.0,52.0,4.7936566261341795e-05,2022-11-07 22:19:47.141283,2022-11-07 22:21:24.522032,0 days 00:01:37.380749,2.0,4.0,2048.0,0.04155215844667129,86.0,4.0,matern1.5,,PRUNED,4.7936566261341795e-05,,,
44027.0,r1_08_PPV,5.0,53.0,7.875000846979674e-06,2022-11-07 22:21:24.522451,2022-11-07 22:28:38.800079,0 days 00:07:14.277628,2.0,3.0,512.0,0.03779289137863243,208.0,2.0,rbf,4.0,COMPLETE,7.875000846979674e-06,,,
44027.0,r1_08_PPV,5.0,54.0,2.3789859824319137e-06,2022-11-07 22:28:38.800717,2022-11-07 22:53:13.108702,0 days 00:24:34.307985,2.0,4.0,512.0,0.01834906044552217,697.0,7.0,rbf,4.0,COMPLETE,,,,
44027.0,r1_08_PPV,5.0,55.0,4.1668990888865665e-06,2022-11-07 22:53:13.109342,2022-11-07 23:03:22.531157,0 days 00:10:09.421815,2.0,3.0,2048.0,0.02153598114933669,166.0,10.0,matern1.5,13.0,COMPLETE,,,,
44027.0,r1_08_PPV,5.0,56.0,4.089649337402079e-06,2022-11-07 23:03:22.531787,2022-11-07 23:09:21.716277,0 days 00:05:59.184490,2.0,2.0,1024.0,0.016657293333172278,50.0,6.0,rbf,10.0,COMPLETE,4.089649337402079e-06,,,
44027.0,r1_08_PPV,5.0,57.0,0.0001562424877192825,2022-11-07 23:09:21.716940,2022-11-07 23:29:39.943680,0 days 00:20:18.226740,2.0,1.0,512.0,0.000289522219870011,122.0,2.0,matern0.5,,PRUNED,0.0001562424877192825,,,
44027.0,r1_08_PPV,5.0,58.0,2.4045821191975847e-06,2022-11-07 23:29:39.944011,2022-11-07 23:42:11.532788,0 days 00:12:31.588777,2.0,2.0,1024.0,0.009177597050694892,157.0,9.0,matern0.5,19.0,COMPLETE,3.96515724787605e-06,,,
44027.0,r1_08_PPV,5.0,59.0,0.005072669591754675,2022-11-07 23:42:11.533422,2022-11-07 23:43:37.090155,0 days 00:01:25.556733,1.0,1.0,1024.0,0.0009286129604468959,257.0,9.0,matern0.5,,PRUNED,0.005072669591754675,,,
44027.0,r1_08_PPV,5.0,60.0,5.084374151920201e-06,2022-11-07 23:43:37.090589,2022-11-07 23:56:57.676823,0 days 00:13:20.586234,3.0,1.0,512.0,0.00880229905880357,159.0,4.0,rbf,9.0,COMPLETE,,,,
44027.0,r1_08_PPV,5.0,61.0,5.329919986252207e-06,2022-11-07 23:56:57.677465,2022-11-08 00:02:33.122453,0 days 00:05:35.444988,1.0,3.0,512.0,0.0011657093612788502,160.0,10.0,matern0.5,,PRUNED,5.329919986252207e-06,,,
44027.0,r1_08_PPV,5.0,62.0,2.498720505172969e-06,2022-11-08 00:02:33.122955,2022-11-08 00:19:20.751473,0 days 00:16:47.628518,2.0,2.0,1024.0,0.008239800925771874,315.0,9.0,matern0.5,18.0,COMPLETE,3.281877980043646e-06,,,
44027.0,r1_08_PPV,5.0,63.0,1.5460166196135106e-06,2022-11-08 00:19:20.752115,2022-11-08 00:49:26.691184,0 days 00:30:05.939069,1.0,2.0,2048.0,0.0003774709775278153,114.0,11.0,rbf,132.0,COMPLETE,4.001826255262131e-06,,,
44027.0,r1_08_PPV,5.0,64.0,9.528662485536188e-05,2022-11-08 00:49:26.691823,2022-11-08 00:56:50.628787,0 days 00:07:23.936964,2.0,3.0,1024.0,0.0010220985106528025,261.0,9.0,matern0.5,,PRUNED,9.528662485536188e-05,,,
44027.0,r1_08_PPV,5.0,65.0,0.0018208635738119483,2022-11-08 00:56:50.629224,2022-11-08 00:58:31.369203,0 days 00:01:40.739979,2.0,4.0,2048.0,0.002063895104860836,189.0,3.0,matern0.5,,PRUNED,0.0018208635738119483,,,
44027.0,r1_08_PPV,5.0,66.0,0.0001885545498225838,2022-11-08 00:58:31.369609,2022-11-08 01:01:43.537908,0 days 00:03:12.168299,3.0,2.0,1024.0,0.004763902137968804,311.0,5.0,rbf,,PRUNED,0.0001885545498225838,,,
44027.0,r1_08_PPV,5.0,67.0,2.6199143121630186e-06,2022-11-08 01:01:43.538329,2022-11-08 01:31:59.360714,0 days 00:30:15.822385,3.0,2.0,1024.0,0.007075459891648118,352.0,13.0,matern0.5,18.0,COMPLETE,4.207275651424425e-06,,,
44027.0,r1_08_PPV,5.0,68.0,2.8569013466039905e-06,2022-11-08 01:31:59.361356,2022-11-08 01:45:34.438653,0 days 00:13:35.077297,3.0,3.0,1024.0,0.014257529013533733,437.0,5.0,rbf,5.0,COMPLETE,3.348296331751044e-06,,,
44027.0,r1_08_PPV,5.0,69.0,3.1567076803185046e-05,2022-11-08 01:45:34.439312,2022-11-08 01:49:12.554711,0 days 00:03:38.115399,4.0,2.0,1024.0,0.005544059567198375,219.0,7.0,rbf,,PRUNED,3.1567076803185046e-05,,,
44027.0,r1_08_PPV,5.0,70.0,4.419426841195673e-05,2022-11-08 01:49:12.555161,2022-11-08 01:52:11.765848,0 days 00:02:59.210687,3.0,1.0,1024.0,0.009732225502634475,294.0,11.0,rbf,,PRUNED,4.419426841195673e-05,,,
44027.0,r1_08_PPV,5.0,71.0,1.2863202982771327e-06,2022-11-08 01:52:11.766299,2022-11-08 02:21:12.780743,0 days 00:29:01.014444,2.0,2.0,1024.0,0.0029696514844773717,386.0,7.0,rbf,33.0,COMPLETE,8.737197276786901e-06,2.6971981696988223e-06,1.3934068192611448e-06,
44027.0,r1_08_PPV,5.0,72.0,7.402808932965854e-06,2022-11-08 02:21:12.781332,2022-11-08 02:25:51.261957,0 days 00:04:38.480625,2.0,3.0,1024.0,0.03745409490078548,163.0,9.0,matern0.5,3.0,COMPLETE,,,,
44027.0,r1_08_PPV,5.0,73.0,4.749262188852299e-06,2022-11-08 02:25:51.262544,2022-11-08 02:50:24.981799,0 days 00:24:33.719255,4.0,3.0,2048.0,0.01943223063091384,56.0,15.0,rbf,29.0,COMPLETE,,,,
44027.0,r1_08_PPV,5.0,74.0,8.801436342764646e-05,2022-11-08 02:50:24.982389,2022-11-08 02:52:06.521672,0 days 00:01:41.539283,2.0,1.0,1024.0,0.0029103999513617486,142.0,10.0,rbf,,PRUNED,8.801436342764646e-05,,,
44027.0,r1_08_PPV,5.0,75.0,4.670144789997721e-06,2022-11-08 02:52:06.522109,2022-11-08 02:58:22.578157,0 days 00:06:16.056048,2.0,3.0,1024.0,0.007453077746701071,208.0,2.0,matern1.5,7.0,COMPLETE,,,,
44027.0,r1_08_PPV,5.0,76.0,9.419344678462949e-06,2022-11-08 02:58:22.578767,2022-11-08 03:29:41.703189,0 days 00:31:19.124422,3.0,4.0,1024.0,0.002325523740712488,521.0,13.0,matern0.5,,PRUNED,9.419344678462949e-06,,,
44027.0,r1_08_PPV,5.0,77.0,0.03944110497832298,2022-11-08 03:29:41.703677,2022-11-08 03:31:17.077226,0 days 00:01:35.373549,1.0,3.0,2048.0,0.00047999345866391686,513.0,7.0,matern0.5,,PRUNED,0.03944110497832298,,,
44027.0,r1_08_PPV,5.0,78.0,1.4001359431858873e-06,2022-11-08 03:31:17.077693,2022-11-08 04:02:20.708343,0 days 00:31:03.630650,3.0,2.0,1024.0,0.007346019303286493,346.0,12.0,matern0.5,19.0,COMPLETE,2.606792122605839e-06,,,
44027.0,r1_08_PPV,5.0,79.0,7.21362594049424e-05,2022-11-08 04:02:20.708961,2022-11-08 04:05:33.308664,0 days 00:03:12.599703,2.0,2.0,512.0,0.0011153489402565,100.0,9.0,matern1.5,,PRUNED,7.21362594049424e-05,,,
