dataset_id,dataset_name,outer_cv_split,number,value,datetime_start,datetime_complete,duration,params_n_gp_layers,params_n_gp_out,params_batch_size,params_lr,params_num_inducing,params_num_samples,params_kernel_type,user_attrs_MAX_EPOCHS,state,system_attrs_completed_rung_0,system_attrs_completed_rung_1,system_attrs_completed_rung_2,system_attrs_fixed_params,system_attrs_completed_rung_3
44027.0,year,1.0,0.0,0.0110687958076596,2022-11-04 10:50:05.542266,2022-11-04 11:20:09.176445,0 days 00:30:03.634179,2.0,1.0,1024.0,0.001,200.0,10.0,rbf,71.0,COMPLETE,0.0149874808266758,0.0148163884878158,0.0116920182481408,"{'n_gp_layers': 2, 'n_gp_out': 1, 'num_inducing': 200, 'batch_size': 1024, 'lr': 0.001, 'num_samples': 10, 'kernel_type': 'rbf'}",
44027.0,year,1.0,1.0,0.0150027945637702,2022-11-04 11:20:09.177082,2022-11-04 11:38:07.223895,0 days 00:17:58.046813,3.0,3.0,1024.0,0.0001566363256861,116.0,4.0,rbf,31.0,COMPLETE,0.0150033887475728,,,,
44027.0,year,1.0,2.0,0.0152708096429705,2022-11-04 11:38:07.224523,2022-11-04 12:08:23.241302,0 days 00:30:16.016779,4.0,3.0,2048.0,0.0001275495342432,466.0,9.0,rbf,9.0,COMPLETE,,,,,
44027.0,year,1.0,3.0,0.0150010176002979,2022-11-04 12:08:23.241919,2022-11-04 12:20:30.119472,0 days 00:12:06.877553,2.0,1.0,512.0,0.0005274462983877,149.0,11.0,matern0.5,13.0,COMPLETE,0.0150064136832952,,,,
44027.0,year,1.0,4.0,0.0108987223356962,2022-11-04 12:20:30.120092,2022-11-04 12:45:43.877346,0 days 00:25:13.757254,2.0,2.0,512.0,0.0043703245307274,53.0,4.0,matern0.5,35.0,COMPLETE,0.0116679174825549,0.011013732291758,,,
44027.0,year,1.0,5.0,0.0155448392033576,2022-11-04 12:45:43.877903,2022-11-04 12:46:26.783485,0 days 00:00:42.905582,1.0,2.0,2048.0,0.0013752856765668,67.0,2.0,matern0.5,,PRUNED,0.0155448392033576,,,,
44027.0,year,1.0,6.0,0.0150089422240853,2022-11-04 12:46:26.783861,2022-11-04 12:47:57.887993,0 days 00:01:31.104132,4.0,1.0,2048.0,0.0035666306111566,57.0,5.0,matern0.5,,PRUNED,0.0150089422240853,,,,
44027.0,year,1.0,7.0,0.0108416257426142,2022-11-04 12:47:57.888407,2022-11-04 12:59:54.775405,0 days 00:11:56.886998,1.0,3.0,512.0,0.0114433440071683,59.0,15.0,matern1.5,21.0,COMPLETE,0.0114174084737896,0.0110544571653008,,,
44027.0,year,1.0,8.0,0.0123998606577515,2022-11-04 12:59:54.775947,2022-11-04 13:03:56.714022,0 days 00:04:01.938075,1.0,1.0,512.0,0.0283938655498013,71.0,7.0,rbf,,PRUNED,0.0123998606577515,,,,
44027.0,year,1.0,9.0,0.0243717357516288,2022-11-04 13:03:56.714549,2022-11-04 13:10:37.700490,0 days 00:06:40.985941,4.0,3.0,1024.0,0.0001664945338667,347.0,9.0,matern0.5,,PRUNED,0.0243717357516288,,,,
44027.0,year,1.0,10.0,0.0149992108345031,2022-11-04 13:10:37.700982,2022-11-04 13:12:32.046754,0 days 00:01:54.345772,2.0,1.0,1024.0,0.0046872689420108,369.0,4.0,matern0.5,,PRUNED,0.0149992108345031,,,,
44027.0,year,1.0,11.0,0.0111207403242588,2022-11-04 13:12:32.047189,2022-11-04 13:25:59.555866,0 days 00:13:27.508677,1.0,4.0,512.0,0.0040690773069401,394.0,2.0,rbf,19.0,COMPLETE,0.0114213777706027,,,,
44027.0,year,1.0,12.0,0.0149968350306153,2022-11-04 13:25:59.556402,2022-11-04 13:26:59.074926,0 days 00:00:59.518524,1.0,1.0,2048.0,0.0017804385932814,313.0,7.0,matern1.5,,PRUNED,0.0149968350306153,,,,
44027.0,year,1.0,13.0,0.0150137729942798,2022-11-04 13:26:59.075356,2022-11-04 13:31:57.830994,0 days 00:04:58.755638,4.0,1.0,2048.0,0.0516956247270961,54.0,15.0,matern0.5,,PRUNED,0.0150137729942798,,,,
44027.0,year,1.0,14.0,0.0151662714779376,2022-11-04 13:31:57.831422,2022-11-04 13:36:05.680293,0 days 00:04:07.848871,1.0,3.0,1024.0,0.0002494618279275,309.0,14.0,matern0.5,,PRUNED,0.0151662714779376,,,,
44027.0,year,1.0,15.0,0.0128036271780729,2022-11-04 13:36:05.680760,2022-11-04 14:06:22.549175,0 days 00:30:16.868415,1.0,1.0,512.0,0.0003891095033167,434.0,10.0,matern0.5,42.0,COMPLETE,0.0146800596266984,,,,
44027.0,year,1.0,16.0,0.012575414031744,2022-11-04 14:06:22.549720,2022-11-04 14:12:35.633235,0 days 00:06:13.083515,2.0,1.0,512.0,0.0009987186102288,189.0,3.0,rbf,,PRUNED,0.012575414031744,,,,
44027.0,year,1.0,17.0,0.0150013137608766,2022-11-04 14:12:35.633772,2022-11-04 14:24:55.230514,0 days 00:12:19.596742,4.0,1.0,1024.0,0.0901563997509545,646.0,6.0,rbf,4.0,COMPLETE,,,,,
44027.0,year,1.0,18.0,0.0116799557581543,2022-11-04 14:24:55.231079,2022-11-04 14:33:09.206550,0 days 00:08:13.975471,2.0,1.0,512.0,0.0020302776158737,273.0,6.0,matern1.5,,PRUNED,0.013587474822998,0.0116799557581543,,,
44027.0,year,1.0,19.0,0.0150039941072463,2022-11-04 14:33:09.207119,2022-11-04 14:48:03.291170,0 days 00:14:54.084051,3.0,4.0,512.0,0.0008944845789466,225.0,10.0,matern0.5,6.0,COMPLETE,,,,,
44027.0,year,1.0,20.0,0.0150248259305953,2022-11-04 14:48:03.291740,2022-11-04 14:53:43.357937,0 days 00:05:40.066197,2.0,1.0,1024.0,0.0006258982435399,398.0,9.0,rbf,,PRUNED,0.0150248259305953,,,,
44027.0,year,1.0,21.0,0.0285277310758829,2022-11-04 14:53:43.358363,2022-11-04 14:56:02.783016,0 days 00:02:19.424653,1.0,4.0,2048.0,0.0001895226231769,202.0,4.0,matern1.5,,PRUNED,0.0285277310758829,,,,
44027.0,year,1.0,22.0,0.0113735506311059,2022-11-04 14:56:02.783421,2022-11-04 15:00:25.986343,0 days 00:04:23.202922,1.0,1.0,512.0,0.0070100414368248,96.0,15.0,matern0.5,,PRUNED,0.0119718192145228,0.0113735506311059,,,
44027.0,year,1.0,23.0,0.0114709585905075,2022-11-04 15:00:25.986862,2022-11-04 15:03:18.112110,0 days 00:02:52.125248,1.0,1.0,1024.0,0.0168949380969948,255.0,9.0,rbf,,PRUNED,0.0118706719949841,0.0114709585905075,,,
44027.0,year,1.0,24.0,0.0150681026279926,2022-11-04 15:03:18.112532,2022-11-04 15:32:43.097016,0 days 00:29:24.984484,3.0,4.0,512.0,0.0956837522558925,764.0,15.0,matern1.5,,PRUNED,0.0150681026279926,,,,
44027.0,year,1.0,25.0,0.0150567013770341,2022-11-04 15:32:43.097590,2022-11-04 15:34:21.855828,0 days 00:01:38.758238,2.0,2.0,1024.0,0.0005184487599042,133.0,11.0,rbf,,PRUNED,0.0150567013770341,,,,
44027.0,year,1.0,26.0,0.0108891781419515,2022-11-04 15:34:21.856272,2022-11-04 15:45:41.202626,0 days 00:11:19.346354,2.0,2.0,512.0,0.0213375479348982,167.0,12.0,rbf,11.0,COMPLETE,0.011229932308197,0.011268594302237,,,
44027.0,year,1.0,27.0,0.0118159810081124,2022-11-04 15:45:41.203192,2022-11-04 15:55:45.170026,0 days 00:10:03.966834,3.0,2.0,512.0,0.0307082576085643,123.0,13.0,matern1.5,,PRUNED,0.0113346492871642,0.0118159810081124,,,
44027.0,year,1.0,28.0,0.0109639689326286,2022-11-04 15:55:45.170608,2022-11-04 16:10:21.569842,0 days 00:14:36.399234,3.0,3.0,512.0,0.0160315524270619,79.0,12.0,rbf,12.0,COMPLETE,0.011773413978517,0.0112108821049332,,,
44027.0,year,1.0,29.0,0.0128917023539543,2022-11-04 16:10:21.570412,2022-11-04 16:12:10.767403,0 days 00:01:49.196991,1.0,3.0,512.0,0.0725187802109415,51.0,13.0,matern1.5,,PRUNED,0.0128917023539543,,,,
44027.0,year,1.0,30.0,0.0110762827098369,2022-11-04 16:12:10.767918,2022-11-04 16:44:04.037564,0 days 00:31:53.269646,2.0,4.0,512.0,0.0111984353756134,536.0,14.0,rbf,8.0,COMPLETE,0.0118243647739291,0.0111311608925461,,,
44027.0,year,1.0,31.0,0.0115507282316684,2022-11-04 16:44:04.038134,2022-11-04 17:09:32.175876,0 days 00:25:28.137742,3.0,2.0,512.0,0.0075864782098468,102.0,5.0,matern1.5,,PRUNED,0.0116667011752724,0.0115507282316684,,,
44027.0,year,1.0,32.0,0.011607919819653,2022-11-04 17:09:32.176274,2022-11-04 17:18:31.865367,0 days 00:08:59.689093,3.0,2.0,512.0,0.0285082287396775,144.0,11.0,rbf,,PRUNED,0.0114511027932167,0.011607919819653,,,
44027.0,year,1.0,33.0,0.0117037231102585,2022-11-04 17:18:31.865908,2022-11-04 17:26:09.032570,0 days 00:07:37.166662,1.0,2.0,512.0,0.003472078771288,667.0,2.0,matern0.5,,PRUNED,0.0117037231102585,,,,
44027.0,year,1.0,34.0,0.0122761875391006,2022-11-04 17:26:09.033140,2022-11-04 17:29:08.524088,0 days 00:02:59.490948,2.0,3.0,512.0,0.0414392505459405,94.0,13.0,matern1.5,,PRUNED,0.0122761875391006,,,,
44027.0,year,1.0,35.0,0.0114169185981154,2022-11-04 17:29:08.524650,2022-11-04 17:59:33.889101,0 days 00:30:25.364451,1.0,2.0,512.0,0.0005415308926636,121.0,8.0,matern1.5,57.0,COMPLETE,,,,,
44027.0,year,1.0,36.0,0.0120394313707947,2022-11-04 17:59:33.889666,2022-11-04 18:01:32.300740,0 days 00:01:58.411074,1.0,4.0,512.0,0.0079487499659432,177.0,15.0,rbf,,PRUNED,0.0120394313707947,,,,
44027.0,year,1.0,37.0,0.010901934467256,2022-11-04 18:01:32.301236,2022-11-04 18:21:39.633607,0 days 00:20:07.332371,2.0,4.0,512.0,0.0094871634484046,358.0,2.0,rbf,17.0,COMPLETE,0.0110796885564923,,,,
44027.0,year,1.0,38.0,0.0150012522935867,2022-11-04 18:21:39.634163,2022-11-04 18:25:04.707131,0 days 00:03:25.072968,4.0,2.0,2048.0,0.0449352328772026,190.0,11.0,matern1.5,,PRUNED,0.0150012522935867,,,,
44027.0,year,1.0,39.0,0.0119005180895328,2022-11-04 18:25:04.707560,2022-11-04 18:34:24.343235,0 days 00:09:19.635675,3.0,2.0,512.0,0.0155825142535377,106.0,8.0,matern0.5,,PRUNED,0.0119005180895328,,,,
44027.0,year,1.0,40.0,0.0114311557263135,2022-11-04 18:34:24.343848,2022-11-04 18:43:05.930551,0 days 00:08:41.586703,3.0,3.0,512.0,0.0161263680557849,77.0,12.0,rbf,,PRUNED,0.0113912001252174,0.0114311557263135,,,
44027.0,year,1.0,41.0,0.0109185725450515,2022-11-04 18:43:05.931086,2022-11-04 18:56:23.987377,0 days 00:13:18.056291,3.0,3.0,512.0,0.0171939179576155,92.0,12.0,rbf,10.0,COMPLETE,0.0113412821665406,0.0109185725450515,,,
44027.0,year,1.0,42.0,0.0150001142174005,2022-11-04 18:56:23.987956,2022-11-04 19:26:46.675332,0 days 00:30:22.687376,3.0,1.0,2048.0,0.0001405273718333,221.0,12.0,rbf,64.0,COMPLETE,,,,,
44027.0,year,1.0,43.0,0.0118823572993278,2022-11-04 19:26:46.675881,2022-11-04 19:29:29.588291,0 days 00:02:42.912410,2.0,3.0,512.0,0.0062703049530581,112.0,14.0,rbf,,PRUNED,0.0118823572993278,,,,
44027.0,year,1.0,44.0,0.0109516335651278,2022-11-04 19:29:29.588829,2022-11-04 19:41:57.912145,0 days 00:12:28.323316,3.0,4.0,512.0,0.0216431549165594,63.0,8.0,rbf,10.0,COMPLETE,0.011444722302258,0.0109516335651278,,,
44027.0,year,1.0,45.0,0.0119648138061165,2022-11-04 19:41:57.912702,2022-11-04 19:50:46.817197,0 days 00:08:48.904495,2.0,3.0,512.0,0.0016800789130888,290.0,4.0,matern1.5,,PRUNED,0.0119648138061165,,,,
44027.0,year,1.0,46.0,0.0112622324377298,2022-11-04 19:50:46.817755,2022-11-04 20:21:52.285471,0 days 00:31:05.467716,3.0,3.0,2048.0,0.0107437014345831,471.0,10.0,rbf,13.0,COMPLETE,0.0116301085799932,,,,
44027.0,year,1.0,47.0,0.0113733680918812,2022-11-04 20:21:52.286036,2022-11-04 20:24:46.263168,0 days 00:02:53.977132,1.0,1.0,2048.0,0.0667570276950176,68.0,4.0,rbf,13.0,COMPLETE,,,,,
44027.0,year,1.0,48.0,0.0117911426350474,2022-11-04 20:24:46.263775,2022-11-04 20:31:08.322340,0 days 00:06:22.058565,2.0,2.0,512.0,0.0057425135531503,51.0,6.0,matern0.5,,PRUNED,0.0117911426350474,,,,
44027.0,year,1.0,49.0,0.0147877251729369,2022-11-04 20:31:08.322880,2022-11-04 21:01:59.410469,0 days 00:30:51.087589,1.0,2.0,512.0,0.0001089423448577,691.0,10.0,matern1.5,22.0,COMPLETE,,,,,
44027.0,year,1.0,50.0,0.0108999796211719,2022-11-04 21:01:59.411033,2022-11-04 21:23:13.768211,0 days 00:21:14.357178,4.0,2.0,512.0,0.0108865009550962,97.0,12.0,rbf,15.0,COMPLETE,0.0112718250602483,0.0109606338664889,,,
44027.0,year,1.0,51.0,0.0150016173720359,2022-11-04 21:23:13.768779,2022-11-04 21:28:50.582913,0 days 00:05:36.814134,4.0,2.0,512.0,0.0097263538187866,167.0,14.0,matern1.5,,PRUNED,0.0150016173720359,,,,
44027.0,year,1.0,52.0,0.0150422807782888,2022-11-04 21:28:50.583490,2022-11-04 21:32:53.174073,0 days 00:04:02.590583,4.0,2.0,512.0,0.0533040589484363,76.0,10.0,rbf,,PRUNED,0.0150422807782888,,,,
44027.0,year,1.0,53.0,0.0150035666301846,2022-11-04 21:32:53.174656,2022-11-04 21:38:28.455512,0 days 00:05:35.280856,4.0,4.0,2048.0,0.0035499002531506,50.0,4.0,matern1.5,4.0,COMPLETE,,,,,
44027.0,year,1.0,54.0,0.0150012169033288,2022-11-04 21:38:28.456080,2022-11-04 21:49:05.317092,0 days 00:10:36.861012,3.0,3.0,512.0,0.0018307900351035,269.0,2.0,rbf,,PRUNED,0.0150012169033288,,,,
44027.0,year,1.0,55.0,0.0133997686207294,2022-11-04 21:49:05.317623,2022-11-04 21:50:42.911483,0 days 00:01:37.593860,1.0,2.0,512.0,0.0030210618965943,50.0,10.0,rbf,,PRUNED,0.0133997686207294,,,,
44027.0,year,1.0,56.0,0.022182086482644,2022-11-04 21:50:42.912096,2022-11-04 21:52:28.016962,0 days 00:01:45.104866,2.0,3.0,2048.0,0.000462813202227,150.0,8.0,matern1.5,,PRUNED,0.022182086482644,,,,
44027.0,year,1.0,57.0,0.0150046376511454,2022-11-04 21:52:28.017380,2022-11-04 21:58:40.583898,0 days 00:06:12.566518,4.0,4.0,1024.0,0.0044786680660449,243.0,13.0,rbf,,PRUNED,0.0150046376511454,,,,
44027.0,year,1.0,58.0,0.0118682272732257,2022-11-04 21:58:40.584417,2022-11-04 22:02:16.442098,0 days 00:03:35.857681,3.0,3.0,512.0,0.0120435940384204,101.0,12.0,rbf,,PRUNED,0.0118682272732257,,,,
44027.0,year,1.0,59.0,0.0109458398073911,2022-11-04 22:02:16.442691,2022-11-04 22:12:32.372159,0 days 00:10:15.929468,2.0,3.0,2048.0,0.028744985465286,200.0,4.0,matern1.5,22.0,COMPLETE,,,,,
44027.0,year,1.0,60.0,0.0117856841534376,2022-11-04 22:12:32.372717,2022-11-04 22:20:45.493850,0 days 00:08:13.121133,3.0,2.0,512.0,0.0267231981172701,83.0,11.0,rbf,,PRUNED,0.0112246992066502,0.0117856841534376,,,
44027.0,year,1.0,61.0,0.0150059685111045,2022-11-04 22:20:45.494389,2022-11-04 22:24:58.180306,0 days 00:04:12.685917,4.0,3.0,512.0,0.0179126456701588,66.0,12.0,rbf,,PRUNED,0.0150059685111045,,,,
44027.0,year,1.0,62.0,,2022-11-04 22:24:58.180893,2022-11-04 22:24:58.471577,0 days 00:00:00.290684,4.0,4.0,2048.0,0.0110558914658582,106.0,14.0,matern0.5,,FAIL,,,,,
44027.0,year,2.0,0.0,0.0116589097306132,2022-11-04 22:38:40.760353,2022-11-04 23:08:41.315297,0 days 00:30:00.554944,2.0,1.0,1024.0,0.001,200.0,10.0,rbf,71.0,COMPLETE,,,,"{'n_gp_layers': 2, 'n_gp_out': 1, 'num_inducing': 200, 'batch_size': 1024, 'lr': 0.001, 'num_samples': 10, 'kernel_type': 'rbf'}",
44027.0,year,2.0,1.0,0.0117402356117963,2022-11-04 23:08:41.315918,2022-11-04 23:38:51.243632,0 days 00:30:09.927714,1.0,3.0,512.0,0.0007904322115499,605.0,2.0,rbf,39.0,COMPLETE,0.0153894890099763,0.0139431040734052,0.0121143888682127,,
44027.0,year,2.0,2.0,0.0155277661979198,2022-11-04 23:38:51.244281,2022-11-04 23:45:22.213849,0 days 00:06:30.969568,2.0,4.0,512.0,0.0007354606124097,368.0,13.0,matern1.5,,PRUNED,0.0155277661979198,,,,
44027.0,year,2.0,3.0,0.0155021138489246,2022-11-04 23:45:22.214457,2022-11-04 23:47:14.385732,0 days 00:01:52.171275,1.0,1.0,1024.0,0.0012893185854721,466.0,10.0,matern1.5,,PRUNED,0.0155021138489246,,,,
44027.0,year,2.0,4.0,0.0117031354457139,2022-11-04 23:47:14.386159,2022-11-04 23:50:56.171331,0 days 00:03:41.785172,1.0,1.0,512.0,0.0445910273769351,278.0,9.0,matern1.5,2.0,COMPLETE,,,,,
44027.0,year,2.0,5.0,0.0113741615787148,2022-11-04 23:50:56.172030,2022-11-05 00:20:57.958158,0 days 00:30:01.786128,1.0,2.0,2048.0,0.0041209219656093,476.0,15.0,matern0.5,58.0,COMPLETE,0.0118470229208469,,,,
44027.0,year,2.0,6.0,0.0153287090361118,2022-11-05 00:20:57.958797,2022-11-05 00:51:05.135887,0 days 00:30:07.177090,1.0,2.0,2048.0,0.0001013442379592,51.0,12.0,matern0.5,140.0,COMPLETE,0.1734610199928283,0.0181745197623968,0.0155164115130901,,
44027.0,year,2.0,7.0,0.0155075807124376,2022-11-05 00:51:05.136504,2022-11-05 01:05:05.082998,0 days 00:13:59.946494,4.0,1.0,512.0,0.0004449536406407,97.0,4.0,matern1.5,8.0,COMPLETE,0.0155106401070952,,,,
44027.0,year,2.0,8.0,0.0132288224995136,2022-11-05 01:05:05.083637,2022-11-05 01:37:49.348453,0 days 00:32:44.264816,3.0,1.0,512.0,0.0059671238094097,768.0,15.0,matern1.5,5.0,COMPLETE,,,,,
44027.0,year,2.0,9.0,0.0116926115006208,2022-11-05 01:37:49.349051,2022-11-05 01:43:35.661800,0 days 00:05:46.312749,2.0,1.0,2048.0,0.0500886636366372,398.0,5.0,matern1.5,10.0,COMPLETE,0.0130067914724349,0.0116926115006208,,,
44027.0,year,2.0,10.0,0.0115140583366155,2022-11-05 01:43:35.662411,2022-11-05 02:01:13.633260,0 days 00:17:37.970849,2.0,1.0,1024.0,0.0027254219087477,109.0,9.0,matern1.5,39.0,COMPLETE,0.0130824809893965,0.0118423616513609,,,
44027.0,year,2.0,11.0,0.0116133568808436,2022-11-05 02:01:13.633881,2022-11-05 02:04:28.616586,0 days 00:03:14.982705,1.0,2.0,2048.0,0.0291619414975395,98.0,12.0,matern0.5,10.0,COMPLETE,0.0123296333476901,0.0116133568808436,,,
44027.0,year,2.0,12.0,0.2295357137918472,2022-11-05 02:04:28.617187,2022-11-05 02:06:15.920409,0 days 00:01:47.303222,1.0,3.0,2048.0,0.0001268838093382,792.0,5.0,matern0.5,,PRUNED,0.2295357137918472,,,,
44027.0,year,2.0,13.0,0.0136159947142004,2022-11-05 02:06:15.920816,2022-11-05 02:08:31.351422,0 days 00:02:15.430606,2.0,2.0,2048.0,0.0319447599408373,612.0,4.0,matern0.5,,PRUNED,0.0136159947142004,,,,
44027.0,year,2.0,14.0,0.0139340180903673,2022-11-05 02:08:31.351873,2022-11-05 02:38:51.863864,0 days 00:30:20.511991,1.0,3.0,512.0,0.0001013350232718,70.0,4.0,matern0.5,62.0,COMPLETE,,,,,
44027.0,year,2.0,15.0,0.0155672132968902,2022-11-05 02:38:51.864462,2022-11-05 02:46:09.617633,0 days 00:07:17.753171,1.0,1.0,512.0,0.0001826991539359,466.0,13.0,matern0.5,,PRUNED,0.0155672132968902,,,,
44027.0,year,2.0,16.0,0.0155328121036291,2022-11-05 02:46:09.618149,2022-11-05 02:57:35.169910,0 days 00:11:25.551761,4.0,4.0,512.0,0.0010586938240149,52.0,8.0,matern0.5,,PRUNED,0.0155328121036291,,,,
44027.0,year,2.0,17.0,0.0154950749129056,2022-11-05 02:57:35.170453,2022-11-05 03:04:41.083899,0 days 00:07:05.913446,3.0,1.0,1024.0,0.0018356011930987,379.0,4.0,matern0.5,6.0,COMPLETE,0.0155041674152016,,,,
44027.0,year,2.0,18.0,0.0156630184501409,2022-11-05 03:04:41.084521,2022-11-05 03:10:28.706269,0 days 00:05:47.621748,3.0,1.0,1024.0,0.0001764837806135,237.0,11.0,rbf,,PRUNED,0.0156630184501409,,,,
44027.0,year,2.0,19.0,0.011378658004105,2022-11-05 03:10:28.706746,2022-11-05 03:41:40.624207,0 days 00:31:11.917461,3.0,3.0,1024.0,0.0207403819534938,568.0,10.0,matern1.5,10.0,COMPLETE,0.0120248021557927,0.0115508344024419,,,
44027.0,year,2.0,20.0,0.0158179476857185,2022-11-05 03:41:40.624805,2022-11-05 03:46:07.255623,0 days 00:04:26.630818,1.0,3.0,512.0,0.0002635375521789,605.0,14.0,matern0.5,,PRUNED,0.0158179476857185,,,,
44027.0,year,2.0,21.0,0.0113153299316763,2022-11-05 03:46:07.256133,2022-11-05 04:08:26.385604,0 days 00:22:19.129471,2.0,3.0,512.0,0.008348364715537,252.0,8.0,matern1.5,19.0,COMPLETE,,,,,
44027.0,year,2.0,22.0,0.0588661544024944,2022-11-05 04:08:26.386166,2022-11-05 04:12:32.981400,0 days 00:04:06.595234,2.0,2.0,2048.0,0.0001017099112502,82.0,14.0,matern1.5,,PRUNED,0.0588661544024944,,,,
44027.0,year,2.0,23.0,0.0156569853425025,2022-11-05 04:12:32.981872,2022-11-05 04:18:58.506069,0 days 00:06:25.524197,1.0,2.0,2048.0,0.0002477895823202,81.0,13.0,matern1.5,,PRUNED,0.0156569853425025,,,,
44027.0,year,2.0,24.0,0.0310582723468542,2022-11-05 04:18:58.506428,2022-11-05 04:20:09.769239,0 days 00:01:11.262811,2.0,1.0,2048.0,0.0004344812385796,92.0,9.0,matern1.5,,PRUNED,0.0310582723468542,,,,
44027.0,year,2.0,25.0,0.0140710957348346,2022-11-05 04:20:09.769654,2022-11-05 04:34:27.212250,0 days 00:14:17.442596,1.0,2.0,512.0,0.0001576312523005,263.0,2.0,matern1.5,,PRUNED,0.0151595612987875,0.0140710957348346,,,
44027.0,year,2.0,26.0,0.0119897946715354,2022-11-05 04:34:27.212631,2022-11-05 04:48:31.890883,0 days 00:14:04.678252,1.0,2.0,1024.0,0.001301472472359,616.0,6.0,matern1.5,,PRUNED,0.0119897946715354,,,,
44027.0,year,2.0,27.0,0.0155076449736952,2022-11-05 04:48:31.891286,2022-11-05 04:52:30.448574,0 days 00:03:58.557288,2.0,4.0,1024.0,0.0134350855035137,136.0,7.0,rbf,4.0,COMPLETE,,,,,
44027.0,year,2.0,28.0,0.015511586330831,2022-11-05 04:52:30.449129,2022-11-05 04:55:29.015349,0 days 00:02:58.566220,4.0,2.0,1024.0,0.0051949107257043,204.0,7.0,rbf,,PRUNED,0.015511586330831,,,,
44027.0,year,2.0,29.0,0.0155123546719551,2022-11-05 04:55:29.015755,2022-11-05 04:58:17.103206,0 days 00:02:48.087451,4.0,2.0,1024.0,0.0127689221241168,68.0,11.0,matern0.5,,PRUNED,0.0155123546719551,,,,
44027.0,year,2.0,30.0,0.015524074435234,2022-11-05 04:58:17.103646,2022-11-05 05:01:44.281861,0 days 00:03:27.178215,3.0,4.0,1024.0,0.013195378192001,130.0,12.0,matern1.5,,PRUNED,0.015524074435234,,,,
44027.0,year,2.0,31.0,0.0115807559341192,2022-11-05 05:01:44.282372,2022-11-05 05:15:25.590505,0 days 00:13:41.308133,2.0,1.0,1024.0,0.0649359884991132,749.0,10.0,matern1.5,6.0,COMPLETE,0.0132260024547576,,,,
44027.0,year,2.0,32.0,0.0155081376433372,2022-11-05 05:15:25.591062,2022-11-05 05:27:57.900449,0 days 00:12:32.309387,3.0,3.0,512.0,0.0444679235167216,206.0,12.0,rbf,6.0,COMPLETE,,,,,
44027.0,year,2.0,33.0,0.0155587997287511,2022-11-05 05:27:57.901021,2022-11-05 05:36:35.955899,0 days 00:08:38.054878,1.0,4.0,1024.0,0.0001558254130836,220.0,3.0,matern0.5,,PRUNED,0.0155587997287511,,,,
44027.0,year,2.0,34.0,0.0156131675466895,2022-11-05 05:36:35.956253,2022-11-05 05:38:53.516650,0 days 00:02:17.560397,3.0,2.0,2048.0,0.0852069395825896,225.0,8.0,matern0.5,,PRUNED,0.0156131675466895,,,,
44027.0,year,2.0,35.0,0.0116443559527397,2022-11-05 05:38:53.517041,2022-11-05 05:44:15.862861,0 days 00:05:22.345820,3.0,3.0,1024.0,0.0167113995165501,53.0,14.0,rbf,,PRUNED,0.012924674898386,0.0116443559527397,,,
44027.0,year,2.0,36.0,0.0155181549489498,2022-11-05 05:44:15.863312,2022-11-05 05:47:10.752632,0 days 00:02:54.889320,3.0,2.0,1024.0,0.0030397610882038,138.0,15.0,matern1.5,,PRUNED,0.0155181549489498,,,,
44027.0,year,2.0,37.0,0.0155115285888314,2022-11-05 05:47:10.753057,2022-11-05 05:50:07.446732,0 days 00:02:56.693675,2.0,4.0,2048.0,0.0050801138456822,263.0,11.0,matern0.5,,PRUNED,0.0155115285888314,,,,
44027.0,year,2.0,38.0,0.0114956079050898,2022-11-05 05:50:07.447152,2022-11-05 06:20:35.370685,0 days 00:30:27.923533,2.0,2.0,1024.0,0.0069965304413516,695.0,10.0,matern1.5,16.0,COMPLETE,0.0117966756224632,,,,
44027.0,year,2.0,39.0,0.0113113848492503,2022-11-05 06:20:35.371318,2022-11-05 06:30:08.757907,0 days 00:09:33.386589,1.0,3.0,1024.0,0.0272834176802933,135.0,7.0,matern0.5,27.0,COMPLETE,0.0120942760258913,0.0115714510902762,0.0117410561069846,,
44027.0,year,2.0,40.0,0.0155093744397163,2022-11-05 06:30:08.758517,2022-11-05 06:34:54.696886,0 days 00:04:45.938369,3.0,1.0,2048.0,0.0042442104170521,138.0,10.0,matern1.5,6.0,COMPLETE,,,,,
44027.0,year,2.0,41.0,0.0155438715592026,2022-11-05 06:34:54.697467,2022-11-05 06:40:00.879548,0 days 00:05:06.182081,4.0,3.0,1024.0,0.0894361289985218,291.0,7.0,matern1.5,,PRUNED,0.0155438715592026,,,,
44027.0,year,2.0,42.0,0.0155077679082751,2022-11-05 06:40:00.880015,2022-11-05 06:42:42.670318,0 days 00:02:41.790303,3.0,4.0,1024.0,0.0071896873133747,150.0,9.0,rbf,,PRUNED,0.0155077679082751,,,,
44027.0,year,2.0,43.0,0.0112595278769731,2022-11-05 06:42:42.670756,2022-11-05 07:11:11.251287,0 days 00:28:28.580531,2.0,3.0,1024.0,0.0073245616799823,138.0,6.0,matern1.5,55.0,COMPLETE,0.0118840932846069,0.0114309703931212,,,
44027.0,year,2.0,44.0,0.0169310104101896,2022-11-05 07:11:11.251939,2022-11-05 07:17:04.088244,0 days 00:05:52.836305,1.0,1.0,2048.0,0.0001523550545418,247.0,9.0,rbf,,PRUNED,0.0169310104101896,,,,
44027.0,year,2.0,45.0,0.0113271912559866,2022-11-05 07:17:04.088592,2022-11-05 07:37:45.719000,0 days 00:20:41.630408,3.0,3.0,1024.0,0.0089974630064639,156.0,6.0,matern1.5,26.0,COMPLETE,0.0121810184791684,0.0114301303401589,,,
44027.0,year,2.0,46.0,0.0113221360370516,2022-11-05 07:37:45.719631,2022-11-05 07:54:45.227949,0 days 00:16:59.508318,3.0,3.0,1024.0,0.0151627443355097,165.0,6.0,matern1.5,20.0,COMPLETE,0.0115674212574958,,,,
44027.0,year,2.0,47.0,0.0122173065319657,2022-11-05 07:54:45.228588,2022-11-05 07:59:41.703734,0 days 00:04:56.475146,2.0,3.0,1024.0,0.002392466291491,156.0,7.0,matern1.5,,PRUNED,0.0153791420161724,0.0122173065319657,,,
44027.0,year,2.0,48.0,0.0114188166335225,2022-11-05 07:59:41.704202,2022-11-05 08:04:29.865057,0 days 00:04:48.160855,1.0,2.0,1024.0,0.0258921964916492,100.0,12.0,matern0.5,12.0,COMPLETE,0.0120901754125952,0.011430399492383,,,
44027.0,year,2.0,49.0,0.0117115685716271,2022-11-05 08:04:29.865661,2022-11-05 08:07:18.471695,0 days 00:02:48.606034,1.0,3.0,1024.0,0.0280336621906274,99.0,10.0,matern0.5,,PRUNED,0.0120353735983371,0.0117115685716271,,,
44027.0,year,2.0,50.0,0.0144965769723057,2022-11-05 08:07:18.472115,2022-11-05 08:18:01.700507,0 days 00:10:43.228392,1.0,1.0,1024.0,0.000506017332777,346.0,15.0,rbf,,PRUNED,0.0144965769723057,,,,
44027.0,year,2.0,51.0,0.0113170761615037,2022-11-05 08:18:01.700844,2022-11-05 08:30:42.436041,0 days 00:12:40.735197,3.0,3.0,1024.0,0.025455742602353,175.0,5.0,rbf,17.0,COMPLETE,0.011650213971734,,,,
44027.0,year,2.0,52.0,0.0118390684947371,2022-11-05 08:30:42.436673,2022-11-05 08:33:28.631819,0 days 00:02:46.195146,1.0,2.0,1024.0,0.0093636924874518,76.0,8.0,matern0.5,,PRUNED,0.0126549191772937,0.0118390684947371,,,
44027.0,year,2.0,53.0,0.0115863867104053,2022-11-05 08:33:28.632267,2022-11-05 08:36:40.785983,0 days 00:03:12.153716,1.0,4.0,1024.0,0.0197761935985738,182.0,10.0,matern0.5,,PRUNED,0.0121137630194425,0.0115863867104053,,,
44027.0,year,2.0,54.0,0.0155110200867056,2022-11-05 08:36:40.786433,2022-11-05 08:48:23.296561,0 days 00:11:42.510128,1.0,1.0,512.0,0.0001001320113169,93.0,8.0,rbf,,PRUNED,0.0155110200867056,,,,
44027.0,year,2.0,55.0,0.0155093511566519,2022-11-05 08:48:23.296933,2022-11-05 08:50:57.251239,0 days 00:02:33.954306,4.0,3.0,2048.0,0.0258388009585359,77.0,4.0,rbf,1.0,COMPLETE,,,,,
44027.0,year,2.0,56.0,0.0114523200318217,2022-11-05 08:50:57.251858,2022-11-05 09:06:45.737994,0 days 00:15:48.486136,3.0,3.0,1024.0,0.0052186242166694,206.0,3.0,rbf,,PRUNED,0.0119781279936432,0.0114523200318217,,,
44027.0,year,2.0,57.0,0.0155089711770415,2022-11-05 09:06:45.738344,2022-11-05 09:09:44.320268,0 days 00:02:58.581924,4.0,3.0,1024.0,0.0349850305577459,128.0,6.0,matern0.5,,PRUNED,0.0155089711770415,,,,
44027.0,year,2.0,58.0,0.0113063799217343,2022-11-05 09:09:44.320711,2022-11-05 09:29:53.786144,0 days 00:20:09.465433,2.0,4.0,1024.0,0.0293436817071124,362.0,5.0,rbf,23.0,COMPLETE,0.0117661850526928,,,,
44027.0,year,2.0,59.0,0.011539795435965,2022-11-05 09:29:53.786766,2022-11-05 09:34:02.883799,0 days 00:04:09.097033,1.0,2.0,512.0,0.0495914859486549,110.0,12.0,matern0.5,4.0,COMPLETE,0.011539795435965,,,,
44027.0,year,2.0,60.0,0.0155025105923414,2022-11-05 09:34:02.884468,2022-11-05 09:38:46.514596,0 days 00:04:43.630128,2.0,4.0,2048.0,0.0902774280751533,410.0,7.0,rbf,1.0,COMPLETE,,,,,
44027.0,year,2.0,61.0,0.0155076598748564,2022-11-05 09:38:46.515254,2022-11-05 09:46:29.741960,0 days 00:07:43.226706,3.0,3.0,1024.0,0.0288498889792479,351.0,6.0,rbf,3.0,COMPLETE,,,,,
44027.0,year,2.0,62.0,0.0116595393046736,2022-11-05 09:46:29.742583,2022-11-05 09:50:08.298157,0 days 00:03:38.555574,2.0,4.0,1024.0,0.0571233415263795,76.0,3.0,rbf,,PRUNED,0.0119426269084215,0.0116595393046736,,,
44027.0,year,2.0,63.0,0.0155093315988779,2022-11-05 09:50:08.298615,2022-11-05 09:52:29.423620,0 days 00:02:21.125005,3.0,3.0,1024.0,0.0199944851027246,52.0,11.0,matern0.5,,PRUNED,0.0155093315988779,,,,
44027.0,year,2.0,64.0,0.0145302060991525,2022-11-05 09:52:29.424049,2022-11-05 09:54:34.723803,0 days 00:02:05.299754,1.0,3.0,512.0,0.0017857251556678,179.0,13.0,matern1.5,,PRUNED,0.0145302060991525,,,,
44027.0,year,2.0,65.0,0.0114872679114341,2022-11-05 09:54:34.724323,2022-11-05 10:24:35.446451,0 days 00:30:00.722128,1.0,3.0,1024.0,0.0006701730292371,68.0,11.0,rbf,113.0,COMPLETE,,,,,
44027.0,year,2.0,66.0,0.015510007739067,2022-11-05 10:24:35.447062,2022-11-05 10:25:53.581203,0 days 00:01:18.134141,1.0,2.0,1024.0,0.0049145117614192,308.0,9.0,rbf,,PRUNED,0.015510007739067,,,,
44027.0,year,2.0,67.0,0.0116949947550892,2022-11-05 10:25:53.581632,2022-11-05 10:29:07.162796,0 days 00:03:13.581164,1.0,2.0,512.0,0.0523797714097888,107.0,12.0,matern0.5,2.0,COMPLETE,0.0124036287888884,,,,
44027.0,year,2.0,68.0,0.0117170233279466,2022-11-05 10:29:07.163426,2022-11-05 10:33:48.200976,0 days 00:04:41.037550,1.0,2.0,512.0,0.0490368870565794,117.0,14.0,matern0.5,,PRUNED,0.0120572280138731,0.0117170233279466,,,
44027.0,year,2.0,69.0,0.0117785008624196,2022-11-05 10:33:48.201510,2022-11-05 10:38:25.032948,0 days 00:04:36.831438,1.0,3.0,512.0,0.0096951318993671,82.0,13.0,matern0.5,,PRUNED,0.0121599696576595,0.0117785008624196,,,
44027.0,year,2.0,70.0,0.0113309947773814,2022-11-05 10:38:25.033513,2022-11-05 10:49:53.418909,0 days 00:11:28.385396,2.0,4.0,1024.0,0.0174621871947457,193.0,4.0,rbf,20.0,COMPLETE,0.0116008501499891,,,,
44027.0,year,2.0,71.0,0.0155555251985788,2022-11-05 10:49:53.419549,2022-11-05 10:53:10.513116,0 days 00:03:17.093567,2.0,4.0,512.0,0.0936758817655471,162.0,10.0,matern0.5,,PRUNED,0.0155555251985788,,,,
44027.0,year,2.0,72.0,0.0155076580122113,2022-11-05 10:53:10.513642,2022-11-05 10:59:38.242946,0 days 00:06:27.729304,3.0,1.0,512.0,0.0721304102366742,254.0,2.0,matern1.5,2.0,COMPLETE,,,,,
44027.0,year,2.0,73.0,0.0113825192674994,2022-11-05 10:59:38.243589,2022-11-05 11:06:09.386767,0 days 00:06:31.143178,1.0,1.0,512.0,0.0211984522142073,62.0,12.0,matern1.5,10.0,COMPLETE,0.0116489799693226,0.0113825192674994,,,
44027.0,year,2.0,74.0,0.0118100875988602,2022-11-05 11:06:09.387453,2022-11-05 11:10:29.827889,0 days 00:04:20.440436,1.0,1.0,512.0,0.0218374060582712,62.0,11.0,matern1.5,,PRUNED,0.0115966433659195,0.0118100875988602,,,
44027.0,year,2.0,75.0,0.0123209431767463,2022-11-05 11:10:29.828393,2022-11-05 11:29:33.097697,0 days 00:19:03.269304,4.0,3.0,1024.0,0.0415394607377671,566.0,5.0,rbf,,PRUNED,0.0123209431767463,,,,
44027.0,year,2.0,76.0,0.0122523186728358,2022-11-05 11:29:33.098188,2022-11-05 11:37:27.682691,0 days 00:07:54.584503,3.0,4.0,1024.0,0.0040707927332395,323.0,2.0,rbf,,PRUNED,0.0122523186728358,,,,
44027.0,year,2.0,77.0,0.0114976856857538,2022-11-05 11:37:27.683163,2022-11-05 12:07:47.995071,0 days 00:30:20.311908,1.0,1.0,512.0,0.0015221818884827,482.0,8.0,matern0.5,40.0,COMPLETE,,,,,
44027.0,year,2.0,78.0,0.0155080212280154,2022-11-05 12:07:47.995726,2022-11-05 12:10:34.709251,0 days 00:02:46.713525,2.0,2.0,1024.0,0.0097019964220739,130.0,7.0,rbf,2.0,COMPLETE,,,,,
44027.0,year,2.0,79.0,0.015565050765872,2022-11-05 12:10:34.709870,2022-11-05 12:12:29.070735,0 days 00:01:54.360865,2.0,1.0,1024.0,0.0010425908362775,440.0,2.0,matern1.5,,PRUNED,0.015565050765872,,,,
44027.0,year,2.0,80.0,0.0124779194593429,2022-11-05 12:12:29.071198,2022-11-05 12:16:44.748731,0 days 00:04:15.677533,1.0,1.0,512.0,0.0141165572170178,57.0,5.0,matern1.5,,PRUNED,0.011716247536242,0.0124779194593429,,,
44027.0,year,2.0,81.0,0.0120787182822823,2022-11-05 12:16:44.749276,2022-11-05 12:19:34.893953,0 days 00:02:50.144677,1.0,1.0,1024.0,0.0341347455553659,90.0,15.0,matern1.5,,PRUNED,0.0119512602686882,0.0120787182822823,,,
44027.0,year,2.0,82.0,0.015509458258748,2022-11-05 12:19:34.894390,2022-11-05 12:22:39.779069,0 days 00:03:04.884679,4.0,3.0,1024.0,0.0084140914325864,65.0,8.0,matern1.5,,PRUNED,0.015509458258748,,,,
44027.0,year,2.0,83.0,0.0123805059120059,2022-11-05 12:22:39.779531,2022-11-05 12:24:30.909084,0 days 00:01:51.129553,1.0,2.0,512.0,0.057527702807612,113.0,12.0,matern0.5,,PRUNED,0.0123805059120059,,,,
44027.0,year,2.0,84.0,0.0114080496132373,2022-11-05 12:24:30.909625,2022-11-05 12:34:45.294537,0 days 00:10:14.384912,3.0,3.0,1024.0,0.0263639339278852,208.0,5.0,rbf,12.0,COMPLETE,0.011614398099482,,,,
44027.0,year,2.0,85.0,0.0113360686227679,2022-11-05 12:34:45.295162,2022-11-05 12:54:58.775485,0 days 00:20:13.480323,1.0,3.0,512.0,0.0269853694281399,768.0,13.0,matern0.5,10.0,COMPLETE,0.0122648682445287,0.0113360686227679,,,
44027.0,year,2.0,86.0,0.0120749762281775,2022-11-05 12:54:58.776107,2022-11-05 13:25:01.551669,0 days 00:30:02.775562,1.0,2.0,2048.0,0.0004187489450386,323.0,10.0,rbf,107.0,COMPLETE,0.0125513616949319,,,,
44027.0,year,2.0,87.0,0.0155395399779081,2022-11-05 13:25:01.552290,2022-11-05 13:28:07.703502,0 days 00:03:06.151212,2.0,4.0,1024.0,0.002132686098642,169.0,5.0,rbf,2.0,COMPLETE,,,,,
44027.0,year,2.0,88.0,0.011604125611484,2022-11-05 13:28:07.704122,2022-11-05 13:42:52.453544,0 days 00:14:44.749422,1.0,4.0,512.0,0.0262713496088328,754.0,13.0,matern1.5,,PRUNED,0.0115357553586363,0.011604125611484,,,
44027.0,year,2.0,89.0,0.0155194932594895,2022-11-05 13:42:52.454080,2022-11-05 13:54:11.450036,0 days 00:11:18.995956,2.0,1.0,2048.0,0.0002239860491574,63.0,12.0,matern1.5,31.0,COMPLETE,,,,,
44027.0,year,2.0,90.0,0.0154848340898752,2022-11-05 13:54:11.450700,2022-11-05 14:24:18.750947,0 days 00:30:07.300247,2.0,4.0,2048.0,0.0002451941332453,132.0,11.0,matern1.5,50.0,COMPLETE,,,,,
44027.0,year,2.0,91.0,0.0155078051611781,2022-11-05 14:24:18.751619,2022-11-05 14:30:44.484903,0 days 00:06:25.733284,4.0,2.0,1024.0,0.0977197999596925,119.0,8.0,matern0.5,4.0,COMPLETE,,,,,
44027.0,year,2.0,92.0,0.0117043787613511,2022-11-05 14:30:44.485522,2022-11-05 14:33:37.802980,0 days 00:02:53.317458,1.0,3.0,2048.0,0.0367189219641737,290.0,3.0,rbf,9.0,COMPLETE,0.0118607711046934,,,,
44027.0,year,2.0,93.0,0.011477586813271,2022-11-05 14:33:37.803627,2022-11-05 14:43:31.853383,0 days 00:09:54.049756,1.0,3.0,512.0,0.0365869477298077,594.0,14.0,matern0.5,4.0,COMPLETE,0.011477586813271,,,,
44027.0,year,2.0,94.0,0.0112981498241424,2022-11-05 14:43:31.854015,2022-11-05 15:04:18.270097,0 days 00:20:46.416082,2.0,1.0,2048.0,0.0074870504411291,338.0,4.0,rbf,66.0,COMPLETE,0.0115739619359374,,,,
44027.0,year,2.0,95.0,0.0133262211456894,2022-11-05 15:04:18.270734,2022-11-05 15:06:13.152771,0 days 00:01:54.882037,1.0,4.0,2048.0,0.0116310551189081,497.0,11.0,matern1.5,,PRUNED,0.0133262211456894,,,,
44027.0,year,2.0,96.0,0.0121845053508877,2022-11-05 15:06:13.153184,2022-11-05 15:10:56.810612,0 days 00:04:43.657428,1.0,3.0,512.0,0.0065738511294988,691.0,10.0,matern0.5,,PRUNED,0.0121845053508877,,,,
44027.0,year,2.0,97.0,0.0114208562299609,2022-11-05 15:10:56.811247,2022-11-05 15:41:58.905845,0 days 00:31:02.094598,3.0,3.0,512.0,0.0175356938926134,537.0,13.0,matern1.5,4.0,COMPLETE,0.0121332556009292,,,,
44027.0,year,2.0,98.0,0.0200823657214641,2022-11-05 15:41:58.906480,2022-11-05 15:49:03.400531,0 days 00:07:04.494051,4.0,4.0,2048.0,0.0005740205898339,407.0,6.0,matern0.5,,PRUNED,0.0200823657214641,,,,
44027.0,year,2.0,99.0,0.0155076468363404,2022-11-05 15:49:03.400998,2022-11-05 16:14:37.365255,0 days 00:25:33.964257,3.0,4.0,512.0,0.0538626991133791,520.0,6.0,matern1.5,5.0,COMPLETE,,,,,
44027.0,year,3.0,0.0,0.0110597172752022,2022-11-05 16:46:05.516646,2022-11-05 17:16:23.513447,0 days 00:30:17.996801,2.0,1.0,1024.0,0.001,200.0,10.0,rbf,72.0,COMPLETE,0.0150132691487669,0.0150029920041561,0.0116711584851145,"{'n_gp_layers': 2, 'n_gp_out': 1, 'num_inducing': 200, 'batch_size': 1024, 'lr': 0.001, 'num_samples': 10, 'kernel_type': 'rbf'}",
44027.0,year,3.0,1.0,0.0108550079166889,2022-11-05 17:16:23.514088,2022-11-05 17:46:43.851576,0 days 00:30:20.337488,1.0,2.0,512.0,0.0023422643624284,475.0,6.0,matern1.5,39.0,COMPLETE,0.0114569142460823,0.0109853278845548,,,
44027.0,year,3.0,2.0,0.1995411217212677,2022-11-05 17:46:43.852167,2022-11-05 17:48:03.712020,0 days 00:01:19.859853,1.0,3.0,2048.0,0.0002047954716142,375.0,12.0,rbf,,PRUNED,0.1995411217212677,,,,
44027.0,year,3.0,3.0,0.0109115317463874,2022-11-05 17:48:03.712392,2022-11-05 17:53:35.873448,0 days 00:05:32.161056,1.0,1.0,1024.0,0.0194222320816736,117.0,10.0,matern0.5,16.0,COMPLETE,0.0117958821356296,0.0111232288181781,,,
44027.0,year,3.0,4.0,0.0112967379391193,2022-11-05 17:53:35.874025,2022-11-05 18:24:46.657083,0 days 00:31:10.783058,2.0,2.0,512.0,0.0027123945825881,666.0,10.0,rbf,11.0,COMPLETE,,,,,
44027.0,year,3.0,5.0,0.0119088366627693,2022-11-05 18:24:46.657666,2022-11-05 18:26:27.174892,0 days 00:01:40.517226,2.0,4.0,1024.0,0.010854895209452,59.0,4.0,matern1.5,,PRUNED,0.0119088366627693,,,,
44027.0,year,3.0,6.0,0.0150139676406979,2022-11-05 18:26:27.175337,2022-11-05 18:31:16.809931,0 days 00:04:49.634594,3.0,1.0,512.0,0.0008753063467372,320.0,15.0,matern0.5,,PRUNED,0.0150139676406979,,,,
44027.0,year,3.0,7.0,0.0150173837319016,2022-11-05 18:31:16.810460,2022-11-05 18:32:33.850860,0 days 00:01:17.040400,1.0,1.0,1024.0,0.002224765369349,337.0,4.0,matern1.5,,PRUNED,0.0150173837319016,,,,
44027.0,year,3.0,8.0,0.0109931575134396,2022-11-05 18:32:33.851333,2022-11-05 18:36:15.601676,0 days 00:03:41.750343,1.0,1.0,1024.0,0.0378350922198466,83.0,12.0,matern0.5,9.0,COMPLETE,,,,,
44027.0,year,3.0,9.0,0.0148910526186227,2022-11-05 18:36:15.602257,2022-11-05 18:38:36.411893,0 days 00:02:20.809636,1.0,1.0,2048.0,0.0014187726249023,413.0,4.0,matern0.5,,PRUNED,0.0148910526186227,,,,
44027.0,year,3.0,10.0,0.0270146839320659,2022-11-05 18:38:36.412271,2022-11-05 18:39:28.465047,0 days 00:00:52.052776,1.0,2.0,2048.0,0.0005805935642895,62.0,15.0,matern0.5,,PRUNED,0.0270146839320659,,,,
44027.0,year,3.0,11.0,0.0264731086790561,2022-11-05 18:39:28.465418,2022-11-05 18:41:10.022401,0 days 00:01:41.556983,3.0,1.0,1024.0,0.0001748930719733,58.0,6.0,rbf,,PRUNED,0.0264731086790561,,,,
44027.0,year,3.0,12.0,0.0115841506049036,2022-11-05 18:41:10.022854,2022-11-05 18:44:34.698443,0 days 00:03:24.675589,1.0,1.0,1024.0,0.0081004829877174,524.0,2.0,matern0.5,,PRUNED,0.0148157039657235,0.0115841506049036,,,
44027.0,year,3.0,13.0,0.0176559947431087,2022-11-05 18:44:34.698853,2022-11-05 18:48:38.876810,0 days 00:04:04.177957,3.0,3.0,512.0,0.0001037581683735,156.0,14.0,rbf,,PRUNED,0.0176559947431087,,,,
44027.0,year,3.0,14.0,0.0109521383419632,2022-11-05 18:48:38.877356,2022-11-05 19:11:37.223177,0 days 00:22:58.345821,1.0,1.0,2048.0,0.0026509230621189,513.0,5.0,rbf,85.0,COMPLETE,,,,,
44027.0,year,3.0,15.0,0.0120847821235656,2022-11-05 19:11:37.223829,2022-11-05 19:18:32.163037,0 days 00:06:54.939208,2.0,2.0,512.0,0.0826558367069696,120.0,8.0,matern0.5,5.0,COMPLETE,0.0122941611334681,,,,
44027.0,year,3.0,16.0,0.011029727756977,2022-11-05 19:18:32.163663,2022-11-05 19:24:38.419732,0 days 00:06:06.256069,2.0,2.0,1024.0,0.033051158290817,111.0,10.0,rbf,11.0,COMPLETE,0.0121473846957087,0.0111065758392214,,,
44027.0,year,3.0,17.0,0.0230777077376842,2022-11-05 19:24:38.420294,2022-11-05 19:31:26.821092,0 days 00:06:48.400798,4.0,1.0,2048.0,0.0001322438168232,236.0,14.0,matern0.5,,PRUNED,0.0230777077376842,,,,
44027.0,year,3.0,18.0,0.0115161901339888,2022-11-05 19:31:26.821484,2022-11-05 19:35:42.341850,0 days 00:04:15.520366,1.0,1.0,2048.0,0.0171046898782398,603.0,11.0,matern0.5,,PRUNED,0.0115161901339888,,,,
44027.0,year,3.0,19.0,0.0157596133649349,2022-11-05 19:35:42.342216,2022-11-05 19:38:11.427252,0 days 00:02:29.085036,4.0,2.0,1024.0,0.0658475231350084,99.0,9.0,rbf,,PRUNED,0.0157596133649349,,,,
44027.0,year,3.0,20.0,0.0150604704394936,2022-11-05 19:38:11.427670,2022-11-05 19:39:54.472055,0 days 00:01:43.044385,2.0,2.0,1024.0,0.0231539075802373,95.0,11.0,matern0.5,,PRUNED,0.0150604704394936,,,,
44027.0,year,3.0,21.0,0.0109326532110571,2022-11-05 19:39:54.472455,2022-11-05 19:45:19.699128,0 days 00:05:25.226673,1.0,3.0,1024.0,0.0250680500209595,187.0,7.0,matern1.5,12.0,COMPLETE,0.0121704097837209,0.010984243825078,,,
44027.0,year,3.0,22.0,0.014578036032617,2022-11-05 19:45:19.699709,2022-11-05 19:46:19.762551,0 days 00:01:00.062842,1.0,4.0,2048.0,0.0063496512176218,228.0,6.0,matern1.5,,PRUNED,0.014578036032617,,,,
44027.0,year,3.0,23.0,0.0150323770940303,2022-11-05 19:46:19.762964,2022-11-05 19:48:52.208475,0 days 00:02:32.445511,1.0,3.0,1024.0,0.0183984579690753,689.0,7.0,matern1.5,,PRUNED,0.0150323770940303,,,,
44027.0,year,3.0,24.0,0.0149869285523891,2022-11-05 19:48:52.208863,2022-11-05 19:50:16.738905,0 days 00:01:24.530042,1.0,3.0,1024.0,0.0028492214721498,248.0,12.0,matern1.5,,PRUNED,0.0149869285523891,,,,
44027.0,year,3.0,25.0,0.0150152202695608,2022-11-05 19:50:16.739337,2022-11-05 19:53:51.855250,0 days 00:03:35.115913,4.0,4.0,2048.0,0.0419023646502787,151.0,8.0,matern0.5,,PRUNED,0.0150152202695608,,,,
44027.0,year,3.0,26.0,0.011518670246005,2022-11-05 19:53:51.855629,2022-11-05 19:58:28.100749,0 days 00:04:36.245120,1.0,3.0,512.0,0.0135740135346224,83.0,5.0,matern1.5,,PRUNED,0.0114358132705092,0.011518670246005,,,
44027.0,year,3.0,27.0,0.0150332255288958,2022-11-05 19:58:28.101240,2022-11-05 20:00:33.000121,0 days 00:02:04.898881,2.0,2.0,1024.0,0.0051802042874895,166.0,13.0,matern1.5,,PRUNED,0.0150332255288958,,,,
44027.0,year,3.0,28.0,0.0150296660140156,2022-11-05 20:00:33.000544,2022-11-05 20:05:15.350049,0 days 00:04:42.349505,2.0,1.0,2048.0,0.0009880030938266,283.0,13.0,matern1.5,,PRUNED,0.0150296660140156,,,,
44027.0,year,3.0,29.0,0.0115764643996953,2022-11-05 20:05:15.350486,2022-11-05 20:35:59.829792,0 days 00:30:44.479306,2.0,3.0,2048.0,0.0018096759913418,468.0,7.0,rbf,35.0,COMPLETE,0.0118559533730149,,,,
44027.0,year,3.0,30.0,0.0150233693420887,2022-11-05 20:35:59.830367,2022-11-05 20:54:58.687423,0 days 00:18:58.857056,3.0,4.0,2048.0,0.0317260508872627,660.0,7.0,matern0.5,,PRUNED,0.0150233693420887,,,,
44027.0,year,3.0,31.0,0.0126005392521619,2022-11-05 20:54:58.687868,2022-11-05 20:59:00.024025,0 days 00:04:01.336157,2.0,2.0,1024.0,0.0359590748095508,129.0,10.0,rbf,,PRUNED,0.0121528208255767,0.0126005392521619,,,
44027.0,year,3.0,32.0,0.0109286122024059,2022-11-05 20:59:00.024455,2022-11-05 21:10:44.396647,0 days 00:11:44.372192,1.0,1.0,512.0,0.0040784746794374,99.0,4.0,matern1.5,22.0,COMPLETE,0.0112438211217522,,,,
44027.0,year,3.0,33.0,0.0150092775002121,2022-11-05 21:10:44.397222,2022-11-05 21:12:50.629135,0 days 00:02:06.231913,3.0,3.0,1024.0,0.0355913989690137,86.0,9.0,rbf,,PRUNED,0.0150092775002121,,,,
44027.0,year,3.0,34.0,0.0150094861164689,2022-11-05 21:12:50.629552,2022-11-05 21:14:33.117987,0 days 00:01:42.488435,2.0,2.0,1024.0,0.0974357207342989,111.0,10.0,matern0.5,,PRUNED,0.0150094861164689,,,,
44027.0,year,3.0,35.0,0.0150112509727478,2022-11-05 21:14:33.118428,2022-11-05 21:15:40.723993,0 days 00:01:07.605565,1.0,3.0,1024.0,0.0219920687571779,71.0,7.0,matern1.5,,PRUNED,0.0150112509727478,,,,
44027.0,year,3.0,36.0,0.010921411216259,2022-11-05 21:15:40.724415,2022-11-05 21:37:39.265193,0 days 00:21:58.540778,2.0,1.0,512.0,0.0041030561733719,215.0,10.0,matern1.5,25.0,COMPLETE,,,,,
44027.0,year,3.0,37.0,0.0111499242484569,2022-11-05 21:37:39.265769,2022-11-05 21:45:38.719321,0 days 00:07:59.453552,3.0,4.0,1024.0,0.0425162406360323,186.0,11.0,rbf,,PRUNED,0.0132013782858848,0.0111499242484569,,,
44027.0,year,3.0,38.0,0.0150204841047525,2022-11-05 21:45:38.719812,2022-11-05 21:50:31.419992,0 days 00:04:52.700180,1.0,2.0,2048.0,0.0007255036192951,640.0,15.0,rbf,,PRUNED,0.0150204841047525,,,,
44027.0,year,3.0,39.0,0.0150363566353917,2022-11-05 21:50:31.420406,2022-11-05 21:52:16.576458,0 days 00:01:45.156052,2.0,2.0,1024.0,0.0040802958133439,139.0,7.0,matern0.5,,PRUNED,0.0150363566353917,,,,
44027.0,year,3.0,40.0,0.0108235459774732,2022-11-05 21:52:16.576895,2022-11-05 22:22:42.127966,0 days 00:30:25.551071,2.0,1.0,512.0,0.0091792749899492,491.0,9.0,rbf,24.0,COMPLETE,0.0114194070920348,,,,
44027.0,year,3.0,41.0,0.0150159522891044,2022-11-05 22:22:42.128511,2022-11-05 22:25:20.084356,0 days 00:02:37.955845,4.0,1.0,2048.0,0.0137205134600014,262.0,11.0,matern0.5,,PRUNED,0.0150159522891044,,,,
44027.0,year,3.0,42.0,0.0161943882703781,2022-11-05 22:25:20.084806,2022-11-05 22:27:51.995938,0 days 00:02:31.911132,1.0,4.0,1024.0,0.0572562292016339,75.0,9.0,rbf,,PRUNED,0.0127980364486575,0.0161943882703781,,,
44027.0,year,3.0,43.0,0.0117895482107996,2022-11-05 22:27:51.996352,2022-11-05 22:29:47.703424,0 days 00:01:55.707072,1.0,1.0,2048.0,0.014073853068154,77.0,10.0,matern0.5,,PRUNED,0.0117895482107996,,,,
44027.0,year,3.0,44.0,0.0150127997621893,2022-11-05 22:29:47.703791,2022-11-05 22:31:41.203372,0 days 00:01:53.499581,2.0,1.0,1024.0,0.001870064150195,208.0,13.0,matern1.5,,PRUNED,0.0150127997621893,,,,
44027.0,year,3.0,45.0,0.0108018778264522,2022-11-05 22:31:41.203808,2022-11-05 23:02:00.775873,0 days 00:30:19.572065,2.0,3.0,512.0,0.0081773610273755,185.0,10.0,rbf,35.0,COMPLETE,0.011672131717205,0.0110716642811894,0.0109930923208594,,
44027.0,year,3.0,46.0,0.0152448248118162,2022-11-05 23:02:00.776430,2022-11-05 23:03:33.455747,0 days 00:01:32.679317,1.0,1.0,2048.0,0.0004378266975944,78.0,2.0,rbf,,PRUNED,0.0152448248118162,,,,
44027.0,year,3.0,47.0,0.0111089823767542,2022-11-05 23:03:33.456134,2022-11-05 23:10:57.474088,0 days 00:07:24.017954,2.0,3.0,512.0,0.0095366486235905,184.0,10.0,rbf,,PRUNED,0.0115588353946805,0.0111089823767542,,,
44027.0,year,3.0,48.0,0.0116018233820796,2022-11-05 23:10:57.474625,2022-11-05 23:16:49.637389,0 days 00:05:52.162764,2.0,2.0,512.0,0.0990630004613115,135.0,7.0,matern1.5,3.0,COMPLETE,,,,,
44027.0,year,3.0,49.0,0.0116765582934021,2022-11-05 23:16:49.637966,2022-11-05 23:23:54.330739,0 days 00:07:04.692773,2.0,2.0,512.0,0.0044050507785128,134.0,5.0,matern1.5,,PRUNED,0.0116765582934021,,,,
44027.0,year,3.0,50.0,0.0150091238319873,2022-11-05 23:23:54.331334,2022-11-05 23:28:35.443568,0 days 00:04:41.112234,1.0,3.0,512.0,0.0046692555005943,136.0,2.0,matern1.5,,PRUNED,0.0150091238319873,,,,
44027.0,year,3.0,51.0,0.011331146582961,2022-11-05 23:28:35.444126,2022-11-05 23:37:36.094467,0 days 00:09:00.650341,3.0,3.0,512.0,0.0253894430402381,111.0,12.0,rbf,,PRUNED,0.011348720639944,0.011331146582961,,,
44027.0,year,3.0,52.0,0.0121004516258835,2022-11-05 23:37:36.095007,2022-11-05 23:41:42.007408,0 days 00:04:05.912401,2.0,3.0,1024.0,0.0035448900102364,59.0,5.0,matern1.5,,PRUNED,0.0121004516258835,,,,
44027.0,year,3.0,53.0,0.0118326023221015,2022-11-05 23:41:42.007829,2022-11-05 23:51:31.836955,0 days 00:09:49.829126,2.0,4.0,512.0,0.0148396132928622,276.0,8.0,rbf,,PRUNED,0.0113775860518217,0.0118326023221015,,,
44027.0,year,3.0,54.0,0.0150490188971161,2022-11-05 23:51:31.837449,2022-11-05 23:54:27.785077,0 days 00:02:55.947628,2.0,3.0,512.0,0.007471879875984,172.0,10.0,rbf,,PRUNED,0.0150490188971161,,,,
44027.0,year,3.0,55.0,0.0109192347154021,2022-11-05 23:54:27.785560,2022-11-06 00:26:05.822268,0 days 00:31:38.036708,3.0,4.0,512.0,0.0275716803200119,436.0,9.0,rbf,7.0,COMPLETE,0.0121913542971014,0.0109192347154021,,,
44027.0,year,3.0,56.0,0.0150450617074966,2022-11-06 00:26:05.822867,2022-11-06 00:36:06.048042,0 days 00:10:00.225175,4.0,4.0,512.0,0.010838592753226,381.0,6.0,matern1.5,,PRUNED,0.0150450617074966,,,,
44027.0,year,3.0,57.0,0.0112649239599704,2022-11-06 00:36:06.048662,2022-11-06 01:07:21.466916,0 days 00:31:15.418254,3.0,4.0,512.0,0.0179178730282058,474.0,9.0,rbf,,PRUNED,0.0113655924797058,0.0112649239599704,,,
44027.0,year,3.0,58.0,0.0108783142641186,2022-11-06 01:07:21.467461,2022-11-06 01:37:30.651234,0 days 00:30:09.183773,3.0,2.0,512.0,0.0086589127911601,360.0,8.0,matern1.5,16.0,COMPLETE,0.011117729358375,,,,
44027.0,year,3.0,59.0,0.010965215973556,2022-11-06 01:37:30.651802,2022-11-06 02:07:53.879647,0 days 00:30:23.227845,3.0,3.0,512.0,0.0104003619995012,432.0,8.0,matern1.5,10.0,COMPLETE,0.0111742448061704,,,,
44027.0,year,4.0,0.0,0.0112849669530987,2022-11-06 02:32:17.666038,2022-11-06 03:02:29.951530,0 days 00:30:12.285492,2.0,1.0,1024.0,0.001,200.0,10.0,rbf,72.0,COMPLETE,0.0151052670553326,0.0150717310607433,0.0123862819746136,"{'n_gp_layers': 2, 'n_gp_out': 1, 'num_inducing': 200, 'batch_size': 1024, 'lr': 0.001, 'num_samples': 10, 'kernel_type': 'rbf'}",
44027.0,year,4.0,1.0,0.0109844151884317,2022-11-06 03:02:29.952153,2022-11-06 03:32:56.760743,0 days 00:30:26.808590,1.0,4.0,2048.0,0.0056074530030229,698.0,11.0,rbf,50.0,COMPLETE,0.0119970738887786,0.0112185226753354,,,
44027.0,year,4.0,2.0,0.0109007945284247,2022-11-06 03:32:56.761339,2022-11-06 03:52:04.876617,0 days 00:19:08.115278,2.0,1.0,2048.0,0.0131293042818947,297.0,12.0,rbf,44.0,COMPLETE,0.0135768949985504,0.011801560409367,0.0112121710553765,,
44027.0,year,4.0,3.0,0.012834339402616,2022-11-06 03:52:04.877187,2022-11-06 03:57:54.656715,0 days 00:05:49.779528,1.0,3.0,512.0,0.0420450000435462,399.0,2.0,matern1.5,,PRUNED,0.0114143257960677,0.012834339402616,,,
44027.0,year,4.0,4.0,0.0114485900849103,2022-11-06 03:57:54.657278,2022-11-06 04:00:59.541653,0 days 00:03:04.884375,1.0,3.0,512.0,0.0404352558896539,489.0,8.0,matern0.5,,PRUNED,0.0114485900849103,,,,
44027.0,year,4.0,5.0,0.0150824496522545,2022-11-06 04:00:59.542129,2022-11-06 04:07:24.137457,0 days 00:06:24.595328,2.0,3.0,1024.0,0.003128513170946,555.0,15.0,matern0.5,,PRUNED,0.0150824496522545,,,,
44027.0,year,4.0,6.0,0.0217521842569112,2022-11-06 04:07:24.137858,2022-11-06 04:09:38.201017,0 days 00:02:14.063159,1.0,1.0,512.0,0.0001188652114716,313.0,13.0,matern0.5,,PRUNED,0.0217521842569112,,,,
44027.0,year,4.0,7.0,0.0140969511121511,2022-11-06 04:09:38.201579,2022-11-06 04:39:51.709558,0 days 00:30:13.507979,1.0,1.0,1024.0,0.0001251529770092,365.0,12.0,rbf,76.0,COMPLETE,,,,,
44027.0,year,4.0,8.0,0.0150617584586143,2022-11-06 04:39:51.710129,2022-11-06 04:46:08.395348,0 days 00:06:16.685219,4.0,1.0,512.0,0.0021688220018464,54.0,12.0,matern1.5,1.0,COMPLETE,,,,,
44027.0,year,4.0,9.0,0.0150904459878802,2022-11-06 04:46:08.395960,2022-11-06 04:47:31.194619,0 days 00:01:22.798659,3.0,4.0,2048.0,0.0031214459777132,66.0,3.0,rbf,,PRUNED,0.0150904459878802,,,,
44027.0,year,4.0,10.0,0.0150621766224503,2022-11-06 04:47:31.195067,2022-11-06 04:52:45.435160,0 days 00:05:14.240093,1.0,1.0,512.0,0.0006717938074193,279.0,6.0,matern0.5,,PRUNED,0.0150621766224503,,,,
44027.0,year,4.0,11.0,0.0109588466584682,2022-11-06 04:52:45.435704,2022-11-06 05:22:55.990414,0 days 00:30:10.554710,1.0,4.0,2048.0,0.0012859055625317,52.0,2.0,matern0.5,158.0,COMPLETE,0.0121560776606202,0.0111757880076766,,,
44027.0,year,4.0,12.0,0.0150654632598161,2022-11-06 05:22:55.991014,2022-11-06 05:25:04.588101,0 days 00:02:08.597087,3.0,3.0,1024.0,0.0263186395811678,78.0,11.0,rbf,,PRUNED,0.0150654632598161,,,,
44027.0,year,4.0,13.0,0.0250530671328306,2022-11-06 05:25:04.588527,2022-11-06 05:27:38.530047,0 days 00:02:33.941520,1.0,1.0,1024.0,0.0001153353427177,168.0,6.0,rbf,,PRUNED,0.0250530671328306,,,,
44027.0,year,4.0,14.0,0.0151593117043375,2022-11-06 05:27:38.530529,2022-11-06 05:33:00.357717,0 days 00:05:21.827188,3.0,1.0,1024.0,0.0004246597576908,650.0,9.0,rbf,,PRUNED,0.0151593117043375,,,,
44027.0,year,4.0,15.0,0.0150806587189435,2022-11-06 05:33:00.358137,2022-11-06 05:37:19.700128,0 days 00:04:19.341991,2.0,2.0,1024.0,0.0004457003820154,53.0,12.0,matern1.5,,PRUNED,0.0150806587189435,,,,
44027.0,year,4.0,16.0,0.0150651847943663,2022-11-06 05:37:19.700554,2022-11-06 06:08:23.524382,0 days 00:31:03.823828,2.0,1.0,1024.0,0.0001119091329357,762.0,14.0,rbf,18.0,COMPLETE,,,,,
44027.0,year,4.0,17.0,0.0109696565195918,2022-11-06 06:08:23.524982,2022-11-06 06:33:46.286519,0 days 00:25:22.761537,1.0,2.0,512.0,0.0049057538784442,616.0,13.0,matern1.5,19.0,COMPLETE,0.0118098696693778,0.011192575097084,,,
44027.0,year,4.0,18.0,0.0150422006845474,2022-11-06 06:33:46.287112,2022-11-06 06:42:58.975817,0 days 00:09:12.688705,1.0,1.0,2048.0,0.0002924380049248,420.0,11.0,matern0.5,,PRUNED,0.0150422006845474,,,,
44027.0,year,4.0,19.0,0.0150622557848691,2022-11-06 06:42:58.976152,2022-11-06 06:44:47.205038,0 days 00:01:48.228886,4.0,2.0,2048.0,0.0125903581917149,125.0,6.0,rbf,,PRUNED,0.0150622557848691,,,,
44027.0,year,4.0,20.0,0.0147630162537097,2022-11-06 06:44:47.205464,2022-11-06 06:46:59.182016,0 days 00:02:11.976552,2.0,2.0,2048.0,0.0097576796725349,235.0,13.0,matern1.5,,PRUNED,0.0147630162537097,,,,
44027.0,year,4.0,21.0,0.0150109212845563,2022-11-06 06:46:59.182412,2022-11-06 06:49:44.352826,0 days 00:02:45.170414,1.0,2.0,2048.0,0.0073216000118766,764.0,15.0,matern1.5,,PRUNED,0.0150109212845563,,,,
44027.0,year,4.0,22.0,0.0150732090696692,2022-11-06 06:49:44.353201,2022-11-06 06:53:20.502344,0 days 00:03:36.149143,2.0,1.0,512.0,0.0856090468947352,325.0,12.0,matern1.5,,PRUNED,0.0150732090696692,,,,
44027.0,year,4.0,23.0,0.0110142249614,2022-11-06 06:53:20.502860,2022-11-06 07:24:24.541028,0 days 00:31:04.038168,2.0,1.0,512.0,0.0154936990677237,793.0,15.0,matern0.5,8.0,COMPLETE,0.0114944661036133,,,,
44027.0,year,4.0,24.0,0.0109946709126234,2022-11-06 07:24:24.541597,2022-11-06 07:31:56.914750,0 days 00:07:32.373153,2.0,2.0,1024.0,0.0237457247766351,54.0,13.0,matern0.5,13.0,COMPLETE,0.011095461435616,,,,
44027.0,year,4.0,25.0,0.0153178861364722,2022-11-06 07:31:56.915333,2022-11-06 07:32:46.581971,0 days 00:00:49.666638,1.0,2.0,2048.0,0.0009850081956519,116.0,6.0,matern1.5,,PRUNED,0.0153178861364722,,,,
44027.0,year,4.0,26.0,0.0109763704240322,2022-11-06 07:32:46.582343,2022-11-06 07:38:28.116185,0 days 00:05:41.533842,1.0,1.0,2048.0,0.017167291126595,176.0,10.0,rbf,25.0,COMPLETE,0.0117395287379622,,,,
44027.0,year,4.0,27.0,0.0150645179674029,2022-11-06 07:38:28.116776,2022-11-06 07:40:57.965638,0 days 00:02:29.848862,2.0,1.0,512.0,0.0048733537881665,146.0,13.0,rbf,,PRUNED,0.0150645179674029,,,,
44027.0,year,4.0,28.0,0.0150724677368998,2022-11-06 07:40:57.966150,2022-11-06 07:45:50.720704,0 days 00:04:52.754554,4.0,2.0,2048.0,0.0015196980147131,309.0,11.0,matern1.5,,PRUNED,0.0150724677368998,,,,
44027.0,year,4.0,29.0,0.0151192378252744,2022-11-06 07:45:50.721110,2022-11-06 07:55:14.103713,0 days 00:09:23.382603,3.0,2.0,512.0,0.0175211662418009,444.0,15.0,rbf,,PRUNED,0.0151192378252744,,,,
44027.0,year,4.0,30.0,0.0109378919005393,2022-11-06 07:55:14.104243,2022-11-06 08:07:35.569933,0 days 00:12:21.465690,1.0,3.0,1024.0,0.0130346082107224,474.0,11.0,matern0.5,18.0,COMPLETE,0.011491666547954,,,,
44027.0,year,4.0,31.0,0.0110449763014912,2022-11-06 08:07:35.570540,2022-11-06 08:37:40.389320,0 days 00:30:04.818780,1.0,1.0,1024.0,0.0008593395230027,52.0,4.0,matern1.5,115.0,COMPLETE,0.0112157287076115,,,,
44027.0,year,4.0,32.0,0.0464891605079174,2022-11-06 08:37:40.389906,2022-11-06 08:40:04.258493,0 days 00:02:23.868587,2.0,4.0,2048.0,0.0003012851460168,248.0,8.0,matern1.5,,PRUNED,0.0464891605079174,,,,
44027.0,year,4.0,33.0,0.0116133736446499,2022-11-06 08:40:04.258901,2022-11-06 08:51:05.324415,0 days 00:11:01.065514,1.0,1.0,512.0,0.0054592546269138,675.0,13.0,matern0.5,,PRUNED,0.0119782742112874,0.0116133736446499,,,
44027.0,year,4.0,34.0,,2022-11-06 08:51:05.324931,2022-11-06 08:51:05.809784,0 days 00:00:00.484853,4.0,4.0,2048.0,0.0192301969076473,154.0,11.0,matern1.5,,FAIL,,,,,
44027.0,year,5.0,0.0,0.011195150204002857,2022-11-06 09:11:40.734441,2022-11-06 09:41:43.799715,0 days 00:30:03.065274,2.0,1.0,1024.0,0.001,200.0,10.0,rbf,71.0,COMPLETE,0.014451300725340843,0.011711019091308117,,"{'n_gp_layers': 2, 'n_gp_out': 1, 'num_inducing': 200, 'batch_size': 1024, 'lr': 0.001, 'num_samples': 10, 'kernel_type': 'rbf'}",
44027.0,year,5.0,1.0,0.02142712101340294,2022-11-06 09:41:43.800336,2022-11-06 09:49:58.154074,0 days 00:08:14.353738,2.0,3.0,2048.0,0.0001880690686162914,575.0,8.0,rbf,,PRUNED,0.02142712101340294,,,,
44027.0,year,5.0,2.0,0.010947457514703274,2022-11-06 09:49:58.154558,2022-11-06 10:09:53.031072,0 days 00:19:54.876514,1.0,1.0,2048.0,0.002674746289452711,172.0,2.0,rbf,115.0,COMPLETE,0.01504112221300602,0.015007713809609413,0.011614663526415825,,0.01103469729423523
44027.0,year,5.0,3.0,0.015283523127436638,2022-11-06 10:09:53.031799,2022-11-06 10:21:47.232653,0 days 00:11:54.200854,4.0,3.0,1024.0,0.06193678613562071,195.0,13.0,matern0.5,,PRUNED,0.015283523127436638,,,,
44027.0,year,5.0,4.0,0.01108250580728054,2022-11-06 10:21:47.233074,2022-11-06 10:51:57.061275,0 days 00:30:09.828201,2.0,1.0,512.0,0.0035556512872803783,614.0,5.0,matern1.5,21.0,COMPLETE,0.011928482912480831,,,,
44027.0,year,5.0,5.0,0.015053950250148773,2022-11-06 10:51:57.061948,2022-11-06 10:54:31.690461,0 days 00:02:34.628513,4.0,1.0,1024.0,0.01982199223549585,116.0,6.0,matern1.5,,PRUNED,0.015053950250148773,,,,
44027.0,year,5.0,6.0,0.011134439148008823,2022-11-06 10:54:31.690872,2022-11-06 11:02:56.567499,0 days 00:08:24.876627,1.0,1.0,2048.0,0.026466743681020262,662.0,10.0,matern1.5,13.0,COMPLETE,,,,,
44027.0,year,5.0,7.0,0.015049563720822334,2022-11-06 11:02:56.568196,2022-11-06 11:05:06.602638,0 days 00:02:10.034442,3.0,2.0,1024.0,0.0013451608169753261,73.0,9.0,matern0.5,,PRUNED,0.015049563720822334,,,,
44027.0,year,5.0,8.0,0.015030681155622005,2022-11-06 11:05:06.603092,2022-11-06 11:14:19.010568,0 days 00:09:12.407476,2.0,1.0,1024.0,0.0010693969951405314,772.0,6.0,matern0.5,,PRUNED,0.015039550140500069,0.015030681155622005,,,
44027.0,year,5.0,9.0,0.011082000099122524,2022-11-06 11:14:19.011017,2022-11-06 11:44:20.398629,0 days 00:30:01.387612,2.0,1.0,2048.0,0.008376382534266154,467.0,15.0,matern1.5,32.0,COMPLETE,,,,,
44027.0,year,5.0,10.0,0.14753606915473938,2022-11-06 11:44:20.399346,2022-11-06 11:45:30.124653,0 days 00:01:09.725307,1.0,3.0,1024.0,0.0001199663276029387,87.0,8.0,matern1.5,,PRUNED,0.14753606915473938,,,,
44027.0,year,5.0,11.0,0.010952426120638847,2022-11-06 11:45:30.125076,2022-11-06 12:11:37.139918,0 days 00:26:07.014842,2.0,2.0,512.0,0.003187797898540476,91.0,4.0,rbf,37.0,COMPLETE,0.011555593460798264,0.01107868179678917,,,
44027.0,year,5.0,12.0,0.011218241415917873,2022-11-06 12:11:37.140599,2022-11-06 12:41:38.200433,0 days 00:30:01.059834,1.0,2.0,1024.0,0.0021395702158778724,603.0,15.0,matern1.5,37.0,COMPLETE,0.011395777575671673,,,,
44027.0,year,5.0,13.0,0.015041165053844452,2022-11-06 12:41:38.201104,2022-11-06 12:44:40.941090,0 days 00:03:02.739986,4.0,1.0,1024.0,0.006849471205277384,155.0,14.0,matern1.5,,PRUNED,0.015041165053844452,,,,
44027.0,year,5.0,14.0,0.010960203595459461,2022-11-06 12:44:40.941518,2022-11-06 12:57:27.723090,0 days 00:12:46.781572,2.0,2.0,1024.0,0.02315921088547173,164.0,11.0,matern0.5,22.0,COMPLETE,0.011731863021850586,0.01116223819553852,,,
44027.0,year,5.0,15.0,0.015031374990940094,2022-11-06 12:57:27.723784,2022-11-06 13:02:34.804112,0 days 00:05:07.080328,2.0,2.0,512.0,0.0762053382118752,51.0,7.0,matern0.5,3.0,COMPLETE,,,,,
44027.0,year,5.0,16.0,0.011518094688653946,2022-11-06 13:02:34.804800,2022-11-06 13:32:46.449750,0 days 00:30:11.644950,1.0,3.0,512.0,0.00033834645026076753,56.0,4.0,matern0.5,65.0,COMPLETE,,,,,
44027.0,year,5.0,17.0,0.014282763004302979,2022-11-06 13:32:46.450437,2022-11-06 13:41:44.555038,0 days 00:08:58.104601,2.0,1.0,1024.0,0.0015633076579662048,785.0,6.0,rbf,,PRUNED,0.015033022500574589,0.014282763004302979,,,
44027.0,year,5.0,18.0,0.010957255028188229,2022-11-06 13:41:44.555510,2022-11-06 13:47:40.871890,0 days 00:05:56.316380,1.0,1.0,1024.0,0.020264363204814572,136.0,7.0,matern1.5,16.0,COMPLETE,,,,,
44027.0,year,5.0,19.0,0.016964545473456383,2022-11-06 13:47:40.872586,2022-11-06 13:51:23.750586,0 days 00:03:42.878000,2.0,1.0,1024.0,0.00016046950523369548,51.0,11.0,matern0.5,,PRUNED,0.016964545473456383,,,,
44027.0,year,5.0,20.0,0.023370465263724327,2022-11-06 13:51:23.750981,2022-11-06 13:53:22.629488,0 days 00:01:58.878507,1.0,2.0,1024.0,0.00019159969933622907,430.0,12.0,matern1.5,,PRUNED,0.023370465263724327,,,,
44027.0,year,5.0,21.0,0.0108853904530406,2022-11-06 13:53:22.629930,2022-11-06 14:18:16.052250,0 days 00:24:53.422320,1.0,3.0,1024.0,0.00836379984537054,380.0,15.0,matern1.5,45.0,COMPLETE,,,,,
44027.0,year,5.0,22.0,0.011424494907259941,2022-11-06 14:18:16.052821,2022-11-06 14:48:43.407780,0 days 00:30:27.354959,3.0,2.0,1024.0,0.001119671377653301,193.0,11.0,rbf,42.0,COMPLETE,,,,,
44027.0,year,5.0,23.0,0.0111849932000041,2022-11-06 14:48:43.408353,2022-11-06 14:56:09.462386,0 days 00:07:26.054033,1.0,3.0,512.0,0.026459501796854332,468.0,13.0,matern1.5,4.0,COMPLETE,0.0111849932000041,,,,
44027.0,year,5.0,24.0,0.013471594080328941,2022-11-06 14:56:09.462967,2022-11-06 15:10:02.436445,0 days 00:13:52.973478,4.0,2.0,512.0,0.0005498177608755749,258.0,10.0,rbf,,PRUNED,0.013471594080328941,,,,
44027.0,year,5.0,25.0,0.015031879767775536,2022-11-06 15:10:02.437011,2022-11-06 15:11:55.068500,0 days 00:01:52.631489,1.0,4.0,2048.0,0.0950047767260042,279.0,2.0,rbf,4.0,COMPLETE,0.015031879767775536,,,,
44027.0,year,5.0,26.0,0.015035400167107582,2022-11-06 15:11:55.069080,2022-11-06 15:13:36.251541,0 days 00:01:41.182461,2.0,2.0,2048.0,0.005781647255850574,209.0,10.0,matern0.5,,PRUNED,0.015035400167107582,,,,
44027.0,year,5.0,27.0,0.010972792282700539,2022-11-06 15:13:36.251981,2022-11-06 15:37:42.003411,0 days 00:24:05.751430,2.0,4.0,1024.0,0.02355256621598215,500.0,4.0,matern0.5,20.0,COMPLETE,0.011303115636110306,,,,
44027.0,year,5.0,28.0,0.015071653760969639,2022-11-06 15:37:42.003993,2022-11-06 15:38:36.037398,0 days 00:00:54.033405,2.0,2.0,2048.0,0.02135718932296937,55.0,2.0,rbf,,PRUNED,0.015071653760969639,,,,
44027.0,year,5.0,29.0,0.011097939684987068,2022-11-06 15:38:36.037775,2022-11-06 15:46:30.273711,0 days 00:07:54.235936,1.0,1.0,512.0,0.008864750209426456,293.0,5.0,matern1.5,10.0,COMPLETE,0.011097939684987068,,,,
44027.0,year,5.0,30.0,0.015095711685717106,2022-11-06 15:46:30.274306,2022-11-06 15:50:33.058281,0 days 00:04:02.783975,3.0,3.0,512.0,0.08499981303758442,162.0,11.0,rbf,,PRUNED,0.015095711685717106,,,,
44027.0,year,5.0,31.0,0.015038901008665562,2022-11-06 15:50:33.058842,2022-11-06 15:52:58.169280,0 days 00:02:25.110438,3.0,1.0,2048.0,0.0034671041993757485,262.0,15.0,matern0.5,,PRUNED,0.015038901008665562,,,,
44027.0,year,5.0,32.0,0.015096941031515598,2022-11-06 15:52:58.169685,2022-11-06 16:00:39.639244,0 days 00:07:41.469559,3.0,2.0,1024.0,0.00023960819845436946,212.0,12.0,matern0.5,,PRUNED,0.015096941031515598,,,,
44027.0,year,5.0,33.0,0.0696679875254631,2022-11-06 16:00:39.639695,2022-11-06 16:01:21.923153,0 days 00:00:42.283458,1.0,2.0,2048.0,0.0004129113182638412,124.0,4.0,rbf,,PRUNED,0.0696679875254631,,,,
44027.0,year,5.0,34.0,0.011226496659219265,2022-11-06 16:01:21.923563,2022-11-06 16:13:40.105655,0 days 00:12:18.182092,2.0,4.0,512.0,0.011154889078097899,331.0,8.0,matern0.5,,PRUNED,0.011714888736605644,0.011226496659219265,,,
44027.0,year,5.0,35.0,0.011442471295595169,2022-11-06 16:13:40.106151,2022-11-06 16:18:07.065797,0 days 00:04:26.959646,3.0,3.0,2048.0,0.03679947388060959,197.0,4.0,rbf,,PRUNED,0.01503391657024622,0.011442471295595169,,,
44027.0,year,5.0,36.0,0.01614959165453911,2022-11-06 16:18:07.066265,2022-11-06 16:19:33.809044,0 days 00:01:26.742779,2.0,2.0,2048.0,0.0005968793386025735,100.0,12.0,matern0.5,,PRUNED,0.01614959165453911,,,,
44027.0,year,5.0,37.0,0.015035572461783886,2022-11-06 16:19:33.809425,2022-11-06 16:21:13.537509,0 days 00:01:39.728084,1.0,2.0,2048.0,0.0025938281086037313,78.0,2.0,rbf,,PRUNED,0.015035572461783886,,,,
44027.0,year,5.0,38.0,0.015031377784907818,2022-11-06 16:21:13.537913,2022-11-06 16:28:34.062138,0 days 00:07:20.524225,1.0,2.0,1024.0,0.04391383667960454,467.0,13.0,rbf,9.0,COMPLETE,,,,,
44027.0,year,5.0,39.0,0.011179774068295956,2022-11-06 16:28:34.062740,2022-11-06 16:33:24.699902,0 days 00:04:50.637162,1.0,4.0,1024.0,0.041889371850268815,55.0,14.0,rbf,14.0,COMPLETE,,,,,
44027.0,year,5.0,40.0,0.015031680464744568,2022-11-06 16:33:24.700474,2022-11-06 16:37:57.718993,0 days 00:04:33.018519,1.0,4.0,512.0,0.02654497225144864,102.0,2.0,matern0.5,5.0,COMPLETE,,,,,
44027.0,year,5.0,41.0,0.012273160740733147,2022-11-06 16:37:57.719608,2022-11-06 16:42:28.104109,0 days 00:04:30.384501,1.0,1.0,2048.0,0.0013480770756590138,58.0,5.0,rbf,,PRUNED,0.012273160740733147,,,,
44027.0,year,5.0,42.0,0.012094610370695591,2022-11-06 16:42:28.104451,2022-11-06 16:46:58.704646,0 days 00:04:30.600195,1.0,1.0,512.0,0.002939986356070842,150.0,10.0,matern0.5,,PRUNED,0.01502771582454443,0.012094610370695591,,,
44027.0,year,5.0,43.0,0.011000119149684906,2022-11-06 16:46:58.705182,2022-11-06 17:03:30.626744,0 days 00:16:31.921562,3.0,4.0,1024.0,0.014151740863236253,122.0,6.0,matern0.5,21.0,COMPLETE,0.011496453545987606,,,,
44027.0,year,5.0,44.0,0.015031499788165092,2022-11-06 17:03:30.627339,2022-11-06 17:08:50.614973,0 days 00:05:19.987634,4.0,4.0,2048.0,0.010066749840267461,64.0,7.0,rbf,5.0,COMPLETE,0.015031984075903893,,,,
44027.0,year,5.0,45.0,0.01532785501331091,2022-11-06 17:08:50.615571,2022-11-06 17:12:17.139796,0 days 00:03:26.524225,1.0,3.0,512.0,0.03920629760438366,485.0,13.0,matern1.5,,PRUNED,0.01532785501331091,,,,
44027.0,year,5.0,46.0,0.011519908905029297,2022-11-06 17:12:17.140302,2022-11-06 17:20:04.098903,0 days 00:07:46.958601,1.0,3.0,512.0,0.04539656982569491,440.0,13.0,matern1.5,,PRUNED,0.011988774873316288,0.011519908905029297,,,
44027.0,year,5.0,47.0,0.015035916119813919,2022-11-06 17:20:04.099417,2022-11-06 17:41:08.312868,0 days 00:21:04.213451,2.0,3.0,2048.0,0.00015967441092712493,86.0,3.0,matern0.5,69.0,COMPLETE,,,,,
44027.0,year,5.0,48.0,0.011002781800925732,2022-11-06 17:41:08.313452,2022-11-06 17:49:18.414822,0 days 00:08:10.101370,1.0,3.0,512.0,0.020036478137611297,223.0,11.0,matern1.5,10.0,COMPLETE,0.011522158980369568,0.011002781800925732,,,
44027.0,year,5.0,49.0,0.011856341734528542,2022-11-06 17:49:18.415450,2022-11-06 17:56:57.137920,0 days 00:07:38.722470,2.0,2.0,512.0,0.003045836327115351,187.0,10.0,matern0.5,,PRUNED,0.015021239407360554,0.011856341734528542,,,
44027.0,year,5.0,50.0,0.015161138027906418,2022-11-06 17:56:57.138485,2022-11-06 17:58:24.061288,0 days 00:01:26.922803,1.0,4.0,1024.0,0.013625431176401335,244.0,11.0,matern1.5,,PRUNED,0.015161138027906418,,,,
44027.0,year,5.0,51.0,0.015033000148832798,2022-11-06 17:58:24.061694,2022-11-06 18:03:12.764273,0 days 00:04:48.702579,3.0,3.0,512.0,0.005021189011720427,323.0,4.0,rbf,,PRUNED,0.015033000148832798,,,,
44027.0,year,5.0,52.0,0.011777134612202644,2022-11-06 18:03:12.764791,2022-11-06 18:10:18.862110,0 days 00:07:06.097319,2.0,2.0,512.0,0.002046263163422533,125.0,9.0,matern1.5,,PRUNED,0.014361417852342129,0.011777134612202644,,,
44027.0,year,5.0,53.0,0.013277373276650906,2022-11-06 18:10:18.862649,2022-11-06 18:12:57.261702,0 days 00:02:38.399053,1.0,4.0,2048.0,0.054495990768190214,206.0,11.0,matern0.5,,PRUNED,0.013091988861560822,0.013277373276650906,,,
44027.0,year,5.0,54.0,0.015048561617732048,2022-11-06 18:12:57.262144,2022-11-06 18:34:34.847606,0 days 00:21:37.585462,3.0,3.0,512.0,0.08770451124328857,408.0,15.0,rbf,4.0,COMPLETE,,,,,
44027.0,year,5.0,55.0,0.015033306553959846,2022-11-06 18:34:34.848216,2022-11-06 18:36:01.639069,0 days 00:01:26.790853,2.0,1.0,1024.0,0.01833166107240125,96.0,15.0,rbf,,PRUNED,0.015033306553959846,,,,
44027.0,year,5.0,56.0,0.011059220880270004,2022-11-06 18:36:01.639534,2022-11-06 18:42:18.306062,0 days 00:06:16.666528,1.0,3.0,512.0,0.01479288714156329,77.0,10.0,rbf,10.0,COMPLETE,,,,,
44027.0,year,5.0,57.0,0.015037941746413708,2022-11-06 18:42:18.306681,2022-11-06 18:45:43.330361,0 days 00:03:25.023680,4.0,3.0,1024.0,0.007974973541147103,137.0,7.0,matern1.5,,PRUNED,0.015037941746413708,,,,
44027.0,year,5.0,58.0,0.015032817609608173,2022-11-06 18:45:43.330836,2022-11-06 18:48:31.619423,0 days 00:02:48.288587,2.0,2.0,2048.0,0.0039007638195629707,129.0,4.0,matern1.5,4.0,COMPLETE,,,,,
44027.0,year,5.0,59.0,0.011007468216121197,2022-11-06 18:48:31.620014,2022-11-06 19:06:36.201201,0 days 00:18:04.581187,1.0,3.0,512.0,0.017102279866515822,577.0,13.0,matern1.5,12.0,COMPLETE,0.011989647522568703,0.011174006387591362,,,
