dataset_id,dataset_name,outer_cv_split,number,value,datetime_start,datetime_complete,duration,params_n_gp_layers,params_n_gp_out,params_batch_size,params_lr,params_num_inducing,params_num_samples,params_kernel_type,user_attrs_MAX_EPOCHS,state,system_attrs_completed_rung_0,system_attrs_completed_rung_1,system_attrs_completed_rung_2,system_attrs_completed_rung_3,system_attrs_fixed_params
216.0,r1_08_BPV,1.0,0.0,0.0005624432233162,2022-10-27 07:10:13.514032,2022-10-27 07:24:49.054756,0 days 00:14:35.540724,2.0,1.0,1024.0,0.001,200.0,10.0,rbf,27.0,COMPLETE,0.0006189644918777,0.0005638893344439,,,"{'n_gp_layers': 2, 'n_gp_out': 1, 'num_inducing': 200, 'batch_size': 1024, 'lr': 0.001, 'num_samples': 10, 'kernel_type': 'rbf'}"
216.0,r1_08_BPV,1.0,1.0,0.0005741134518757,2022-10-27 07:24:49.055345,2022-10-27 08:10:00.290649,0 days 00:45:11.235304,1.0,2.0,1024.0,0.0001568192917616,64.0,2.0,matern0.5,153.0,COMPLETE,0.0169929601252079,0.0152961984276771,0.0018626385135576,0.0006109215901233,
216.0,r1_08_BPV,1.0,2.0,0.0197894368320703,2022-10-27 08:10:00.291217,2022-10-27 08:18:18.468873,0 days 00:08:18.177656,4.0,1.0,1024.0,0.0009361981598389,156.0,2.0,matern1.5,7.0,COMPLETE,,,,,
216.0,r1_08_BPV,1.0,3.0,0.0005643161712214,2022-10-27 08:18:18.469429,2022-10-27 08:21:14.297464,0 days 00:02:55.828035,1.0,1.0,2048.0,0.0290996464792241,219.0,2.0,rbf,10.0,COMPLETE,0.0005691045080311,0.0005643161712214,,,
216.0,r1_08_BPV,1.0,4.0,0.0005690460093319,2022-10-27 08:21:14.298053,2022-10-27 08:25:37.668560,0 days 00:04:23.370507,1.0,3.0,1024.0,0.0302783438531101,153.0,9.0,matern0.5,8.0,COMPLETE,,,,,
216.0,r1_08_BPV,1.0,5.0,0.0112089617177844,2022-10-27 08:25:37.669113,2022-10-27 08:26:35.935753,0 days 00:00:58.266640,1.0,2.0,2048.0,0.0007163949428255,72.0,10.0,matern1.5,,PRUNED,0.0112089617177844,,,,
216.0,r1_08_BPV,1.0,6.0,0.0186409503221511,2022-10-27 08:26:35.936133,2022-10-27 08:29:12.398552,0 days 00:02:36.462419,3.0,1.0,1024.0,0.0041112628228468,174.0,12.0,matern0.5,,PRUNED,0.0186409503221511,,,,
216.0,r1_08_BPV,1.0,7.0,0.0006505991914309,2022-10-27 08:29:12.399041,2022-10-27 08:33:56.070791,0 days 00:04:43.671750,1.0,1.0,512.0,0.0045653710460947,56.0,5.0,matern0.5,,PRUNED,0.0006505991914309,,,,
216.0,r1_08_BPV,1.0,8.0,0.0007592717302031,2022-10-27 08:33:56.071276,2022-10-27 08:36:58.878123,0 days 00:03:02.806847,1.0,2.0,1024.0,0.050885607828702,50.0,7.0,matern1.5,,PRUNED,0.0007592717302031,,,,
216.0,r1_08_BPV,1.0,9.0,0.0181482024490833,2022-10-27 08:36:58.878551,2022-10-27 08:37:47.206103,0 days 00:00:48.327552,1.0,1.0,2048.0,0.00036838313646,96.0,4.0,matern0.5,,PRUNED,0.0181482024490833,,,,
216.0,r1_08_BPV,1.0,10.0,0.0006652370793744,2022-10-27 08:37:47.206469,2022-10-27 08:40:45.374768,0 days 00:02:58.168299,1.0,2.0,1024.0,0.000708062709247,56.0,4.0,matern1.5,,PRUNED,0.0018237584736198,0.0006652370793744,,,
216.0,r1_08_BPV,1.0,11.0,0.0006208121194504,2022-10-27 08:40:45.375195,2022-10-27 08:45:13.127898,0 days 00:04:27.752703,1.0,1.0,512.0,0.0067944779841077,61.0,12.0,rbf,,PRUNED,0.0005915752262808,0.0006208121194504,,,
216.0,r1_08_BPV,1.0,12.0,0.0197853241115808,2022-10-27 08:45:13.128379,2022-10-27 08:54:08.954497,0 days 00:08:55.826118,4.0,1.0,2048.0,0.0049963429329511,780.0,13.0,matern0.5,,PRUNED,0.0197853241115808,,,,
216.0,r1_08_BPV,1.0,13.0,0.019789470359683,2022-10-27 08:54:08.954878,2022-10-27 09:03:52.136543,0 days 00:09:43.181665,3.0,1.0,1024.0,0.0003237510989177,106.0,12.0,rbf,13.0,COMPLETE,,,,,
216.0,r1_08_BPV,1.0,14.0,0.0196358002722263,2022-10-27 09:03:52.137117,2022-10-27 09:05:55.155099,0 days 00:02:03.017982,1.0,1.0,512.0,0.0002223733192994,98.0,8.0,matern0.5,,PRUNED,0.0196358002722263,,,,
216.0,r1_08_BPV,1.0,15.0,0.0005993198719806,2022-10-27 09:05:55.155633,2022-10-27 09:12:37.598286,0 days 00:06:42.442653,2.0,1.0,512.0,0.0004003778501406,80.0,6.0,rbf,,PRUNED,0.0008836293127387,0.0005993198719806,,,
216.0,r1_08_BPV,1.0,16.0,0.0006002329755574,2022-10-27 09:12:37.598786,2022-10-27 09:31:17.877178,0 days 00:18:40.278392,2.0,4.0,2048.0,0.0839908891244616,443.0,15.0,rbf,5.0,COMPLETE,0.0006095565622672,,,,
216.0,r1_08_BPV,1.0,17.0,0.000563915411476,2022-10-27 09:31:17.877754,2022-10-27 10:11:35.388485,0 days 00:40:17.510731,1.0,4.0,2048.0,0.0001230876888799,257.0,15.0,rbf,118.0,COMPLETE,0.0012803833233192,0.0005804963875561,,,
216.0,r1_08_BPV,1.0,18.0,0.0005664009950123,2022-10-27 10:11:35.389046,2022-10-27 10:17:43.850330,0 days 00:06:08.461284,2.0,2.0,1024.0,0.0027304147183171,63.0,15.0,rbf,9.0,COMPLETE,0.0005720142507925,,,,
216.0,r1_08_BPV,1.0,19.0,0.0005630005034618,2022-10-27 10:17:43.850901,2022-10-27 10:25:22.874736,0 days 00:07:39.023835,2.0,2.0,1024.0,0.0323090699203646,215.0,2.0,rbf,12.0,COMPLETE,0.0006690726149827,0.0005657443543896,,,
216.0,r1_08_BPV,1.0,20.0,0.0005753348232246,2022-10-27 10:25:22.875296,2022-10-27 10:30:15.819991,0 days 00:04:52.944695,2.0,3.0,1024.0,0.0495566929082233,235.0,2.0,rbf,5.0,COMPLETE,0.0006093471311032,,,,
216.0,r1_08_BPV,1.0,21.0,0.0005780783831141,2022-10-27 10:30:15.820543,2022-10-27 10:35:57.163199,0 days 00:05:41.342656,3.0,3.0,2048.0,0.0217840232039589,222.0,5.0,rbf,,PRUNED,0.000584807829,0.0005780783831141,,,
216.0,r1_08_BPV,1.0,22.0,0.0006016836850903,2022-10-27 10:35:57.163622,2022-10-27 10:38:44.433310,0 days 00:02:47.269688,1.0,1.0,1024.0,0.0011336332782846,78.0,13.0,rbf,,PRUNED,0.0006016836850903,,,,
216.0,r1_08_BPV,1.0,23.0,0.0005641864845529,2022-10-27 10:38:44.433773,2022-10-27 10:56:48.644072,0 days 00:18:04.210299,4.0,1.0,1024.0,0.0088482494850513,223.0,3.0,rbf,21.0,COMPLETE,0.0005774894962087,,,,
216.0,r1_08_BPV,1.0,24.0,0.0005811357405036,2022-10-27 10:56:48.644618,2022-10-27 11:01:29.859267,0 days 00:04:41.214649,2.0,2.0,1024.0,0.0178443164162762,145.0,7.0,rbf,,PRUNED,0.0005766791291534,0.0005811357405036,,,
216.0,r1_08_BPV,1.0,25.0,0.0006159475888125,2022-10-27 11:01:29.859728,2022-10-27 11:03:49.635994,0 days 00:02:19.776266,3.0,3.0,2048.0,0.0177358549110681,332.0,2.0,rbf,,PRUNED,0.0006159475888125,,,,
216.0,r1_08_BPV,1.0,26.0,0.0005787061527371,2022-10-27 11:03:49.636394,2022-10-27 11:05:50.764258,0 days 00:02:01.127864,1.0,1.0,2048.0,0.0058016014734745,70.0,4.0,matern0.5,,PRUNED,0.0005787061527371,,,,
216.0,r1_08_BPV,1.0,27.0,0.0006127608940005,2022-10-27 11:05:50.764652,2022-10-27 11:10:08.836707,0 days 00:04:18.072055,1.0,1.0,1024.0,0.0008739030933179,484.0,5.0,matern1.5,,PRUNED,0.0006127608940005,,,,
216.0,r1_08_BPV,1.0,28.0,0.0005621493910439,2022-10-27 11:10:08.837144,2022-10-27 11:31:16.022249,0 days 00:21:07.185105,4.0,2.0,1024.0,0.0018940765856492,350.0,4.0,rbf,15.0,COMPLETE,0.0005986841861158,0.0005653310217894,,,
216.0,r1_08_BPV,1.0,29.0,0.0005714453291147,2022-10-27 11:31:16.022808,2022-10-27 11:37:30.294844,0 days 00:06:14.272036,2.0,1.0,1024.0,0.0328518486083919,110.0,7.0,matern0.5,9.0,COMPLETE,,,,,
216.0,r1_08_BPV,1.0,30.0,0.0005810374277643,2022-10-27 11:37:30.295487,2022-10-27 11:46:06.915699,0 days 00:08:36.620212,4.0,4.0,2048.0,0.010482080851206,98.0,12.0,rbf,,PRUNED,0.0005810374277643,,,,
216.0,r1_08_BPV,1.0,31.0,0.0006704432889819,2022-10-27 11:46:06.916080,2022-10-27 11:53:58.072044,0 days 00:07:51.155964,4.0,4.0,1024.0,0.0018140132014291,424.0,4.0,matern1.5,,PRUNED,0.0006704432889819,,,,
216.0,r1_08_BPV,1.0,32.0,0.0007953628664836,2022-10-27 11:53:58.072522,2022-10-27 11:55:53.402178,0 days 00:01:55.329656,1.0,1.0,2048.0,0.0009300041268939,147.0,3.0,rbf,,PRUNED,0.0007953628664836,,,,
216.0,r1_08_BPV,1.0,33.0,0.0005705730291083,2022-10-27 11:55:53.402603,2022-10-27 12:17:10.333096,0 days 00:21:16.930493,3.0,2.0,1024.0,0.0020451812543574,629.0,10.0,rbf,,PRUNED,0.0005921020638197,0.0005705730291083,,,
216.0,r1_08_BPV,1.0,34.0,0.0005785354878753,2022-10-27 12:17:10.333591,2022-10-27 12:22:01.505120,0 days 00:04:51.171529,2.0,1.0,2048.0,0.024801060739956,50.0,8.0,matern1.5,10.0,COMPLETE,,,,,
216.0,r1_08_BPV,1.0,35.0,0.0193977281451225,2022-10-27 12:22:01.505681,2022-10-27 12:32:50.228760,0 days 00:10:48.723079,2.0,4.0,512.0,0.0001051951573803,338.0,10.0,matern0.5,2.0,COMPLETE,,,,,
216.0,r1_08_BPV,1.0,36.0,0.0006662115338258,2022-10-27 12:32:50.229301,2022-10-27 12:38:06.409311,0 days 00:05:16.180010,4.0,3.0,1024.0,0.009741134215605,314.0,6.0,rbf,,PRUNED,0.0006662115338258,,,,
216.0,r1_08_BPV,1.0,37.0,0.0005701445043087,2022-10-27 12:38:06.409760,2022-10-27 12:44:49.993609,0 days 00:06:43.583849,4.0,2.0,1024.0,0.0253441803954058,231.0,8.0,rbf,2.0,COMPLETE,,,,,
216.0,r1_08_BPV,1.0,38.0,0.0005616964772343,2022-10-27 12:44:49.994200,2022-10-27 13:01:39.441654,0 days 00:16:49.447454,1.0,1.0,1024.0,0.0006052626342024,79.0,10.0,matern1.5,50.0,COMPLETE,0.0005777826881967,,,,
216.0,r1_08_BPV,1.0,39.0,0.0005681246402673,2022-10-27 13:01:39.442265,2022-10-27 13:06:38.044662,0 days 00:04:58.602397,2.0,2.0,1024.0,0.0019726601615043,140.0,4.0,matern1.5,,PRUNED,0.0006052327807992,0.0005681246402673,,,
216.0,r1_08_BPV,1.0,40.0,0.019769724458456,2022-10-27 13:06:38.045064,2022-10-27 13:10:39.803135,0 days 00:04:01.758071,3.0,2.0,1024.0,0.0002331670055473,177.0,2.0,rbf,2.0,COMPLETE,,,,,
216.0,r1_08_BPV,1.0,41.0,0.0006830031052231,2022-10-27 13:10:39.803795,2022-10-27 13:13:27.185348,0 days 00:02:47.381553,3.0,2.0,1024.0,0.0522394882144797,285.0,3.0,rbf,,PRUNED,0.0006830031052231,,,,
216.0,r1_08_BPV,1.0,42.0,0.0005722842179238,2022-10-27 13:13:27.185778,2022-10-27 13:25:13.434710,0 days 00:11:46.248932,4.0,3.0,2048.0,0.0307074912115706,433.0,3.0,rbf,5.0,COMPLETE,0.000587235786952,,,,
216.0,r1_08_BPV,1.0,43.0,0.0007484760135412,2022-10-27 13:25:13.435295,2022-10-27 13:41:54.504380,0 days 00:16:41.069085,1.0,1.0,512.0,0.0001313085089427,272.0,12.0,matern0.5,,PRUNED,0.0007484760135412,,,,
216.0,r1_08_BPV,1.0,44.0,0.0006110250251367,2022-10-27 13:41:54.504780,2022-10-27 13:44:53.397478,0 days 00:02:58.892698,2.0,2.0,512.0,0.011150938627117,179.0,2.0,rbf,,PRUNED,0.0006110250251367,,,,
216.0,r1_08_BPV,1.0,45.0,0.0006215816829353,2022-10-27 13:44:53.398054,2022-10-27 13:48:53.863296,0 days 00:04:00.465242,3.0,4.0,1024.0,0.0987377272491853,266.0,6.0,rbf,,PRUNED,0.0006215816829353,,,,
216.0,r1_08_BPV,1.0,46.0,0.0006508338847197,2022-10-27 13:48:53.863755,2022-10-27 13:50:52.801178,0 days 00:01:58.937423,4.0,3.0,2048.0,0.0356664271865053,122.0,3.0,rbf,,PRUNED,0.0006508338847197,,,,
216.0,r1_08_BPV,1.0,47.0,0.0005735561717301,2022-10-27 13:50:52.801564,2022-10-27 13:59:08.350214,0 days 00:08:15.548650,1.0,1.0,512.0,0.0147997937295369,318.0,9.0,matern1.5,8.0,COMPLETE,,,,,
216.0,r1_08_BPV,1.0,48.0,0.0005766517715528,2022-10-27 13:59:08.350801,2022-10-27 14:04:10.486259,0 days 00:05:02.135458,3.0,1.0,2048.0,0.0868546767294721,151.0,10.0,matern1.5,5.0,COMPLETE,,,,,
216.0,r1_08_BPV,1.0,49.0,0.0006984059582464,2022-10-27 14:04:10.486877,2022-10-27 14:06:40.489582,0 days 00:02:30.002705,2.0,2.0,1024.0,0.0009333188691699,364.0,5.0,rbf,,PRUNED,0.0006984059582464,,,,
216.0,r1_08_BPV,1.0,50.0,0.0005677386070601,2022-10-27 14:06:40.490077,2022-10-27 14:13:42.651272,0 days 00:07:02.161195,2.0,3.0,1024.0,0.0161986020093926,338.0,10.0,rbf,3.0,COMPLETE,,,,,
216.0,r1_08_BPV,1.0,51.0,0.0006776222144253,2022-10-27 14:13:42.651850,2022-10-27 14:19:11.301750,0 days 00:05:28.649900,3.0,1.0,512.0,0.0028790800119569,523.0,3.0,rbf,,PRUNED,0.0006776222144253,,,,
216.0,r1_08_BPV,1.0,52.0,0.0005649863160215,2022-10-27 14:19:11.302288,2022-10-27 14:32:14.811283,0 days 00:13:03.508995,1.0,3.0,512.0,0.0005219297434745,56.0,3.0,matern1.5,21.0,COMPLETE,,,,,
216.0,r1_08_BPV,1.0,53.0,0.0005711212870664,2022-10-27 14:32:14.811897,2022-10-27 14:36:00.769731,0 days 00:03:45.957834,1.0,3.0,1024.0,0.0106337520915656,204.0,8.0,matern1.5,,PRUNED,0.0005684328498318,0.0005711212870664,,,
216.0,r1_08_BPV,1.0,54.0,0.0007798701408319,2022-10-27 14:36:00.770156,2022-10-27 14:36:51.524332,0 days 00:00:50.754176,1.0,2.0,2048.0,0.0012783488176474,247.0,2.0,rbf,,PRUNED,0.0007798701408319,,,,
216.0,r1_08_BPV,1.0,55.0,0.0197906326502561,2022-10-27 14:36:51.524720,2022-10-27 14:40:07.564858,0 days 00:03:16.040138,4.0,2.0,1024.0,0.0072836123878763,167.0,5.0,matern0.5,,PRUNED,0.0197906326502561,,,,
216.0,r1_08_BPV,1.0,56.0,0.0005943367723375,2022-10-27 14:40:07.565292,2022-10-27 14:48:03.450544,0 days 00:07:55.885252,3.0,1.0,1024.0,0.094649984338248,663.0,7.0,rbf,1.0,COMPLETE,,,,,
216.0,r1_08_BPV,1.0,57.0,0.0006210913415998,2022-10-27 14:48:03.451127,2022-10-27 14:53:22.848939,0 days 00:05:19.397812,4.0,4.0,2048.0,0.0308209894184326,407.0,3.0,rbf,,PRUNED,0.0006210913415998,,,,
216.0,r1_08_BPV,1.0,58.0,0.0197898726910352,2022-10-27 14:53:22.849338,2022-10-27 14:58:14.192037,0 days 00:04:51.342699,3.0,1.0,2048.0,0.0045745887925696,50.0,13.0,matern1.5,5.0,COMPLETE,,,,,
216.0,r1_08_BPV,1.0,59.0,0.0005909281317144,2022-10-27 14:58:14.192629,2022-10-27 15:09:08.807868,0 days 00:10:54.615239,4.0,3.0,2048.0,0.0607646403691786,508.0,2.0,rbf,,PRUNED,0.0005883177509531,0.0005909281317144,,,
216.0,r1_08_BPV,1.0,60.0,0.0005799035425297,2022-10-27 15:09:08.808260,2022-10-27 15:20:51.403714,0 days 00:11:42.595454,3.0,3.0,512.0,0.0020997573240699,128.0,10.0,matern1.5,5.0,COMPLETE,,,,,
216.0,r1_08_BPV,1.0,61.0,0.0005633501568809,2022-10-27 15:20:51.404303,2022-10-27 15:29:22.808053,0 days 00:08:31.403750,3.0,3.0,2048.0,0.0238163176949479,296.0,3.0,rbf,10.0,COMPLETE,0.0005651743849739,0.0005633501568809,,,
216.0,r1_08_BPV,1.0,62.0,0.0005820772494189,2022-10-27 15:29:22.808637,2022-10-27 15:36:41.938863,0 days 00:07:19.130226,3.0,4.0,2048.0,0.0151970730842937,284.0,4.0,rbf,,PRUNED,0.0005896561779081,0.0005820772494189,,,
216.0,r1_08_BPV,1.0,63.0,0.0007286148029379,2022-10-27 15:36:41.939262,2022-10-27 15:39:34.236940,0 days 00:02:52.297678,3.0,2.0,2048.0,0.0031549569340416,200.0,10.0,matern1.5,,PRUNED,0.0007286148029379,,,,
216.0,r1_08_BPV,1.0,64.0,0.0007957519846968,2022-10-27 15:39:34.237372,2022-10-27 15:44:37.949471,0 days 00:05:03.712099,2.0,1.0,1024.0,0.0003798242332364,238.0,12.0,rbf,,PRUNED,0.0007957519846968,,,,
216.0,r1_08_BPV,1.0,65.0,0.0005906139267608,2022-10-27 15:44:37.949974,2022-10-27 15:55:09.112018,0 days 00:10:31.162044,3.0,3.0,1024.0,0.0084654106983454,342.0,6.0,rbf,,PRUNED,0.0005906139267608,,,,
216.0,r1_08_BPV,1.0,66.0,0.0006037724670022,2022-10-27 15:55:09.112512,2022-10-27 16:01:05.585424,0 days 00:05:56.472912,2.0,3.0,2048.0,0.0288834416627621,339.0,5.0,matern0.5,,PRUNED,0.0005922398995608,0.0006037724670022,,,
216.0,r1_08_BPV,1.0,67.0,0.0005749068805016,2022-10-27 16:01:05.585813,2022-10-27 16:06:19.792915,0 days 00:05:14.207102,3.0,1.0,1024.0,0.0048456357575534,170.0,3.0,rbf,,PRUNED,0.0005825457046739,0.0005749068805016,,,
216.0,r1_08_BPV,1.0,68.0,0.0005718367756344,2022-10-27 16:06:19.793406,2022-10-27 16:08:15.949158,0 days 00:01:56.155752,1.0,2.0,2048.0,0.0406641800069564,125.0,2.0,rbf,5.0,COMPLETE,0.0005888228770345,,,,
216.0,r1_08_BPV,1.0,69.0,0.0197888538241386,2022-10-27 16:08:15.949760,2022-10-27 16:15:00.204457,0 days 00:06:44.254697,4.0,2.0,2048.0,0.0003988768037366,107.0,9.0,matern0.5,,PRUNED,0.0197888538241386,,,,
216.0,r1_08_BPV,1.0,70.0,0.0006318865343928,2022-10-27 16:15:00.204865,2022-10-27 16:18:38.967922,0 days 00:03:38.763057,3.0,1.0,512.0,0.0708877260060082,50.0,4.0,matern0.5,,PRUNED,0.0006318865343928,,,,
216.0,r1_08_BPV,1.0,71.0,0.0017635782714933,2022-10-27 16:18:38.968445,2022-10-27 16:26:21.205876,0 days 00:07:42.237431,2.0,1.0,512.0,0.001795363332702,194.0,2.0,matern1.5,,PRUNED,0.0017635782714933,,,,
216.0,r1_08_BPV,1.0,72.0,0.0010558097856119,2022-10-27 16:26:21.206430,2022-10-27 16:29:47.512692,0 days 00:03:26.306262,4.0,2.0,1024.0,0.0004881962503983,228.0,6.0,rbf,,PRUNED,0.0010558097856119,,,,
216.0,r1_08_BPV,1.0,73.0,0.0005843645776621,2022-10-27 16:29:47.513135,2022-10-27 16:31:41.747899,0 days 00:01:54.234764,1.0,2.0,2048.0,0.050488555955346,100.0,2.0,rbf,,PRUNED,0.0005709112156182,0.0005843645776621,,,
216.0,r1_08_BPV,1.0,74.0,0.0218456014990806,2022-10-27 16:31:41.748264,2022-10-27 16:32:28.940183,0 days 00:00:47.191919,1.0,2.0,2048.0,0.0001275956594926,138.0,2.0,rbf,,PRUNED,0.0218456014990806,,,,
216.0,r1_08_BPV,1.0,75.0,0.0196770597249269,2022-10-27 16:32:28.940587,2022-10-27 16:37:03.801884,0 days 00:04:34.861297,2.0,2.0,512.0,0.0003753644142842,103.0,3.0,matern0.5,1.0,COMPLETE,,,,,
216.0,r1_08_BPV,1.0,76.0,0.0005645691999234,2022-10-27 16:37:03.802523,2022-10-27 16:48:58.572311,0 days 00:11:54.769788,2.0,4.0,512.0,0.0021172876499744,62.0,8.0,matern1.5,10.0,COMPLETE,,,,,
216.0,r1_08_BPV,1.0,77.0,0.00058371812338,2022-10-27 16:48:58.572903,2022-10-27 16:50:56.115104,0 days 00:01:57.542201,1.0,2.0,2048.0,0.023664297117123,116.0,3.0,rbf,,PRUNED,0.0005812880117446,0.00058371812338,,,
216.0,r1_08_BPV,1.0,78.0,0.0006729548913426,2022-10-27 16:50:56.115472,2022-10-27 16:51:43.906070,0 days 00:00:47.790598,1.0,3.0,2048.0,0.0384174426410974,76.0,4.0,rbf,,PRUNED,0.0006729548913426,,,,
216.0,r1_08_BPV,1.0,79.0,0.0006300513050518,2022-10-27 16:51:43.906443,2022-10-27 16:52:46.213095,0 days 00:01:02.306652,2.0,1.0,2048.0,0.0143931352252929,188.0,2.0,rbf,,PRUNED,0.0006300513050518,,,,
216.0,r1_08_BPV,1.0,80.0,0.0006265178089961,2022-10-27 16:52:46.213528,2022-10-27 16:53:45.749389,0 days 00:00:59.535861,1.0,4.0,2048.0,0.0415314855540607,157.0,11.0,rbf,,PRUNED,0.0006265178089961,,,,
216.0,r1_08_BPV,1.0,81.0,0.0006258838111534,2022-10-27 16:53:45.749807,2022-10-27 17:00:52.510379,0 days 00:07:06.760572,3.0,3.0,512.0,0.0073319951230141,260.0,15.0,matern0.5,,PRUNED,0.0006258838111534,,,,
216.0,r1_08_BPV,1.0,82.0,0.0005620206356979,2022-10-27 17:00:52.510943,2022-10-27 17:16:20.301123,0 days 00:15:27.790180,3.0,2.0,1024.0,0.0043559666510203,280.0,15.0,rbf,10.0,COMPLETE,0.0005620206356979,,,,
216.0,r1_08_BPV,1.0,83.0,0.0005612724344246,2022-10-27 17:16:20.301758,2022-10-27 17:31:08.997569,0 days 00:14:48.695811,3.0,2.0,1024.0,0.0040251950666855,269.0,15.0,rbf,9.0,COMPLETE,0.0005622626049444,,,,
216.0,r1_08_BPV,1.0,84.0,0.0005604488542303,2022-10-27 17:31:08.998169,2022-10-27 18:02:07.545160,0 days 00:30:58.546991,3.0,3.0,1024.0,0.0041935572493181,300.0,15.0,rbf,16.0,COMPLETE,0.0005778448539786,,,,
216.0,r1_08_BPV,1.0,85.0,0.0006141634657979,2022-10-27 18:02:07.545713,2022-10-27 18:07:16.066750,0 days 00:05:08.521037,4.0,2.0,1024.0,0.0237226706355823,307.0,7.0,matern1.5,,PRUNED,0.0006141634657979,,,,
216.0,r1_08_BPV,1.0,86.0,0.0197441205382347,2022-10-27 18:07:16.067240,2022-10-27 18:10:28.750648,0 days 00:03:12.683408,2.0,1.0,1024.0,0.0002319214053981,78.0,8.0,rbf,3.0,COMPLETE,,,,,
216.0,r1_08_BPV,1.0,87.0,0.0006131578120402,2022-10-27 18:10:28.751193,2022-10-27 18:12:13.626916,0 days 00:01:44.875723,2.0,2.0,2048.0,0.0753460517988541,373.0,4.0,rbf,,PRUNED,0.0006131578120402,,,,
216.0,r1_08_BPV,1.0,88.0,0.0005800060462206,2022-10-27 18:12:13.627325,2022-10-27 18:15:09.676567,0 days 00:02:56.049242,1.0,2.0,1024.0,0.0925232906380085,152.0,4.0,matern1.5,4.0,COMPLETE,,,,,
216.0,r1_08_BPV,1.0,89.0,0.0005619229632429,2022-10-27 18:15:09.677124,2022-10-27 18:47:27.673122,0 days 00:32:17.995998,3.0,3.0,1024.0,0.0039518829550568,419.0,15.0,rbf,8.0,COMPLETE,0.0005665404605679,,,,
216.0,r1_08_BPV,1.0,90.0,0.0005688406527042,2022-10-27 18:47:27.673689,2022-10-27 19:22:53.540581,0 days 00:35:25.866892,4.0,1.0,512.0,0.0045685517487528,59.0,13.0,matern1.5,24.0,COMPLETE,,,,,
216.0,r1_08_BPV,1.0,91.0,0.0197930689901113,2022-10-27 19:22:53.541133,2022-10-27 19:25:33.897180,0 days 00:02:40.356047,4.0,3.0,1024.0,0.0002554018252525,87.0,3.0,rbf,,PRUNED,0.0197930689901113,,,,
216.0,r1_08_BPV,1.0,92.0,0.0006900355219841,2022-10-27 19:25:33.897641,2022-10-27 19:30:26.155483,0 days 00:04:52.257842,4.0,3.0,2048.0,0.0284013986412889,447.0,3.0,rbf,,PRUNED,0.0006900355219841,,,,
216.0,r1_08_BPV,1.0,93.0,0.0005799966165795,2022-10-27 19:30:26.155889,2022-10-27 19:44:29.320414,0 days 00:14:03.164525,4.0,4.0,2048.0,0.0195537469728872,509.0,2.0,rbf,,PRUNED,0.000583515735343,0.0005799966165795,,,
216.0,r1_08_BPV,1.0,94.0,0.0005796570912934,2022-10-27 19:44:29.320859,2022-10-27 20:15:12.866777,0 days 00:30:43.545918,3.0,3.0,1024.0,0.021844660090116,486.0,14.0,rbf,,PRUNED,0.0005796570912934,,,,
216.0,r1_08_BPV,1.0,95.0,0.0006222732481546,2022-10-27 20:15:12.867256,2022-10-27 20:32:42.152591,0 days 00:17:29.285335,4.0,3.0,2048.0,0.0137104594459735,594.0,5.0,rbf,,PRUNED,0.0005749053671024,0.0006222732481546,,,
216.0,r1_08_BPV,1.0,96.0,0.0006110750837251,2022-10-27 20:32:42.153055,2022-10-27 20:36:24.656237,0 days 00:03:42.503182,3.0,3.0,2048.0,0.0430845504769212,215.0,14.0,rbf,,PRUNED,0.0006110750837251,,,,
216.0,r1_08_BPV,1.0,97.0,0.0005967650213278,2022-10-27 20:36:24.656642,2022-10-27 20:44:11.431992,0 days 00:07:46.775350,4.0,2.0,2048.0,0.0577784163351038,385.0,3.0,rbf,,PRUNED,0.0005826721317134,0.0005967650213278,,,
216.0,r1_08_BPV,1.0,98.0,0.0006578100728802,2022-10-27 20:44:11.432375,2022-10-27 20:50:11.796686,0 days 00:06:00.364311,3.0,3.0,1024.0,0.0933316130730666,728.0,2.0,rbf,,PRUNED,0.0006578100728802,,,,
216.0,r1_08_BPV,1.0,99.0,0.0006087775109335,2022-10-27 20:50:11.797195,2022-10-27 20:59:57.890853,0 days 00:09:46.093658,4.0,4.0,2048.0,0.0338756315416822,284.0,4.0,rbf,,PRUNED,0.0005810523289255,0.0006087775109335,,,
216.0,r1_08_BPV,2.0,0.0,0.000563854642678,2022-10-27 22:11:43.680937,2022-10-27 22:26:18.279201,0 days 00:14:34.598264,2.0,1.0,1024.0,0.001,200.0,10.0,rbf,27.0,COMPLETE,0.0005811727023683,0.0005658741574734,,,"{'n_gp_layers': 2, 'n_gp_out': 1, 'num_inducing': 200, 'batch_size': 1024, 'lr': 0.001, 'num_samples': 10, 'kernel_type': 'rbf'}"
216.0,r1_08_BPV,2.0,1.0,0.0007952063460834,2022-10-27 22:26:18.279741,2022-10-27 22:31:05.646819,0 days 00:04:47.367078,1.0,3.0,512.0,0.0789807926422031,81.0,9.0,rbf,,PRUNED,0.0007952063460834,,,,
216.0,r1_08_BPV,2.0,2.0,0.0005664482014253,2022-10-27 22:31:05.647286,2022-10-27 22:37:37.959547,0 days 00:06:32.312261,1.0,4.0,512.0,0.030928924473822,157.0,13.0,matern1.5,6.0,COMPLETE,0.0007673104410059,0.0006197339389473,,,
216.0,r1_08_BPV,2.0,3.0,0.0005634678527712,2022-10-27 22:37:37.960131,2022-10-27 22:45:28.325504,0 days 00:07:50.365373,2.0,2.0,2048.0,0.0161829734341595,87.0,6.0,matern0.5,18.0,COMPLETE,0.0005822677048854,0.0005693447892554,,,
216.0,r1_08_BPV,2.0,4.0,0.0196050107479095,2022-10-27 22:45:28.326085,2022-10-27 22:46:21.078634,0 days 00:00:52.752549,1.0,3.0,2048.0,0.0002696972442744,208.0,4.0,rbf,,PRUNED,0.0196050107479095,,,,
216.0,r1_08_BPV,2.0,5.0,0.0061282310634851,2022-10-27 22:46:21.079012,2022-10-27 22:49:42.836347,0 days 00:03:21.757335,1.0,3.0,1024.0,0.0001891282779738,695.0,11.0,rbf,,PRUNED,0.0061282310634851,,,,
216.0,r1_08_BPV,2.0,6.0,0.0006192089058458,2022-10-27 22:49:42.836783,2022-10-27 22:51:11.943823,0 days 00:01:29.107040,2.0,1.0,2048.0,0.0043804497921038,410.0,2.0,matern1.5,,PRUNED,0.0006192089058458,,,,
216.0,r1_08_BPV,2.0,7.0,0.0005841531674377,2022-10-27 22:51:11.944207,2022-10-27 22:58:46.858349,0 days 00:07:34.914142,3.0,1.0,1024.0,0.0101154652285748,295.0,7.0,matern0.5,,PRUNED,0.0005841531674377,,,,
216.0,r1_08_BPV,2.0,8.0,0.0005620943848043,2022-10-27 22:58:46.858769,2022-10-27 23:05:09.484512,0 days 00:06:22.625743,1.0,3.0,512.0,0.0060506435463726,68.0,12.0,matern1.5,7.0,COMPLETE,,,,,
216.0,r1_08_BPV,2.0,9.0,0.0005734778242185,2022-10-27 23:05:09.485047,2022-10-27 23:11:57.932439,0 days 00:06:48.447392,2.0,1.0,1024.0,0.0554375919417305,342.0,5.0,matern1.5,7.0,COMPLETE,,,,,
216.0,r1_08_BPV,2.0,10.0,0.0005867255968041,2022-10-27 23:11:57.932969,2022-10-27 23:22:12.596344,0 days 00:10:14.663375,1.0,4.0,512.0,0.0005302279137948,494.0,13.0,matern1.5,,PRUNED,0.0005867255968041,,,,
216.0,r1_08_BPV,2.0,11.0,0.0013596649514511,2022-10-27 23:22:12.596875,2022-10-27 23:23:10.531732,0 days 00:00:57.934857,1.0,3.0,2048.0,0.0029437394768618,60.0,11.0,matern0.5,,PRUNED,0.0013596649514511,,,,
216.0,r1_08_BPV,2.0,12.0,0.0110325179994106,2022-10-27 23:23:10.532159,2022-10-27 23:25:23.825715,0 days 00:02:13.293556,1.0,4.0,512.0,0.0001487927724321,126.0,13.0,matern0.5,,PRUNED,0.0110325179994106,,,,
216.0,r1_08_BPV,2.0,13.0,0.0005623554461635,2022-10-27 23:25:23.826232,2022-10-27 23:38:11.482362,0 days 00:12:47.656130,3.0,1.0,2048.0,0.0108076011412311,258.0,8.0,matern0.5,19.0,COMPLETE,0.0005962278810329,0.000566576141864,,,
216.0,r1_08_BPV,2.0,14.0,0.0007190892356447,2022-10-27 23:38:11.482892,2022-10-27 23:53:39.912886,0 days 00:15:28.429994,3.0,2.0,512.0,0.0219086335246723,379.0,4.0,matern1.5,,PRUNED,0.0006147429230622,0.0007190892356447,,,
216.0,r1_08_BPV,2.0,15.0,0.0005606701597571,2022-10-27 23:53:39.913417,2022-10-28 00:21:03.093571,0 days 00:27:23.180154,1.0,1.0,512.0,0.0003194539217208,279.0,15.0,rbf,41.0,COMPLETE,,,,,
216.0,r1_08_BPV,2.0,16.0,0.0005657190340571,2022-10-28 00:21:03.094167,2022-10-28 01:06:53.560971,0 days 00:45:50.466804,2.0,1.0,512.0,0.0005413103678091,455.0,10.0,matern0.5,32.0,COMPLETE,,,,,
216.0,r1_08_BPV,2.0,17.0,0.0014588655903935,2022-10-28 01:06:53.561551,2022-10-28 01:34:08.628484,0 days 00:27:15.066933,2.0,2.0,512.0,0.0001100098677211,745.0,9.0,matern1.5,,PRUNED,0.0014588655903935,,,,
216.0,r1_08_BPV,2.0,18.0,0.0007631870103068,2022-10-28 01:34:08.629071,2022-10-28 01:39:16.016327,0 days 00:05:07.387256,2.0,2.0,512.0,0.0005081587303261,475.0,4.0,matern1.5,,PRUNED,0.0007631870103068,,,,
216.0,r1_08_BPV,2.0,19.0,0.0199509318917989,2022-10-28 01:39:16.016866,2022-10-28 01:42:53.622711,0 days 00:03:37.605845,4.0,1.0,1024.0,0.0799279902429839,250.0,8.0,matern0.5,,PRUNED,0.0199509318917989,,,,
216.0,r1_08_BPV,2.0,20.0,0.0006566290394403,2022-10-28 01:42:53.623139,2022-10-28 01:44:06.981437,0 days 00:01:13.358298,2.0,1.0,2048.0,0.0061442696463255,75.0,7.0,matern0.5,,PRUNED,0.0006566290394403,,,,
216.0,r1_08_BPV,2.0,21.0,0.0007687647012062,2022-10-28 01:44:06.981855,2022-10-28 01:50:42.666090,0 days 00:06:35.684235,4.0,1.0,2048.0,0.0959668916995737,499.0,2.0,matern0.5,,PRUNED,0.0007687647012062,,,,
216.0,r1_08_BPV,2.0,22.0,0.0007039362681098,2022-10-28 01:50:42.666562,2022-10-28 01:55:56.448579,0 days 00:05:13.782017,1.0,1.0,512.0,0.0184202266786229,113.0,6.0,matern1.5,,PRUNED,0.0007039362681098,,,,
216.0,r1_08_BPV,2.0,23.0,0.0005643147742375,2022-10-28 01:55:56.449110,2022-10-28 02:03:22.480259,0 days 00:07:26.031149,3.0,2.0,2048.0,0.0122577624652839,111.0,7.0,matern0.5,10.0,COMPLETE,0.0005939577822573,0.0005643147742375,,,
216.0,r1_08_BPV,2.0,24.0,0.0005657339352183,2022-10-28 02:03:22.480855,2022-10-28 02:05:56.631554,0 days 00:02:34.150699,1.0,2.0,2048.0,0.0544085904728295,119.0,10.0,matern1.5,5.0,COMPLETE,,,,,
216.0,r1_08_BPV,2.0,25.0,0.0005616167909465,2022-10-28 02:05:56.632136,2022-10-28 02:38:12.191524,0 days 00:32:15.559388,3.0,3.0,1024.0,0.0029802060348401,464.0,9.0,rbf,12.0,COMPLETE,,,,,
216.0,r1_08_BPV,2.0,26.0,0.0005808880086988,2022-10-28 02:38:12.192123,2022-10-28 02:49:58.034741,0 days 00:11:45.842618,4.0,3.0,512.0,0.0235293215758853,143.0,14.0,matern1.5,2.0,COMPLETE,,,,,
216.0,r1_08_BPV,2.0,27.0,0.0005646937061101,2022-10-28 02:49:58.035318,2022-10-28 02:57:09.725376,0 days 00:07:11.690058,1.0,2.0,1024.0,0.0043856837521395,79.0,7.0,matern0.5,18.0,COMPLETE,0.0005697922315448,,,,
216.0,r1_08_BPV,2.0,28.0,0.0198222678154706,2022-10-28 02:57:09.725996,2022-10-28 02:58:51.602930,0 days 00:01:41.876934,3.0,1.0,2048.0,0.0010513090081004,94.0,10.0,matern0.5,,PRUNED,0.0198222678154706,,,,
216.0,r1_08_BPV,2.0,29.0,0.0006750137545168,2022-10-28 02:58:51.603376,2022-10-28 03:02:22.852467,0 days 00:03:31.249091,4.0,2.0,2048.0,0.0871272724673032,279.0,6.0,matern0.5,,PRUNED,0.0006750137545168,,,,
216.0,r1_08_BPV,2.0,30.0,0.0006251350278034,2022-10-28 03:02:22.852865,2022-10-28 03:03:36.476872,0 days 00:01:13.624007,2.0,1.0,2048.0,0.0101159785911453,51.0,9.0,matern0.5,,PRUNED,0.0006251350278034,,,,
216.0,r1_08_BPV,2.0,31.0,0.0006380061386153,2022-10-28 03:03:36.477304,2022-10-28 03:06:06.639857,0 days 00:02:30.162553,3.0,2.0,1024.0,0.0016950134829092,155.0,6.0,rbf,,PRUNED,0.0006380061386153,,,,
216.0,r1_08_BPV,2.0,32.0,0.0005612403037957,2022-10-28 03:06:06.640293,2022-10-28 03:23:29.556507,0 days 00:17:22.916214,1.0,1.0,1024.0,0.0004506147612324,694.0,2.0,matern1.5,32.0,COMPLETE,,,,,
216.0,r1_08_BPV,2.0,33.0,0.000588210474234,2022-10-28 03:23:29.557133,2022-10-28 03:26:38.676059,0 days 00:03:09.118926,2.0,3.0,2048.0,0.0316195541933536,82.0,2.0,matern0.5,,PRUNED,0.0005752301658503,0.000588210474234,,,
216.0,r1_08_BPV,2.0,34.0,0.0198228638619184,2022-10-28 03:26:38.676437,2022-10-28 03:35:33.023619,0 days 00:08:54.347182,3.0,2.0,512.0,0.001383611026455,231.0,8.0,matern0.5,2.0,COMPLETE,,,,,
216.0,r1_08_BPV,2.0,35.0,0.0198219660669565,2022-10-28 03:35:33.024204,2022-10-28 03:49:22.828608,0 days 00:13:49.804404,4.0,4.0,512.0,0.0006027965784004,85.0,7.0,matern0.5,5.0,COMPLETE,,,,,
216.0,r1_08_BPV,2.0,36.0,0.0198309794068336,2022-10-28 03:49:22.829204,2022-10-28 03:56:04.216300,0 days 00:06:41.387096,4.0,2.0,2048.0,0.0159080294041335,317.0,15.0,matern0.5,,PRUNED,0.0198309794068336,,,,
216.0,r1_08_BPV,2.0,37.0,0.019824581220746,2022-10-28 03:56:04.216736,2022-10-28 04:06:28.844685,0 days 00:10:24.627949,4.0,4.0,1024.0,0.0002961045534196,244.0,2.0,matern0.5,,PRUNED,0.019824581220746,,,,
216.0,r1_08_BPV,2.0,38.0,0.0006959086167626,2022-10-28 04:06:28.845121,2022-10-28 04:10:02.477824,0 days 00:03:33.632703,2.0,1.0,2048.0,0.0016699108865688,157.0,15.0,rbf,,PRUNED,0.0006959086167626,,,,
216.0,r1_08_BPV,2.0,39.0,0.0007222131825983,2022-10-28 04:10:02.478288,2022-10-28 04:12:17.473180,0 days 00:02:14.994892,3.0,1.0,1024.0,0.0451481181816423,172.0,5.0,rbf,,PRUNED,0.0007222131825983,,,,
216.0,r1_08_BPV,2.0,40.0,0.0005681011825799,2022-10-28 04:12:17.473620,2022-10-28 04:16:34.302145,0 days 00:04:16.828525,2.0,2.0,1024.0,0.0054941562105831,50.0,12.0,rbf,5.0,COMPLETE,,,,,
216.0,r1_08_BPV,2.0,41.0,0.0006294915219768,2022-10-28 04:16:34.302759,2022-10-28 04:21:54.624361,0 days 00:05:20.321602,2.0,4.0,2048.0,0.0058823873323494,561.0,9.0,matern0.5,,PRUNED,0.0006294915219768,,,,
216.0,r1_08_BPV,2.0,42.0,0.0007165400893427,2022-10-28 04:21:54.624765,2022-10-28 04:23:53.349403,0 days 00:01:58.724638,3.0,2.0,2048.0,0.011625534919468,111.0,7.0,matern0.5,,PRUNED,0.0007165400893427,,,,
216.0,r1_08_BPV,2.0,43.0,0.0005596889532171,2022-10-28 04:23:53.349850,2022-10-28 04:29:18.065035,0 days 00:05:24.715185,1.0,2.0,1024.0,0.0026885142191561,86.0,5.0,rbf,14.0,COMPLETE,0.0005624494515359,,,,
216.0,r1_08_BPV,2.0,44.0,0.0005663039628416,2022-10-28 04:29:18.065624,2022-10-28 04:42:14.118960,0 days 00:12:56.053336,2.0,3.0,1024.0,0.0008460289960061,150.0,4.0,rbf,,PRUNED,0.0005825700354762,0.0005663039628416,,,
216.0,r1_08_BPV,2.0,45.0,0.0198278930038213,2022-10-28 04:42:14.119326,2022-10-28 04:48:35.861672,0 days 00:06:21.742346,3.0,3.0,1024.0,0.0002874877273601,107.0,10.0,rbf,,PRUNED,0.0198278930038213,,,,
216.0,r1_08_BPV,2.0,46.0,0.0005594997201114,2022-10-28 04:48:35.862116,2022-10-28 04:58:00.147729,0 days 00:09:24.285613,1.0,1.0,1024.0,0.0022088305900642,53.0,5.0,rbf,31.0,COMPLETE,0.000577495957259,0.0005613576504401,,,
216.0,r1_08_BPV,2.0,47.0,0.0006342168780975,2022-10-28 04:58:00.148317,2022-10-28 05:00:43.345511,0 days 00:02:43.197194,1.0,2.0,1024.0,0.0182503600992799,53.0,5.0,rbf,,PRUNED,0.0006342168780975,,,,
216.0,r1_08_BPV,2.0,48.0,0.0198323652148246,2022-10-28 05:00:43.345976,2022-10-28 05:02:49.571738,0 days 00:02:06.225762,3.0,2.0,2048.0,0.0090525055765911,121.0,8.0,matern0.5,,PRUNED,0.0198323652148246,,,,
216.0,r1_08_BPV,2.0,49.0,0.0005599071155302,2022-10-28 05:02:49.572163,2022-10-28 05:08:02.870332,0 days 00:05:13.298169,1.0,3.0,2048.0,0.0025300469977416,74.0,4.0,rbf,21.0,COMPLETE,0.0005739868502132,,,,
216.0,r1_08_BPV,2.0,50.0,0.0005628440994769,2022-10-28 05:08:02.870900,2022-10-28 05:12:26.861767,0 days 00:04:23.990867,1.0,2.0,1024.0,0.009303868335699,65.0,4.0,rbf,11.0,COMPLETE,0.0005727853276766,,,,
216.0,r1_08_BPV,2.0,51.0,0.0198450442403554,2022-10-28 05:12:26.862378,2022-10-28 05:15:00.727122,0 days 00:02:33.864744,4.0,3.0,2048.0,0.0024689525601498,64.0,6.0,matern0.5,,PRUNED,0.0198450442403554,,,,
216.0,r1_08_BPV,2.0,52.0,0.0005627811769954,2022-10-28 05:15:00.727573,2022-10-28 05:24:10.170546,0 days 00:09:09.442973,1.0,2.0,1024.0,0.0047678469761002,78.0,2.0,matern0.5,26.0,COMPLETE,0.0005662148469127,,,,
216.0,r1_08_BPV,2.0,53.0,0.0005721501656807,2022-10-28 05:24:10.171136,2022-10-28 05:30:03.812148,0 days 00:05:53.641012,3.0,2.0,1024.0,0.0477700333812234,90.0,5.0,rbf,6.0,COMPLETE,,,,,
216.0,r1_08_BPV,2.0,54.0,0.0199423432350158,2022-10-28 05:30:03.812717,2022-10-28 05:31:58.892790,0 days 00:01:55.080073,3.0,2.0,2048.0,0.0161808267761085,93.0,7.0,matern0.5,,PRUNED,0.0199423432350158,,,,
216.0,r1_08_BPV,2.0,55.0,0.0005672125844284,2022-10-28 05:31:58.893214,2022-10-28 05:37:48.458764,0 days 00:05:49.565550,2.0,3.0,2048.0,0.0066092892922642,232.0,10.0,matern0.5,,PRUNED,0.0006287867436185,0.0005672125844284,,,
216.0,r1_08_BPV,2.0,56.0,0.0198497232049703,2022-10-28 05:37:48.459130,2022-10-28 05:40:21.756927,0 days 00:02:33.297797,4.0,2.0,2048.0,0.0459959835248595,177.0,5.0,matern0.5,,PRUNED,0.0198497232049703,,,,
216.0,r1_08_BPV,2.0,57.0,0.0005656281718984,2022-10-28 05:40:21.757338,2022-10-28 05:45:40.720602,0 days 00:05:18.963264,1.0,1.0,2048.0,0.0047178833255312,228.0,12.0,matern1.5,13.0,COMPLETE,,,,,
216.0,r1_08_BPV,2.0,58.0,0.0005808817804791,2022-10-28 05:45:40.721175,2022-10-28 05:56:43.701317,0 days 00:11:02.980142,3.0,1.0,512.0,0.0256738636018324,131.0,8.0,matern1.5,,PRUNED,0.0006200003554113,0.0005808817804791,,,
216.0,r1_08_BPV,2.0,59.0,0.0008264165371656,2022-10-28 05:56:43.701843,2022-10-28 05:57:53.386326,0 days 00:01:09.684483,2.0,3.0,2048.0,0.0016212559624293,103.0,3.0,rbf,,PRUNED,0.0008264165371656,,,,
216.0,r1_08_BPV,2.0,60.0,0.0007757530547678,2022-10-28 05:57:53.386731,2022-10-28 06:03:00.918667,0 days 00:05:07.531936,4.0,4.0,1024.0,0.0486452491133683,147.0,12.0,matern0.5,,PRUNED,0.0007757530547678,,,,
216.0,r1_08_BPV,2.0,61.0,0.0006506414501927,2022-10-28 06:03:00.919117,2022-10-28 06:07:03.239851,0 days 00:04:02.320734,3.0,2.0,512.0,0.0158290149764434,70.0,5.0,matern1.5,,PRUNED,0.0006506414501927,,,,
216.0,r1_08_BPV,2.0,62.0,0.0006542972405441,2022-10-28 06:07:03.240446,2022-10-28 06:09:38.026736,0 days 00:02:34.786290,1.0,4.0,512.0,0.0312322601766974,211.0,13.0,matern1.5,,PRUNED,0.0006542972405441,,,,
216.0,r1_08_BPV,2.0,63.0,0.0005851829773746,2022-10-28 06:09:38.027241,2022-10-28 06:15:54.585357,0 days 00:06:16.558116,1.0,4.0,512.0,0.0092134803892452,188.0,15.0,matern1.5,,PRUNED,0.0005716334562748,0.0005851829773746,,,
216.0,r1_08_BPV,2.0,64.0,0.0005633460241369,2022-10-28 06:15:54.585929,2022-10-28 06:20:09.242719,0 days 00:04:14.656790,1.0,1.0,1024.0,0.0032715423320064,118.0,6.0,rbf,10.0,COMPLETE,0.0005633460241369,,,,
216.0,r1_08_BPV,2.0,65.0,0.0005732381250709,2022-10-28 06:20:09.243293,2022-10-28 06:29:16.578776,0 days 00:09:07.335483,2.0,3.0,512.0,0.0041945666502801,145.0,10.0,matern1.5,,PRUNED,0.000579887884669,0.0005732381250709,,,
216.0,r1_08_BPV,2.0,66.0,0.0005688588717021,2022-10-28 06:29:16.579301,2022-10-28 06:32:23.508195,0 days 00:03:06.928894,2.0,4.0,2048.0,0.0365009100472733,97.0,3.0,matern1.5,3.0,COMPLETE,,,,,
216.0,r1_08_BPV,2.0,67.0,0.0005786094116047,2022-10-28 06:32:23.508769,2022-10-28 06:34:20.912608,0 days 00:01:57.403839,1.0,3.0,2048.0,0.0021378257287592,64.0,4.0,rbf,,PRUNED,0.0005786094116047,,,,
216.0,r1_08_BPV,2.0,68.0,0.000586079666391,2022-10-28 06:34:20.912977,2022-10-28 06:40:11.295561,0 days 00:05:50.382584,1.0,3.0,2048.0,0.0203839907717938,725.0,9.0,rbf,,PRUNED,0.0005771611467935,0.000586079666391,,,
216.0,r1_08_BPV,2.0,69.0,0.0005773630109615,2022-10-28 06:40:11.295995,2022-10-28 06:46:05.940196,0 days 00:05:54.644201,1.0,4.0,512.0,0.0632805547633009,305.0,14.0,matern1.5,3.0,COMPLETE,0.000589543080423,,,,
216.0,r1_08_BPV,2.0,70.0,0.0198221392929554,2022-10-28 06:46:05.940778,2022-10-28 06:49:46.307342,0 days 00:03:40.366564,3.0,3.0,2048.0,0.0041401153998114,210.0,11.0,matern0.5,,PRUNED,0.0198221392929554,,,,
216.0,r1_08_BPV,2.0,71.0,0.0196766648441553,2022-10-28 06:49:46.307762,2022-10-28 06:58:26.255008,0 days 00:08:39.947246,3.0,1.0,512.0,0.0001010176460212,151.0,12.0,rbf,4.0,COMPLETE,,,,,
216.0,r1_08_BPV,2.0,72.0,0.0005870962049812,2022-10-28 06:58:26.255580,2022-10-28 07:08:37.076742,0 days 00:10:10.821162,1.0,4.0,512.0,0.0544531985064902,552.0,9.0,rbf,5.0,COMPLETE,,,,,
216.0,r1_08_BPV,2.0,73.0,0.0005804338143207,2022-10-28 07:08:37.077319,2022-10-28 07:15:30.621783,0 days 00:06:53.544464,2.0,1.0,512.0,0.0136847409047772,82.0,7.0,matern1.5,4.0,COMPLETE,0.0005804338143207,,,,
216.0,r1_08_BPV,2.0,74.0,0.0005731079145334,2022-10-28 07:15:30.622370,2022-10-28 07:45:26.912417,0 days 00:29:56.290047,4.0,4.0,1024.0,0.037640121211424,370.0,12.0,rbf,5.0,COMPLETE,0.000618259073235,,,,
216.0,r1_08_BPV,2.0,75.0,0.0198223106563091,2022-10-28 07:45:26.912985,2022-10-28 07:52:33.785177,0 days 00:07:06.872192,4.0,1.0,1024.0,0.0004052713666383,112.0,2.0,rbf,7.0,COMPLETE,,,,,
216.0,r1_08_BPV,2.0,76.0,0.000585185480304,2022-10-28 07:52:33.785781,2022-10-28 07:55:23.263206,0 days 00:02:49.477425,2.0,1.0,1024.0,0.0336326067752939,65.0,3.0,matern0.5,2.0,COMPLETE,,,,,
216.0,r1_08_BPV,2.0,77.0,0.0005595757393166,2022-10-28 07:55:23.263794,2022-10-28 08:02:04.211335,0 days 00:06:40.947541,1.0,3.0,2048.0,0.002596942464999,69.0,5.0,rbf,28.0,COMPLETE,0.000571290787775,0.0005595757393166,,,
216.0,r1_08_BPV,2.0,78.0,0.00056088733254,2022-10-28 08:02:04.211918,2022-10-28 08:06:04.220647,0 days 00:04:00.008729,1.0,3.0,2048.0,0.0061709250057123,50.0,6.0,rbf,15.0,COMPLETE,0.0005669274833053,,,,
216.0,r1_08_BPV,2.0,79.0,0.0198219120502471,2022-10-28 08:06:04.221235,2022-10-28 08:07:58.044320,0 days 00:01:53.823085,3.0,2.0,2048.0,0.0002640563481928,116.0,6.0,matern0.5,,PRUNED,0.0198219120502471,,,,
216.0,r1_08_BPV,2.0,80.0,0.0005782585358247,2022-10-28 08:07:58.044710,2022-10-28 08:12:34.628751,0 days 00:04:36.584041,1.0,3.0,512.0,0.0203241207884256,54.0,8.0,matern1.5,4.0,COMPLETE,0.0005782585358247,,,,
216.0,r1_08_BPV,2.0,81.0,0.0005640092422254,2022-10-28 08:12:34.629363,2022-10-28 08:14:57.362705,0 days 00:02:22.733342,1.0,3.0,2048.0,0.0736325607916034,202.0,7.0,matern0.5,4.0,COMPLETE,,,,,
216.0,r1_08_BPV,2.0,82.0,0.0005698016611859,2022-10-28 08:14:57.363280,2022-10-28 08:49:27.324113,0 days 00:34:29.960833,4.0,4.0,1024.0,0.030676687921831,410.0,12.0,rbf,5.0,COMPLETE,0.0005855310009792,,,,
216.0,r1_08_BPV,2.0,83.0,0.0007342629833146,2022-10-28 08:49:27.324713,2022-10-28 08:51:33.980831,0 days 00:02:06.656118,1.0,2.0,2048.0,0.0006179998643939,145.0,5.0,rbf,,PRUNED,0.0007342629833146,,,,
216.0,r1_08_BPV,2.0,84.0,0.0008492714259773,2022-10-28 08:51:33.981214,2022-10-28 09:00:15.759740,0 days 00:08:41.778526,1.0,1.0,1024.0,0.0001757373265062,82.0,11.0,matern1.5,,PRUNED,0.0008492714259773,,,,
216.0,r1_08_BPV,2.0,85.0,0.0005758902989327,2022-10-28 09:00:15.760091,2022-10-28 09:33:08.751583,0 days 00:32:52.991492,4.0,4.0,1024.0,0.0239351357647023,545.0,13.0,rbf,3.0,COMPLETE,0.0006008558557368,,,,
216.0,r1_08_BPV,2.0,86.0,0.0007676497916691,2022-10-28 09:33:08.752160,2022-10-28 09:54:51.623143,0 days 00:21:42.870983,4.0,4.0,1024.0,0.0699800933943991,471.0,14.0,rbf,,PRUNED,0.0007676497916691,,,,
216.0,r1_08_BPV,2.0,87.0,0.0005599041469395,2022-10-28 09:54:51.623593,2022-10-28 10:01:25.013983,0 days 00:06:33.390390,1.0,4.0,1024.0,0.0030511575608731,86.0,7.0,rbf,17.0,COMPLETE,0.0005729254335165,,,,
216.0,r1_08_BPV,2.0,88.0,0.0006529294187203,2022-10-28 10:01:25.014567,2022-10-28 10:03:20.386450,0 days 00:01:55.371883,1.0,3.0,2048.0,0.0013331380813337,63.0,3.0,rbf,,PRUNED,0.0006529294187203,,,,
216.0,r1_08_BPV,2.0,89.0,0.0005898948875255,2022-10-28 10:03:20.386865,2022-10-28 10:14:46.221799,0 days 00:11:25.834934,3.0,3.0,1024.0,0.0091469089048728,273.0,11.0,rbf,,PRUNED,0.0005726034869439,0.0005898948875255,,,
216.0,r1_08_BPV,2.0,90.0,0.0005914236535318,2022-10-28 10:14:46.222316,2022-10-28 10:35:53.504627,0 days 00:21:07.282311,3.0,4.0,1024.0,0.0067519606376739,345.0,12.0,matern0.5,,PRUNED,0.0006005711038596,0.0005914236535318,,,
216.0,r1_08_BPV,2.0,91.0,0.0005599039723165,2022-10-28 10:35:53.505091,2022-10-28 11:21:41.461013,0 days 00:45:47.955922,2.0,3.0,1024.0,0.0015149551745399,618.0,15.0,rbf,18.0,COMPLETE,,,,,
216.0,r1_08_BPV,2.0,92.0,0.0005625946796499,2022-10-28 11:21:41.461610,2022-10-28 11:24:29.219954,0 days 00:02:47.758344,1.0,2.0,1024.0,0.0091782118358724,68.0,5.0,rbf,5.0,COMPLETE,,,,,
216.0,r1_08_BPV,2.0,93.0,0.0005632509710267,2022-10-28 11:24:29.220539,2022-10-28 11:32:40.004162,0 days 00:08:10.783623,2.0,2.0,1024.0,0.0122876767860945,85.0,2.0,matern0.5,14.0,COMPLETE,,,,,
216.0,r1_08_BPV,2.0,94.0,0.000594830722548,2022-10-28 11:32:40.004749,2022-10-28 11:51:48.103800,0 days 00:19:08.099051,4.0,3.0,2048.0,0.095132562392161,414.0,10.0,rbf,4.0,COMPLETE,0.000594830722548,,,,
216.0,r1_08_BPV,2.0,95.0,0.0198145750910043,2022-10-28 11:51:48.104375,2022-10-28 11:57:27.050389,0 days 00:05:38.946014,4.0,2.0,1024.0,0.0012001437317276,156.0,11.0,matern0.5,1.0,COMPLETE,,,,,
216.0,r1_08_BPV,2.0,96.0,0.019459469243884,2022-10-28 11:57:27.050987,2022-10-28 11:59:46.980391,0 days 00:02:19.929404,2.0,1.0,1024.0,0.0005907059803213,244.0,14.0,matern0.5,,PRUNED,0.019459469243884,,,,
216.0,r1_08_BPV,2.0,97.0,0.000683142861817,2022-10-28 11:59:46.980878,2022-10-28 12:04:31.503865,0 days 00:04:44.522987,2.0,4.0,1024.0,0.0004131744949299,89.0,8.0,rbf,,PRUNED,0.000683142861817,,,,
216.0,r1_08_BPV,2.0,98.0,0.0198227539658546,2022-10-28 12:04:31.504367,2022-10-28 12:07:12.078959,0 days 00:02:40.574592,4.0,2.0,2048.0,0.0293450494065108,102.0,9.0,matern0.5,,PRUNED,0.0198227539658546,,,,
216.0,r1_08_BPV,2.0,99.0,0.0196287147700786,2022-10-28 12:07:12.079393,2022-10-28 12:09:22.523671,0 days 00:02:10.444278,2.0,1.0,2048.0,0.0009324974644959,124.0,10.0,matern1.5,1.0,COMPLETE,,,,,
216.0,r1_08_BPV,3.0,0.0,0.0005595324328169,2022-10-28 12:36:16.140302,2022-10-28 12:55:19.777938,0 days 00:19:03.637636,2.0,1.0,1024.0,0.001,200.0,10.0,rbf,37.0,COMPLETE,0.0196471344679594,0.000634774682112,0.0005662807379849,,"{'n_gp_layers': 2, 'n_gp_out': 1, 'num_inducing': 200, 'batch_size': 1024, 'lr': 0.001, 'num_samples': 10, 'kernel_type': 'rbf'}"
216.0,r1_08_BPV,3.0,1.0,0.0005542003782466,2022-10-28 12:55:19.778540,2022-10-28 13:01:44.479132,0 days 00:06:24.700592,1.0,1.0,1024.0,0.0052562311891821,146.0,6.0,matern1.5,15.0,COMPLETE,0.0005687166703864,0.000556229497306,,,
216.0,r1_08_BPV,3.0,2.0,0.0010557478526607,2022-10-28 13:01:44.479666,2022-10-28 13:03:38.586157,0 days 00:01:54.106491,1.0,1.0,1024.0,0.0024127703635147,481.0,8.0,matern0.5,,PRUNED,0.0010557478526607,,,,
216.0,r1_08_BPV,3.0,3.0,0.0005913798231631,2022-10-28 13:03:38.586575,2022-10-28 13:05:12.406078,0 days 00:01:33.819503,1.0,4.0,1024.0,0.0553084742972128,222.0,10.0,matern1.5,,PRUNED,0.0005913798231631,,,,
216.0,r1_08_BPV,3.0,4.0,0.0196140743792057,2022-10-28 13:05:12.406525,2022-10-28 13:10:13.538863,0 days 00:05:01.132338,3.0,1.0,1024.0,0.002743096510579,131.0,8.0,matern0.5,3.0,COMPLETE,,,,,
216.0,r1_08_BPV,3.0,5.0,0.0196145791560411,2022-10-28 13:10:13.539396,2022-10-28 13:11:47.399144,0 days 00:01:33.859748,3.0,2.0,2048.0,0.0001730564094051,67.0,7.0,rbf,,PRUNED,0.0196145791560411,,,,
216.0,r1_08_BPV,3.0,6.0,0.0006397528923116,2022-10-28 13:11:47.399529,2022-10-28 13:13:25.938594,0 days 00:01:38.539065,3.0,2.0,2048.0,0.0526732569489952,102.0,7.0,rbf,,PRUNED,0.0006397528923116,,,,
216.0,r1_08_BPV,3.0,7.0,0.0005851396708749,2022-10-28 13:13:25.939013,2022-10-28 13:22:19.715056,0 days 00:08:53.776043,1.0,2.0,512.0,0.0890243759449943,656.0,12.0,matern0.5,2.0,COMPLETE,,,,,
216.0,r1_08_BPV,3.0,8.0,0.0005967740435153,2022-10-28 13:22:19.715614,2022-10-28 13:27:34.655839,0 days 00:05:14.940225,4.0,2.0,512.0,0.0124074727613501,50.0,14.0,matern1.5,,PRUNED,0.0005967740435153,,,,
216.0,r1_08_BPV,3.0,9.0,0.0006017766427248,2022-10-28 13:27:34.656376,2022-10-28 13:29:38.052789,0 days 00:02:03.396413,2.0,4.0,1024.0,0.0031132703123814,133.0,4.0,matern0.5,,PRUNED,0.0006017766427248,,,,
216.0,r1_08_BPV,3.0,10.0,0.0171543899923563,2022-10-28 13:29:38.053243,2022-10-28 13:31:28.538898,0 days 00:01:50.485655,2.0,3.0,1024.0,0.0001985297144949,79.0,13.0,rbf,,PRUNED,0.0171543899923563,,,,
216.0,r1_08_BPV,3.0,11.0,0.0006190109415911,2022-10-28 13:31:28.539362,2022-10-28 13:32:39.850742,0 days 00:01:11.311380,2.0,1.0,2048.0,0.0214505329070957,83.0,6.0,matern0.5,,PRUNED,0.0006190109415911,,,,
216.0,r1_08_BPV,3.0,12.0,0.0005621855380013,2022-10-28 13:32:39.851113,2022-10-28 14:00:56.873202,0 days 00:28:17.022089,3.0,1.0,2048.0,0.0061757777368209,670.0,14.0,rbf,15.0,COMPLETE,,,,,
216.0,r1_08_BPV,3.0,13.0,0.0005572475492954,2022-10-28 14:00:56.873759,2022-10-28 14:26:52.607640,0 days 00:25:55.733881,1.0,2.0,1024.0,0.0002261334465161,62.0,9.0,matern1.5,78.0,COMPLETE,0.0030146376229822,0.0006296636420302,0.0005577415577135,,
216.0,r1_08_BPV,3.0,14.0,0.0007448430405929,2022-10-28 14:26:52.608177,2022-10-28 14:29:16.577727,0 days 00:02:23.969550,1.0,1.0,512.0,0.0008064146127428,397.0,2.0,matern1.5,,PRUNED,0.0007448430405929,,,,
216.0,r1_08_BPV,3.0,15.0,0.000612644595094,2022-10-28 14:29:16.578254,2022-10-28 15:14:20.097715,0 days 00:45:03.519461,2.0,3.0,1024.0,0.0002200673792653,464.0,14.0,matern1.5,21.0,COMPLETE,0.001918506110087,,,,
216.0,r1_08_BPV,3.0,16.0,0.0009361105039715,2022-10-28 15:14:20.098313,2022-10-28 15:15:38.616205,0 days 00:01:18.517892,1.0,1.0,1024.0,0.0008719129862905,219.0,11.0,rbf,,PRUNED,0.0009361105039715,,,,
216.0,r1_08_BPV,3.0,17.0,0.0005696370499208,2022-10-28 15:15:38.616635,2022-10-28 15:20:30.802209,0 days 00:04:52.185574,2.0,1.0,1024.0,0.0088099202455137,152.0,10.0,matern1.5,,PRUNED,0.0005758388433605,0.0005696370499208,,,
216.0,r1_08_BPV,3.0,18.0,0.0005567307816818,2022-10-28 15:20:30.802661,2022-10-28 15:56:56.815605,0 days 00:36:26.012944,2.0,1.0,512.0,0.0008113636608108,260.0,12.0,matern0.5,35.0,COMPLETE,0.0006062514730729,0.0005585877806879,,,
216.0,r1_08_BPV,3.0,19.0,0.0005591546650975,2022-10-28 15:56:56.816160,2022-10-28 16:13:48.062137,0 days 00:16:51.245977,1.0,1.0,1024.0,0.0006794188650598,563.0,5.0,matern1.5,30.0,COMPLETE,0.000563837646041,,,,
216.0,r1_08_BPV,3.0,20.0,0.0007582542602904,2022-10-28 16:13:48.062683,2022-10-28 16:16:54.352646,0 days 00:03:06.289963,3.0,2.0,1024.0,0.0008845846576631,303.0,5.0,rbf,,PRUNED,0.0007582542602904,,,,
216.0,r1_08_BPV,3.0,21.0,0.0005792141892015,2022-10-28 16:16:54.353090,2022-10-28 16:26:10.062014,0 days 00:09:15.708924,1.0,1.0,1024.0,0.0053106079711332,799.0,12.0,matern1.5,,PRUNED,0.0005956269451417,0.0005792141892015,,,
216.0,r1_08_BPV,3.0,22.0,0.0005647746729664,2022-10-28 16:26:10.062475,2022-10-28 16:31:46.493163,0 days 00:05:36.430688,1.0,2.0,512.0,0.0396715215332877,51.0,11.0,rbf,7.0,COMPLETE,,,,,
216.0,r1_08_BPV,3.0,23.0,0.0005573280504904,2022-10-28 16:31:46.493741,2022-10-28 16:39:43.796492,0 days 00:07:57.302751,2.0,3.0,512.0,0.0016771021398202,142.0,9.0,rbf,,PRUNED,0.0005884079728275,0.0005573280504904,,,
216.0,r1_08_BPV,3.0,24.0,0.0196126066148281,2022-10-28 16:39:43.797014,2022-10-28 16:42:57.783083,0 days 00:03:13.986069,4.0,1.0,1024.0,0.0003790629752993,288.0,3.0,matern1.5,,PRUNED,0.0196126066148281,,,,
216.0,r1_08_BPV,3.0,25.0,0.0005787829286418,2022-10-28 16:42:57.783602,2022-10-28 17:28:29.437410,0 days 00:45:31.653808,3.0,1.0,512.0,0.0001479185617859,84.0,15.0,matern1.5,40.0,COMPLETE,,,,,
216.0,r1_08_BPV,3.0,26.0,0.0197547003626823,2022-10-28 17:28:29.437969,2022-10-28 17:32:55.955455,0 days 00:04:26.517486,3.0,3.0,1024.0,0.0001001365022484,179.0,15.0,matern1.5,,PRUNED,0.0197547003626823,,,,
216.0,r1_08_BPV,3.0,27.0,0.0005702512571588,2022-10-28 17:32:55.955914,2022-10-28 17:38:01.819583,0 days 00:05:05.863669,2.0,2.0,512.0,0.0219852917966236,127.0,5.0,rbf,2.0,COMPLETE,0.0005848841392435,,,,
216.0,r1_08_BPV,3.0,28.0,0.00289046484977,2022-10-28 17:38:01.820133,2022-10-28 17:39:07.290056,0 days 00:01:05.469923,1.0,1.0,2048.0,0.0015640856225798,265.0,9.0,matern0.5,,PRUNED,0.00289046484977,,,,
216.0,r1_08_BPV,3.0,29.0,0.0006111343391239,2022-10-28 17:39:07.290456,2022-10-28 17:51:48.097390,0 days 00:12:40.806934,2.0,1.0,1024.0,0.0003405073587635,209.0,2.0,matern1.5,,PRUNED,0.0006111343391239,,,,
216.0,r1_08_BPV,3.0,30.0,0.00057469739113,2022-10-28 17:51:48.097816,2022-10-28 18:09:01.430165,0 days 00:17:13.332349,4.0,2.0,1024.0,0.0059057370290043,421.0,7.0,matern1.5,,PRUNED,0.0005892589688301,0.00057469739113,,,
216.0,r1_08_BPV,3.0,31.0,0.0005673305713571,2022-10-28 18:09:01.430639,2022-10-28 18:54:15.863983,0 days 00:45:14.433344,1.0,1.0,2048.0,0.0002244320713568,574.0,6.0,matern0.5,125.0,COMPLETE,0.0006421709549613,,,,
216.0,r1_08_BPV,3.0,32.0,0.0010902369394898,2022-10-28 18:54:15.864524,2022-10-28 19:39:32.955467,0 days 00:45:17.090943,2.0,1.0,2048.0,0.0001765998788078,602.0,6.0,matern1.5,71.0,COMPLETE,,,,,
216.0,r1_08_BPV,3.0,33.0,0.0005975766107439,2022-10-28 19:39:32.956012,2022-10-28 19:42:30.040455,0 days 00:02:57.084443,2.0,2.0,512.0,0.0247444448831966,129.0,5.0,rbf,,PRUNED,0.0005975766107439,,,,
216.0,r1_08_BPV,3.0,34.0,0.000580349122174,2022-10-28 19:42:30.040980,2022-10-28 19:48:54.411989,0 days 00:06:24.371009,2.0,2.0,512.0,0.094898798551627,106.0,5.0,rbf,4.0,COMPLETE,0.000580349122174,,,,
216.0,r1_08_BPV,3.0,35.0,0.0007255646050907,2022-10-28 19:48:54.412553,2022-10-28 19:53:37.627593,0 days 00:04:43.215040,3.0,3.0,512.0,0.0180089712655525,179.0,8.0,rbf,,PRUNED,0.0007255646050907,,,,
216.0,r1_08_BPV,3.0,36.0,0.0005650482489727,2022-10-28 19:53:37.628106,2022-10-28 19:58:43.962326,0 days 00:05:06.334220,1.0,4.0,512.0,0.0737946508996817,184.0,3.0,matern0.5,4.0,COMPLETE,,,,,
216.0,r1_08_BPV,3.0,37.0,0.00056583044352,2022-10-28 19:58:43.962895,2022-10-28 20:04:04.620312,0 days 00:05:20.657417,1.0,1.0,2048.0,0.0028194605700494,50.0,2.0,matern0.5,,PRUNED,0.00056583044352,,,,
216.0,r1_08_BPV,3.0,38.0,0.0006056469283066,2022-10-28 20:04:04.620712,2022-10-28 20:06:45.273817,0 days 00:02:40.653105,2.0,1.0,512.0,0.0049944369325051,107.0,3.0,rbf,,PRUNED,0.0006056469283066,,,,
216.0,r1_08_BPV,3.0,39.0,0.0005643815384246,2022-10-28 20:06:45.274350,2022-10-28 20:11:55.372635,0 days 00:05:10.098285,1.0,1.0,1024.0,0.0532077565122222,293.0,11.0,matern1.5,8.0,COMPLETE,0.0005698284367099,,,,
216.0,r1_08_BPV,3.0,40.0,0.0005599244614131,2022-10-28 20:11:55.373181,2022-10-28 20:43:21.762432,0 days 00:31:26.389251,4.0,1.0,512.0,0.0178458914390298,323.0,8.0,rbf,14.0,COMPLETE,,,,,
216.0,r1_08_BPV,3.0,41.0,0.000759809219744,2022-10-28 20:43:21.762992,2022-10-28 20:47:44.747240,0 days 00:04:22.984248,3.0,3.0,512.0,0.035036351249356,173.0,6.0,rbf,,PRUNED,0.000759809219744,,,,
216.0,r1_08_BPV,3.0,42.0,0.0005601590382866,2022-10-28 20:47:44.747848,2022-10-28 20:52:39.946111,0 days 00:04:55.198263,1.0,1.0,1024.0,0.0034937354264937,432.0,6.0,rbf,8.0,COMPLETE,0.0005602872115559,,,,
216.0,r1_08_BPV,3.0,43.0,0.0006049997755326,2022-10-28 20:52:39.946657,2022-10-28 20:55:33.048851,0 days 00:02:53.102194,2.0,4.0,1024.0,0.0101377433138153,223.0,11.0,rbf,,PRUNED,0.0006049997755326,,,,
216.0,r1_08_BPV,3.0,44.0,0.0042358436621725,2022-10-28 20:55:33.049294,2022-10-28 20:56:24.805127,0 days 00:00:51.755833,1.0,2.0,2048.0,0.0014962487749641,85.0,4.0,matern0.5,,PRUNED,0.0042358436621725,,,,
216.0,r1_08_BPV,3.0,45.0,0.0005595899419859,2022-10-28 20:56:24.805538,2022-10-28 21:21:36.746172,0 days 00:25:11.940634,1.0,1.0,1024.0,0.0002008301911395,132.0,7.0,matern1.5,73.0,COMPLETE,,,,,
216.0,r1_08_BPV,3.0,46.0,0.0005806266563013,2022-10-28 21:21:36.746737,2022-10-28 21:23:54.612039,0 days 00:02:17.865302,1.0,4.0,2048.0,0.0019011430478173,147.0,7.0,rbf,,PRUNED,0.0005806266563013,,,,
216.0,r1_08_BPV,3.0,47.0,0.002954521914944,2022-10-28 21:23:54.612400,2022-10-28 21:27:23.094229,0 days 00:03:28.481829,3.0,1.0,512.0,0.000501988281328,117.0,2.0,rbf,,PRUNED,0.002954521914944,,,,
216.0,r1_08_BPV,3.0,48.0,0.0005977696855552,2022-10-28 21:27:23.094769,2022-10-28 21:29:43.386246,0 days 00:02:20.291477,1.0,1.0,2048.0,0.0252918106896103,215.0,10.0,rbf,,PRUNED,0.0005977696855552,,,,
216.0,r1_08_BPV,3.0,49.0,0.0005667931400239,2022-10-28 21:29:43.386669,2022-10-28 21:36:10.855587,0 days 00:06:27.468918,1.0,1.0,1024.0,0.0028236184822334,657.0,8.0,matern1.5,,PRUNED,0.0005918045644648,0.0005667931400239,,,
216.0,r1_08_BPV,3.0,50.0,0.0005967068136669,2022-10-28 21:36:10.856047,2022-10-28 22:13:09.620181,0 days 00:36:58.764134,4.0,2.0,512.0,0.0271731196419342,532.0,15.0,matern0.5,3.0,COMPLETE,,,,,
216.0,r1_08_BPV,3.0,51.0,0.0005576336989179,2022-10-28 22:13:09.620743,2022-10-28 22:20:06.239665,0 days 00:06:56.618922,2.0,2.0,1024.0,0.0047338443935892,349.0,6.0,matern0.5,,PRUNED,0.0005745579837821,0.0005576336989179,,,
216.0,r1_08_BPV,3.0,52.0,0.0005845781997777,2022-10-28 22:20:06.240129,2022-10-28 22:26:35.913051,0 days 00:06:29.672922,2.0,2.0,512.0,0.0982028931485765,103.0,4.0,rbf,4.0,COMPLETE,0.0005845781997777,,,,
216.0,r1_08_BPV,3.0,53.0,0.0007408133242279,2022-10-28 22:26:35.913625,2022-10-28 22:29:45.441226,0 days 00:03:09.527601,2.0,3.0,512.0,0.0799011370155232,164.0,5.0,rbf,,PRUNED,0.0007408133242279,,,,
216.0,r1_08_BPV,3.0,54.0,0.0005598931456916,2022-10-28 22:29:45.441761,2022-10-28 22:33:02.277202,0 days 00:03:16.835441,2.0,1.0,2048.0,0.0336353056273927,86.0,6.0,matern0.5,6.0,COMPLETE,,,,,
216.0,r1_08_BPV,3.0,55.0,0.0005787680274806,2022-10-28 22:33:02.277775,2022-10-28 22:40:05.067915,0 days 00:07:02.790140,2.0,1.0,512.0,0.0012670209608097,94.0,2.0,matern0.5,,PRUNED,0.0005787680274806,,,,
216.0,r1_08_BPV,3.0,56.0,0.0005971768405288,2022-10-28 22:40:05.068419,2022-10-28 22:42:52.455137,0 days 00:02:47.386718,2.0,2.0,512.0,0.0443512293817627,65.0,7.0,rbf,,PRUNED,0.0005971768405288,,,,
216.0,r1_08_BPV,3.0,57.0,0.0195621903985738,2022-10-28 22:42:52.455688,2022-10-28 22:47:44.523174,0 days 00:04:52.067486,2.0,2.0,1024.0,0.0001000078292637,70.0,8.0,matern1.5,,PRUNED,0.0195621903985738,,,,
216.0,r1_08_BPV,3.0,58.0,0.0196144059300422,2022-10-28 22:47:44.523653,2022-10-28 22:51:21.165442,0 days 00:03:36.641789,3.0,1.0,2048.0,0.0022397334885038,256.0,3.0,rbf,5.0,COMPLETE,,,,,
216.0,r1_08_BPV,3.0,59.0,0.0008704253123141,2022-10-28 22:51:21.166008,2022-10-28 22:55:53.434414,0 days 00:04:32.268406,3.0,2.0,512.0,0.0302107023794372,207.0,10.0,rbf,,PRUNED,0.0008704253123141,,,,
216.0,r1_08_BPV,3.0,60.0,0.000677857955452,2022-10-28 22:55:53.434922,2022-10-28 22:59:42.669575,0 days 00:03:49.234653,3.0,4.0,512.0,0.0561738238749171,66.0,6.0,rbf,,PRUNED,0.000677857955452,,,,
216.0,r1_08_BPV,3.0,61.0,0.0005575405666604,2022-10-28 22:59:42.670204,2022-10-28 23:11:56.314012,0 days 00:12:13.643808,2.0,1.0,2048.0,0.0013430850751396,177.0,10.0,rbf,33.0,COMPLETE,,,,,
216.0,r1_08_BPV,3.0,62.0,0.0196120738983154,2022-10-28 23:11:56.314594,2022-10-28 23:18:11.668219,0 days 00:06:15.353625,3.0,2.0,512.0,0.0004557010448663,59.0,12.0,matern1.5,1.0,COMPLETE,,,,,
216.0,r1_08_BPV,3.0,63.0,0.0005564559833146,2022-10-28 23:18:11.668766,2022-10-28 23:25:16.824626,0 days 00:07:05.155860,2.0,1.0,2048.0,0.008140640148816,96.0,2.0,rbf,24.0,COMPLETE,,,,,
216.0,r1_08_BPV,3.0,64.0,0.0005561638972721,2022-10-28 23:25:16.825176,2022-10-28 23:31:47.048096,0 days 00:06:30.222920,2.0,2.0,2048.0,0.017031137268272,93.0,3.0,matern1.5,15.0,COMPLETE,0.0005826385458931,0.0005571317160502,,,
216.0,r1_08_BPV,3.0,65.0,0.000746963371057,2022-10-28 23:31:47.048663,2022-10-28 23:39:26.139972,0 days 00:07:39.091309,3.0,3.0,1024.0,0.0005811735386506,114.0,9.0,matern1.5,,PRUNED,0.000746963371057,,,,
216.0,r1_08_BPV,3.0,66.0,0.0005828243447467,2022-10-28 23:39:26.140420,2022-10-29 00:24:40.874357,0 days 00:45:14.733937,2.0,4.0,2048.0,0.000360532103404,367.0,8.0,matern1.5,39.0,COMPLETE,,,,,
216.0,r1_08_BPV,3.0,67.0,0.0006693059112876,2022-10-29 00:24:40.874930,2022-10-29 00:27:07.984041,0 days 00:02:27.109111,4.0,3.0,2048.0,0.0144268138120854,89.0,3.0,matern1.5,,PRUNED,0.0006693059112876,,,,
216.0,r1_08_BPV,3.0,68.0,0.0005684019415639,2022-10-29 00:27:07.984426,2022-10-29 00:29:19.435144,0 days 00:02:11.450718,1.0,2.0,2048.0,0.0101388046544689,56.0,4.0,matern1.5,,PRUNED,0.0005865176208317,0.0005684019415639,,,
216.0,r1_08_BPV,3.0,69.0,0.0005601177108474,2022-10-29 00:29:19.435545,2022-10-29 00:32:11.298371,0 days 00:02:51.862826,2.0,1.0,2048.0,0.008151323762767,129.0,2.0,matern1.5,,PRUNED,0.000583675224334,0.0005601177108474,,,
216.0,r1_08_BPV,3.0,70.0,0.0005606111953966,2022-10-29 00:32:11.298789,2022-10-29 00:39:29.209760,0 days 00:07:17.910971,2.0,3.0,2048.0,0.0081628790301486,313.0,5.0,matern0.5,8.0,COMPLETE,0.0005643658805638,,,,
216.0,r1_08_BPV,3.0,71.0,0.0005997000262141,2022-10-29 00:39:29.210332,2022-10-29 00:42:37.044102,0 days 00:03:07.833770,3.0,4.0,2048.0,0.0160236811852542,120.0,8.0,matern1.5,,PRUNED,0.0005997000262141,,,,
216.0,r1_08_BPV,3.0,72.0,0.0006080722669139,2022-10-29 00:42:37.044560,2022-10-29 00:43:45.492479,0 days 00:01:08.447919,2.0,2.0,2048.0,0.0678631843119822,90.0,5.0,rbf,,PRUNED,0.0006080722669139,,,,
216.0,r1_08_BPV,3.0,73.0,0.0006119878380559,2022-10-29 00:43:45.492883,2022-10-29 00:45:44.854508,0 days 00:01:59.361625,2.0,2.0,1024.0,0.0020363012962564,155.0,4.0,matern1.5,,PRUNED,0.0006119878380559,,,,
216.0,r1_08_BPV,3.0,74.0,0.000575931975618,2022-10-29 00:45:44.854961,2022-10-29 00:48:55.879492,0 days 00:03:11.024531,1.0,1.0,1024.0,0.0600667134703427,389.0,15.0,matern0.5,1.0,COMPLETE,,,,,
216.0,r1_08_BPV,3.0,75.0,0.0005776171456091,2022-10-29 00:48:55.880044,2022-10-29 00:50:53.756012,0 days 00:01:57.875968,1.0,2.0,1024.0,0.0804217273165954,90.0,8.0,matern1.5,1.0,COMPLETE,,,,,
216.0,r1_08_BPV,3.0,76.0,0.0196198038756847,2022-10-29 00:50:53.756574,2022-10-29 01:00:40.098756,0 days 00:09:46.342182,3.0,1.0,512.0,0.0004827498404977,93.0,13.0,matern0.5,,PRUNED,0.0196198038756847,,,,
216.0,r1_08_BPV,3.0,77.0,0.0196109507232904,2022-10-29 01:00:40.099307,2022-10-29 01:13:55.961464,0 days 00:13:15.862157,4.0,2.0,1024.0,0.0001318269457232,274.0,10.0,matern1.5,,PRUNED,0.0196109507232904,,,,
216.0,r1_08_BPV,3.0,78.0,0.0006027452182024,2022-10-29 01:13:55.961984,2022-10-29 01:15:36.406121,0 days 00:01:40.444137,2.0,2.0,1024.0,0.0363379560895252,74.0,7.0,rbf,,PRUNED,0.0006027452182024,,,,
216.0,r1_08_BPV,3.0,79.0,0.0196176469326019,2022-10-29 01:15:36.406583,2022-10-29 01:16:51.385493,0 days 00:01:14.978910,2.0,2.0,2048.0,0.0034472596276607,103.0,3.0,matern0.5,,PRUNED,0.0196176469326019,,,,
216.0,r1_08_BPV,3.0,80.0,0.0005555306561291,2022-10-29 01:16:51.385892,2022-10-29 01:46:39.567456,0 days 00:29:48.181564,2.0,1.0,1024.0,0.0015358182622716,454.0,7.0,matern0.5,37.0,COMPLETE,0.0005570031353272,,,,
216.0,r1_08_BPV,3.0,81.0,0.0005624340265057,2022-10-29 01:46:39.568091,2022-10-29 01:57:41.819690,0 days 00:11:02.251599,2.0,3.0,512.0,0.0074700686295657,241.0,11.0,matern1.5,,PRUNED,0.0005776103935204,0.0005624340265057,,,
216.0,r1_08_BPV,3.0,82.0,0.0005610856460407,2022-10-29 01:57:41.820241,2022-10-29 02:01:18.689576,0 days 00:03:36.869335,2.0,2.0,1024.0,0.0204144946878203,138.0,6.0,rbf,3.0,COMPLETE,0.000577665225137,,,,
216.0,r1_08_BPV,3.0,83.0,0.0005608810461126,2022-10-29 02:01:18.690142,2022-10-29 02:19:40.871942,0 days 00:18:22.181800,2.0,3.0,512.0,0.0009411832197489,140.0,8.0,matern0.5,16.0,COMPLETE,0.0005731908022426,,,,
216.0,r1_08_BPV,3.0,84.0,0.019574798643589,2022-10-29 02:19:40.872525,2022-10-29 02:24:35.571952,0 days 00:04:54.699427,3.0,2.0,1024.0,0.0002516459983348,50.0,15.0,matern1.5,2.0,COMPLETE,,,,,
216.0,r1_08_BPV,3.0,85.0,0.0005633989349007,2022-10-29 02:24:35.572504,2022-10-29 02:41:39.937473,0 days 00:17:04.364969,4.0,1.0,512.0,0.0078251141206943,51.0,12.0,rbf,11.0,COMPLETE,,,,,
216.0,r1_08_BPV,3.0,86.0,0.0005611896631307,2022-10-29 02:41:39.938109,2022-10-29 02:46:59.525364,0 days 00:05:19.587255,2.0,1.0,2048.0,0.0053899383507267,214.0,5.0,rbf,13.0,COMPLETE,0.000568437972106,,,,
216.0,r1_08_BPV,3.0,87.0,0.0196028351783752,2022-10-29 02:46:59.525969,2022-10-29 03:07:09.494781,0 days 00:20:09.968812,4.0,4.0,512.0,0.0002470882425441,368.0,10.0,matern1.5,1.0,COMPLETE,,,,,
216.0,r1_08_BPV,3.0,88.0,0.0005635833367705,2022-10-29 03:07:09.495367,2022-10-29 03:12:17.218357,0 days 00:05:07.722990,2.0,3.0,1024.0,0.0230084891864185,141.0,13.0,matern1.5,3.0,COMPLETE,0.0005758780753239,,,,
216.0,r1_08_BPV,3.0,89.0,0.0005902885459363,2022-10-29 03:12:17.218912,2022-10-29 03:25:34.053630,0 days 00:13:16.834718,3.0,4.0,1024.0,0.0123307498283137,198.0,13.0,matern1.5,,PRUNED,0.0005682683549821,0.0005902885459363,,,
216.0,r1_08_BPV,3.0,90.0,0.0005594762042164,2022-10-29 03:25:34.054151,2022-10-29 03:30:58.830609,0 days 00:05:24.776458,1.0,1.0,1024.0,0.003673964555489,422.0,6.0,rbf,9.0,COMPLETE,0.0005612529930658,,,,
216.0,r1_08_BPV,3.0,91.0,0.0005558871198445,2022-10-29 03:30:58.831160,2022-10-29 03:41:18.822465,0 days 00:10:19.991305,1.0,1.0,1024.0,0.0102308057868569,634.0,6.0,rbf,16.0,COMPLETE,0.0005652130348607,,,,
216.0,r1_08_BPV,3.0,92.0,0.0196128133684396,2022-10-29 03:41:18.823020,2022-10-29 03:45:01.032480,0 days 00:03:42.209460,3.0,3.0,1024.0,0.000312149122165,142.0,13.0,matern1.5,,PRUNED,0.0196128133684396,,,,
216.0,r1_08_BPV,3.0,93.0,0.0005584188038483,2022-10-29 03:45:01.032935,2022-10-29 03:48:46.894315,0 days 00:03:45.861380,1.0,4.0,1024.0,0.0039131307542713,142.0,15.0,matern1.5,,PRUNED,0.0005750401178374,0.0005584188038483,,,
216.0,r1_08_BPV,3.0,94.0,0.0005741309723816,2022-10-29 03:48:46.894747,2022-10-29 03:54:39.781499,0 days 00:05:52.886752,2.0,3.0,1024.0,0.0224056493039388,119.0,12.0,matern1.5,,PRUNED,0.0005718743195757,0.0005741309723816,,,
216.0,r1_08_BPV,3.0,95.0,0.000562232977245,2022-10-29 03:54:39.781992,2022-10-29 04:29:24.983669,0 days 00:34:45.201677,2.0,1.0,512.0,0.0003358710741625,92.0,7.0,rbf,45.0,COMPLETE,,,,,
216.0,r1_08_BPV,3.0,96.0,0.0005578447016887,2022-10-29 04:29:24.984226,2022-10-29 04:35:20.988876,0 days 00:05:56.004650,1.0,1.0,1024.0,0.0107571429537102,702.0,4.0,rbf,7.0,COMPLETE,0.0005683187046088,,,,
216.0,r1_08_BPV,3.0,97.0,0.0005530354683287,2022-10-29 04:35:20.989450,2022-10-29 05:10:49.342924,0 days 00:35:28.353474,2.0,2.0,1024.0,0.0017471416590008,769.0,7.0,rbf,19.0,COMPLETE,0.0005592451780103,,,,
216.0,r1_08_BPV,3.0,98.0,0.0005890424363315,2022-10-29 05:10:49.343507,2022-10-29 05:25:22.009114,0 days 00:14:32.665607,3.0,1.0,1024.0,0.0020983359908132,765.0,7.0,rbf,,PRUNED,0.0005890424363315,,,,
216.0,r1_08_BPV,3.0,99.0,0.0005983996088616,2022-10-29 05:25:22.009650,2022-10-29 05:30:51.975227,0 days 00:05:29.965577,2.0,1.0,1024.0,0.0237043547403983,190.0,14.0,matern1.5,,PRUNED,0.0005736942985095,0.0005983996088616,,,
216.0,r1_08_BPV,4.0,0.0,0.0005625273333862,2022-10-29 08:29:17.307540,2022-10-29 08:45:43.330794,0 days 00:16:26.023254,2.0,1.0,1024.0,0.001,200.0,10.0,rbf,31.0,COMPLETE,0.0199186354875564,0.0006045053014531,0.0005693935672752,,"{'n_gp_layers': 2, 'n_gp_out': 1, 'num_inducing': 200, 'batch_size': 1024, 'lr': 0.001, 'num_samples': 10, 'kernel_type': 'rbf'}"
216.0,r1_08_BPV,4.0,1.0,0.0005788691341876,2022-10-29 08:45:43.331381,2022-10-29 09:11:19.108809,0 days 00:25:35.777428,4.0,3.0,512.0,0.0094989374921336,364.0,10.0,matern0.5,4.0,COMPLETE,0.0005788691341876,,,,
216.0,r1_08_BPV,4.0,2.0,0.0005611997912637,2022-10-29 09:11:19.109354,2022-10-29 09:15:12.363010,0 days 00:03:53.253656,1.0,4.0,1024.0,0.0078452289647845,210.0,11.0,rbf,6.0,COMPLETE,,,,,
216.0,r1_08_BPV,4.0,3.0,0.0199165809899568,2022-10-29 09:15:12.363525,2022-10-29 09:19:35.560179,0 days 00:04:23.196654,4.0,1.0,1024.0,0.0058493981802698,103.0,11.0,matern0.5,1.0,COMPLETE,,,,,
216.0,r1_08_BPV,4.0,4.0,0.0006580633926205,2022-10-29 09:19:35.560745,2022-10-29 09:21:15.382763,0 days 00:01:39.822018,2.0,1.0,1024.0,0.0035114414361574,110.0,8.0,rbf,,PRUNED,0.0006580633926205,,,,
216.0,r1_08_BPV,4.0,5.0,0.0005643760086968,2022-10-29 09:21:15.383196,2022-10-29 09:32:16.360237,0 days 00:11:00.977041,1.0,4.0,512.0,0.005722463278466,404.0,2.0,rbf,12.0,COMPLETE,,,,,
216.0,r1_08_BPV,4.0,6.0,0.0006683326791971,2022-10-29 09:32:16.360763,2022-10-29 09:34:27.299524,0 days 00:02:10.938761,1.0,2.0,512.0,0.0271100103418305,95.0,8.0,matern1.5,,PRUNED,0.0006683326791971,,,,
216.0,r1_08_BPV,4.0,7.0,0.0006022801971994,2022-10-29 09:34:27.300049,2022-10-29 09:37:24.803033,0 days 00:02:57.502984,1.0,3.0,1024.0,0.0033223566656953,595.0,11.0,matern0.5,,PRUNED,0.0006022801971994,,,,
216.0,r1_08_BPV,4.0,8.0,0.0005694877472706,2022-10-29 09:37:24.803460,2022-10-29 09:54:18.175289,0 days 00:16:53.371829,3.0,1.0,512.0,0.002024118530726,99.0,10.0,rbf,14.0,COMPLETE,,,,,
216.0,r1_08_BPV,4.0,9.0,0.0005635092384181,2022-10-29 09:54:18.175803,2022-10-29 10:10:40.106181,0 days 00:16:21.930378,1.0,3.0,2048.0,0.0013513907472447,582.0,15.0,matern1.5,20.0,COMPLETE,0.0006033745012246,,,,
216.0,r1_08_BPV,4.0,10.0,0.0008692712290212,2022-10-29 10:10:40.106700,2022-10-29 10:13:00.526002,0 days 00:02:20.419302,1.0,3.0,2048.0,0.001522980748392,66.0,9.0,matern0.5,,PRUNED,0.0008692712290212,,,,
216.0,r1_08_BPV,4.0,11.0,0.0005698805907741,2022-10-29 10:13:00.526399,2022-10-29 10:32:46.871111,0 days 00:19:46.344712,3.0,1.0,512.0,0.0203918355869249,285.0,15.0,matern0.5,10.0,COMPLETE,,,,,
216.0,r1_08_BPV,4.0,12.0,0.0005658129230141,2022-10-29 10:32:46.871630,2022-10-29 10:48:22.405989,0 days 00:15:35.534359,2.0,1.0,512.0,0.0072218335648989,54.0,8.0,matern0.5,17.0,COMPLETE,0.0005901172989979,0.0005935739027336,,,
216.0,r1_08_BPV,4.0,13.0,0.0199487842619419,2022-10-29 10:48:22.406515,2022-10-29 10:54:06.009126,0 days 00:05:43.602611,2.0,2.0,1024.0,0.0013629675844587,492.0,13.0,matern0.5,,PRUNED,0.0199487842619419,,,,
216.0,r1_08_BPV,4.0,14.0,0.0197995770722627,2022-10-29 10:54:06.009603,2022-10-29 11:02:16.547178,0 days 00:08:10.537575,1.0,2.0,1024.0,0.0001081848276627,791.0,8.0,matern0.5,,PRUNED,0.0197995770722627,,,,
216.0,r1_08_BPV,4.0,15.0,0.0005602758610621,2022-10-29 11:02:16.547627,2022-10-29 11:07:00.521212,0 days 00:04:43.973585,1.0,4.0,1024.0,0.0102802078215671,173.0,6.0,matern1.5,8.0,COMPLETE,0.0005800042417831,0.0005755679449066,,,
216.0,r1_08_BPV,4.0,16.0,0.0199644286185503,2022-10-29 11:07:00.521773,2022-10-29 11:08:29.044248,0 days 00:01:28.522475,4.0,1.0,2048.0,0.0002748847914616,51.0,3.0,rbf,,PRUNED,0.0199644286185503,,,,
216.0,r1_08_BPV,4.0,17.0,0.0012189378030598,2022-10-29 11:08:29.044706,2022-10-29 11:13:52.457822,0 days 00:05:23.413116,1.0,2.0,1024.0,0.000158855053955,646.0,4.0,rbf,,PRUNED,0.0012189378030598,,,,
216.0,r1_08_BPV,4.0,18.0,0.0006056359270587,2022-10-29 11:13:52.458270,2022-10-29 11:16:59.151381,0 days 00:03:06.693111,2.0,2.0,512.0,0.0275698401892684,124.0,3.0,matern0.5,,PRUNED,0.0006056359270587,,,,
216.0,r1_08_BPV,4.0,19.0,0.0005613579414784,2022-10-29 11:16:59.151925,2022-10-29 11:23:33.893270,0 days 00:06:34.741345,1.0,1.0,2048.0,0.0053393103234868,361.0,2.0,matern0.5,23.0,COMPLETE,0.0005708126118406,,,,
216.0,r1_08_BPV,4.0,20.0,0.0009073013206943,2022-10-29 11:23:33.893838,2022-10-29 11:26:27.968018,0 days 00:02:54.074180,1.0,4.0,2048.0,0.0843833232608407,272.0,5.0,matern1.5,,PRUNED,0.0005819575162604,0.0009073013206943,,,
216.0,r1_08_BPV,4.0,21.0,0.0199211835861206,2022-10-29 11:26:27.968427,2022-10-29 11:28:47.294136,0 days 00:02:19.325709,3.0,1.0,1024.0,0.0004554122727837,188.0,6.0,rbf,,PRUNED,0.0199211835861206,,,,
216.0,r1_08_BPV,4.0,22.0,0.0010300498688593,2022-10-29 11:28:47.294592,2022-10-29 11:30:21.303170,0 days 00:01:34.008578,1.0,4.0,1024.0,0.0008810276972694,184.0,14.0,matern1.5,,PRUNED,0.0010300498688593,,,,
216.0,r1_08_BPV,4.0,23.0,0.0005619953153654,2022-10-29 11:30:21.303593,2022-10-29 11:43:18.083696,0 days 00:12:56.780103,1.0,2.0,512.0,0.0009216944393428,321.0,14.0,matern1.5,13.0,COMPLETE,0.0005684279021807,,,,
216.0,r1_08_BPV,4.0,24.0,0.0006155386217869,2022-10-29 11:43:18.084249,2022-10-29 11:46:54.723915,0 days 00:03:36.639666,3.0,2.0,1024.0,0.0014268741593529,268.0,11.0,rbf,,PRUNED,0.0006155386217869,,,,
216.0,r1_08_BPV,4.0,25.0,0.0005663659540005,2022-10-29 11:46:54.724362,2022-10-29 12:07:34.692046,0 days 00:20:39.967684,1.0,2.0,1024.0,0.0004473442769848,169.0,8.0,matern0.5,54.0,COMPLETE,,,,,
216.0,r1_08_BPV,4.0,26.0,0.0199151709675788,2022-10-29 12:07:34.692577,2022-10-29 12:14:50.587133,0 days 00:07:15.894556,4.0,1.0,512.0,0.0013784272287178,116.0,9.0,matern0.5,1.0,COMPLETE,,,,,
216.0,r1_08_BPV,4.0,27.0,0.0005641154129989,2022-10-29 12:14:50.587663,2022-10-29 12:24:27.834271,0 days 00:09:37.246608,1.0,2.0,512.0,0.0072560391186771,375.0,11.0,rbf,9.0,COMPLETE,,,,,
216.0,r1_08_BPV,4.0,28.0,0.0006156670860946,2022-10-29 12:24:27.834794,2022-10-29 12:29:03.085531,0 days 00:04:35.250737,3.0,1.0,2048.0,0.003820138925599,211.0,5.0,matern1.5,,PRUNED,0.0006156670860946,,,,
216.0,r1_08_BPV,4.0,29.0,0.0005874952767044,2022-10-29 12:29:03.085934,2022-10-29 12:33:41.118058,0 days 00:04:38.032124,1.0,1.0,512.0,0.0624111881304377,212.0,13.0,matern1.5,3.0,COMPLETE,,,,,
216.0,r1_08_BPV,4.0,30.0,0.0005650728708133,2022-10-29 12:33:41.118582,2022-10-29 12:38:27.439844,0 days 00:04:46.321262,2.0,4.0,2048.0,0.0382720030037135,345.0,2.0,rbf,5.0,COMPLETE,,,,,
216.0,r1_08_BPV,4.0,31.0,0.019917631521821,2022-10-29 12:38:27.440372,2022-10-29 12:41:30.858430,0 days 00:03:03.418058,3.0,3.0,1024.0,0.0001851641009307,154.0,6.0,matern1.5,,PRUNED,0.019917631521821,,,,
216.0,r1_08_BPV,4.0,32.0,0.0005613402463495,2022-10-29 12:41:30.858878,2022-10-29 12:48:02.318156,0 days 00:06:31.459278,1.0,1.0,1024.0,0.011530948184576,274.0,5.0,rbf,15.0,COMPLETE,0.0005719275213778,0.0005652660620398,,,
216.0,r1_08_BPV,4.0,33.0,0.0005690294783562,2022-10-29 12:48:02.318688,2022-10-29 12:53:03.504316,0 days 00:05:01.185628,1.0,3.0,2048.0,0.0165136698017637,768.0,4.0,matern1.5,6.0,COMPLETE,0.0005694796564057,0.0005743689835071,,,
216.0,r1_08_BPV,4.0,34.0,0.000561521097552,2022-10-29 12:53:03.504852,2022-10-29 13:02:40.414779,0 days 00:09:36.909927,1.0,1.0,2048.0,0.002570347810203,271.0,14.0,rbf,28.0,COMPLETE,,,,,
216.0,r1_08_BPV,4.0,35.0,0.0005601027514785,2022-10-29 13:02:40.415309,2022-10-29 13:07:58.549991,0 days 00:05:18.134682,1.0,3.0,1024.0,0.0044489399561734,99.0,2.0,rbf,14.0,COMPLETE,,,,,
216.0,r1_08_BPV,4.0,36.0,0.0007318385178223,2022-10-29 13:07:58.550529,2022-10-29 13:09:22.110027,0 days 00:01:23.559498,1.0,4.0,1024.0,0.0867878917079515,302.0,2.0,rbf,,PRUNED,0.0007318385178223,,,,
216.0,r1_08_BPV,4.0,37.0,0.0005648818914778,2022-10-29 13:09:22.110485,2022-10-29 13:13:29.827924,0 days 00:04:07.717439,1.0,2.0,1024.0,0.0069696368252433,78.0,6.0,matern1.5,8.0,COMPLETE,0.0005710441619157,0.0005655771237798,,,
216.0,r1_08_BPV,4.0,38.0,0.000572740798816,2022-10-29 13:13:29.828460,2022-10-29 13:24:36.400414,0 days 00:11:06.571954,2.0,2.0,512.0,0.0118918822967209,360.0,6.0,matern1.5,5.0,COMPLETE,,,,,
216.0,r1_08_BPV,4.0,39.0,0.0005719675682485,2022-10-29 13:24:36.400971,2022-10-29 13:27:14.409024,0 days 00:02:38.008053,1.0,3.0,2048.0,0.0298214732155147,386.0,5.0,matern1.5,3.0,COMPLETE,0.0005806304980069,,,,
216.0,r1_08_BPV,4.0,40.0,0.0005630764062516,2022-10-29 13:27:14.409563,2022-10-29 13:37:54.630531,0 days 00:10:40.220968,2.0,1.0,512.0,0.0028771369291426,207.0,2.0,rbf,10.0,COMPLETE,,,,,
216.0,r1_08_BPV,4.0,41.0,0.0005640457966364,2022-10-29 13:37:54.631068,2022-10-29 13:42:16.301876,0 days 00:04:21.670808,2.0,1.0,1024.0,0.0125926745746042,152.0,7.0,rbf,5.0,COMPLETE,0.0005723495269194,,,,
216.0,r1_08_BPV,4.0,42.0,0.0005859280936419,2022-10-29 13:42:16.302465,2022-10-29 13:51:58.621156,0 days 00:09:42.318691,2.0,2.0,512.0,0.000401339906561,354.0,2.0,matern1.5,,PRUNED,0.0005859280936419,,,,
216.0,r1_08_BPV,4.0,43.0,0.0005864454433321,2022-10-29 13:51:58.621729,2022-10-29 14:06:30.406058,0 days 00:14:31.784329,2.0,3.0,2048.0,0.0139708897614286,419.0,15.0,matern0.5,,PRUNED,0.0005864454433321,,,,
216.0,r1_08_BPV,4.0,44.0,0.0006168302497826,2022-10-29 14:06:30.406483,2022-10-29 14:08:23.397644,0 days 00:01:52.991161,2.0,1.0,1024.0,0.0045092812587517,230.0,10.0,rbf,,PRUNED,0.0006168302497826,,,,
216.0,r1_08_BPV,4.0,45.0,0.0045455233193933,2022-10-29 14:08:23.398138,2022-10-29 14:10:48.745450,0 days 00:02:25.347312,3.0,1.0,1024.0,0.0014204239953496,212.0,9.0,rbf,,PRUNED,0.0045455233193933,,,,
216.0,r1_08_BPV,4.0,46.0,0.0199232995510101,2022-10-29 14:10:48.745942,2022-10-29 14:12:34.079480,0 days 00:01:45.333538,2.0,1.0,1024.0,0.0006323179862812,138.0,13.0,rbf,,PRUNED,0.0199232995510101,,,,
216.0,r1_08_BPV,4.0,47.0,0.0005657220026478,2022-10-29 14:12:34.079976,2022-10-29 14:26:12.927384,0 days 00:13:38.847408,1.0,1.0,512.0,0.0005216115139406,153.0,12.0,rbf,23.0,COMPLETE,0.0005851716268807,,,,
216.0,r1_08_BPV,4.0,48.0,0.0151425786316394,2022-10-29 14:26:12.927921,2022-10-29 14:27:48.387035,0 days 00:01:35.459114,1.0,2.0,1024.0,0.0001066209151487,365.0,7.0,rbf,,PRUNED,0.0151425786316394,,,,
216.0,r1_08_BPV,4.0,49.0,0.0199121385812759,2022-10-29 14:27:48.387480,2022-10-29 14:34:03.659415,0 days 00:06:15.271935,3.0,2.0,2048.0,0.0005178194453793,265.0,7.0,matern0.5,4.0,COMPLETE,,,,,
216.0,r1_08_BPV,4.0,50.0,0.0006504847551696,2022-10-29 14:34:03.659957,2022-10-29 14:36:50.972974,0 days 00:02:47.313017,3.0,4.0,1024.0,0.0024381602222112,179.0,4.0,rbf,,PRUNED,0.0006504847551696,,,,
216.0,r1_08_BPV,4.0,51.0,0.0005674035637639,2022-10-29 14:36:50.973463,2022-10-29 14:44:32.234079,0 days 00:07:41.260616,1.0,3.0,512.0,0.0105570520533836,491.0,11.0,matern1.5,3.0,COMPLETE,,,,,
216.0,r1_08_BPV,4.0,52.0,0.0006372868665494,2022-10-29 14:44:32.234647,2022-10-29 14:48:05.294907,0 days 00:03:33.060260,4.0,1.0,1024.0,0.0402839347403365,234.0,9.0,matern1.5,,PRUNED,0.0006372868665494,,,,
216.0,r1_08_BPV,4.0,53.0,0.0006244050455279,2022-10-29 14:48:05.295339,2022-10-29 14:50:56.251466,0 days 00:02:50.956127,2.0,2.0,512.0,0.0178528250090744,88.0,12.0,rbf,,PRUNED,0.0006244050455279,,,,
216.0,r1_08_BPV,4.0,54.0,0.000592679483816,2022-10-29 14:50:56.252047,2022-10-29 14:52:20.056098,0 days 00:01:23.804051,1.0,1.0,1024.0,0.0064724668552458,305.0,7.0,rbf,,PRUNED,0.000592679483816,,,,
216.0,r1_08_BPV,4.0,55.0,,2022-10-29 14:52:20.056545,2022-10-29 14:52:25.516122,0 days 00:00:05.459577,4.0,3.0,2048.0,0.0113341837538327,437.0,15.0,matern1.5,,FAIL,,,,,
216.0,r1_08_BPV,5.0,0.0,0.0005616205162368715,2022-10-29 15:04:12.436519,2022-10-29 15:24:40.400541,0 days 00:20:27.964022,2.0,1.0,1024.0,0.001,200.0,10.0,rbf,40.0,COMPLETE,0.00237199361436069,0.0006551533006131649,0.000565009715501219,,"{'n_gp_layers': 2, 'n_gp_out': 1, 'num_inducing': 200, 'batch_size': 1024, 'lr': 0.001, 'num_samples': 10, 'kernel_type': 'rbf'}"
216.0,r1_08_BPV,5.0,1.0,0.000558613333851099,2022-10-29 15:24:40.401132,2022-10-29 15:39:24.244163,0 days 00:14:43.843031,2.0,3.0,1024.0,0.0020115074278473123,84.0,11.0,rbf,27.0,COMPLETE,0.0005677580484189093,0.0005675788270309567,,,
216.0,r1_08_BPV,5.0,2.0,0.00445950124412775,2022-10-29 15:39:24.244711,2022-10-29 15:42:57.294265,0 days 00:03:33.049554,2.0,1.0,512.0,0.00021150397622444794,261.0,8.0,rbf,,PRUNED,0.00445950124412775,,,,
216.0,r1_08_BPV,5.0,3.0,0.016272112727165222,2022-10-29 15:42:57.294788,2022-10-29 15:44:19.776041,0 days 00:01:22.481253,1.0,2.0,1024.0,0.0001399716465830317,226.0,4.0,matern0.5,,PRUNED,0.016272112727165222,,,,
216.0,r1_08_BPV,5.0,4.0,0.0005586876068264246,2022-10-29 15:44:19.776477,2022-10-29 16:17:10.262864,0 days 00:32:50.486387,1.0,1.0,512.0,0.0003547258805274365,474.0,8.0,matern1.5,37.0,COMPLETE,0.0016955218743532896,0.0006281225359998643,0.0005604072357527912,,
216.0,r1_08_BPV,5.0,5.0,0.0005684534553438425,2022-10-29 16:17:10.263499,2022-10-29 16:24:02.521475,0 days 00:06:52.257976,2.0,2.0,2048.0,0.015143700148041834,393.0,7.0,matern1.5,5.0,COMPLETE,0.0005799931241199374,,,,
216.0,r1_08_BPV,5.0,6.0,0.002868992742151022,2022-10-29 16:24:02.522051,2022-10-29 16:26:35.493728,0 days 00:02:32.971677,1.0,3.0,2048.0,0.0007334767620203645,136.0,10.0,matern0.5,,PRUNED,0.002868992742151022,,,,
216.0,r1_08_BPV,5.0,7.0,0.0005637176218442619,2022-10-29 16:26:35.494121,2022-10-29 16:39:56.018659,0 days 00:13:20.524538,1.0,2.0,1024.0,0.001442496683318581,76.0,10.0,matern0.5,38.0,COMPLETE,0.0005673787673003972,,,,
216.0,r1_08_BPV,5.0,8.0,0.0005801287479698658,2022-10-29 16:39:56.019232,2022-10-29 16:46:22.255920,0 days 00:06:26.236688,1.0,2.0,512.0,0.0547187071549535,325.0,12.0,rbf,5.0,COMPLETE,,,,,
216.0,r1_08_BPV,5.0,9.0,0.01927138678729534,2022-10-29 16:46:22.256476,2022-10-29 16:51:58.460556,0 days 00:05:36.204080,3.0,1.0,512.0,0.00010727422461206696,307.0,14.0,matern1.5,,PRUNED,0.01927138678729534,,,,
216.0,r1_08_BPV,5.0,10.0,0.0005684411153197289,2022-10-29 16:51:58.461121,2022-10-29 16:53:49.325421,0 days 00:01:50.864300,1.0,2.0,2048.0,0.04005000743625386,215.0,12.0,rbf,2.0,COMPLETE,0.0005789731512777507,,,,
216.0,r1_08_BPV,5.0,11.0,0.0005650405655615032,2022-10-29 16:53:49.325993,2022-10-29 16:57:27.813449,0 days 00:03:38.487456,1.0,1.0,1024.0,0.031027725787513925,191.0,7.0,matern0.5,6.0,COMPLETE,0.0005663793999701738,0.0005713191931135952,,,
216.0,r1_08_BPV,5.0,12.0,0.0006562009803019464,2022-10-29 16:57:27.814052,2022-10-29 16:59:15.654888,0 days 00:01:47.840836,1.0,1.0,512.0,0.03537968691991018,84.0,3.0,rbf,,PRUNED,0.0006562009803019464,,,,
216.0,r1_08_BPV,5.0,13.0,0.025885306298732758,2022-10-29 16:59:15.655400,2022-10-29 17:02:08.057997,0 days 00:02:52.402597,1.0,1.0,2048.0,0.0001070883219803098,779.0,14.0,matern0.5,,PRUNED,0.025885306298732758,,,,
216.0,r1_08_BPV,5.0,14.0,0.000570613075979054,2022-10-29 17:02:08.058419,2022-10-29 17:07:00.723218,0 days 00:04:52.664799,1.0,1.0,512.0,0.002799045094774503,65.0,11.0,matern0.5,,PRUNED,0.000570613075979054,,,,
216.0,r1_08_BPV,5.0,15.0,0.0005848648143000901,2022-10-29 17:07:00.723732,2022-10-29 17:25:58.038752,0 days 00:18:57.315020,3.0,4.0,512.0,0.0016720488797346581,791.0,5.0,matern1.5,,PRUNED,0.0005848648143000901,,,,
216.0,r1_08_BPV,5.0,16.0,0.0007209133473224938,2022-10-29 17:25:58.039402,2022-10-29 17:27:53.975842,0 days 00:01:55.936440,2.0,4.0,1024.0,0.0009236228788035024,87.0,11.0,rbf,,PRUNED,0.0007209133473224938,,,,
216.0,r1_08_BPV,5.0,17.0,0.01976015605032444,2022-10-29 17:27:53.976265,2022-10-29 17:36:02.837599,0 days 00:08:08.861334,4.0,2.0,1024.0,0.0004892069604251646,440.0,10.0,matern1.5,,PRUNED,0.01976015605032444,,,,
216.0,r1_08_BPV,5.0,18.0,0.0005616890848614275,2022-10-29 17:36:02.838112,2022-10-29 17:45:54.884684,0 days 00:09:52.046572,2.0,3.0,1024.0,0.004428417175343532,141.0,9.0,matern1.5,12.0,COMPLETE,0.0005801542429253459,0.0005694527644664049,,,
216.0,r1_08_BPV,5.0,19.0,0.0006579778273589909,2022-10-29 17:45:54.885238,2022-10-29 17:49:45.118800,0 days 00:03:50.233562,3.0,1.0,512.0,0.0045868717958537425,136.0,6.0,rbf,,PRUNED,0.0006579778273589909,,,,
216.0,r1_08_BPV,5.0,20.0,0.0006661173538304865,2022-10-29 17:49:45.119321,2022-10-29 17:58:15.335741,0 days 00:08:30.216420,2.0,3.0,512.0,0.0004133171555761575,520.0,12.0,rbf,,PRUNED,0.0006661173538304865,,,,
216.0,r1_08_BPV,5.0,21.0,0.019766036421060562,2022-10-29 17:58:15.336305,2022-10-29 18:01:05.067747,0 days 00:02:49.731442,4.0,1.0,1024.0,0.001722804842756723,52.0,9.0,matern1.5,,PRUNED,0.019766036421060562,,,,
216.0,r1_08_BPV,5.0,22.0,0.0008533096988685429,2022-10-29 18:01:05.068165,2022-10-29 18:08:31.525340,0 days 00:07:26.457175,3.0,3.0,512.0,0.00038045125985828926,545.0,2.0,rbf,,PRUNED,0.0008533096988685429,,,,
216.0,r1_08_BPV,5.0,23.0,0.0005710024852305651,2022-10-29 18:08:31.525938,2022-10-29 18:53:56.558576,0 days 00:45:25.032638,1.0,1.0,2048.0,0.00019159073612249158,505.0,12.0,rbf,97.0,COMPLETE,0.0005798357306048274,,,,
216.0,r1_08_BPV,5.0,24.0,0.0010717199184000492,2022-10-29 18:53:56.559125,2022-10-29 18:56:06.961256,0 days 00:02:10.402131,2.0,2.0,1024.0,0.0009545206736675276,136.0,11.0,matern1.5,,PRUNED,0.0010717199184000492,,,,
216.0,r1_08_BPV,5.0,25.0,0.0005607646889984608,2022-10-29 18:56:06.961701,2022-10-29 18:59:16.219947,0 days 00:03:09.258246,1.0,2.0,1024.0,0.021982163344928026,143.0,11.0,matern1.5,4.0,COMPLETE,,,,,
216.0,r1_08_BPV,5.0,26.0,0.0005607287166640162,2022-10-29 18:59:16.220510,2022-10-29 19:06:22.483373,0 days 00:07:06.262863,1.0,1.0,2048.0,0.015033741777179921,358.0,15.0,matern0.5,13.0,COMPLETE,0.0005626396741718054,0.0005630606901831925,,,
216.0,r1_08_BPV,5.0,27.0,0.0005725696682929993,2022-10-29 19:06:22.483933,2022-10-29 19:09:18.551463,0 days 00:02:56.067530,1.0,2.0,2048.0,0.08923715579532865,358.0,15.0,matern0.5,2.0,COMPLETE,0.0006305135320872068,,,,
216.0,r1_08_BPV,5.0,28.0,0.0005600732401944697,2022-10-29 19:09:18.552038,2022-10-29 19:17:12.652376,0 days 00:07:54.100338,1.0,1.0,2048.0,0.012341345216864611,589.0,13.0,matern0.5,10.0,COMPLETE,0.0005673425039276481,0.0005600732401944697,,,
216.0,r1_08_BPV,5.0,29.0,0.0005936325760558248,2022-10-29 19:17:12.652947,2022-10-29 19:19:29.853651,0 days 00:02:17.200704,1.0,1.0,2048.0,0.01008025940696517,603.0,15.0,matern0.5,,PRUNED,0.0005936325760558248,,,,
216.0,r1_08_BPV,5.0,30.0,0.0015573526034131646,2022-10-29 19:19:29.854091,2022-10-29 19:22:02.330229,0 days 00:02:32.476138,1.0,1.0,2048.0,0.0004549276634086582,247.0,11.0,rbf,,PRUNED,0.0015573526034131646,,,,
216.0,r1_08_BPV,5.0,31.0,0.0005598221905529499,2022-10-29 19:22:02.330622,2022-10-29 19:26:49.940759,0 days 00:04:47.610137,1.0,3.0,2048.0,0.007117161370539838,97.0,14.0,matern1.5,12.0,COMPLETE,0.000565695168916136,,,,
216.0,r1_08_BPV,5.0,32.0,0.0005800974322482944,2022-10-29 19:26:49.941329,2022-10-29 19:32:43.312594,0 days 00:05:53.371265,1.0,1.0,2048.0,0.011059369123187784,659.0,13.0,matern0.5,,PRUNED,0.0005801324150525033,0.0005800974322482944,,,
216.0,r1_08_BPV,5.0,33.0,0.0006167090032249689,2022-10-29 19:32:43.312981,2022-10-29 19:34:30.501392,0 days 00:01:47.188411,1.0,1.0,2048.0,0.006976200768340985,438.0,13.0,matern0.5,,PRUNED,0.0006167090032249689,,,,
216.0,r1_08_BPV,5.0,34.0,0.0005779742496088147,2022-10-29 19:34:30.501810,2022-10-29 19:37:40.366257,0 days 00:03:09.864447,1.0,1.0,1024.0,0.06077085329910729,236.0,2.0,rbf,6.0,COMPLETE,,,,,
216.0,r1_08_BPV,5.0,35.0,0.000561589258722961,2022-10-29 19:37:40.366815,2022-10-29 19:44:33.595503,0 days 00:06:53.228688,1.0,1.0,2048.0,0.016761554232155133,318.0,15.0,matern0.5,14.0,COMPLETE,0.0005661494215019047,0.0005625933408737183,,,
216.0,r1_08_BPV,5.0,36.0,0.0015357238007709384,2022-10-29 19:44:33.596066,2022-10-29 19:46:27.073101,0 days 00:01:53.477035,1.0,1.0,2048.0,0.0026386745429317657,488.0,13.0,matern0.5,,PRUNED,0.0015357238007709384,,,,
216.0,r1_08_BPV,5.0,37.0,0.0006145649240352213,2022-10-29 19:46:27.073491,2022-10-29 19:48:52.418587,0 days 00:02:25.345096,1.0,1.0,2048.0,0.0770637876385731,645.0,14.0,matern0.5,,PRUNED,0.0006145649240352213,,,,
216.0,r1_08_BPV,5.0,38.0,0.0017850397853180766,2022-10-29 19:48:52.418980,2022-10-29 20:00:04.213376,0 days 00:11:11.794396,1.0,1.0,1024.0,0.00010645944354729811,521.0,2.0,matern1.5,,PRUNED,0.0017850397853180766,,,,
216.0,r1_08_BPV,5.0,39.0,0.0005610576481558383,2022-10-29 20:00:04.213756,2022-10-29 20:03:52.364585,0 days 00:03:48.150829,1.0,3.0,2048.0,0.02227675978537955,284.0,7.0,matern0.5,8.0,COMPLETE,0.0005650582606904209,0.0005613071261905134,,,
216.0,r1_08_BPV,5.0,40.0,0.0005671775434166193,2022-10-29 20:03:52.365148,2022-10-29 20:09:32.087773,0 days 00:05:39.722625,1.0,1.0,512.0,0.006118888297163463,389.0,10.0,matern1.5,3.0,COMPLETE,0.0005814455798827112,,,,
216.0,r1_08_BPV,5.0,41.0,0.000562371569685638,2022-10-29 20:09:32.088328,2022-10-29 20:24:51.175153,0 days 00:15:19.086825,1.0,3.0,512.0,0.002766421970710143,451.0,15.0,rbf,12.0,COMPLETE,,,,,
216.0,r1_08_BPV,5.0,42.0,0.0005723621579818428,2022-10-29 20:24:51.175723,2022-10-29 20:29:37.075714,0 days 00:04:45.899991,2.0,2.0,2048.0,0.05378729417387056,170.0,12.0,matern0.5,,PRUNED,0.0005751618882641196,0.0005723621579818428,,,
216.0,r1_08_BPV,5.0,43.0,0.000570709235034883,2022-10-29 20:29:37.076224,2022-10-29 20:32:28.336291,0 days 00:02:51.260067,1.0,3.0,2048.0,0.021729236376001403,259.0,7.0,matern0.5,,PRUNED,0.0005790151190012693,0.000570709235034883,,,
216.0,r1_08_BPV,5.0,44.0,0.0005686439690180123,2022-10-29 20:32:28.336679,2022-10-29 20:53:19.635466,0 days 00:20:51.298787,4.0,1.0,1024.0,0.053303707421796534,241.0,12.0,matern1.5,16.0,COMPLETE,,,,,
216.0,r1_08_BPV,5.0,45.0,0.0006535981083288789,2022-10-29 20:53:19.636006,2022-10-29 21:07:13.136330,0 days 00:13:53.500324,3.0,1.0,512.0,0.0004950158678250993,320.0,13.0,matern1.5,,PRUNED,0.0006535981083288789,,,,
216.0,r1_08_BPV,5.0,46.0,0.0006010070792399347,2022-10-29 21:07:13.136891,2022-10-29 21:08:29.761709,0 days 00:01:16.624818,1.0,4.0,2048.0,0.024498598924944073,302.0,8.0,matern0.5,,PRUNED,0.0006010070792399347,,,,
216.0,r1_08_BPV,5.0,47.0,0.019763996824622154,2022-10-29 21:08:29.762116,2022-10-29 21:20:10.732555,0 days 00:11:40.970439,4.0,1.0,512.0,0.009372666168272205,132.0,6.0,matern0.5,4.0,COMPLETE,,,,,
216.0,r1_08_BPV,5.0,48.0,0.0005684374482370913,2022-10-29 21:20:10.733135,2022-10-29 21:21:54.583363,0 days 00:01:43.850228,1.0,2.0,2048.0,0.06011806293861659,69.0,3.0,rbf,4.0,COMPLETE,,,,,
216.0,r1_08_BPV,5.0,49.0,0.0005611245287582278,2022-10-29 21:21:54.583928,2022-10-29 21:27:14.929033,0 days 00:05:20.345105,1.0,3.0,2048.0,0.010819727968867935,269.0,6.0,matern0.5,14.0,COMPLETE,0.0005678670713678002,0.0005628236685879529,,,
216.0,r1_08_BPV,5.0,50.0,0.0005581628065556288,2022-10-29 21:27:14.929596,2022-10-29 21:47:35.871740,0 days 00:20:20.942144,1.0,3.0,1024.0,0.0002473911642775525,246.0,14.0,rbf,48.0,COMPLETE,,,,,
216.0,r1_08_BPV,5.0,51.0,0.0005615968257188797,2022-10-29 21:47:35.872331,2022-10-29 21:57:34.060306,0 days 00:09:58.187975,1.0,2.0,512.0,0.0023706928106759025,156.0,8.0,matern1.5,12.0,COMPLETE,0.0005623867036774755,,,,
216.0,r1_08_BPV,5.0,52.0,0.0005706072552129626,2022-10-29 21:57:34.060926,2022-10-29 22:02:12.380191,0 days 00:04:38.319265,1.0,1.0,1024.0,0.04169121347407195,519.0,7.0,rbf,,PRUNED,0.0005706072552129626,,,,
216.0,r1_08_BPV,5.0,53.0,0.019570350646972656,2022-10-29 22:02:12.380679,2022-10-29 22:11:50.247468,0 days 00:09:37.866789,2.0,3.0,512.0,0.0005175148229399921,410.0,9.0,matern0.5,1.0,COMPLETE,,,,,
216.0,r1_08_BPV,5.0,54.0,0.0005811998271383345,2022-10-29 22:11:50.248074,2022-10-29 22:19:00.804376,0 days 00:07:10.556302,2.0,1.0,512.0,0.0013065949298380953,53.0,13.0,matern0.5,,PRUNED,0.0005811998271383345,,,,
216.0,r1_08_BPV,5.0,55.0,0.017937730997800827,2022-10-29 22:19:00.804892,2022-10-29 22:20:24.038200,0 days 00:01:23.233308,1.0,4.0,2048.0,0.00021645264578633457,433.0,5.0,matern0.5,,PRUNED,0.017937730997800827,,,,
216.0,r1_08_BPV,5.0,56.0,0.0006340024410746992,2022-10-29 22:20:24.038636,2022-10-29 22:23:12.488936,0 days 00:02:48.450300,1.0,2.0,512.0,0.015451732471336226,337.0,8.0,matern0.5,,PRUNED,0.0006340024410746992,,,,
216.0,r1_08_BPV,5.0,57.0,0.0005711769335903227,2022-10-29 22:23:12.489469,2022-10-29 22:56:42.734877,0 days 00:33:30.245408,3.0,4.0,512.0,0.019665716158009657,312.0,15.0,matern1.5,8.0,COMPLETE,,,,,
216.0,r1_08_BPV,5.0,58.0,0.0005941861309111118,2022-10-29 22:56:42.735464,2022-10-29 22:57:56.522090,0 days 00:01:13.786626,1.0,3.0,2048.0,0.00826795547393737,245.0,9.0,matern1.5,,PRUNED,0.0005941861309111118,,,,
216.0,r1_08_BPV,5.0,59.0,0.0005783795495517552,2022-10-29 22:57:56.522481,2022-10-29 23:14:28.613841,0 days 00:16:32.091360,4.0,1.0,2048.0,0.03782455412733139,337.0,15.0,matern0.5,10.0,COMPLETE,,,,,
216.0,r1_08_BPV,5.0,60.0,0.019758591428399086,2022-10-29 23:14:28.614455,2022-10-29 23:32:41.695725,0 days 00:18:13.081270,4.0,2.0,1024.0,0.00013477852472965835,724.0,3.0,rbf,,PRUNED,0.019758591428399086,,,,
216.0,r1_08_BPV,5.0,61.0,0.018498938530683517,2022-10-29 23:32:41.696155,2022-10-29 23:59:05.348190,0 days 00:26:23.652035,4.0,1.0,2048.0,0.00013976078482891041,530.0,7.0,matern0.5,22.0,COMPLETE,,,,,
216.0,r1_08_BPV,5.0,62.0,0.019389037042856216,2022-10-29 23:59:05.348787,2022-10-30 00:01:17.271858,0 days 00:02:11.923071,2.0,1.0,2048.0,0.003050305559453246,569.0,6.0,matern0.5,,PRUNED,0.019389037042856216,,,,
216.0,r1_08_BPV,5.0,63.0,0.0007878178730607033,2022-10-30 00:01:17.272265,2022-10-30 00:04:12.840088,0 days 00:02:55.567823,1.0,2.0,512.0,0.04978877731614834,373.0,10.0,matern1.5,,PRUNED,0.0007878178730607033,,,,
216.0,r1_08_BPV,5.0,64.0,0.0005674700951203704,2022-10-30 00:04:12.840626,2022-10-30 00:08:28.106537,0 days 00:04:15.265911,1.0,1.0,2048.0,0.023355074286314066,696.0,7.0,matern0.5,,PRUNED,0.0005671664257533848,0.0005674700951203704,,,
216.0,r1_08_BPV,5.0,65.0,0.0005691601545549929,2022-10-30 00:08:28.106926,2022-10-30 00:14:36.273968,0 days 00:06:08.167042,1.0,2.0,512.0,0.0020068664381536674,203.0,8.0,matern0.5,,PRUNED,0.0005796855548396707,0.0005691601545549929,,,
216.0,r1_08_BPV,5.0,66.0,0.0005658592563122511,2022-10-30 00:14:36.274479,2022-10-30 00:21:07.610856,0 days 00:06:31.336377,2.0,4.0,1024.0,0.0145416641560093,93.0,15.0,matern1.5,5.0,COMPLETE,,,,,
216.0,r1_08_BPV,5.0,67.0,0.0005660539027303457,2022-10-30 00:21:07.611449,2022-10-30 00:23:55.709722,0 days 00:02:48.098273,1.0,3.0,2048.0,0.011600011074473563,280.0,6.0,matern0.5,,PRUNED,0.0005727930692955852,0.0005660539027303457,,,
216.0,r1_08_BPV,5.0,68.0,0.0006582334171980619,2022-10-30 00:23:55.710164,2022-10-30 00:24:58.084440,0 days 00:01:02.374276,1.0,4.0,2048.0,0.005393824609941911,237.0,4.0,matern0.5,,PRUNED,0.0006582334171980619,,,,
216.0,r1_08_BPV,5.0,69.0,0.0005684164934791625,2022-10-30 00:24:58.084860,2022-10-30 00:28:07.900079,0 days 00:03:09.815219,1.0,3.0,2048.0,0.03091745878037958,482.0,5.0,matern0.5,4.0,COMPLETE,0.0005684164934791625,,,,
216.0,r1_08_BPV,5.0,70.0,0.0005632182001136243,2022-10-30 00:28:07.900679,2022-10-30 00:31:45.938867,0 days 00:03:38.038188,1.0,4.0,2048.0,0.014870312144244068,411.0,7.0,matern0.5,,PRUNED,0.0005716403829865158,0.0005632182001136243,,,
216.0,r1_08_BPV,5.0,71.0,,2022-10-30 00:31:45.939301,2022-10-30 00:31:46.163762,0 days 00:00:00.224461,3.0,4.0,2048.0,0.00951708326455251,94.0,15.0,matern1.5,,FAIL,,,,,
