dataset_id,dataset_name,outer_cv_split,number,value,datetime_start,datetime_complete,duration,params_max_depth,params_max_features,params_min_samples_leaf,params_min_samples_split,params_n_estimators,state
216.0,elevators,1.0,0.0,0.002449258788512,2022-10-07 09:17:08.910289,2022-10-07 09:17:10.935147,0 days 00:00:02.024858,15.0,sqrt,2.0,5.0,136.0,COMPLETE
216.0,elevators,1.0,1.0,0.0029869073924583,2022-10-07 09:17:10.935957,2022-10-07 09:17:11.264793,0 days 00:00:00.328836,6.0,auto,13.0,21.0,14.0,COMPLETE
216.0,elevators,1.0,2.0,0.0033480834034019,2022-10-07 09:17:11.265498,2022-10-07 09:17:11.719255,0 days 00:00:00.453757,8.0,sqrt,4.0,19.0,37.0,COMPLETE
216.0,elevators,1.0,3.0,0.0030274671069469,2022-10-07 09:17:11.720013,2022-10-07 09:17:13.632868,0 days 00:00:01.912855,6.0,auto,18.0,9.0,85.0,COMPLETE
216.0,elevators,1.0,4.0,0.0034346912998391,2022-10-07 09:17:13.633594,2022-10-07 09:17:13.822236,0 days 00:00:00.188642,40.0,sqrt,20.0,8.0,16.0,COMPLETE
216.0,elevators,1.0,5.0,0.0019369744107936,2022-10-07 09:17:13.823336,2022-10-07 09:17:14.997979,0 days 00:00:01.174643,14.0,auto,3.0,4.0,25.0,COMPLETE
216.0,elevators,1.0,6.0,0.0030015450002387,2022-10-07 09:17:14.999228,2022-10-07 09:17:15.257617,0 days 00:00:00.258389,17.0,sqrt,6.0,24.0,15.0,COMPLETE
216.0,elevators,1.0,7.0,0.0029490624814342,2022-10-07 09:17:15.258375,2022-10-07 09:17:16.358092,0 days 00:00:01.099717,6.0,auto,11.0,17.0,49.0,COMPLETE
216.0,elevators,1.0,8.0,0.0044086509852561,2022-10-07 09:17:16.358809,2022-10-07 09:17:17.180020,0 days 00:00:00.821211,5.0,sqrt,24.0,10.0,153.0,COMPLETE
216.0,elevators,1.0,9.0,0.002345356386888,2022-10-07 09:17:17.181013,2022-10-07 09:17:18.636364,0 days 00:00:01.455351,11.0,auto,15.0,21.0,48.0,COMPLETE
216.0,elevators,1.0,10.0,0.0020509036991228,2022-10-07 09:17:19.807518,2022-10-07 09:17:37.662938,0 days 00:00:17.855420,81.0,auto,8.0,2.0,498.0,COMPLETE
216.0,elevators,1.0,11.0,0.0020517308619152,2022-10-07 09:17:37.663761,2022-10-07 09:17:52.596531,0 days 00:00:14.932770,94.0,auto,8.0,2.0,410.0,COMPLETE
216.0,elevators,1.0,12.0,0.0017808388581047,2022-10-07 09:17:52.597288,2022-10-07 09:18:17.349893,0 days 00:00:24.752605,34.0,auto,1.0,2.0,452.0,COMPLETE
216.0,elevators,1.0,13.0,0.0019624280736604,2022-10-07 09:18:17.350912,2022-10-07 09:18:18.897783,0 days 00:00:01.546871,32.0,auto,2.0,13.0,28.0,COMPLETE
216.0,elevators,1.0,14.0,0.0018184979197209,2022-10-07 09:18:18.898506,2022-10-07 09:18:28.239713,0 days 00:00:09.341207,36.0,auto,1.0,6.0,172.0,COMPLETE
216.0,elevators,1.0,15.0,0.0020129350216866,2022-10-07 09:18:28.240678,2022-10-07 09:18:38.002686,0 days 00:00:09.762008,31.0,auto,7.0,6.0,262.0,COMPLETE
216.0,elevators,1.0,16.0,0.0019030479526231,2022-10-07 09:18:38.003474,2022-10-07 09:18:49.574143,0 days 00:00:11.570669,54.0,auto,1.0,13.0,255.0,COMPLETE
216.0,elevators,1.0,17.0,0.0021868287685403,2022-10-07 09:18:49.574910,2022-10-07 09:18:58.425753,0 days 00:00:08.850843,24.0,auto,11.0,7.0,263.0,COMPLETE
216.0,elevators,1.0,18.0,0.0019303302296723,2022-10-07 09:18:58.426490,2022-10-07 09:19:03.233407,0 days 00:00:04.806917,56.0,auto,5.0,4.0,118.0,COMPLETE
216.0,elevators,1.0,19.0,0.0021426711643841,2022-10-07 09:19:03.234339,2022-10-07 09:19:10.346985,0 days 00:00:07.112646,23.0,auto,10.0,11.0,202.0,COMPLETE
216.0,elevators,1.0,20.0,0.0019373514077347,2022-10-07 09:19:10.347965,2022-10-07 09:19:14.677107,0 days 00:00:04.329142,50.0,auto,1.0,15.0,90.0,COMPLETE
216.0,elevators,1.0,21.0,0.0018835008767636,2022-10-07 09:19:14.677841,2022-10-07 09:19:30.236966,0 days 00:00:15.559125,67.0,auto,1.0,12.0,342.0,COMPLETE
216.0,elevators,1.0,22.0,0.001875166188212,2022-10-07 09:19:30.237763,2022-10-07 09:19:45.371712,0 days 00:00:15.133949,70.0,auto,4.0,2.0,361.0,COMPLETE
216.0,elevators,1.0,23.0,0.0019197290235637,2022-10-07 09:19:45.372583,2022-10-07 09:19:59.511150,0 days 00:00:14.138567,37.0,auto,5.0,3.0,347.0,COMPLETE
216.0,elevators,1.0,24.0,0.0018768908862846,2022-10-07 09:19:59.511952,2022-10-07 09:20:07.715255,0 days 00:00:08.203303,42.0,auto,4.0,6.0,190.0,COMPLETE
216.0,elevators,1.0,25.0,0.0018262136463176,2022-10-07 09:20:07.716016,2022-10-07 09:20:23.064934,0 days 00:00:15.348918,71.0,auto,3.0,2.0,362.0,COMPLETE
216.0,elevators,1.0,26.0,0.0029072812439215,2022-10-07 09:20:23.065857,2022-10-07 09:20:27.430779,0 days 00:00:04.364922,29.0,sqrt,9.0,4.0,471.0,COMPLETE
216.0,elevators,1.0,27.0,0.0018398651273243,2022-10-07 09:20:27.431521,2022-10-07 09:20:36.815553,0 days 00:00:09.384032,98.0,auto,3.0,7.0,228.0,COMPLETE
216.0,elevators,1.0,28.0,0.0019738721732384,2022-10-07 09:20:36.816342,2022-10-07 09:20:42.552561,0 days 00:00:05.736219,66.0,auto,6.0,5.0,158.0,COMPLETE
216.0,elevators,1.0,29.0,0.0024161038295758,2022-10-07 09:20:42.553325,2022-10-07 09:20:43.959755,0 days 00:00:01.406430,20.0,sqrt,2.0,5.0,106.0,COMPLETE
216.0,elevators,1.0,30.0,0.0023260379563163,2022-10-07 09:20:43.960552,2022-10-07 09:20:53.439208,0 days 00:00:09.478656,46.0,auto,15.0,8.0,323.0,COMPLETE
216.0,elevators,1.0,31.0,0.0018444177037539,2022-10-07 09:20:53.439990,2022-10-07 09:21:02.016968,0 days 00:00:08.576978,97.0,auto,3.0,7.0,208.0,COMPLETE
216.0,elevators,1.0,32.0,0.0018312749445368,2022-10-07 09:21:02.017765,2022-10-07 09:21:12.052359,0 days 00:00:10.034594,80.0,auto,3.0,3.0,240.0,COMPLETE
216.0,elevators,1.0,33.0,0.0017859523404023,2022-10-07 09:21:12.053170,2022-10-07 09:21:26.401557,0 days 00:00:14.348387,60.0,auto,1.0,2.0,285.0,COMPLETE
216.0,elevators,1.0,34.0,0.0020395930306688,2022-10-07 09:21:26.402281,2022-10-07 09:21:27.025272,0 days 00:00:00.622991,57.0,auto,1.0,2.0,10.0,COMPLETE
216.0,elevators,1.0,35.0,0.0019179060626967,2022-10-07 09:21:27.026031,2022-10-07 09:21:38.737584,0 days 00:00:11.711553,27.0,auto,5.0,4.0,315.0,COMPLETE
216.0,elevators,1.0,36.0,0.0022959349419961,2022-10-07 09:21:38.738323,2022-10-07 09:21:44.536664,0 days 00:00:05.798341,34.0,sqrt,1.0,3.0,402.0,COMPLETE
216.0,elevators,1.0,37.0,0.0024536626566379,2022-10-07 09:21:44.537420,2022-10-07 09:21:46.486371,0 days 00:00:01.948951,42.0,auto,19.0,5.0,66.0,COMPLETE
216.0,elevators,1.0,38.0,0.0018562162740452,2022-10-07 09:21:46.487125,2022-10-07 09:21:53.309622,0 days 00:00:06.822497,38.0,auto,3.0,9.0,170.0,COMPLETE
216.0,elevators,1.0,39.0,0.0035434551088654,2022-10-07 09:21:53.310390,2022-10-07 09:21:54.463566,0 days 00:00:01.153176,47.0,sqrt,25.0,6.0,140.0,COMPLETE
216.0,elevators,1.0,40.0,0.0019688213841495,2022-10-07 09:21:54.464341,2022-10-07 09:22:04.685333,0 days 00:00:10.220992,19.0,auto,6.0,3.0,287.0,COMPLETE
216.0,elevators,1.0,41.0,0.0018729203255964,2022-10-07 09:22:04.686094,2022-10-07 09:22:20.525750,0 days 00:00:15.839656,77.0,auto,4.0,3.0,405.0,COMPLETE
216.0,elevators,1.0,42.0,0.0018020483219273,2022-10-07 09:22:20.526500,2022-10-07 09:22:30.387566,0 days 00:00:09.861066,60.0,auto,2.0,2.0,218.0,COMPLETE
216.0,elevators,1.0,43.0,0.0020759078981973,2022-10-07 09:22:30.388338,2022-10-07 09:22:36.757159,0 days 00:00:06.368821,65.0,auto,2.0,25.0,176.0,COMPLETE
216.0,elevators,1.0,44.0,0.0018068018280151,2022-10-07 09:22:36.757914,2022-10-07 09:22:56.351844,0 days 00:00:19.593930,15.0,auto,2.0,2.0,492.0,COMPLETE
216.0,elevators,1.0,45.0,0.0019051478723029,2022-10-07 09:22:56.352632,2022-10-07 09:23:10.081744,0 days 00:00:13.729112,11.0,auto,2.0,4.0,435.0,COMPLETE
216.0,elevators,1.0,46.0,0.002514453313635,2022-10-07 09:23:10.082526,2022-10-07 09:23:23.212499,0 days 00:00:13.129973,13.0,auto,21.0,15.0,486.0,COMPLETE
216.0,elevators,1.0,47.0,0.0028728705145499,2022-10-07 09:23:23.213264,2022-10-07 09:23:24.444671,0 days 00:00:01.231407,16.0,sqrt,7.0,19.0,121.0,COMPLETE
216.0,elevators,1.0,48.0,0.0018869389119024,2022-10-07 09:23:24.445419,2022-10-07 09:23:34.499911,0 days 00:00:10.054492,14.0,auto,4.0,2.0,282.0,COMPLETE
216.0,elevators,1.0,49.0,0.0022935164472639,2022-10-07 09:23:34.500704,2022-10-07 09:23:36.516455,0 days 00:00:02.015751,26.0,auto,13.0,9.0,63.0,COMPLETE
216.0,elevators,1.0,50.0,0.0021189543774015,2022-10-07 09:23:36.517214,2022-10-07 09:23:42.458006,0 days 00:00:05.940792,9.0,auto,2.0,5.0,225.0,COMPLETE
216.0,elevators,1.0,51.0,0.0017812821380592,2022-10-07 09:23:42.458764,2022-10-07 09:24:00.777286,0 days 00:00:18.318522,59.0,auto,1.0,2.0,367.0,COMPLETE
216.0,elevators,1.0,52.0,0.0017863869729402,2022-10-07 09:24:00.778045,2022-10-07 09:24:25.572460,0 days 00:00:24.794415,60.0,auto,1.0,2.0,495.0,COMPLETE
216.0,elevators,1.0,53.0,0.0017949769770213,2022-10-07 09:24:25.573225,2022-10-07 09:24:47.782838,0 days 00:00:22.209613,53.0,auto,2.0,2.0,496.0,COMPLETE
216.0,elevators,1.0,54.0,0.001792732534209,2022-10-07 09:24:47.783775,2022-10-07 09:25:07.072744,0 days 00:00:19.288969,59.0,auto,1.0,4.0,402.0,COMPLETE
216.0,elevators,1.0,55.0,0.0017958886930299,2022-10-07 09:25:07.073502,2022-10-07 09:25:27.429897,0 days 00:00:20.356395,50.0,auto,1.0,4.0,426.0,COMPLETE
216.0,elevators,1.0,56.0,0.0018687813671201,2022-10-07 09:25:27.430678,2022-10-07 09:25:42.355066,0 days 00:00:14.924388,87.0,auto,4.0,3.0,385.0,COMPLETE
216.0,elevators,1.0,57.0,0.0019259685292469,2022-10-07 09:25:42.355804,2022-10-07 09:25:53.678306,0 days 00:00:11.322502,53.0,auto,5.0,3.0,305.0,COMPLETE
216.0,elevators,1.0,58.0,0.0017986976986033,2022-10-07 09:25:53.679106,2022-10-07 09:26:16.717163,0 days 00:00:23.038057,61.0,auto,1.0,5.0,489.0,COMPLETE
216.0,elevators,1.0,59.0,0.0023597451276275,2022-10-07 09:26:16.717962,2022-10-07 09:26:27.173916,0 days 00:00:10.455954,44.0,auto,16.0,4.0,360.0,COMPLETE
216.0,elevators,1.0,60.0,0.0027860136332483,2022-10-07 09:26:27.174676,2022-10-07 09:26:29.852825,0 days 00:00:02.678149,73.0,sqrt,3.0,23.0,266.0,COMPLETE
216.0,elevators,1.0,61.0,0.0017885882456782,2022-10-07 09:26:29.853566,2022-10-07 09:26:50.920768,0 days 00:00:21.067202,50.0,auto,1.0,4.0,438.0,COMPLETE
216.0,elevators,1.0,62.0,0.0018077892584246,2022-10-07 09:26:50.921509,2022-10-07 09:27:11.766931,0 days 00:00:20.845422,51.0,auto,1.0,6.0,452.0,COMPLETE
216.0,elevators,1.0,63.0,0.0017871391441242,2022-10-07 09:27:11.767677,2022-10-07 09:27:30.976695,0 days 00:00:19.209018,41.0,auto,1.0,2.0,386.0,COMPLETE
216.0,elevators,1.0,64.0,0.0019238241358424,2022-10-07 09:27:30.977441,2022-10-07 09:27:32.086740,0 days 00:00:01.109299,38.0,auto,3.0,4.0,24.0,COMPLETE
216.0,elevators,1.0,65.0,0.0017869176099716,2022-10-07 09:27:32.087503,2022-10-07 09:27:48.147043,0 days 00:00:16.059540,33.0,auto,1.0,3.0,327.0,COMPLETE
216.0,elevators,1.0,66.0,0.0018706824791143,2022-10-07 09:27:48.147788,2022-10-07 09:28:00.622103,0 days 00:00:12.474315,32.0,auto,4.0,3.0,321.0,COMPLETE
216.0,elevators,1.0,67.0,0.0018271964706733,2022-10-07 09:28:00.622837,2022-10-07 09:28:15.150073,0 days 00:00:14.527236,34.0,auto,3.0,2.0,349.0,COMPLETE
216.0,elevators,1.0,68.0,0.0017864901531685,2022-10-07 09:28:15.150801,2022-10-07 09:28:29.479796,0 days 00:00:14.328995,41.0,auto,1.0,2.0,286.0,COMPLETE
216.0,elevators,1.0,69.0,0.002541437506814,2022-10-07 09:28:29.480582,2022-10-07 09:28:36.142797,0 days 00:00:06.662215,29.0,auto,22.0,2.0,244.0,COMPLETE
216.0,elevators,1.0,70.0,0.0019698038450157,2022-10-07 09:28:36.143524,2022-10-07 09:28:47.136062,0 days 00:00:10.992538,24.0,auto,6.0,3.0,309.0,COMPLETE
216.0,elevators,1.0,71.0,0.0018009541965052,2022-10-07 09:28:47.136825,2022-10-07 09:29:04.679438,0 days 00:00:17.542613,41.0,auto,1.0,5.0,372.0,COMPLETE
216.0,elevators,1.0,72.0,0.0017897747619039,2022-10-07 09:29:04.680221,2022-10-07 09:29:23.575204,0 days 00:00:18.894983,48.0,auto,2.0,3.0,422.0,COMPLETE
216.0,elevators,1.0,73.0,0.0017895290576437,2022-10-07 09:29:23.575982,2022-10-07 09:29:37.763114,0 days 00:00:14.187132,44.0,auto,1.0,2.0,282.0,COMPLETE
216.0,elevators,1.0,74.0,0.0017976519546419,2022-10-07 09:29:37.763877,2022-10-07 09:29:54.009921,0 days 00:00:16.246044,35.0,auto,2.0,2.0,361.0,COMPLETE
216.0,elevators,1.0,75.0,0.0018708904416448,2022-10-07 09:29:54.010649,2022-10-07 09:29:55.611887,0 days 00:00:01.601238,40.0,auto,3.0,4.0,38.0,COMPLETE
216.0,elevators,1.0,76.0,0.0017992464835711,2022-10-07 09:29:55.612845,2022-10-07 09:30:05.332218,0 days 00:00:09.719373,87.0,auto,1.0,3.0,197.0,COMPLETE
216.0,elevators,1.0,77.0,0.0026543449328862,2022-10-07 09:30:05.332989,2022-10-07 09:30:09.933498,0 days 00:00:04.600509,63.0,sqrt,5.0,5.0,439.0,COMPLETE
216.0,elevators,1.0,78.0,0.0021780987786422,2022-10-07 09:30:09.934247,2022-10-07 09:30:19.960499,0 days 00:00:10.026252,31.0,auto,11.0,4.0,321.0,COMPLETE
216.0,elevators,1.0,79.0,0.0018715255230978,2022-10-07 09:30:19.961230,2022-10-07 09:30:29.984282,0 days 00:00:10.023052,22.0,auto,4.0,2.0,258.0,COMPLETE
216.0,elevators,1.0,80.0,0.0018097722950199,2022-10-07 09:30:29.985078,2022-10-07 09:30:46.370955,0 days 00:00:16.385877,56.0,auto,2.0,6.0,379.0,COMPLETE
216.0,elevators,1.0,81.0,0.0017838301207862,2022-10-07 09:30:46.371722,2022-10-07 09:31:00.697711,0 days 00:00:14.325989,45.0,auto,1.0,2.0,287.0,COMPLETE
216.0,elevators,1.0,82.0,0.0017881479408658,2022-10-07 09:31:00.698442,2022-10-07 09:31:14.466693,0 days 00:00:13.768251,46.0,auto,1.0,3.0,281.0,COMPLETE
216.0,elevators,1.0,83.0,0.0018388737398302,2022-10-07 09:31:14.467438,2022-10-07 09:31:26.314993,0 days 00:00:11.847555,45.0,auto,3.0,3.0,287.0,COMPLETE
216.0,elevators,1.0,84.0,0.0018048372329127,2022-10-07 09:31:26.315737,2022-10-07 09:31:37.156042,0 days 00:00:10.840305,40.0,auto,2.0,2.0,240.0,COMPLETE
216.0,elevators,1.0,85.0,0.0017886856537778,2022-10-07 09:31:37.156803,2022-10-07 09:31:53.625457,0 days 00:00:16.468654,38.0,auto,1.0,3.0,336.0,COMPLETE
216.0,elevators,1.0,86.0,0.0017969051517825,2022-10-07 09:31:53.626210,2022-10-07 09:32:03.192728,0 days 00:00:09.566518,29.0,auto,2.0,2.0,211.0,COMPLETE
216.0,elevators,1.0,87.0,0.0018291224217018,2022-10-07 09:32:03.193474,2022-10-07 09:32:15.469439,0 days 00:00:12.275965,35.0,auto,3.0,3.0,294.0,COMPLETE
216.0,elevators,1.0,88.0,0.0025681729586092,2022-10-07 09:32:15.470172,2022-10-07 09:32:17.651236,0 days 00:00:02.181064,74.0,sqrt,1.0,15.0,188.0,COMPLETE
216.0,elevators,1.0,89.0,0.0033850858414915,2022-10-07 09:32:17.651983,2022-10-07 09:32:18.979553,0 days 00:00:01.327570,5.0,auto,2.0,11.0,81.0,COMPLETE
216.0,elevators,1.0,90.0,0.001842746302382,2022-10-07 09:32:18.980314,2022-10-07 09:32:25.834631,0 days 00:00:06.854317,68.0,auto,1.0,7.0,150.0,COMPLETE
216.0,elevators,1.0,91.0,0.0017871807079722,2022-10-07 09:32:25.835359,2022-10-07 09:32:47.061045,0 days 00:00:21.225686,49.0,auto,1.0,4.0,442.0,COMPLETE
216.0,elevators,1.0,92.0,0.0017912819427569,2022-10-07 09:32:47.061803,2022-10-07 09:33:04.519092,0 days 00:00:17.457289,58.0,auto,2.0,2.0,388.0,COMPLETE
216.0,elevators,1.0,93.0,0.0017891877666157,2022-10-07 09:33:04.519875,2022-10-07 09:33:21.214235,0 days 00:00:16.694360,47.0,auto,1.0,3.0,340.0,COMPLETE
216.0,elevators,1.0,94.0,0.0019748153928566,2022-10-07 09:33:21.215027,2022-10-07 09:33:37.257577,0 days 00:00:16.042550,54.0,auto,4.0,17.0,449.0,COMPLETE
216.0,elevators,1.0,95.0,0.0018292506045486,2022-10-07 09:33:37.258313,2022-10-07 09:33:48.660835,0 days 00:00:11.402522,43.0,auto,3.0,5.0,274.0,COMPLETE
216.0,elevators,1.0,96.0,0.0017952315435693,2022-10-07 09:33:48.661572,2022-10-07 09:34:00.124084,0 days 00:00:11.462512,32.0,auto,2.0,4.0,254.0,COMPLETE
216.0,elevators,1.0,97.0,0.0017789808940558,2022-10-07 09:34:00.124910,2022-10-07 09:34:20.054706,0 days 00:00:19.929796,47.0,auto,1.0,2.0,397.0,COMPLETE
216.0,elevators,1.0,98.0,0.001830653653155,2022-10-07 09:34:20.055516,2022-10-07 09:34:36.774309,0 days 00:00:16.718793,49.0,auto,3.0,2.0,404.0,COMPLETE
216.0,elevators,1.0,99.0,0.0020989114170053,2022-10-07 09:34:36.775067,2022-10-07 09:34:51.910045,0 days 00:00:15.134978,26.0,auto,9.0,2.0,465.0,COMPLETE
216.0,elevators,2.0,0.0,0.0023878722217741,2022-10-07 09:35:18.611188,2022-10-07 09:35:19.461664,0 days 00:00:00.850476,11.0,auto,17.0,20.0,31.0,COMPLETE
216.0,elevators,2.0,1.0,0.0025433490019201,2022-10-07 09:35:19.462827,2022-10-07 09:35:20.006941,0 days 00:00:00.544114,54.0,auto,23.0,15.0,20.0,COMPLETE
216.0,elevators,2.0,2.0,0.0033821344838382,2022-10-07 09:35:20.008661,2022-10-07 09:35:20.353077,0 days 00:00:00.344416,8.0,sqrt,7.0,15.0,33.0,COMPLETE
216.0,elevators,2.0,3.0,0.0018064670784947,2022-10-07 09:35:20.353879,2022-10-07 09:35:23.746272,0 days 00:00:03.392393,90.0,auto,2.0,3.0,74.0,COMPLETE
216.0,elevators,2.0,4.0,0.0027143467417199,2022-10-07 09:35:23.747098,2022-10-07 09:35:24.722804,0 days 00:00:00.975706,32.0,sqrt,4.0,17.0,88.0,COMPLETE
216.0,elevators,2.0,5.0,0.0026029995017914,2022-10-07 09:35:24.723633,2022-10-07 09:35:25.366130,0 days 00:00:00.642497,8.0,auto,19.0,16.0,24.0,COMPLETE
216.0,elevators,2.0,6.0,0.0019357893953358,2022-10-07 09:35:25.366977,2022-10-07 09:35:26.901467,0 days 00:00:01.534490,23.0,auto,2.0,16.0,40.0,COMPLETE
216.0,elevators,2.0,7.0,0.0022814769267851,2022-10-07 09:35:26.902819,2022-10-07 09:35:34.089537,0 days 00:00:07.186718,61.0,auto,15.0,8.0,244.0,COMPLETE
216.0,elevators,2.0,8.0,0.0028073624325769,2022-10-07 09:35:34.090353,2022-10-07 09:35:38.361407,0 days 00:00:04.271054,18.0,sqrt,6.0,18.0,447.0,COMPLETE
216.0,elevators,2.0,9.0,0.0031266569901799,2022-10-07 09:35:38.362217,2022-10-07 09:35:41.555984,0 days 00:00:03.193767,17.0,sqrt,13.0,18.0,371.0,COMPLETE
216.0,elevators,2.0,10.0,0.0021036250009923,2022-10-07 09:35:41.556800,2022-10-07 09:35:45.373196,0 days 00:00:03.816396,95.0,auto,10.0,2.0,117.0,COMPLETE
216.0,elevators,2.0,11.0,0.0033343916260829,2022-10-07 09:35:45.373968,2022-10-07 09:35:46.076198,0 days 00:00:00.702230,5.0,auto,2.0,10.0,46.0,COMPLETE
216.0,elevators,2.0,12.0,0.002042756755958,2022-10-07 09:35:46.077261,2022-10-07 09:35:48.565287,0 days 00:00:02.488026,32.0,auto,1.0,24.0,64.0,COMPLETE
216.0,elevators,2.0,13.0,0.0022123980799244,2022-10-07 09:35:48.566102,2022-10-07 09:35:48.917436,0 days 00:00:00.351334,90.0,auto,9.0,2.0,10.0,COMPLETE
216.0,elevators,2.0,14.0,0.0018731829981441,2022-10-07 09:35:48.918434,2022-10-07 09:35:55.743248,0 days 00:00:06.824814,46.0,auto,4.0,10.0,178.0,COMPLETE
216.0,elevators,2.0,15.0,0.0018892845739961,2022-10-07 09:35:55.744092,2022-10-07 09:36:01.564801,0 days 00:00:05.820709,50.0,auto,5.0,6.0,155.0,COMPLETE
216.0,elevators,2.0,16.0,0.002140180293377,2022-10-07 09:36:01.565660,2022-10-07 09:36:07.632028,0 days 00:00:06.066368,68.0,auto,11.0,11.0,191.0,COMPLETE
216.0,elevators,2.0,17.0,0.0019980658288991,2022-10-07 09:36:07.632860,2022-10-07 09:36:10.367337,0 days 00:00:02.734477,45.0,auto,7.0,4.0,75.0,COMPLETE
216.0,elevators,2.0,18.0,0.0026273642534328,2022-10-07 09:36:10.368183,2022-10-07 09:36:12.756632,0 days 00:00:02.388449,34.0,sqrt,4.0,12.0,223.0,COMPLETE
216.0,elevators,2.0,19.0,0.0025701799705994,2022-10-07 09:36:12.757511,2022-10-07 09:36:15.446745,0 days 00:00:02.689234,70.0,auto,25.0,7.0,103.0,COMPLETE
216.0,elevators,2.0,20.0,0.001786912470117,2022-10-07 09:36:15.448400,2022-10-07 09:36:30.213437,0 days 00:00:14.765037,99.0,auto,1.0,5.0,313.0,COMPLETE
216.0,elevators,2.0,21.0,0.0017831739229572,2022-10-07 09:36:30.214275,2022-10-07 09:36:45.679474,0 days 00:00:15.465199,96.0,auto,1.0,5.0,329.0,COMPLETE
216.0,elevators,2.0,22.0,0.0017864346492755,2022-10-07 09:36:45.680304,2022-10-07 09:37:00.831379,0 days 00:00:15.151075,98.0,auto,1.0,5.0,322.0,COMPLETE
216.0,elevators,2.0,23.0,0.0017870181492176,2022-10-07 09:37:00.832214,2022-10-07 09:37:17.031733,0 days 00:00:16.199519,74.0,auto,1.0,5.0,343.0,COMPLETE
216.0,elevators,2.0,24.0,0.0020175450112411,2022-10-07 09:37:17.035407,2022-10-07 09:37:26.649721,0 days 00:00:09.614314,92.0,auto,8.0,9.0,288.0,COMPLETE
216.0,elevators,2.0,25.0,0.0018064486181721,2022-10-07 09:37:26.650581,2022-10-07 09:37:45.271464,0 days 00:00:18.620883,39.0,auto,3.0,6.0,451.0,COMPLETE
216.0,elevators,2.0,26.0,0.0023367742202054,2022-10-07 09:37:45.272290,2022-10-07 09:37:49.472150,0 days 00:00:04.199860,72.0,sqrt,1.0,4.0,299.0,COMPLETE
216.0,elevators,2.0,27.0,0.0021676539843817,2022-10-07 09:37:49.472993,2022-10-07 09:37:54.019951,0 days 00:00:04.546958,99.0,auto,12.0,13.0,146.0,COMPLETE
216.0,elevators,2.0,28.0,0.0018939321732938,2022-10-07 09:37:54.020805,2022-10-07 09:38:11.836087,0 days 00:00:17.815282,26.0,auto,5.0,8.0,482.0,COMPLETE
216.0,elevators,2.0,29.0,0.0023079889229683,2022-10-07 09:38:11.836910,2022-10-07 09:38:18.433776,0 days 00:00:06.596866,12.0,auto,16.0,5.0,235.0,COMPLETE
216.0,elevators,2.0,30.0,0.0023934676246282,2022-10-07 09:38:18.434589,2022-10-07 09:38:22.431583,0 days 00:00:03.996994,57.0,auto,19.0,21.0,141.0,COMPLETE
216.0,elevators,2.0,31.0,0.001786694335858,2022-10-07 09:38:22.432403,2022-10-07 09:38:37.344990,0 days 00:00:14.912587,75.0,auto,1.0,5.0,316.0,COMPLETE
216.0,elevators,2.0,32.0,0.0018197072202004,2022-10-07 09:38:37.345812,2022-10-07 09:38:52.063075,0 days 00:00:14.717263,79.0,auto,3.0,7.0,361.0,COMPLETE
216.0,elevators,2.0,33.0,0.0019431746467824,2022-10-07 09:38:52.063934,2022-10-07 09:39:01.267908,0 days 00:00:09.203974,62.0,auto,6.0,4.0,258.0,COMPLETE
216.0,elevators,2.0,34.0,0.0017753998427298,2022-10-07 09:39:01.268729,2022-10-07 09:39:17.563759,0 days 00:00:16.295030,83.0,auto,1.0,2.0,326.0,COMPLETE
216.0,elevators,2.0,35.0,0.0018124428634361,2022-10-07 09:39:17.564592,2022-10-07 09:39:25.700614,0 days 00:00:08.136022,77.0,auto,3.0,2.0,196.0,COMPLETE
216.0,elevators,2.0,36.0,0.0026591161571249,2022-10-07 09:39:25.701422,2022-10-07 09:39:29.852992,0 days 00:00:04.151570,57.0,sqrt,5.0,3.0,399.0,COMPLETE
216.0,elevators,2.0,37.0,0.0019387609002686,2022-10-07 09:39:29.853806,2022-10-07 09:39:30.637919,0 days 00:00:00.784113,81.0,auto,3.0,3.0,16.0,COMPLETE
216.0,elevators,2.0,38.0,0.0024476970261775,2022-10-07 09:39:30.638713,2022-10-07 09:39:33.930417,0 days 00:00:03.291704,39.0,auto,21.0,7.0,118.0,COMPLETE
216.0,elevators,2.0,39.0,0.002812700303059,2022-10-07 09:39:33.931240,2022-10-07 09:39:36.626312,0 days 00:00:02.695072,63.0,sqrt,7.0,14.0,268.0,COMPLETE
216.0,elevators,2.0,40.0,0.0018224119353927,2022-10-07 09:39:36.627118,2022-10-07 09:39:56.431662,0 days 00:00:19.804544,81.0,auto,2.0,9.0,480.0,COMPLETE
216.0,elevators,2.0,41.0,0.0017789824673458,2022-10-07 09:39:56.432577,2022-10-07 09:40:11.750265,0 days 00:00:15.317688,97.0,auto,1.0,5.0,323.0,COMPLETE
216.0,elevators,2.0,42.0,0.0017983889115356,2022-10-07 09:40:11.751110,2022-10-07 09:40:29.610704,0 days 00:00:17.859594,85.0,auto,1.0,6.0,389.0,COMPLETE
216.0,elevators,2.0,43.0,0.0017781419449265,2022-10-07 09:40:29.611523,2022-10-07 09:40:39.274640,0 days 00:00:09.663117,100.0,auto,2.0,4.0,213.0,COMPLETE
216.0,elevators,2.0,44.0,0.0018576940030456,2022-10-07 09:40:39.275457,2022-10-07 09:40:47.649134,0 days 00:00:08.373677,98.0,auto,4.0,3.0,215.0,COMPLETE
216.0,elevators,2.0,45.0,0.0017796012771233,2022-10-07 09:40:47.649995,2022-10-07 09:40:55.292135,0 days 00:00:07.642140,51.0,auto,2.0,2.0,168.0,COMPLETE
216.0,elevators,2.0,46.0,0.0018164873301182,2022-10-07 09:40:55.292979,2022-10-07 09:41:02.525976,0 days 00:00:07.232997,51.0,auto,3.0,2.0,174.0,COMPLETE
216.0,elevators,2.0,47.0,0.0043486737500637,2022-10-07 09:41:02.526817,2022-10-07 09:41:03.693493,0 days 00:00:01.166676,5.0,sqrt,6.0,3.0,234.0,COMPLETE
216.0,elevators,2.0,48.0,0.0018046619033843,2022-10-07 09:41:03.694325,2022-10-07 09:41:07.979775,0 days 00:00:04.285450,65.0,auto,2.0,4.0,93.0,COMPLETE
216.0,elevators,2.0,49.0,0.0018460933938045,2022-10-07 09:41:07.981774,2022-10-07 09:41:12.796370,0 days 00:00:04.814596,85.0,auto,4.0,2.0,121.0,COMPLETE
216.0,elevators,2.0,50.0,0.0021033766344829,2022-10-07 09:41:12.797227,2022-10-07 09:41:17.740098,0 days 00:00:04.942871,44.0,auto,8.0,25.0,157.0,COMPLETE
216.0,elevators,2.0,51.0,0.001792842063112,2022-10-07 09:41:17.741364,2022-10-07 09:41:33.895639,0 days 00:00:16.154275,90.0,auto,2.0,6.0,372.0,COMPLETE
216.0,elevators,2.0,52.0,0.0017734793675235,2022-10-07 09:41:33.896507,2022-10-07 09:41:45.662661,0 days 00:00:11.766154,67.0,auto,2.0,4.0,262.0,COMPLETE
216.0,elevators,2.0,53.0,0.0022340780799591,2022-10-07 09:41:45.663473,2022-10-07 09:41:53.446347,0 days 00:00:07.782874,67.0,auto,14.0,3.0,262.0,COMPLETE
216.0,elevators,2.0,54.0,0.001787445043106,2022-10-07 09:41:53.447186,2022-10-07 09:42:02.568018,0 days 00:00:09.120832,54.0,auto,2.0,4.0,202.0,COMPLETE
216.0,elevators,2.0,55.0,0.0019119914353978,2022-10-07 09:42:02.568884,2022-10-07 09:42:16.222795,0 days 00:00:13.653911,13.0,auto,5.0,8.0,406.0,COMPLETE
216.0,elevators,2.0,56.0,0.0017878135797976,2022-10-07 09:42:16.223619,2022-10-07 09:42:23.870637,0 days 00:00:07.647018,25.0,auto,2.0,2.0,169.0,COMPLETE
216.0,elevators,2.0,57.0,0.0018136656872658,2022-10-07 09:42:23.871481,2022-10-07 09:42:35.525077,0 days 00:00:11.653596,20.0,auto,3.0,4.0,285.0,COMPLETE
216.0,elevators,2.0,58.0,0.0026184675910579,2022-10-07 09:42:35.525975,2022-10-07 09:42:35.985077,0 days 00:00:00.459102,70.0,sqrt,4.0,7.0,41.0,COMPLETE
216.0,elevators,2.0,59.0,0.0025387463237189,2022-10-07 09:42:35.986269,2022-10-07 09:42:38.858988,0 days 00:00:02.872719,7.0,auto,1.0,20.0,136.0,COMPLETE
216.0,elevators,2.0,60.0,0.001994102834941,2022-10-07 09:42:38.860841,2022-10-07 09:42:39.933808,0 days 00:00:01.072967,88.0,auto,6.0,5.0,27.0,COMPLETE
216.0,elevators,2.0,61.0,0.0017918546275182,2022-10-07 09:42:39.934538,2022-10-07 09:42:55.667599,0 days 00:00:15.733061,99.0,auto,1.0,6.0,339.0,COMPLETE
216.0,elevators,2.0,62.0,0.0017755467565936,2022-10-07 09:42:55.668318,2022-10-07 09:43:09.943444,0 days 00:00:14.275126,88.0,auto,2.0,3.0,318.0,COMPLETE
216.0,elevators,2.0,63.0,0.0018156364322612,2022-10-07 09:43:09.944171,2022-10-07 09:43:19.789818,0 days 00:00:09.845647,88.0,auto,3.0,3.0,236.0,COMPLETE
216.0,elevators,2.0,64.0,0.0018080207722356,2022-10-07 09:43:19.790498,2022-10-07 09:43:22.261353,0 days 00:00:02.470855,75.0,auto,2.0,2.0,55.0,COMPLETE
216.0,elevators,2.0,65.0,0.0018908657600693,2022-10-07 09:43:22.262212,2022-10-07 09:43:37.610495,0 days 00:00:15.348283,58.0,auto,5.0,4.0,415.0,COMPLETE
216.0,elevators,2.0,66.0,0.0018520178075116,2022-10-07 09:43:37.611181,2022-10-07 09:43:49.111729,0 days 00:00:11.500548,48.0,auto,4.0,5.0,295.0,COMPLETE
216.0,elevators,2.0,67.0,0.0017783455394452,2022-10-07 09:43:49.112439,2022-10-07 09:43:59.478056,0 days 00:00:10.365617,69.0,auto,1.0,2.0,206.0,COMPLETE
216.0,elevators,2.0,68.0,0.0017758559055907,2022-10-07 09:43:59.478748,2022-10-07 09:44:08.454042,0 days 00:00:08.975294,40.0,auto,2.0,2.0,197.0,COMPLETE
216.0,elevators,2.0,69.0,0.0020972209292547,2022-10-07 09:44:08.454724,2022-10-07 09:44:15.169393,0 days 00:00:06.714669,40.0,auto,10.0,3.0,207.0,COMPLETE
216.0,elevators,2.0,70.0,0.0018545042719785,2022-10-07 09:44:15.170078,2022-10-07 09:44:24.818924,0 days 00:00:09.648846,28.0,auto,4.0,2.0,247.0,COMPLETE
216.0,elevators,2.0,71.0,0.0017803885923185,2022-10-07 09:44:24.819603,2022-10-07 09:44:33.836719,0 days 00:00:09.017116,52.0,auto,1.0,3.0,181.0,COMPLETE
216.0,elevators,2.0,72.0,0.0017755210113377,2022-10-07 09:44:33.837420,2022-10-07 09:44:43.838291,0 days 00:00:10.000871,62.0,auto,2.0,2.0,220.0,COMPLETE
216.0,elevators,2.0,73.0,0.001817721948291,2022-10-07 09:44:43.839064,2022-10-07 09:44:52.744799,0 days 00:00:08.905735,67.0,auto,3.0,4.0,213.0,COMPLETE
216.0,elevators,2.0,74.0,0.0017841854334582,2022-10-07 09:44:52.745484,2022-10-07 09:45:05.511500,0 days 00:00:12.766016,80.0,auto,2.0,2.0,281.0,COMPLETE
216.0,elevators,2.0,75.0,0.0017695969353282,2022-10-07 09:45:05.512204,2022-10-07 09:45:21.888600,0 days 00:00:16.376396,70.0,auto,1.0,3.0,332.0,COMPLETE
216.0,elevators,2.0,76.0,0.0024806705049278,2022-10-07 09:45:21.889281,2022-10-07 09:45:27.117086,0 days 00:00:05.227805,60.0,sqrt,3.0,3.0,443.0,COMPLETE
216.0,elevators,2.0,77.0,0.0019019117433588,2022-10-07 09:45:27.117963,2022-10-07 09:45:32.105523,0 days 00:00:04.987560,35.0,auto,5.0,4.0,132.0,COMPLETE
216.0,elevators,2.0,78.0,0.0017612325355133,2022-10-07 09:45:32.106207,2022-10-07 09:45:41.569770,0 days 00:00:09.463563,73.0,auto,1.0,2.0,188.0,COMPLETE
216.0,elevators,2.0,79.0,0.0017757123428768,2022-10-07 09:45:41.570493,2022-10-07 09:45:53.160394,0 days 00:00:11.589901,43.0,auto,2.0,3.0,255.0,COMPLETE
216.0,elevators,2.0,80.0,0.0023271617534971,2022-10-07 09:45:53.161079,2022-10-07 09:46:03.478644,0 days 00:00:10.317565,61.0,auto,17.0,3.0,361.0,COMPLETE
216.0,elevators,2.0,81.0,0.0017742684376103,2022-10-07 09:46:03.479328,2022-10-07 09:46:14.659365,0 days 00:00:11.180037,44.0,auto,2.0,3.0,245.0,COMPLETE
216.0,elevators,2.0,82.0,0.0017778474106283,2022-10-07 09:46:14.660101,2022-10-07 09:46:26.909938,0 days 00:00:12.249837,44.0,auto,2.0,3.0,270.0,COMPLETE
216.0,elevators,2.0,83.0,0.0018117606557049,2022-10-07 09:46:26.910623,2022-10-07 09:46:39.853319,0 days 00:00:12.942696,36.0,auto,3.0,2.0,311.0,COMPLETE
216.0,elevators,2.0,84.0,0.0018517098893247,2022-10-07 09:46:39.854011,2022-10-07 09:46:49.319037,0 days 00:00:09.465026,29.0,auto,4.0,3.0,242.0,COMPLETE
216.0,elevators,2.0,85.0,0.001912054856882,2022-10-07 09:46:49.319727,2022-10-07 09:47:03.147275,0 days 00:00:13.827548,41.0,auto,1.0,16.0,344.0,COMPLETE
216.0,elevators,2.0,86.0,0.0018172650719803,2022-10-07 09:47:03.147995,2022-10-07 09:47:11.000423,0 days 00:00:07.852428,55.0,auto,3.0,2.0,187.0,COMPLETE
216.0,elevators,2.0,87.0,0.0017829575073239,2022-10-07 09:47:11.001119,2022-10-07 09:47:18.265926,0 days 00:00:07.264807,48.0,auto,2.0,4.0,159.0,COMPLETE
216.0,elevators,2.0,88.0,0.0023479335601401,2022-10-07 09:47:18.266607,2022-10-07 09:47:21.776564,0 days 00:00:03.509957,32.0,sqrt,1.0,5.0,259.0,COMPLETE
216.0,elevators,2.0,89.0,0.0025645466098536,2022-10-07 09:47:21.777255,2022-10-07 09:47:24.658698,0 days 00:00:02.881443,73.0,auto,25.0,6.0,106.0,COMPLETE
216.0,elevators,2.0,90.0,0.0018688036206711,2022-10-07 09:47:24.659398,2022-10-07 09:47:43.734000,0 days 00:00:19.074602,62.0,auto,3.0,12.0,495.0,COMPLETE
216.0,elevators,2.0,91.0,0.0017762157845034,2022-10-07 09:47:43.734710,2022-10-07 09:47:56.347180,0 days 00:00:12.612470,44.0,auto,2.0,3.0,276.0,COMPLETE
216.0,elevators,2.0,92.0,0.0017632729316215,2022-10-07 09:47:56.347931,2022-10-07 09:48:11.963474,0 days 00:00:15.615543,37.0,auto,1.0,2.0,310.0,COMPLETE
216.0,elevators,2.0,93.0,0.0017587692281059,2022-10-07 09:48:11.964334,2022-10-07 09:48:23.561081,0 days 00:00:11.596747,38.0,auto,1.0,2.0,230.0,COMPLETE
216.0,elevators,2.0,94.0,0.0017800082042617,2022-10-07 09:48:23.561789,2022-10-07 09:48:33.497569,0 days 00:00:09.935780,16.0,auto,1.0,2.0,226.0,COMPLETE
216.0,elevators,2.0,95.0,0.0025015361142967,2022-10-07 09:48:33.498266,2022-10-07 09:48:41.461467,0 days 00:00:07.963201,31.0,auto,23.0,3.0,296.0,COMPLETE
216.0,elevators,2.0,96.0,0.0017704631159581,2022-10-07 09:48:41.462172,2022-10-07 09:49:01.708062,0 days 00:00:20.245890,37.0,auto,1.0,4.0,420.0,COMPLETE
216.0,elevators,2.0,97.0,0.0017747205999473,2022-10-07 09:49:01.708811,2022-10-07 09:49:22.221733,0 days 00:00:20.512922,37.0,auto,1.0,4.0,425.0,COMPLETE
216.0,elevators,2.0,98.0,0.0017749337471844,2022-10-07 09:49:22.222423,2022-10-07 09:49:43.548689,0 days 00:00:21.326266,38.0,auto,1.0,4.0,443.0,COMPLETE
216.0,elevators,2.0,99.0,0.0017736590777404,2022-10-07 09:49:43.549412,2022-10-07 09:50:05.098013,0 days 00:00:21.548601,35.0,auto,1.0,4.0,447.0,COMPLETE
216.0,elevators,3.0,0.0,0.0032749021731224,2022-10-07 09:50:20.544357,2022-10-07 09:50:24.993274,0 days 00:00:04.448917,19.0,sqrt,5.0,24.0,472.0,COMPLETE
216.0,elevators,3.0,1.0,0.0034183182201708,2022-10-07 09:50:24.993924,2022-10-07 09:50:25.330102,0 days 00:00:00.336178,29.0,sqrt,9.0,17.0,24.0,COMPLETE
216.0,elevators,3.0,2.0,0.0033920182321749,2022-10-07 09:50:25.330722,2022-10-07 09:50:25.556884,0 days 00:00:00.226162,22.0,sqrt,9.0,8.0,12.0,COMPLETE
216.0,elevators,3.0,3.0,0.00407482776492,2022-10-07 09:50:25.557512,2022-10-07 09:50:26.091613,0 days 00:00:00.534101,8.0,sqrt,18.0,12.0,67.0,COMPLETE
216.0,elevators,3.0,4.0,0.002361172600979,2022-10-07 09:50:26.092259,2022-10-07 09:50:27.406518,0 days 00:00:01.314259,74.0,auto,5.0,20.0,35.0,COMPLETE
216.0,elevators,3.0,5.0,0.0039512828088261,2022-10-07 09:50:27.407147,2022-10-07 09:50:27.937025,0 days 00:00:00.529878,39.0,sqrt,22.0,16.0,51.0,COMPLETE
216.0,elevators,3.0,6.0,0.0038199538571917,2022-10-07 09:50:27.937634,2022-10-07 09:50:29.041419,0 days 00:00:01.103785,82.0,sqrt,19.0,5.0,127.0,COMPLETE
216.0,elevators,3.0,7.0,0.0040489360721726,2022-10-07 09:50:29.042050,2022-10-07 09:50:29.191395,0 days 00:00:00.149345,32.0,sqrt,21.0,8.0,14.0,COMPLETE
216.0,elevators,3.0,8.0,0.0025334983911774,2022-10-07 09:50:29.192165,2022-10-07 09:50:29.967404,0 days 00:00:00.775239,31.0,auto,11.0,23.0,21.0,COMPLETE
216.0,elevators,3.0,9.0,0.0038349011017094,2022-10-07 09:50:29.968048,2022-10-07 09:50:30.415329,0 days 00:00:00.447281,15.0,sqrt,18.0,6.0,42.0,COMPLETE
216.0,elevators,3.0,10.0,0.0023039782824341,2022-10-07 09:50:30.415991,2022-10-07 09:50:36.700357,0 days 00:00:06.284366,95.0,auto,1.0,20.0,161.0,COMPLETE
216.0,elevators,3.0,11.0,0.0023046167549574,2022-10-07 09:50:36.700995,2022-10-07 09:50:43.034820,0 days 00:00:06.333825,100.0,auto,1.0,20.0,162.0,COMPLETE
216.0,elevators,3.0,12.0,0.0022967956744647,2022-10-07 09:50:43.035524,2022-10-07 09:50:49.741527,0 days 00:00:06.706003,94.0,auto,1.0,20.0,171.0,COMPLETE
216.0,elevators,3.0,13.0,0.0021837941084409,2022-10-07 09:50:49.742162,2022-10-07 09:50:59.475015,0 days 00:00:09.732853,57.0,auto,1.0,13.0,233.0,COMPLETE
216.0,elevators,3.0,14.0,0.002195045545359,2022-10-07 09:50:59.475645,2022-10-07 09:51:13.729896,0 days 00:00:14.254251,59.0,auto,5.0,11.0,385.0,COMPLETE
216.0,elevators,3.0,15.0,0.0022004383519934,2022-10-07 09:51:13.730559,2022-10-07 09:51:31.681839,0 days 00:00:17.951280,51.0,auto,5.0,12.0,490.0,COMPLETE
216.0,elevators,3.0,16.0,0.0026316911985428,2022-10-07 09:51:31.682498,2022-10-07 09:51:40.951562,0 days 00:00:09.269064,55.0,auto,15.0,2.0,312.0,COMPLETE
216.0,elevators,3.0,17.0,0.0030036047298485,2022-10-07 09:51:40.952226,2022-10-07 09:51:48.100805,0 days 00:00:07.148579,10.0,auto,25.0,14.0,284.0,COMPLETE
216.0,elevators,3.0,18.0,0.0038531913853447,2022-10-07 09:51:48.101435,2022-10-07 09:51:49.728094,0 days 00:00:01.626659,5.0,auto,7.0,10.0,101.0,COMPLETE
216.0,elevators,3.0,19.0,0.0025497130838176,2022-10-07 09:51:49.728724,2022-10-07 09:51:58.933063,0 days 00:00:09.204339,55.0,auto,13.0,16.0,300.0,COMPLETE
216.0,elevators,3.0,20.0,0.0021740545680156,2022-10-07 09:51:58.933701,2022-10-07 09:52:07.775283,0 days 00:00:08.841582,48.0,auto,3.0,13.0,229.0,COMPLETE
216.0,elevators,3.0,21.0,0.0021909546487827,2022-10-07 09:52:07.776017,2022-10-07 09:52:16.439119,0 days 00:00:08.663102,45.0,auto,3.0,14.0,227.0,COMPLETE
216.0,elevators,3.0,22.0,0.0021866070664267,2022-10-07 09:52:16.439758,2022-10-07 09:52:25.137557,0 days 00:00:08.697799,41.0,auto,3.0,14.0,229.0,COMPLETE
216.0,elevators,3.0,23.0,0.002196507012107,2022-10-07 09:52:25.138186,2022-10-07 09:52:29.242897,0 days 00:00:04.104711,37.0,auto,3.0,14.0,106.0,COMPLETE
216.0,elevators,3.0,24.0,0.0023577177729487,2022-10-07 09:52:29.243542,2022-10-07 09:52:32.042183,0 days 00:00:02.798641,70.0,auto,8.0,17.0,80.0,COMPLETE
216.0,elevators,3.0,25.0,0.0021715160677126,2022-10-07 09:52:32.042815,2022-10-07 09:52:40.666878,0 days 00:00:08.624063,24.0,auto,3.0,13.0,224.0,COMPLETE
216.0,elevators,3.0,26.0,0.0022880062002586,2022-10-07 09:52:40.667497,2022-10-07 09:52:49.685381,0 days 00:00:09.017884,25.0,auto,7.0,9.0,258.0,COMPLETE
216.0,elevators,3.0,27.0,0.0024832487942986,2022-10-07 09:52:49.686029,2022-10-07 09:52:56.060702,0 days 00:00:06.374673,15.0,auto,11.0,12.0,201.0,COMPLETE
216.0,elevators,3.0,28.0,0.0022766935094861,2022-10-07 09:52:56.061329,2022-10-07 09:53:00.694338,0 days 00:00:04.633009,17.0,auto,3.0,18.0,126.0,COMPLETE
216.0,elevators,3.0,29.0,0.0024395944685433,2022-10-07 09:53:00.694950,2022-10-07 09:53:15.235757,0 days 00:00:14.540807,12.0,auto,6.0,25.0,479.0,COMPLETE
216.0,elevators,3.0,30.0,0.0021248991618347,2022-10-07 09:53:15.236435,2022-10-07 09:53:27.922574,0 days 00:00:12.686139,25.0,auto,3.0,10.0,322.0,COMPLETE
216.0,elevators,3.0,31.0,0.0021287967073191,2022-10-07 09:53:27.923202,2022-10-07 09:53:42.571684,0 days 00:00:14.648482,22.0,auto,3.0,10.0,371.0,COMPLETE
216.0,elevators,3.0,32.0,0.0020814281150656,2022-10-07 09:53:42.572340,2022-10-07 09:53:58.043464,0 days 00:00:15.471124,21.0,auto,3.0,6.0,375.0,COMPLETE
216.0,elevators,3.0,33.0,0.0024383786849306,2022-10-07 09:53:58.044160,2022-10-07 09:54:08.360750,0 days 00:00:10.316590,21.0,auto,10.0,6.0,318.0,COMPLETE
216.0,elevators,3.0,34.0,0.0021273600415793,2022-10-07 09:54:08.361384,2022-10-07 09:54:23.574104,0 days 00:00:15.212720,26.0,auto,4.0,3.0,389.0,COMPLETE
216.0,elevators,3.0,35.0,0.002289089140644,2022-10-07 09:54:23.574766,2022-10-07 09:54:36.699938,0 days 00:00:13.125172,18.0,auto,7.0,2.0,379.0,COMPLETE
216.0,elevators,3.0,36.0,0.0029319958314999,2022-10-07 09:54:36.700587,2022-10-07 09:54:40.996942,0 days 00:00:04.296355,28.0,sqrt,4.0,4.0,392.0,COMPLETE
216.0,elevators,3.0,37.0,0.0021827268678786,2022-10-07 09:54:40.997584,2022-10-07 09:54:55.325497,0 days 00:00:14.327913,20.0,auto,5.0,8.0,384.0,COMPLETE
216.0,elevators,3.0,38.0,0.0033528784698178,2022-10-07 09:54:55.326140,2022-10-07 09:54:58.500571,0 days 00:00:03.174431,12.0,sqrt,9.0,4.0,367.0,COMPLETE
216.0,elevators,3.0,39.0,0.0020733758885222,2022-10-07 09:54:58.501213,2022-10-07 09:55:19.355354,0 days 00:00:20.854141,34.0,auto,2.0,7.0,487.0,COMPLETE
216.0,elevators,3.0,40.0,0.0032419926901758,2022-10-07 09:55:19.356041,2022-10-07 09:55:19.686646,0 days 00:00:00.330605,34.0,sqrt,6.0,7.0,30.0,COMPLETE
216.0,elevators,3.0,41.0,0.002098126810021,2022-10-07 09:55:19.688098,2022-10-07 09:55:40.437194,0 days 00:00:20.749096,27.0,auto,2.0,9.0,500.0,COMPLETE
216.0,elevators,3.0,42.0,0.0020394774027769,2022-10-07 09:55:40.437828,2022-10-07 09:56:01.250528,0 days 00:00:20.812700,28.0,auto,2.0,4.0,456.0,COMPLETE
216.0,elevators,3.0,43.0,0.0020564288182895,2022-10-07 09:56:01.251186,2022-10-07 09:56:21.302798,0 days 00:00:20.051612,30.0,auto,2.0,6.0,458.0,COMPLETE
216.0,elevators,3.0,44.0,0.0020619079516133,2022-10-07 09:56:21.303424,2022-10-07 09:56:44.158922,0 days 00:00:22.855498,33.0,auto,1.0,6.0,495.0,COMPLETE
216.0,elevators,3.0,45.0,0.0020720974619215,2022-10-07 09:56:44.159594,2022-10-07 09:57:05.114056,0 days 00:00:20.954462,33.0,auto,1.0,6.0,453.0,COMPLETE
216.0,elevators,3.0,46.0,0.002678335583186,2022-10-07 09:57:05.114703,2022-10-07 09:57:11.079591,0 days 00:00:05.964888,33.0,sqrt,1.0,5.0,445.0,COMPLETE
216.0,elevators,3.0,47.0,0.0022344129816759,2022-10-07 09:57:11.080270,2022-10-07 09:57:11.877053,0 days 00:00:00.796783,38.0,auto,1.0,7.0,15.0,COMPLETE
216.0,elevators,3.0,48.0,0.0020754739382007,2022-10-07 09:57:11.877684,2022-10-07 09:57:14.531491,0 days 00:00:02.653807,31.0,auto,2.0,4.0,56.0,COMPLETE
216.0,elevators,3.0,49.0,0.0020802519750367,2022-10-07 09:57:14.532141,2022-10-07 09:57:22.357654,0 days 00:00:07.825513,40.0,auto,2.0,7.0,181.0,COMPLETE
216.0,elevators,3.0,50.0,0.0026394475721558,2022-10-07 09:57:22.358297,2022-10-07 09:57:35.398075,0 days 00:00:13.039778,45.0,auto,15.0,5.0,440.0,COMPLETE
216.0,elevators,3.0,51.0,0.0021011672032623,2022-10-07 09:57:35.398706,2022-10-07 09:57:38.188555,0 days 00:00:02.789849,31.0,auto,2.0,4.0,59.0,COMPLETE
216.0,elevators,3.0,52.0,0.0020966628179244,2022-10-07 09:57:38.189216,2022-10-07 09:57:40.570449,0 days 00:00:02.381233,29.0,auto,1.0,3.0,48.0,COMPLETE
216.0,elevators,3.0,53.0,0.002176458289541,2022-10-07 09:57:40.572399,2022-10-07 09:57:42.256664,0 days 00:00:01.684265,33.0,auto,4.0,5.0,40.0,COMPLETE
216.0,elevators,3.0,54.0,0.0020727815369713,2022-10-07 09:57:42.257314,2022-10-07 09:57:46.062698,0 days 00:00:03.805384,36.0,auto,2.0,3.0,82.0,COMPLETE
216.0,elevators,3.0,55.0,0.0021863379274949,2022-10-07 09:57:46.063506,2022-10-07 09:57:56.704373,0 days 00:00:10.640867,36.0,auto,5.0,2.0,284.0,COMPLETE
216.0,elevators,3.0,56.0,0.0021919458133357,2022-10-07 09:57:56.705020,2022-10-07 09:57:57.911798,0 days 00:00:01.206778,42.0,auto,1.0,3.0,22.0,COMPLETE
216.0,elevators,3.0,57.0,0.0030866483762005,2022-10-07 09:57:57.912507,2022-10-07 09:57:58.046881,0 days 00:00:00.134374,67.0,sqrt,4.0,8.0,10.0,COMPLETE
216.0,elevators,3.0,58.0,0.0022441279372457,2022-10-07 09:57:58.047695,2022-10-07 09:58:03.181860,0 days 00:00:05.134165,47.0,auto,6.0,6.0,140.0,COMPLETE
216.0,elevators,3.0,59.0,0.0020853583307975,2022-10-07 09:58:03.182494,2022-10-07 09:58:22.326286,0 days 00:00:19.143792,24.0,auto,2.0,8.0,450.0,COMPLETE
216.0,elevators,3.0,60.0,0.002130090982821,2022-10-07 09:58:22.326932,2022-10-07 09:58:32.963486,0 days 00:00:10.636554,29.0,auto,4.0,5.0,270.0,COMPLETE
216.0,elevators,3.0,61.0,0.0020657705709731,2022-10-07 09:58:32.964158,2022-10-07 09:58:36.462644,0 days 00:00:03.498486,30.0,auto,2.0,4.0,75.0,COMPLETE
216.0,elevators,3.0,62.0,0.0020711158873198,2022-10-07 09:58:36.463296,2022-10-07 09:58:40.590436,0 days 00:00:04.127140,36.0,auto,2.0,3.0,89.0,COMPLETE
216.0,elevators,3.0,63.0,0.0020701321678727,2022-10-07 09:58:40.591101,2022-10-07 09:58:44.202777,0 days 00:00:03.611676,52.0,auto,1.0,3.0,71.0,COMPLETE
216.0,elevators,3.0,64.0,0.0020716135900818,2022-10-07 09:58:44.203422,2022-10-07 09:58:48.050183,0 days 00:00:03.846761,62.0,auto,1.0,2.0,77.0,COMPLETE
216.0,elevators,3.0,65.0,0.0029709585399849,2022-10-07 09:58:48.051070,2022-10-07 09:58:49.836159,0 days 00:00:01.785089,78.0,auto,25.0,2.0,67.0,COMPLETE
216.0,elevators,3.0,66.0,0.0020698557996558,2022-10-07 09:58:49.836891,2022-10-07 09:58:53.955986,0 days 00:00:04.119095,62.0,auto,1.0,3.0,82.0,COMPLETE
216.0,elevators,3.0,67.0,0.0021913966029309,2022-10-07 09:58:53.956634,2022-10-07 09:58:57.492540,0 days 00:00:03.535906,91.0,auto,5.0,3.0,92.0,COMPLETE
216.0,elevators,3.0,68.0,0.0027170689032515,2022-10-07 09:58:57.493250,2022-10-07 09:59:01.016652,0 days 00:00:03.523402,52.0,auto,17.0,4.0,119.0,COMPLETE
216.0,elevators,3.0,69.0,0.0020544464943745,2022-10-07 09:59:01.017298,2022-10-07 09:59:05.253653,0 days 00:00:04.236355,62.0,auto,2.0,5.0,93.0,COMPLETE
216.0,elevators,3.0,70.0,0.0028422553851613,2022-10-07 09:59:05.254306,2022-10-07 09:59:07.391743,0 days 00:00:02.137437,63.0,auto,20.0,5.0,73.0,COMPLETE
216.0,elevators,3.0,71.0,0.0020767516081498,2022-10-07 09:59:07.392441,2022-10-07 09:59:11.562796,0 days 00:00:04.170355,50.0,auto,2.0,3.0,90.0,COMPLETE
216.0,elevators,3.0,72.0,0.0021498894011331,2022-10-07 09:59:11.563438,2022-10-07 09:59:14.350230,0 days 00:00:02.786792,43.0,auto,4.0,4.0,68.0,COMPLETE
216.0,elevators,3.0,73.0,0.0020895471306489,2022-10-07 09:59:14.350919,2022-10-07 09:59:18.877593,0 days 00:00:04.526674,71.0,auto,3.0,5.0,107.0,COMPLETE
216.0,elevators,3.0,74.0,0.0020880498743612,2022-10-07 09:59:18.878232,2022-10-07 09:59:21.943452,0 days 00:00:03.065220,82.0,auto,1.0,2.0,59.0,COMPLETE
216.0,elevators,3.0,75.0,0.0020617877660523,2022-10-07 09:59:21.944123,2022-10-07 09:59:28.879569,0 days 00:00:06.935446,58.0,auto,2.0,4.0,152.0,COMPLETE
216.0,elevators,3.0,76.0,0.0020974227269583,2022-10-07 09:59:28.880321,2022-10-07 09:59:35.103967,0 days 00:00:06.223646,58.0,auto,3.0,6.0,147.0,COMPLETE
216.0,elevators,3.0,77.0,0.0049137204389412,2022-10-07 09:59:35.104654,2022-10-07 09:59:35.751013,0 days 00:00:00.646359,5.0,sqrt,4.0,4.0,117.0,COMPLETE
216.0,elevators,3.0,78.0,0.0022503999256381,2022-10-07 09:59:35.751672,2022-10-07 09:59:37.655938,0 days 00:00:01.904266,88.0,auto,6.0,7.0,50.0,COMPLETE
216.0,elevators,3.0,79.0,0.0023563484917816,2022-10-07 09:59:37.656627,2022-10-07 09:59:41.595096,0 days 00:00:03.938469,54.0,auto,1.0,23.0,99.0,COMPLETE
216.0,elevators,3.0,80.0,0.0021044961557693,2022-10-07 09:59:41.595766,2022-10-07 09:59:43.660203,0 days 00:00:02.064437,59.0,auto,2.0,6.0,44.0,COMPLETE
216.0,elevators,3.0,81.0,0.0020713929469801,2022-10-07 09:59:43.660876,2022-10-07 09:59:47.887738,0 days 00:00:04.226862,23.0,auto,2.0,3.0,91.0,COMPLETE
216.0,elevators,3.0,82.0,0.0033102448373976,2022-10-07 09:59:47.888447,2022-10-07 09:59:48.990889,0 days 00:00:01.102442,6.0,auto,3.0,5.0,55.0,COMPLETE
216.0,elevators,3.0,83.0,0.0020577662105545,2022-10-07 09:59:48.991559,2022-10-07 09:59:53.181233,0 days 00:00:04.189674,65.0,auto,1.0,4.0,85.0,COMPLETE
216.0,elevators,3.0,84.0,0.0020884637021691,2022-10-07 09:59:53.183275,2022-10-07 09:59:56.630982,0 days 00:00:03.447707,75.0,auto,1.0,4.0,69.0,COMPLETE
216.0,elevators,3.0,85.0,0.0028743552337967,2022-10-07 09:59:56.631654,2022-10-07 10:00:05.677464,0 days 00:00:09.045810,71.0,auto,22.0,4.0,331.0,COMPLETE
216.0,elevators,3.0,86.0,0.0020895892631773,2022-10-07 10:00:05.678133,2022-10-07 10:00:13.681215,0 days 00:00:08.003082,62.0,auto,3.0,2.0,190.0,COMPLETE
216.0,elevators,3.0,87.0,0.0020613023093248,2022-10-07 10:00:13.681882,2022-10-07 10:00:20.407497,0 days 00:00:06.725615,65.0,auto,1.0,5.0,140.0,COMPLETE
216.0,elevators,3.0,88.0,0.00257223091817,2022-10-07 10:00:20.408197,2022-10-07 10:00:23.978823,0 days 00:00:03.570626,100.0,auto,13.0,6.0,114.0,COMPLETE
216.0,elevators,3.0,89.0,0.0027479292657079,2022-10-07 10:00:23.979476,2022-10-07 10:00:25.799793,0 days 00:00:01.820317,81.0,sqrt,2.0,5.0,137.0,COMPLETE
216.0,elevators,3.0,90.0,0.0021287198950869,2022-10-07 10:00:25.800483,2022-10-07 10:00:32.049962,0 days 00:00:06.249479,67.0,auto,4.0,7.0,157.0,COMPLETE
216.0,elevators,3.0,91.0,0.0020840019130483,2022-10-07 10:00:32.050663,2022-10-07 10:00:36.057691,0 days 00:00:04.007028,50.0,auto,1.0,4.0,81.0,COMPLETE
216.0,elevators,3.0,92.0,0.0020760409245092,2022-10-07 10:00:36.058361,2022-10-07 10:00:39.166234,0 days 00:00:03.107873,55.0,auto,1.0,3.0,63.0,COMPLETE
216.0,elevators,3.0,93.0,0.0020982109249726,2022-10-07 10:00:39.167148,2022-10-07 10:00:43.427896,0 days 00:00:04.260748,63.0,auto,3.0,5.0,100.0,COMPLETE
216.0,elevators,3.0,94.0,0.002077705084782,2022-10-07 10:00:43.428556,2022-10-07 10:00:46.774768,0 days 00:00:03.346212,27.0,auto,2.0,6.0,75.0,COMPLETE
216.0,elevators,3.0,95.0,0.0020592885831622,2022-10-07 10:00:46.775429,2022-10-07 10:00:56.696543,0 days 00:00:09.921114,67.0,auto,1.0,4.0,204.0,COMPLETE
216.0,elevators,3.0,96.0,0.002521973150604,2022-10-07 10:00:56.697193,2022-10-07 10:01:03.246717,0 days 00:00:06.549524,76.0,auto,12.0,19.0,208.0,COMPLETE
216.0,elevators,3.0,97.0,0.002049627848896,2022-10-07 10:01:03.247375,2022-10-07 10:01:14.658657,0 days 00:00:11.411282,87.0,auto,2.0,4.0,250.0,COMPLETE
216.0,elevators,3.0,98.0,0.0021937562507797,2022-10-07 10:01:14.659330,2022-10-07 10:01:21.269269,0 days 00:00:06.609939,85.0,auto,5.0,9.0,176.0,COMPLETE
216.0,elevators,3.0,99.0,0.0020575436287899,2022-10-07 10:01:21.269927,2022-10-07 10:01:32.683621,0 days 00:00:11.413694,30.0,auto,2.0,4.0,250.0,COMPLETE
216.0,elevators,4.0,0.0,0.0034762639573455,2022-10-07 10:02:00.313891,2022-10-07 10:02:00.702280,0 days 00:00:00.388389,11.0,sqrt,20.0,4.0,37.0,COMPLETE
216.0,elevators,4.0,1.0,0.0039978161765727,2022-10-07 10:02:00.702918,2022-10-07 10:02:01.773969,0 days 00:00:01.071051,6.0,sqrt,8.0,20.0,206.0,COMPLETE
216.0,elevators,4.0,2.0,0.0021753311954418,2022-10-07 10:02:01.774853,2022-10-07 10:02:07.270150,0 days 00:00:05.495297,40.0,auto,10.0,10.0,170.0,COMPLETE
216.0,elevators,4.0,3.0,0.0036685289196914,2022-10-07 10:02:07.270779,2022-10-07 10:02:07.451207,0 days 00:00:00.180428,7.0,sqrt,1.0,23.0,28.0,COMPLETE
216.0,elevators,4.0,4.0,0.0023987496707968,2022-10-07 10:02:07.452055,2022-10-07 10:02:08.197179,0 days 00:00:00.745124,96.0,auto,15.0,17.0,21.0,COMPLETE
216.0,elevators,4.0,5.0,0.0029809501863736,2022-10-07 10:02:08.197804,2022-10-07 10:02:09.509532,0 days 00:00:01.311728,19.0,sqrt,9.0,11.0,131.0,COMPLETE
216.0,elevators,4.0,6.0,0.0022550119026971,2022-10-07 10:02:09.510153,2022-10-07 10:02:20.923933,0 days 00:00:11.413780,100.0,auto,12.0,5.0,369.0,COMPLETE
216.0,elevators,4.0,7.0,0.0020547790053279,2022-10-07 10:02:20.924590,2022-10-07 10:02:27.929125,0 days 00:00:07.004535,14.0,auto,7.0,5.0,209.0,COMPLETE
216.0,elevators,4.0,8.0,0.0036218266886348,2022-10-07 10:02:27.929729,2022-10-07 10:02:29.173992,0 days 00:00:01.244263,11.0,sqrt,25.0,10.0,158.0,COMPLETE
216.0,elevators,4.0,9.0,0.0027769195479139,2022-10-07 10:02:29.174815,2022-10-07 10:02:30.040062,0 days 00:00:00.865247,43.0,sqrt,1.0,22.0,73.0,COMPLETE
216.0,elevators,4.0,10.0,0.0018977542047046,2022-10-07 10:02:30.040700,2022-10-07 10:02:48.396331,0 days 00:00:18.355631,23.0,auto,4.0,2.0,475.0,COMPLETE
216.0,elevators,4.0,11.0,0.0020011261979806,2022-10-07 10:02:48.396972,2022-10-07 10:03:04.978698,0 days 00:00:16.581726,24.0,auto,6.0,2.0,467.0,COMPLETE
216.0,elevators,4.0,12.0,0.0019006053549618,2022-10-07 10:03:04.979342,2022-10-07 10:03:24.230116,0 days 00:00:19.250774,34.0,auto,4.0,2.0,498.0,COMPLETE
216.0,elevators,4.0,13.0,0.0019007673128466,2022-10-07 10:03:24.230761,2022-10-07 10:03:43.116368,0 days 00:00:18.885607,40.0,auto,4.0,7.0,487.0,COMPLETE
216.0,elevators,4.0,14.0,0.0024302102691903,2022-10-07 10:03:43.117021,2022-10-07 10:03:43.554433,0 days 00:00:00.437412,27.0,auto,15.0,15.0,11.0,COMPLETE
216.0,elevators,4.0,15.0,0.0018582652098859,2022-10-07 10:03:43.555048,2022-10-07 10:03:55.755966,0 days 00:00:12.200918,60.0,auto,3.0,2.0,295.0,COMPLETE
216.0,elevators,4.0,16.0,0.0019256563458006,2022-10-07 10:03:55.756614,2022-10-07 10:03:59.306881,0 days 00:00:03.550267,63.0,auto,4.0,9.0,90.0,COMPLETE
216.0,elevators,4.0,17.0,0.001930149917914,2022-10-07 10:03:59.307503,2022-10-07 10:04:11.074519,0 days 00:00:11.767016,63.0,auto,1.0,13.0,282.0,COMPLETE
216.0,elevators,4.0,18.0,0.0022442280796853,2022-10-07 10:04:11.075184,2022-10-07 10:04:19.549672,0 days 00:00:08.474488,55.0,auto,12.0,7.0,276.0,COMPLETE
216.0,elevators,4.0,19.0,0.0024754024928353,2022-10-07 10:04:19.550308,2022-10-07 10:04:22.636498,0 days 00:00:03.086190,16.0,auto,19.0,2.0,108.0,COMPLETE
216.0,elevators,4.0,20.0,0.0019441983612138,2022-10-07 10:04:22.637141,2022-10-07 10:04:34.722175,0 days 00:00:12.085034,27.0,auto,5.0,6.0,327.0,COMPLETE
216.0,elevators,4.0,21.0,0.0018533698181574,2022-10-07 10:04:34.722811,2022-10-07 10:04:52.696347,0 days 00:00:17.973536,33.0,auto,3.0,2.0,435.0,COMPLETE
216.0,elevators,4.0,22.0,0.001861926637297,2022-10-07 10:04:52.697009,2022-10-07 10:05:03.188416,0 days 00:00:10.491407,76.0,auto,3.0,4.0,253.0,COMPLETE
216.0,elevators,4.0,23.0,0.0018979449517527,2022-10-07 10:05:03.189046,2022-10-07 10:05:05.288522,0 days 00:00:02.099476,79.0,auto,3.0,4.0,48.0,COMPLETE
216.0,elevators,4.0,24.0,0.0020428218364359,2022-10-07 10:05:05.289163,2022-10-07 10:05:13.446559,0 days 00:00:08.157396,51.0,auto,7.0,8.0,236.0,COMPLETE
216.0,elevators,4.0,25.0,0.0018193242767769,2022-10-07 10:05:13.447204,2022-10-07 10:05:28.520890,0 days 00:00:15.073686,73.0,auto,2.0,4.0,333.0,COMPLETE
216.0,elevators,4.0,26.0,0.0018236917625563,2022-10-07 10:05:28.521536,2022-10-07 10:05:45.425296,0 days 00:00:16.903760,32.0,auto,2.0,4.0,375.0,COMPLETE
216.0,elevators,4.0,27.0,0.0021741225383914,2022-10-07 10:05:45.425926,2022-10-07 10:05:56.825094,0 days 00:00:11.399168,31.0,auto,10.0,12.0,357.0,COMPLETE
216.0,elevators,4.0,28.0,0.0019688495364814,2022-10-07 10:05:56.825716,2022-10-07 10:06:02.721633,0 days 00:00:05.895917,19.0,auto,2.0,16.0,154.0,COMPLETE
216.0,elevators,4.0,29.0,0.0028013338667245,2022-10-07 10:06:02.722268,2022-10-07 10:06:03.196170,0 days 00:00:00.473902,46.0,sqrt,6.0,6.0,47.0,COMPLETE
216.0,elevators,4.0,30.0,0.0025661052072973,2022-10-07 10:06:03.197445,2022-10-07 10:06:12.903283,0 days 00:00:09.705838,33.0,auto,23.0,4.0,362.0,COMPLETE
216.0,elevators,4.0,31.0,0.0018132724296501,2022-10-07 10:06:12.903995,2022-10-07 10:06:30.940028,0 days 00:00:18.036033,63.0,auto,1.0,3.0,364.0,COMPLETE
216.0,elevators,4.0,32.0,0.0018278006238937,2022-10-07 10:06:30.940687,2022-10-07 10:06:39.918127,0 days 00:00:08.977440,78.0,auto,1.0,4.0,186.0,COMPLETE
216.0,elevators,4.0,33.0,0.0018342347585989,2022-10-07 10:06:39.918759,2022-10-07 10:06:49.020597,0 days 00:00:09.101838,76.0,auto,1.0,4.0,188.0,COMPLETE
216.0,elevators,4.0,34.0,0.0024628011471748,2022-10-07 10:06:49.021251,2022-10-07 10:06:51.762394,0 days 00:00:02.741143,83.0,sqrt,1.0,8.0,216.0,COMPLETE
216.0,elevators,4.0,35.0,0.0034446724308728,2022-10-07 10:06:51.763053,2022-10-07 10:06:53.622395,0 days 00:00:01.859342,5.0,auto,6.0,18.0,118.0,COMPLETE
216.0,elevators,4.0,36.0,0.0020855364164703,2022-10-07 10:06:53.623047,2022-10-07 10:07:06.027971,0 days 00:00:12.404924,68.0,auto,8.0,6.0,371.0,COMPLETE
216.0,elevators,4.0,37.0,0.0033943791302727,2022-10-07 10:07:06.028704,2022-10-07 10:07:07.256576,0 days 00:00:01.227872,88.0,sqrt,18.0,25.0,144.0,COMPLETE
216.0,elevators,4.0,38.0,0.0018335690077423,2022-10-07 10:07:07.257199,2022-10-07 10:07:15.445023,0 days 00:00:08.187824,50.0,auto,2.0,4.0,181.0,COMPLETE
216.0,elevators,4.0,39.0,0.0024400813032961,2022-10-07 10:07:15.445683,2022-10-07 10:07:20.530885,0 days 00:00:05.085202,8.0,auto,10.0,10.0,219.0,COMPLETE
216.0,elevators,4.0,40.0,0.0028046942787372,2022-10-07 10:07:20.531519,2022-10-07 10:07:20.802874,0 days 00:00:00.271355,38.0,sqrt,5.0,5.0,23.0,COMPLETE
216.0,elevators,4.0,41.0,0.0018299144996201,2022-10-07 10:07:20.803522,2022-10-07 10:07:29.180508,0 days 00:00:08.376986,52.0,auto,2.0,3.0,184.0,COMPLETE
216.0,elevators,4.0,42.0,0.0018239584113719,2022-10-07 10:07:29.181170,2022-10-07 10:07:43.603580,0 days 00:00:14.422410,99.0,auto,2.0,3.0,319.0,COMPLETE
216.0,elevators,4.0,43.0,0.0018243247493881,2022-10-07 10:07:43.604249,2022-10-07 10:07:57.810169,0 days 00:00:14.205920,100.0,auto,2.0,3.0,315.0,COMPLETE
216.0,elevators,4.0,44.0,0.0019510622210276,2022-10-07 10:07:57.810792,2022-10-07 10:08:12.375336,0 days 00:00:14.564544,97.0,auto,5.0,3.0,393.0,COMPLETE
216.0,elevators,4.0,45.0,0.0018256968730317,2022-10-07 10:08:12.376002,2022-10-07 10:08:26.150220,0 days 00:00:13.774218,100.0,auto,2.0,5.0,311.0,COMPLETE
216.0,elevators,4.0,46.0,0.0020925490413845,2022-10-07 10:08:26.150862,2022-10-07 10:08:34.618829,0 days 00:00:08.467967,67.0,auto,8.0,7.0,253.0,COMPLETE
216.0,elevators,4.0,47.0,0.0018564030504162,2022-10-07 10:08:34.619480,2022-10-07 10:08:52.156510,0 days 00:00:17.537030,89.0,auto,3.0,3.0,424.0,COMPLETE
216.0,elevators,4.0,48.0,0.0019516822692327,2022-10-07 10:08:52.157151,2022-10-07 10:09:03.716345,0 days 00:00:11.559194,73.0,auto,5.0,6.0,312.0,COMPLETE
216.0,elevators,4.0,49.0,0.0033806883209373,2022-10-07 10:09:03.716992,2022-10-07 10:09:03.867902,0 days 00:00:00.150910,59.0,sqrt,16.0,9.0,16.0,COMPLETE
216.0,elevators,4.0,50.0,0.0020430843752313,2022-10-07 10:09:03.868884,2022-10-07 10:09:17.805840,0 days 00:00:13.936956,90.0,auto,4.0,19.0,397.0,COMPLETE
216.0,elevators,4.0,51.0,0.0018337449511521,2022-10-07 10:09:17.806479,2022-10-07 10:09:31.792693,0 days 00:00:13.986214,100.0,auto,2.0,5.0,316.0,COMPLETE
216.0,elevators,4.0,52.0,0.001825104508496,2022-10-07 10:09:31.793346,2022-10-07 10:09:44.526814,0 days 00:00:12.733468,98.0,auto,2.0,3.0,282.0,COMPLETE
216.0,elevators,4.0,53.0,0.0018222013449637,2022-10-07 10:09:44.527481,2022-10-07 10:09:57.453323,0 days 00:00:12.925842,68.0,auto,1.0,3.0,262.0,COMPLETE
216.0,elevators,4.0,54.0,0.0018186986294737,2022-10-07 10:09:57.453964,2022-10-07 10:10:10.087231,0 days 00:00:12.633267,44.0,auto,1.0,3.0,254.0,COMPLETE
216.0,elevators,4.0,55.0,0.001810825638895,2022-10-07 10:10:10.087942,2022-10-07 10:10:35.108318,0 days 00:00:25.020376,44.0,auto,1.0,2.0,499.0,COMPLETE
216.0,elevators,4.0,56.0,0.0018144703131166,2022-10-07 10:10:35.108977,2022-10-07 10:10:59.473686,0 days 00:00:24.364709,44.0,auto,1.0,2.0,486.0,COMPLETE
216.0,elevators,4.0,57.0,0.0018099078828736,2022-10-07 10:10:59.474363,2022-10-07 10:11:24.202994,0 days 00:00:24.728631,44.0,auto,1.0,2.0,495.0,COMPLETE
216.0,elevators,4.0,58.0,0.0019019768403672,2022-10-07 10:11:24.203639,2022-10-07 10:11:40.189554,0 days 00:00:15.985915,44.0,auto,4.0,2.0,412.0,COMPLETE
216.0,elevators,4.0,59.0,0.0018129190696523,2022-10-07 10:11:40.190221,2022-10-07 10:12:04.352335,0 days 00:00:24.162114,38.0,auto,1.0,2.0,484.0,COMPLETE
216.0,elevators,4.0,60.0,0.0018115805858675,2022-10-07 10:12:04.353034,2022-10-07 10:12:24.439770,0 days 00:00:20.086736,39.0,auto,1.0,2.0,401.0,COMPLETE
216.0,elevators,4.0,61.0,0.0018095402715284,2022-10-07 10:12:24.440479,2022-10-07 10:12:49.286631,0 days 00:00:24.846152,39.0,auto,1.0,2.0,497.0,COMPLETE
216.0,elevators,4.0,62.0,0.0018564117413363,2022-10-07 10:12:49.287307,2022-10-07 10:13:09.128090,0 days 00:00:19.840783,40.0,auto,3.0,2.0,481.0,COMPLETE
216.0,elevators,4.0,63.0,0.0018132661395202,2022-10-07 10:13:09.128808,2022-10-07 10:13:32.909373,0 days 00:00:23.780565,27.0,auto,1.0,2.0,478.0,COMPLETE
216.0,elevators,4.0,64.0,0.0018575954042295,2022-10-07 10:13:32.910042,2022-10-07 10:13:53.407240,0 days 00:00:20.497198,27.0,auto,3.0,2.0,498.0,COMPLETE
216.0,elevators,4.0,65.0,0.0019060902402351,2022-10-07 10:13:53.407943,2022-10-07 10:14:10.032082,0 days 00:00:16.624139,29.0,auto,4.0,5.0,427.0,COMPLETE
216.0,elevators,4.0,66.0,0.0018613032598621,2022-10-07 10:14:10.032796,2022-10-07 10:14:27.807495,0 days 00:00:17.774699,37.0,auto,3.0,2.0,430.0,COMPLETE
216.0,elevators,4.0,67.0,0.0020456556894447,2022-10-07 10:14:27.808201,2022-10-07 10:14:44.885714,0 days 00:00:17.077513,22.0,auto,1.0,21.0,448.0,COMPLETE
216.0,elevators,4.0,68.0,0.0026123459911418,2022-10-07 10:14:44.886398,2022-10-07 10:14:48.860783,0 days 00:00:03.974385,35.0,sqrt,4.0,2.0,364.0,COMPLETE
216.0,elevators,4.0,69.0,0.0025616861651197,2022-10-07 10:14:48.861468,2022-10-07 10:15:02.116324,0 days 00:00:13.254856,25.0,auto,23.0,5.0,499.0,COMPLETE
216.0,elevators,4.0,70.0,0.0020435467543537,2022-10-07 10:15:02.117210,2022-10-07 10:15:14.251192,0 days 00:00:12.133982,57.0,auto,7.0,3.0,352.0,COMPLETE
216.0,elevators,4.0,71.0,0.0018099917418432,2022-10-07 10:15:14.251877,2022-10-07 10:15:39.180244,0 days 00:00:24.928367,46.0,auto,1.0,2.0,500.0,COMPLETE
216.0,elevators,4.0,72.0,0.0018220523526259,2022-10-07 10:15:39.180961,2022-10-07 10:15:59.661998,0 days 00:00:20.481037,50.0,auto,1.0,4.0,427.0,COMPLETE
216.0,elevators,4.0,73.0,0.0018563819795319,2022-10-07 10:15:59.662644,2022-10-07 10:16:15.869501,0 days 00:00:16.206857,40.0,auto,3.0,2.0,391.0,COMPLETE
216.0,elevators,4.0,74.0,0.0018128548238737,2022-10-07 10:16:15.870166,2022-10-07 10:16:37.512933,0 days 00:00:21.642767,20.0,auto,1.0,2.0,449.0,COMPLETE
216.0,elevators,4.0,75.0,0.0018140344141655,2022-10-07 10:16:37.513593,2022-10-07 10:16:57.870812,0 days 00:00:20.357219,17.0,auto,1.0,2.0,451.0,COMPLETE
216.0,elevators,4.0,76.0,0.0022855428592381,2022-10-07 10:16:57.871526,2022-10-07 10:17:12.757786,0 days 00:00:14.886260,20.0,auto,13.0,4.0,495.0,COMPLETE
216.0,elevators,4.0,77.0,0.0019748000534271,2022-10-07 10:17:12.758440,2022-10-07 10:17:15.807251,0 days 00:00:03.048811,13.0,auto,3.0,14.0,88.0,COMPLETE
216.0,elevators,4.0,78.0,0.0018584390937017,2022-10-07 10:17:15.807941,2022-10-07 10:17:18.393084,0 days 00:00:02.585143,30.0,auto,2.0,2.0,55.0,COMPLETE
216.0,elevators,4.0,79.0,0.001913740341395,2022-10-07 10:17:18.393903,2022-10-07 10:17:20.001644,0 days 00:00:01.607741,36.0,auto,1.0,4.0,31.0,COMPLETE
216.0,elevators,4.0,80.0,0.0026897362464955,2022-10-07 10:17:20.002289,2022-10-07 10:17:24.115528,0 days 00:00:04.113239,25.0,sqrt,5.0,3.0,394.0,COMPLETE
216.0,elevators,4.0,81.0,0.0018215840049646,2022-10-07 10:17:24.116245,2022-10-07 10:17:39.507252,0 days 00:00:15.391007,47.0,auto,2.0,3.0,343.0,COMPLETE
216.0,elevators,4.0,82.0,0.0018142156653673,2022-10-07 10:17:39.507939,2022-10-07 10:18:01.855429,0 days 00:00:22.347490,55.0,auto,1.0,2.0,448.0,COMPLETE
216.0,elevators,4.0,83.0,0.0018323178137074,2022-10-07 10:18:01.856117,2022-10-07 10:18:14.678607,0 days 00:00:12.822490,47.0,auto,2.0,5.0,289.0,COMPLETE
216.0,elevators,4.0,84.0,0.0018045038162231,2022-10-07 10:18:14.679269,2022-10-07 10:18:32.317649,0 days 00:00:17.638380,40.0,auto,1.0,3.0,361.0,COMPLETE
216.0,elevators,4.0,85.0,0.0018538013323667,2022-10-07 10:18:32.318352,2022-10-07 10:18:51.080439,0 days 00:00:18.762087,33.0,auto,3.0,3.0,454.0,COMPLETE
216.0,elevators,4.0,86.0,0.0018212013988772,2022-10-07 10:18:51.081101,2022-10-07 10:19:08.701887,0 days 00:00:17.620786,41.0,auto,2.0,4.0,392.0,COMPLETE
216.0,elevators,4.0,87.0,0.0019100597493273,2022-10-07 10:19:08.702555,2022-10-07 10:19:21.648776,0 days 00:00:12.946221,28.0,auto,4.0,2.0,334.0,COMPLETE
216.0,elevators,4.0,88.0,0.0018107731533764,2022-10-07 10:19:21.649447,2022-10-07 10:19:42.086761,0 days 00:00:20.437314,38.0,auto,1.0,2.0,410.0,COMPLETE
216.0,elevators,4.0,89.0,0.0018414931376255,2022-10-07 10:19:42.087433,2022-10-07 10:19:51.930132,0 days 00:00:09.842699,39.0,auto,2.0,6.0,226.0,COMPLETE
216.0,elevators,4.0,90.0,0.0018130238102775,2022-10-07 10:19:51.930800,2022-10-07 10:20:09.600167,0 days 00:00:17.669367,35.0,auto,1.0,3.0,358.0,COMPLETE
216.0,elevators,4.0,91.0,0.0018139451017185,2022-10-07 10:20:09.600882,2022-10-07 10:20:28.110733,0 days 00:00:18.509851,35.0,auto,1.0,3.0,377.0,COMPLETE
216.0,elevators,4.0,92.0,0.0018619862544868,2022-10-07 10:20:28.111813,2022-10-07 10:20:45.674724,0 days 00:00:17.562911,42.0,auto,3.0,4.0,423.0,COMPLETE
216.0,elevators,4.0,93.0,0.0018164960505789,2022-10-07 10:20:45.675386,2022-10-07 10:21:02.851737,0 days 00:00:17.176351,48.0,auto,1.0,3.0,350.0,COMPLETE
216.0,elevators,4.0,94.0,0.0018283282965282,2022-10-07 10:21:02.852505,2022-10-07 10:21:15.907367,0 days 00:00:13.054862,31.0,auto,2.0,2.0,289.0,COMPLETE
216.0,elevators,4.0,95.0,0.0018265643884969,2022-10-07 10:21:15.908067,2022-10-07 10:21:36.317619,0 days 00:00:20.409552,54.0,auto,2.0,4.0,454.0,COMPLETE
216.0,elevators,4.0,96.0,0.0018103696480715,2022-10-07 10:21:36.318291,2022-10-07 10:21:56.659150,0 days 00:00:20.340859,38.0,auto,1.0,2.0,407.0,COMPLETE
216.0,elevators,4.0,97.0,0.0025199630873331,2022-10-07 10:21:56.659860,2022-10-07 10:22:01.369702,0 days 00:00:04.709842,38.0,sqrt,3.0,2.0,407.0,COMPLETE
216.0,elevators,4.0,98.0,0.002095183072023,2022-10-07 10:22:01.370413,2022-10-07 10:22:01.933529,0 days 00:00:00.563116,17.0,auto,1.0,12.0,11.0,COMPLETE
216.0,elevators,4.0,99.0,0.0018228760906896,2022-10-07 10:22:01.934188,2022-10-07 10:22:24.363573,0 days 00:00:22.429385,43.0,auto,2.0,2.0,498.0,COMPLETE
216.0,elevators,5.0,0.0,0.002808035569015482,2022-10-07 10:22:47.860042,2022-10-07 10:22:48.452995,0 days 00:00:00.592953,27.0,sqrt,5.0,16.0,49.0,COMPLETE
216.0,elevators,5.0,1.0,0.0033651610425943427,2022-10-07 10:22:48.453636,2022-10-07 10:22:51.050655,0 days 00:00:02.597019,17.0,sqrt,19.0,4.0,321.0,COMPLETE
216.0,elevators,5.0,2.0,0.003715842769451611,2022-10-07 10:22:51.051283,2022-10-07 10:22:51.619207,0 days 00:00:00.567924,7.0,sqrt,16.0,25.0,78.0,COMPLETE
216.0,elevators,5.0,3.0,0.002468305356372957,2022-10-07 10:22:51.619844,2022-10-07 10:22:52.084913,0 days 00:00:00.465069,90.0,auto,17.0,4.0,16.0,COMPLETE
216.0,elevators,5.0,4.0,0.004385294856282858,2022-10-07 10:22:52.085721,2022-10-07 10:22:53.117435,0 days 00:00:01.031714,5.0,sqrt,8.0,4.0,199.0,COMPLETE
216.0,elevators,5.0,5.0,0.0023402388961231506,2022-10-07 10:22:53.118059,2022-10-07 10:22:56.249687,0 days 00:00:03.131628,36.0,auto,15.0,19.0,104.0,COMPLETE
216.0,elevators,5.0,6.0,0.0030951566618043075,2022-10-07 10:22:56.250304,2022-10-07 10:22:58.788801,0 days 00:00:02.538497,6.0,auto,25.0,23.0,139.0,COMPLETE
216.0,elevators,5.0,7.0,0.003277608635690639,2022-10-07 10:22:58.789413,2022-10-07 10:23:01.167180,0 days 00:00:02.377767,8.0,sqrt,4.0,7.0,344.0,COMPLETE
216.0,elevators,5.0,8.0,0.0032485406265593195,2022-10-07 10:23:01.167782,2022-10-07 10:23:01.812248,0 days 00:00:00.644466,24.0,sqrt,15.0,18.0,63.0,COMPLETE
216.0,elevators,5.0,9.0,0.0034471682026558305,2022-10-07 10:23:01.812879,2022-10-07 10:23:02.270377,0 days 00:00:00.457498,50.0,sqrt,21.0,18.0,44.0,COMPLETE
216.0,elevators,5.0,10.0,0.00228476782266968,2022-10-07 10:23:02.270976,2022-10-07 10:23:02.734909,0 days 00:00:00.463933,47.0,auto,10.0,11.0,14.0,COMPLETE
216.0,elevators,5.0,11.0,0.002293060029602883,2022-10-07 10:23:02.735882,2022-10-07 10:23:03.183258,0 days 00:00:00.447376,53.0,auto,10.0,11.0,10.0,COMPLETE
216.0,elevators,5.0,12.0,0.0022726695655074076,2022-10-07 10:23:03.183878,2022-10-07 10:23:03.683897,0 days 00:00:00.500019,72.0,auto,10.0,10.0,12.0,COMPLETE
216.0,elevators,5.0,13.0,0.002271411413182797,2022-10-07 10:23:03.684523,2022-10-07 10:23:04.620702,0 days 00:00:00.936179,98.0,auto,11.0,11.0,26.0,COMPLETE
216.0,elevators,5.0,14.0,0.0019814683028829935,2022-10-07 10:23:04.621346,2022-10-07 10:23:05.695362,0 days 00:00:01.074016,94.0,auto,1.0,9.0,24.0,COMPLETE
216.0,elevators,5.0,15.0,0.0019431358677621453,2022-10-07 10:23:05.696407,2022-10-07 10:23:06.907425,0 days 00:00:01.211018,93.0,auto,3.0,8.0,27.0,COMPLETE
216.0,elevators,5.0,16.0,0.002020291078505277,2022-10-07 10:23:06.908075,2022-10-07 10:23:07.769148,0 days 00:00:00.861073,12.0,auto,1.0,7.0,25.0,COMPLETE
216.0,elevators,5.0,17.0,0.0020080999854931196,2022-10-07 10:23:07.769943,2022-10-07 10:23:09.124695,0 days 00:00:01.354752,76.0,auto,1.0,14.0,30.0,COMPLETE
216.0,elevators,5.0,18.0,0.001974079892086846,2022-10-07 10:23:09.125321,2022-10-07 10:23:09.963865,0 days 00:00:00.838544,34.0,auto,4.0,8.0,21.0,COMPLETE
216.0,elevators,5.0,19.0,0.002013221509304799,2022-10-07 10:23:09.964710,2022-10-07 10:23:11.451135,0 days 00:00:01.486425,16.0,auto,6.0,7.0,39.0,COMPLETE
216.0,elevators,5.0,20.0,0.0019857143490812144,2022-10-07 10:23:11.451761,2022-10-07 10:23:12.285070,0 days 00:00:00.833309,29.0,auto,4.0,2.0,20.0,COMPLETE
216.0,elevators,5.0,21.0,0.001971670346276409,2022-10-07 10:23:12.285888,2022-10-07 10:23:13.235762,0 days 00:00:00.949874,62.0,auto,2.0,9.0,20.0,COMPLETE
216.0,elevators,5.0,22.0,0.0021430893301132084,2022-10-07 10:23:13.236709,2022-10-07 10:23:13.807267,0 days 00:00:00.570558,65.0,auto,7.0,13.0,16.0,COMPLETE
216.0,elevators,5.0,23.0,0.001963732255896068,2022-10-07 10:23:13.810887,2022-10-07 10:23:15.305365,0 days 00:00:01.494478,41.0,auto,3.0,8.0,34.0,COMPLETE
216.0,elevators,5.0,24.0,0.001994241839580418,2022-10-07 10:23:15.306252,2022-10-07 10:23:16.878426,0 days 00:00:01.572174,41.0,auto,3.0,13.0,38.0,COMPLETE
216.0,elevators,5.0,25.0,0.00206929985923794,2022-10-07 10:23:16.879293,2022-10-07 10:23:19.037109,0 days 00:00:02.157816,63.0,auto,7.0,5.0,59.0,COMPLETE
216.0,elevators,5.0,26.0,0.0019068268508843284,2022-10-07 10:23:19.037942,2022-10-07 10:23:20.549481,0 days 00:00:01.511539,60.0,auto,2.0,6.0,32.0,COMPLETE
216.0,elevators,5.0,27.0,0.0022583940603162944,2022-10-07 10:23:20.550300,2022-10-07 10:23:21.711708,0 days 00:00:01.161408,42.0,auto,12.0,5.0,34.0,COMPLETE
216.0,elevators,5.0,28.0,0.002083963067510939,2022-10-07 10:23:21.712556,2022-10-07 10:23:24.309657,0 days 00:00:02.597101,20.0,auto,8.0,2.0,75.0,COMPLETE
216.0,elevators,5.0,29.0,0.002019935913536131,2022-10-07 10:23:24.310551,2022-10-07 10:23:26.032973,0 days 00:00:01.722422,29.0,auto,6.0,6.0,45.0,COMPLETE
216.0,elevators,5.0,30.0,0.0019036669867655838,2022-10-07 10:23:26.033806,2022-10-07 10:23:28.289182,0 days 00:00:02.255376,83.0,auto,3.0,9.0,54.0,COMPLETE
216.0,elevators,5.0,31.0,0.0019311224080669428,2022-10-07 10:23:28.290002,2022-10-07 10:23:30.469248,0 days 00:00:02.179246,79.0,auto,3.0,9.0,52.0,COMPLETE
216.0,elevators,5.0,32.0,0.00196630743575983,2022-10-07 10:23:30.470146,2022-10-07 10:23:32.653297,0 days 00:00:02.183151,80.0,auto,3.0,14.0,55.0,COMPLETE
216.0,elevators,5.0,33.0,0.0019599469080582607,2022-10-07 10:23:32.654121,2022-10-07 10:23:37.869870,0 days 00:00:05.215749,100.0,auto,5.0,10.0,138.0,COMPLETE
216.0,elevators,5.0,34.0,0.0027097825897798066,2022-10-07 10:23:37.870703,2022-10-07 10:23:39.033849,0 days 00:00:01.163146,57.0,sqrt,5.0,5.0,100.0,COMPLETE
216.0,elevators,5.0,35.0,0.001825362439498219,2022-10-07 10:23:39.034679,2022-10-07 10:24:02.653543,0 days 00:00:23.618864,78.0,auto,1.0,3.0,481.0,COMPLETE
216.0,elevators,5.0,36.0,0.0024063179341979376,2022-10-07 10:24:02.654365,2022-10-07 10:24:04.061645,0 days 00:00:01.407280,73.0,sqrt,1.0,3.0,90.0,COMPLETE
216.0,elevators,5.0,37.0,0.002082305233218543,2022-10-07 10:24:04.062472,2022-10-07 10:24:19.294364,0 days 00:00:15.231892,81.0,auto,8.0,3.0,453.0,COMPLETE
216.0,elevators,5.0,38.0,0.0024652017123677795,2022-10-07 10:24:19.295190,2022-10-07 10:24:25.369708,0 days 00:00:06.074518,59.0,auto,20.0,6.0,219.0,COMPLETE
216.0,elevators,5.0,39.0,0.0024474015605888233,2022-10-07 10:24:25.370535,2022-10-07 10:24:27.330568,0 days 00:00:01.960033,85.0,sqrt,2.0,3.0,145.0,COMPLETE
216.0,elevators,5.0,40.0,0.002614571023648473,2022-10-07 10:24:27.331404,2022-10-07 10:24:28.763327,0 days 00:00:01.431923,68.0,auto,24.0,16.0,50.0,COMPLETE
216.0,elevators,5.0,41.0,0.001897664746870076,2022-10-07 10:24:28.765292,2022-10-07 10:24:31.812707,0 days 00:00:03.047415,85.0,auto,3.0,8.0,73.0,COMPLETE
216.0,elevators,5.0,42.0,0.0018568117460677153,2022-10-07 10:24:31.813566,2022-10-07 10:24:43.020590,0 days 00:00:11.207024,47.0,auto,2.0,6.0,257.0,COMPLETE
216.0,elevators,5.0,43.0,0.0018304148060282785,2022-10-07 10:24:43.021365,2022-10-07 10:25:04.286131,0 days 00:00:21.264766,49.0,auto,2.0,4.0,472.0,COMPLETE
216.0,elevators,5.0,44.0,0.001952479099139568,2022-10-07 10:25:04.286908,2022-10-07 10:25:21.789879,0 days 00:00:17.502971,55.0,auto,5.0,5.0,473.0,COMPLETE
216.0,elevators,5.0,45.0,0.0019036525502755543,2022-10-07 10:25:21.790661,2022-10-07 10:25:33.987293,0 days 00:00:12.196632,49.0,auto,4.0,4.0,313.0,COMPLETE
216.0,elevators,5.0,46.0,0.0032946002897239687,2022-10-07 10:25:33.988071,2022-10-07 10:25:36.560154,0 days 00:00:02.572083,46.0,sqrt,17.0,3.0,311.0,COMPLETE
216.0,elevators,5.0,47.0,0.0019993717531722795,2022-10-07 10:25:36.560925,2022-10-07 10:25:49.760270,0 days 00:00:13.199345,34.0,auto,6.0,4.0,367.0,COMPLETE
216.0,elevators,5.0,48.0,0.0020962005108651803,2022-10-07 10:25:49.761060,2022-10-07 10:26:00.313384,0 days 00:00:10.552324,49.0,auto,1.0,25.0,285.0,COMPLETE
216.0,elevators,5.0,49.0,0.0019015422637693302,2022-10-07 10:26:00.314234,2022-10-07 10:26:10.447702,0 days 00:00:10.133468,25.0,auto,4.0,2.0,258.0,COMPLETE
216.0,elevators,5.0,50.0,0.002706392951672982,2022-10-07 10:26:10.448587,2022-10-07 10:26:12.590467,0 days 00:00:02.141880,11.0,sqrt,2.0,4.0,231.0,COMPLETE
216.0,elevators,5.0,51.0,0.0019042552588223998,2022-10-07 10:26:12.591236,2022-10-07 10:26:28.163806,0 days 00:00:15.572570,23.0,auto,4.0,2.0,399.0,COMPLETE
216.0,elevators,5.0,52.0,0.0019059798243319008,2022-10-07 10:26:28.164639,2022-10-07 10:26:38.520626,0 days 00:00:10.355987,37.0,auto,4.0,4.0,265.0,COMPLETE
216.0,elevators,5.0,53.0,0.0018452427380635148,2022-10-07 10:26:38.521418,2022-10-07 10:26:46.863391,0 days 00:00:08.341973,26.0,auto,2.0,2.0,184.0,COMPLETE
216.0,elevators,5.0,54.0,0.0018451811526077927,2022-10-07 10:26:46.864178,2022-10-07 10:26:54.147775,0 days 00:00:07.283597,16.0,auto,2.0,2.0,175.0,COMPLETE
216.0,elevators,5.0,55.0,0.0018640839389252094,2022-10-07 10:26:54.148630,2022-10-07 10:27:01.196465,0 days 00:00:07.047835,15.0,auto,2.0,6.0,179.0,COMPLETE
216.0,elevators,5.0,56.0,0.0018583828765986192,2022-10-07 10:27:01.197269,2022-10-07 10:27:07.897373,0 days 00:00:06.700104,14.0,auto,1.0,3.0,168.0,COMPLETE
216.0,elevators,5.0,57.0,0.002302290514423588,2022-10-07 10:27:07.898167,2022-10-07 10:27:13.187998,0 days 00:00:05.289831,19.0,auto,14.0,3.0,176.0,COMPLETE
216.0,elevators,5.0,58.0,0.0018711133777706262,2022-10-07 10:27:13.188995,2022-10-07 10:27:17.627981,0 days 00:00:04.438986,13.0,auto,1.0,2.0,116.0,COMPLETE
216.0,elevators,5.0,59.0,0.0022647499832728546,2022-10-07 10:27:17.628769,2022-10-07 10:27:28.399572,0 days 00:00:10.770803,9.0,auto,2.0,22.0,421.0,COMPLETE
216.0,elevators,5.0,60.0,0.0018263669508206764,2022-10-07 10:27:28.400383,2022-10-07 10:27:35.805218,0 days 00:00:07.404835,18.0,auto,1.0,3.0,160.0,COMPLETE
216.0,elevators,5.0,61.0,0.001836189217273636,2022-10-07 10:27:35.805984,2022-10-07 10:27:43.180077,0 days 00:00:07.374093,17.0,auto,1.0,3.0,163.0,COMPLETE
216.0,elevators,5.0,62.0,0.0018400234069934338,2022-10-07 10:27:43.180911,2022-10-07 10:27:52.184742,0 days 00:00:09.003831,18.0,auto,2.0,2.0,207.0,COMPLETE
216.0,elevators,5.0,63.0,0.0018421119610289272,2022-10-07 10:27:52.185515,2022-10-07 10:27:58.144591,0 days 00:00:05.959076,19.0,auto,1.0,2.0,123.0,COMPLETE
216.0,elevators,5.0,64.0,0.0018509860237037434,2022-10-07 10:27:58.145374,2022-10-07 10:28:04.103270,0 days 00:00:05.957896,18.0,auto,1.0,4.0,130.0,COMPLETE
216.0,elevators,5.0,65.0,0.0018309081186420675,2022-10-07 10:28:04.104105,2022-10-07 10:28:14.378745,0 days 00:00:10.274640,21.0,auto,1.0,2.0,208.0,COMPLETE
216.0,elevators,5.0,66.0,0.0018423948330687234,2022-10-07 10:28:14.379617,2022-10-07 10:28:21.607358,0 days 00:00:07.227741,22.0,auto,1.0,5.0,154.0,COMPLETE
216.0,elevators,5.0,67.0,0.001965283613292052,2022-10-07 10:28:21.608160,2022-10-07 10:28:26.191481,0 days 00:00:04.583321,17.0,auto,5.0,3.0,123.0,COMPLETE
216.0,elevators,5.0,68.0,0.001870646616063243,2022-10-07 10:28:26.192265,2022-10-07 10:28:35.416111,0 days 00:00:09.223846,21.0,auto,3.0,4.0,223.0,COMPLETE
216.0,elevators,5.0,69.0,0.001981776602062564,2022-10-07 10:28:35.416914,2022-10-07 10:28:38.377325,0 days 00:00:02.960411,11.0,auto,1.0,7.0,91.0,COMPLETE
216.0,elevators,5.0,70.0,0.001870011700610094,2022-10-07 10:28:38.378117,2022-10-07 10:28:53.493017,0 days 00:00:15.114900,29.0,auto,3.0,2.0,366.0,COMPLETE
216.0,elevators,5.0,71.0,0.001852342533382276,2022-10-07 10:28:53.493796,2022-10-07 10:29:02.848211,0 days 00:00:09.354415,22.0,auto,1.0,5.0,200.0,COMPLETE
216.0,elevators,5.0,72.0,0.003373358020949577,2022-10-07 10:29:02.849021,2022-10-07 10:29:05.370911,0 days 00:00:02.521890,5.0,auto,2.0,3.0,161.0,COMPLETE
216.0,elevators,5.0,73.0,0.0018522593028283492,2022-10-07 10:29:05.371694,2022-10-07 10:29:12.066428,0 days 00:00:06.694734,19.0,auto,1.0,5.0,146.0,COMPLETE
216.0,elevators,5.0,74.0,0.0018938938740739463,2022-10-07 10:29:12.067225,2022-10-07 10:29:16.175236,0 days 00:00:04.108011,14.0,auto,3.0,4.0,109.0,COMPLETE
216.0,elevators,5.0,75.0,0.001835204740111603,2022-10-07 10:29:16.176048,2022-10-07 10:29:23.263612,0 days 00:00:07.087564,17.0,auto,1.0,3.0,157.0,COMPLETE
216.0,elevators,5.0,76.0,0.0026370808095690554,2022-10-07 10:29:23.264440,2022-10-07 10:29:24.336905,0 days 00:00:01.072465,17.0,sqrt,4.0,2.0,89.0,COMPLETE
216.0,elevators,5.0,77.0,0.001830389939995148,2022-10-07 10:29:24.337670,2022-10-07 10:29:46.442064,0 days 00:00:22.104394,20.0,auto,2.0,3.0,500.0,COMPLETE
216.0,elevators,5.0,78.0,0.0020368801996129863,2022-10-07 10:29:46.443523,2022-10-07 10:30:02.792497,0 days 00:00:16.348974,24.0,auto,7.0,3.0,474.0,COMPLETE
216.0,elevators,5.0,79.0,0.0018371037068687108,2022-10-07 10:30:02.793139,2022-10-07 10:30:23.242399,0 days 00:00:20.449260,16.0,auto,2.0,4.0,493.0,COMPLETE
216.0,elevators,5.0,80.0,0.0019890476001935232,2022-10-07 10:30:23.243039,2022-10-07 10:30:39.314308,0 days 00:00:16.071269,12.0,auto,5.0,6.0,497.0,COMPLETE
216.0,elevators,5.0,81.0,0.0018441634378278497,2022-10-07 10:30:39.315004,2022-10-07 10:30:55.469841,0 days 00:00:16.154837,15.0,auto,2.0,4.0,405.0,COMPLETE
216.0,elevators,5.0,82.0,0.0018710969795169073,2022-10-07 10:30:55.470486,2022-10-07 10:31:09.673894,0 days 00:00:14.203408,28.0,auto,3.0,3.0,342.0,COMPLETE
216.0,elevators,5.0,83.0,0.0018366669948556029,2022-10-07 10:31:09.674546,2022-10-07 10:31:28.228675,0 days 00:00:18.554129,20.0,auto,2.0,5.0,427.0,COMPLETE
216.0,elevators,5.0,84.0,0.0018592851452301192,2022-10-07 10:31:28.229323,2022-10-07 10:31:46.487634,0 days 00:00:18.258311,21.0,auto,3.0,5.0,443.0,COMPLETE
216.0,elevators,5.0,85.0,0.002556236550977871,2022-10-07 10:31:46.488398,2022-10-07 10:31:56.142346,0 days 00:00:09.653948,31.0,auto,23.0,4.0,361.0,COMPLETE
216.0,elevators,5.0,86.0,0.002390559730402965,2022-10-07 10:31:56.142992,2022-10-07 10:32:07.559445,0 days 00:00:11.416453,16.0,auto,17.0,7.0,401.0,COMPLETE
216.0,elevators,5.0,87.0,0.0026144531509134997,2022-10-07 10:32:07.560103,2022-10-07 10:32:11.179734,0 days 00:00:03.619631,20.0,sqrt,4.0,3.0,325.0,COMPLETE
216.0,elevators,5.0,88.0,0.002117586454542023,2022-10-07 10:32:11.180389,2022-10-07 10:32:27.526046,0 days 00:00:16.345657,24.0,auto,9.0,5.0,500.0,COMPLETE
216.0,elevators,5.0,89.0,0.0020007031742435436,2022-10-07 10:32:27.526690,2022-10-07 10:32:37.843077,0 days 00:00:10.316387,13.0,auto,2.0,16.0,305.0,COMPLETE
216.0,elevators,5.0,90.0,0.0020402506334753568,2022-10-07 10:32:37.843746,2022-10-07 10:32:54.442877,0 days 00:00:16.599131,17.0,auto,1.0,20.0,447.0,COMPLETE
216.0,elevators,5.0,91.0,0.001840703847039167,2022-10-07 10:32:54.443525,2022-10-07 10:33:03.018920,0 days 00:00:08.575395,18.0,auto,2.0,3.0,197.0,COMPLETE
216.0,elevators,5.0,92.0,0.0018477498128300336,2022-10-07 10:33:03.019557,2022-10-07 10:33:18.196484,0 days 00:00:15.176927,15.0,auto,2.0,4.0,381.0,COMPLETE
216.0,elevators,5.0,93.0,0.0018267906754662463,2022-10-07 10:33:18.197134,2022-10-07 10:33:32.009462,0 days 00:00:13.812328,20.0,auto,1.0,2.0,285.0,COMPLETE
216.0,elevators,5.0,94.0,0.001838223019438835,2022-10-07 10:33:32.010098,2022-10-07 10:33:45.857189,0 days 00:00:13.847091,20.0,auto,1.0,3.0,290.0,COMPLETE
216.0,elevators,5.0,95.0,0.001870769878710842,2022-10-07 10:33:45.857832,2022-10-07 10:33:55.774689,0 days 00:00:09.916857,26.0,auto,3.0,2.0,236.0,COMPLETE
216.0,elevators,5.0,96.0,0.0019061697690550483,2022-10-07 10:33:55.775336,2022-10-07 10:34:12.050063,0 days 00:00:16.274727,16.0,auto,4.0,6.0,433.0,COMPLETE
216.0,elevators,5.0,97.0,0.0018334408830644293,2022-10-07 10:34:12.050727,2022-10-07 10:34:28.515787,0 days 00:00:16.465060,23.0,auto,1.0,4.0,343.0,COMPLETE
216.0,elevators,5.0,98.0,0.0018284811193064602,2022-10-07 10:34:28.516499,2022-10-07 10:34:45.264784,0 days 00:00:16.748285,22.0,auto,1.0,2.0,340.0,COMPLETE
216.0,elevators,5.0,99.0,0.001835993219240028,2022-10-07 10:34:45.265458,2022-10-07 10:34:59.004638,0 days 00:00:13.739180,24.0,auto,1.0,2.0,275.0,COMPLETE
