dataset_id,dataset_name,outer_cv_split,number,value,datetime_start,datetime_complete,duration,params_max_depth,params_learning_rate,params_colsample_bytree,params_subsample,params_reg_alpha,params_reg_lambda,params_gamma,params_min_child_weight,user_attrs_n_estimators,state,system_attrs_fixed_params
44027.0,year,1.0,0.0,0.0110737748439772,2022-11-05 13:42:27.518497,2022-11-05 13:58:08.926814,0 days 00:15:41.408317,34.0,0.0144381868218876,0.4891192096013213,0.4477968334953721,0.1927249938472705,0.1437108352404843,2.2184363513500656,38.66598975723923,481.0,COMPLETE,
44027.0,year,1.0,1.0,0.011445357845116,2022-11-05 13:58:08.929845,2022-11-05 14:06:05.083849,0 days 00:07:56.154004,5.0,0.0022998492160485,0.2366904146058277,0.4141786875159275,5.7050275092974525,5.8384473620487984e-05,1.0826537019330845e-07,14.125876180248264,2000.0,COMPLETE,
44027.0,year,1.0,2.0,0.0100093084405304,2022-11-05 14:06:05.087094,2022-11-05 14:51:12.223157,0 days 00:45:07.136063,36.0,0.0030662648238919,0.2368055397591703,0.7497265564957999,0.0234107160439017,7.061842473609111e-05,1.5765950720090514e-06,75.32968962663821,2000.0,COMPLETE,
44027.0,year,1.0,3.0,0.0096407177638861,2022-11-05 14:51:12.230910,2022-11-05 14:59:58.850857,0 days 00:08:46.619947,9.0,0.0239848984472066,0.2212750736218582,0.5152079752087239,0.2571437566361688,1.5168464594663856e-06,0.0032714572177766,18.86105412387488,1034.0,COMPLETE,
44027.0,year,1.0,4.0,0.0123029533398791,2022-11-05 14:59:58.855789,2022-11-05 15:08:52.656902,0 days 00:08:53.801113,40.0,0.0206556892464781,0.568535881208687,0.4463308834078417,5.492452273720524,0.0005442961165918,9.75253324544802,36.14528157576203,296.0,COMPLETE,
44027.0,year,1.0,5.0,0.375826,2022-11-05 15:08:52.661412,2022-11-05 15:08:54.525161,0 days 00:00:01.863749,44.0,0.0098298538429342,0.2457133057890002,0.7200205946914312,0.7499271783380183,0.0037028901343761,9.75314365134012e-06,2.4695235689689805,,PRUNED,
44027.0,year,1.0,6.0,0.377685,2022-11-05 15:08:54.525774,2022-11-05 15:08:56.035825,0 days 00:00:01.510051,24.0,0.0043894909842908,0.2766757952032338,0.6815792863710753,2.251471969199843,3.462474482956373e-07,0.000365462324879,17.27067289938595,,PRUNED,
44027.0,year,1.0,7.0,0.0097519331240163,2022-11-05 15:08:56.036386,2022-11-05 15:15:58.070467,0 days 00:07:02.034081,7.0,0.0250952922002667,0.2595090160975416,0.4173908807012506,0.0330427994608988,1.923026287588723e-06,1.3338380227165743e-06,49.85032274856964,1182.0,COMPLETE,
44027.0,year,1.0,8.0,0.373822,2022-11-05 15:15:58.074908,2022-11-05 15:15:59.403031,0 days 00:00:01.328123,7.0,0.0156890555343834,0.2837146880456186,0.5919336614208909,1.5515347967294424,1.1852208899353789,0.0019708666580886,4.672614925130078,,PRUNED,
44027.0,year,1.0,9.0,0.378551,2022-11-05 15:15:59.403595,2022-11-05 15:16:02.537661,0 days 00:00:03.134066,39.0,0.0018681435724729,0.3990891939059554,0.6694480665700075,0.162954843255348,8.579929010896598e-05,0.0025771491573861,4.965650233010264,,PRUNED,
44027.0,year,1.0,10.0,0.0100461298823718,2022-11-05 15:16:02.538215,2022-11-05 15:24:43.074315,0 days 00:08:40.536100,19.0,0.0656342426912868,0.2042526719844513,0.5297254184319078,0.1063846038280812,1.4768463265449128e-08,0.0439111628306986,18.59025694543904,483.0,COMPLETE,
44027.0,year,1.0,11.0,0.0095881137782005,2022-11-05 15:24:43.079208,2022-11-05 15:32:27.220902,0 days 00:07:44.141694,14.0,0.0435024203679613,0.3443151665282162,0.5057972657067968,0.0101880382601097,1.0105255695492706e-06,1.0254384400193184e-08,99.5765559249824,475.0,COMPLETE,
44027.0,year,1.0,12.0,0.0097391364776619,2022-11-05 15:32:27.224041,2022-11-05 15:37:16.289298,0 days 00:04:49.065257,16.0,0.0718763402505928,0.3477070889050836,0.5182148300400492,0.0101486635883835,1.4615782314143353e-06,1.963249660128779e-08,97.69748727748627,258.0,COMPLETE,
44027.0,year,1.0,13.0,0.0096521780427373,2022-11-05 15:37:16.292256,2022-11-05 15:48:25.448443,0 days 00:11:09.156187,14.0,0.0396680204879444,0.3403655497229267,0.5000552224187306,0.0644334126094909,6.098038391040388e-08,0.0828482706318634,9.75563216648866,620.0,COMPLETE,
44027.0,year,1.0,14.0,0.377123,2022-11-05 15:48:25.451408,2022-11-05 15:48:27.031627,0 days 00:00:01.580219,26.0,0.0060368240531636,0.2024038680953316,0.5996943568603376,0.4986958402968138,7.743457210370262e-06,4.997562115887528e-05,27.53122713438908,,PRUNED,
44027.0,year,1.0,15.0,0.0096244271396507,2022-11-05 15:48:27.032204,2022-11-05 16:02:14.130379,0 days 00:13:47.098175,14.0,0.0336005126566448,0.4206503763429078,0.4844862440913472,0.0106302738490805,1.6136192727983617e-07,0.0773541326802453,8.00563312538928,650.0,COMPLETE,
44027.0,year,1.0,16.0,0.0097320558308398,2022-11-05 16:02:14.133266,2022-11-05 16:20:25.801762,0 days 00:18:11.668496,19.0,0.0421098893245463,0.4244866039942432,0.4694204871811651,0.0118244327208652,1.1204047219111104e-08,0.2030613045381843,7.133704507577364,620.0,COMPLETE,
44027.0,year,1.0,17.0,0.0100443506153881,2022-11-05 16:20:25.804705,2022-11-05 16:24:16.216032,0 days 00:03:50.411327,12.0,0.0897639151204123,0.3156839420387551,0.5632472489336535,0.0366908323674081,1.978105778818623e-07,9.114403877249316e-05,9.700095379942324,249.0,COMPLETE,
44027.0,year,1.0,18.0,0.104979,2022-11-05 16:24:16.219191,2022-11-05 16:27:39.417261,0 days 00:03:23.198070,29.0,0.0469285498952646,0.409716072019321,0.4787628253263659,0.0222556011877425,0.0050360490544637,1.3189039881845974e-08,2.112494266249892,,PRUNED,
44027.0,year,1.0,19.0,0.375582,2022-11-05 16:27:39.418297,2022-11-05 16:27:42.709373,0 days 00:00:03.291076,22.0,0.0105005287020727,0.5236719168403597,0.5583005386696436,0.0690464609456099,1.1063238628493037e-07,0.489727893048522,4.829971588798787,,PRUNED,
44027.0,year,1.0,20.0,0.378831,2022-11-05 16:27:42.709938,2022-11-05 16:27:46.769349,0 days 00:00:04.059411,50.0,0.0010468281868936,0.4479616225236953,0.6467191922057512,0.0156072167469727,1.4869672553089168e-05,0.0221217237377849,3.158287626253012,,PRUNED,
44027.0,year,1.0,21.0,0.36861,2022-11-05 16:27:46.769913,2022-11-05 16:27:48.684744,0 days 00:00:01.914831,11.0,0.0308012507782799,0.3691517169819442,0.4958049428617655,0.0475474680572218,9.157528627830744e-07,0.0106775060131763,61.45718876648722,,PRUNED,
44027.0,year,1.0,22.0,0.369421,2022-11-05 16:27:48.685356,2022-11-05 16:27:50.633829,0 days 00:00:01.948473,11.0,0.0284782157601705,0.4668818113364245,0.5351837008056028,0.2148385309336715,5.899008141031111e-06,0.0010990072151677,27.16007800174064,,PRUNED,
44027.0,year,1.0,23.0,0.373129,2022-11-05 16:27:50.634725,2022-11-05 16:27:52.021341,0 days 00:00:01.386616,4.0,0.0177385990645053,0.3068942363842966,0.4562623236403336,0.3722901411926955,4.872165459458279e-08,0.0080776131007734,11.455611253516528,,PRUNED,
44027.0,year,1.0,24.0,0.10503,2022-11-05 16:27:52.023234,2022-11-05 16:29:49.095712,0 days 00:01:57.072478,16.0,0.0538673329713679,0.3778776094914277,0.6050722488705143,1.036877356901528,5.134914893712096e-07,0.8991986038278575,6.528527611902131,,PRUNED,
44027.0,year,1.0,25.0,0.367887,2022-11-05 16:29:49.096847,2022-11-05 16:29:51.060970,0 days 00:00:01.964123,9.0,0.0328913780862315,0.5745385329429006,0.4982733627203099,0.0214163602282238,3.5628037558064336e-06,0.000174002496692,20.228494735777765,,PRUNED,
44027.0,year,1.0,26.0,0.375394,2022-11-05 16:29:51.061524,2022-11-05 16:29:53.103248,0 days 00:00:02.041724,30.0,0.0110888911883419,0.2166812066460596,0.4376063817376165,0.1156794973381418,2.2302097876573827e-05,5.490810351735377e-06,96.94032064917111,,PRUNED,
44027.0,year,1.0,27.0,0.371518,2022-11-05 16:29:53.103816,2022-11-05 16:29:54.531355,0 days 00:00:01.427539,20.0,0.0224609752777397,0.3159304448767898,0.4005565077547386,3.0477603258669377,0.0005949656517722,1.0653793366141037e-07,8.133935981997512,,PRUNED,
44027.0,year,1.0,28.0,0.37671,2022-11-05 16:29:54.531969,2022-11-05 16:29:57.131526,0 days 00:00:02.599557,15.0,0.0071964066585783,0.501346111424769,0.481111092723187,0.0156468260869929,3.5392621927357856e-08,0.1317027155111299,13.836618414854492,,PRUNED,
44027.0,year,1.0,29.0,0.104125,2022-11-05 16:29:57.132080,2022-11-05 16:31:16.421113,0 days 00:01:19.289033,9.0,0.0994066482371539,0.4589154215810019,0.5447999239524297,0.2463342850987447,0.0108786782315673,1.6805374904140211,37.10626922365648,,PRUNED,
44027.0,year,1.0,30.0,0.374317,2022-11-05 16:31:16.422130,2022-11-05 16:31:18.094853,0 days 00:00:01.672723,13.0,0.0142513378509579,0.3469835650898313,0.517234706021649,0.0482301146676542,8.513590614626466,2.3700786587478983e-05,3.2297725223613747,,PRUNED,
44027.0,year,1.0,31.0,0.0095992447343829,2022-11-05 16:31:18.095445,2022-11-05 16:41:46.046943,0 days 00:10:27.951498,13.0,0.0395134936553805,0.3664647649973349,0.5004166668594979,0.0795589367491979,7.825762121759179e-08,0.0436363968374385,10.69960785747162,612.0,COMPLETE,
44027.0,year,1.0,32.0,0.0098095118691791,2022-11-05 16:41:46.050077,2022-11-05 16:51:22.087624,0 days 00:09:36.037547,17.0,0.0529648189024703,0.3828606415808034,0.4656410881389361,0.1178405280425631,1.947905804310656e-07,0.0050266527766348,12.099022550878985,399.0,COMPLETE,
44027.0,year,1.0,33.0,0.36602,2022-11-05 16:51:22.090766,2022-11-05 16:51:23.428046,0 days 00:00:01.337280,6.0,0.0384987373669851,0.4225672315749067,0.4288198850390326,0.3875858381673623,7.401638617895436e-07,0.0006007567060364,23.551861187403965,,PRUNED,
44027.0,year,1.0,34.0,0.110686,2022-11-05 16:51:23.428633,2022-11-05 16:51:59.262609,0 days 00:00:35.833976,9.0,0.073109559751716,0.2892603654232881,0.5076872156066574,0.609748003772116,3.085802927977642e-08,7.346130989456652,48.07151580308992,,PRUNED,
44027.0,year,1.0,35.0,0.371967,2022-11-05 16:51:59.263185,2022-11-05 16:52:00.414678,0 days 00:00:01.151493,4.0,0.0211691085408211,0.2236597406039142,0.5770619885796465,0.026434626408732,8.368550096573828e-05,0.0170696330172202,6.040374954354291,,PRUNED,
44027.0,year,1.0,36.0,0.369117,2022-11-05 16:52:00.415234,2022-11-05 16:52:02.409155,0 days 00:00:01.993921,22.0,0.0293862307325081,0.2573333604236059,0.4822544441486107,0.0801318140561205,2.020228932567841e-07,0.4115076795134566,14.169444553242116,,PRUNED,
44027.0,year,1.0,37.0,0.374692,2022-11-05 16:52:02.409767,2022-11-05 16:52:05.269166,0 days 00:00:02.859399,18.0,0.013084349218762,0.5442196243476365,0.4482626284636991,0.0137417888660449,2.606218554348649e-06,3.067830301555435e-07,9.414878833238816,,PRUNED,
44027.0,year,1.0,38.0,0.101677,2022-11-05 16:52:05.269768,2022-11-05 16:54:36.942709,0 days 00:02:31.672941,34.0,0.060178328352761,0.358457615866734,0.7734463602200249,8.289454371505405,5.652137568371648e-07,0.0483820944215807,69.9409688578764,,PRUNED,
44027.0,year,1.0,39.0,0.372553,2022-11-05 16:54:36.943797,2022-11-05 16:54:38.994141,0 days 00:00:02.050344,13.0,0.0194131327438606,0.396515030166186,0.5473661444738631,0.1515739938533395,2.9827423770260115e-05,3.601974996459761,47.1308534801242,,PRUNED,
44027.0,year,1.0,40.0,0.36683,2022-11-05 16:54:38.994686,2022-11-05 16:54:40.571548,0 days 00:00:01.576862,8.0,0.0361261381302769,0.326716947679485,0.52262544202757,1.079191969723844,0.0950455184694462,0.0029989046761342,16.213396691625228,,PRUNED,
44027.0,year,1.0,41.0,0.0096951730666984,2022-11-05 16:54:40.572161,2022-11-05 17:04:47.754867,0 days 00:10:07.182706,14.0,0.0435079222458027,0.3358054133116518,0.5019469499252789,0.0619101804971298,6.852340396560442e-08,0.1082101926973378,9.528325755759804,561.0,COMPLETE,
44027.0,year,1.0,42.0,0.371095,2022-11-05 17:04:47.757968,2022-11-05 17:04:49.668447,0 days 00:00:01.910479,11.0,0.0235600317632457,0.4293131768095289,0.4892758309236305,0.0362984844619174,7.889765199798114e-08,0.0285180875583208,5.666016915156884,,PRUNED,
44027.0,year,1.0,43.0,0.370071,2022-11-05 17:04:49.669102,2022-11-05 17:04:51.581616,0 days 00:00:01.912514,14.0,0.0265385852777013,0.2991797738448905,0.5111209402424783,0.0201925455033096,1.0042854802477973e-08,0.1953266674217807,7.836468212188993,,PRUNED,
44027.0,year,1.0,44.0,0.103562,2022-11-05 17:04:51.582208,2022-11-05 17:06:42.604827,0 days 00:01:51.022619,21.0,0.0751975803029044,0.2615095489220498,0.4610586864917835,0.010078215297842,0.0002668620708923,0.0649549039150646,3.885086724703117,,PRUNED,
44027.0,year,1.0,45.0,0.0097287891812992,2022-11-05 17:06:42.605902,2022-11-05 17:26:10.813838,0 days 00:19:28.207936,25.0,0.0483391293465899,0.3919478255033837,0.5320625157984201,0.2542756182246838,2.5832696608785012e-08,0.0012185436351585,11.197152453275736,552.0,COMPLETE,
44027.0,year,1.0,46.0,0.367254,2022-11-05 17:26:10.817184,2022-11-05 17:26:12.140971,0 days 00:00:01.323787,6.0,0.0348760342526159,0.3576762447567376,0.5749567351669197,0.0820486406858801,2.937596519350109e-07,0.0045457417085845,15.666789735190225,,PRUNED,
44027.0,year,1.0,47.0,0.109537,2022-11-05 17:26:12.141705,2022-11-05 17:27:12.415992,0 days 00:01:00.274287,17.0,0.0404634776477158,0.2738070752785931,0.4748792585550105,0.0280870054103487,1.560539099823588e-06,0.0002955474388922,21.42400112892708,,PRUNED,
44027.0,year,1.0,48.0,0.373574,2022-11-05 17:27:12.417034,2022-11-05 17:27:14.488158,0 days 00:00:02.071124,23.0,0.0163457341616898,0.2416459565939174,0.4924820838246711,0.0181818796304366,1.2375198383066732e-07,0.0129149394498253,30.14046514060986,,PRUNED,
44027.0,year,1.0,49.0,0.105206,2022-11-05 17:27:14.488836,2022-11-05 17:28:19.366847,0 days 00:01:04.878011,11.0,0.0610458975015158,0.3276238930100187,0.6209339850195222,0.1702699290703899,5.707767726355487e-06,0.8817958234916689,8.050871648334704,,PRUNED,
44027.0,year,1.0,50.0,0.101414,2022-11-05 17:28:19.367901,2022-11-05 17:29:40.129343,0 days 00:01:20.761442,7.0,0.080073504185095,0.4824218632045176,0.5509585077194812,0.0519113385093955,1.1143482530929065e-06,0.4048895171805174,4.25924323648119,,PRUNED,
44027.0,year,1.0,51.0,0.100709,2022-11-05 17:29:40.130318,2022-11-05 17:32:17.597513,0 days 00:02:37.467195,15.0,0.0440550404865277,0.3326336532572,0.5298933485364262,0.0677959888004979,5.889810532019573e-08,0.0780114297333402,9.446682064369302,,PRUNED,
44027.0,year,1.0,52.0,0.370118,2022-11-05 17:32:17.598473,2022-11-05 17:32:19.630686,0 days 00:00:02.032213,14.0,0.0264147301102362,0.3370341376405664,0.5009769450549616,0.0378557933477111,9.03284921984258e-08,0.1042115191716909,10.985242482456696,,PRUNED,
44027.0,year,1.0,53.0,0.098822,2022-11-05 17:32:19.631240,2022-11-05 17:44:37.515773,0 days 00:12:17.884533,19.0,0.0501529763000383,0.3670104453496189,0.5089416877246041,0.0976078121038017,1.9517665486838177e-08,0.0309396247433072,13.344851120736951,,PRUNED,
44027.0,year,1.0,54.0,0.102488,2022-11-05 17:44:37.516853,2022-11-05 17:46:15.758953,0 days 00:01:38.242100,12.0,0.0404512973102127,0.4433949189218991,0.4567474213624801,0.1430187808048713,4.756552789379974e-07,0.2276990562536597,6.975809875937218,,PRUNED,
44027.0,year,1.0,55.0,0.368053,2022-11-05 17:46:15.759981,2022-11-05 17:46:17.566551,0 days 00:00:01.806570,10.0,0.0324260600953075,0.4095407259190791,0.4719916557753584,0.0135561581931414,1.7124428592701173e-07,5.40134620202002e-08,9.66746117323141,,PRUNED,
44027.0,year,1.0,56.0,0.104882,2022-11-05 17:46:17.567153,2022-11-05 17:48:28.575818,0 days 00:02:11.008665,28.0,0.0554912803785406,0.3038231090440844,0.4374843262497266,0.0607845730443495,3.844982940194583e-08,8.063092472447879e-07,5.6108037921725495,,PRUNED,
44027.0,year,1.0,57.0,0.378197,2022-11-05 17:48:28.577013,2022-11-05 17:48:30.539219,0 days 00:00:01.962206,16.0,0.0028875521899058,0.2289963601926537,0.4884609028239235,0.0296272646222461,3.2466221101362137e-07,0.0110891009273858,8.664287335273128,,PRUNED,
44027.0,year,1.0,58.0,0.10047,2022-11-05 17:48:30.539807,2022-11-05 17:54:52.643345,0 days 00:06:22.103538,42.0,0.0629376836256495,0.3778627814561892,0.521521475718806,0.3255785076838319,2.094168566227708e-06,0.0016447561170672,7.276911312552658,,PRUNED,
44027.0,year,1.0,59.0,0.372576,2022-11-05 17:54:52.644342,2022-11-05 17:54:54.500783,0 days 00:00:01.856441,13.0,0.0192302045532054,0.3187581849724484,0.5049830737648539,0.0421618154653924,1.1716724186254849e-05,0.0053464764962607,17.444257449963338,,PRUNED,
44027.0,year,1.0,60.0,0.376749,2022-11-05 17:54:54.501400,2022-11-05 17:54:56.957113,0 days 00:00:02.455713,18.0,0.0071164375539527,0.3443600724747405,0.6957865289545275,0.0116535347448738,1.7623718470271533e-08,1.2265515099930937,10.48138069177748,,PRUNED,
44027.0,year,1.0,61.0,0.0095142732549056,2022-11-05 17:54:56.957692,2022-11-05 18:22:56.505958,0 days 00:27:59.548266,33.0,0.0462146225307962,0.3930793109728835,0.5367045787594936,0.7968073110436297,6.768278633645877e-08,0.0007598846749267,12.110962794755794,707.0,COMPLETE,
44027.0,year,1.0,62.0,0.0094464442347021,2022-11-05 18:22:56.515221,2022-11-05 18:48:52.339549,0 days 00:25:55.824328,38.0,0.0466980280080759,0.356966353897184,0.5391604270029489,1.801942035634433,7.046184485447117e-08,7.4871729715489e-05,12.699303747214824,716.0,COMPLETE,
44027.0,year,1.0,63.0,0.368255,2022-11-05 18:48:52.343039,2022-11-05 18:48:53.810874,0 days 00:00:01.467835,36.0,0.032016213662138,0.4070097429769785,0.5436006369403001,3.300047969740436,1.175359077617336e-07,4.421926023616476e-05,12.00662119497877,,PRUNED,
44027.0,year,1.0,64.0,0.0096876661030966,2022-11-05 18:48:53.811474,2022-11-05 19:04:35.057836,0 days 00:15:41.246362,31.0,0.0869944155068754,0.3603980148189624,0.5605220189742921,1.647521755805526,7.568644758308001e-07,8.557224064141894e-06,13.278052392145865,465.0,COMPLETE,
44027.0,year,1.0,65.0,0.366689,2022-11-05 19:04:35.061618,2022-11-05 19:04:36.613330,0 days 00:00:01.551712,39.0,0.0365476974421495,0.3845431937416176,0.5351822683114819,1.0892852759726035,2.886894831063949e-07,0.0005998817580733,32.691869935079296,,PRUNED,
44027.0,year,1.0,66.0,0.0094358508271754,2022-11-05 19:04:36.613921,2022-11-05 19:32:01.755226,0 days 00:27:25.141305,46.0,0.0481947120165424,0.4377175166846284,0.5191557628271625,0.7329972232297457,4.2882800054014255e-08,0.0001324774882385,23.796520840692096,641.0,COMPLETE,
44027.0,year,1.0,67.0,0.0095255032312054,2022-11-05 19:32:01.758694,2022-11-05 19:50:42.701498,0 days 00:18:40.942804,47.0,0.0683660467001915,0.4342707542941589,0.5938479063825803,0.8129991728973603,2.07992249192e-08,8.288217326372499e-05,23.79003855939252,411.0,COMPLETE,
44027.0,year,1.0,68.0,0.0096047807349004,2022-11-05 19:50:42.705260,2022-11-05 20:05:24.082914,0 days 00:14:41.377654,48.0,0.0682497013697645,0.4339267622047643,0.5899624850907416,0.6657521570393274,1.1367904979649018e-08,0.0001386471315382,25.55237229004652,326.0,COMPLETE,
44027.0,year,1.0,69.0,0.0097029416221672,2022-11-05 20:05:24.086729,2022-11-05 20:20:48.322662,0 days 00:15:24.235933,49.0,0.0990029919860186,0.4471510244340084,0.6216124516934297,0.8195093883585258,1.6553505757663022e-08,0.0001770715395452,24.32315112294317,326.0,COMPLETE,
44027.0,year,1.0,70.0,0.0094840409186535,2022-11-05 20:20:48.326536,2022-11-05 20:45:47.003447,0 days 00:24:58.676911,46.0,0.0659998009318092,0.4804515941426054,0.5860558019930455,0.5141063165225238,1.055419129249132e-08,2.77745698662882e-05,40.2437048882401,512.0,COMPLETE,
44027.0,year,1.0,71.0,0.0095845306201383,2022-11-05 20:45:47.007092,2022-11-05 21:16:13.592907,0 days 00:30:26.585815,47.0,0.0687971343196282,0.483356602783533,0.5836813156983172,0.518292747665746,1.131076320760168e-08,1.999610922118086e-05,19.48862068833737,566.0,COMPLETE,
44027.0,year,1.0,72.0,0.0094503956513001,2022-11-05 21:16:13.596990,2022-11-05 21:39:47.265003,0 days 00:23:33.668013,46.0,0.0580246867939049,0.5383096460693086,0.5750518988520157,0.4550492447428874,5.1481614576661883e-08,2.2911229009898865e-05,40.345406513613824,433.0,COMPLETE,
44027.0,year,1.0,73.0,0.0096220912992482,2022-11-05 21:39:47.268263,2022-11-05 21:55:40.157909,0 days 00:15:52.889646,47.0,0.0820983708788583,0.5196623178921644,0.5761574727386858,0.4556890491230208,4.113248025844317e-08,3.496802301742261e-06,41.92832439638874,299.0,COMPLETE,
44027.0,year,1.0,74.0,0.0092844425876795,2022-11-05 21:55:40.161461,2022-11-05 22:33:09.513497,0 days 00:37:29.352036,45.0,0.0572271079769486,0.5910636021729994,0.6423070463066121,1.435108112042664,2.5427603551813907e-08,2.1177239374832125e-05,60.40076596580122,708.0,COMPLETE,
44027.0,year,1.0,75.0,0.0092768300098495,2022-11-05 22:33:09.516737,2022-11-05 23:02:00.932552,0 days 00:28:51.415815,46.0,0.0551861495318881,0.59548083573783,0.630578121295744,1.4656521536476397,2.711830951962862e-08,2.5781582865472985e-05,63.05672035250882,563.0,COMPLETE,
44027.0,year,1.0,76.0,0.009240657980188,2022-11-05 23:02:00.935838,2022-11-05 23:45:10.115041,0 days 00:43:09.179203,44.0,0.0538469407618582,0.5859307049817821,0.6424447814336671,1.5577533249918292,2.439871527546011e-08,5.9551829929485934e-05,58.60884241484988,851.0,COMPLETE,
44027.0,year,1.0,77.0,0.363662,2022-11-05 23:45:10.119123,2022-11-05 23:45:11.938024,0 days 00:00:01.818901,44.0,0.0454118624743783,0.554235386489542,0.6724351122629483,1.680989593458477,3.2209954199246184e-08,2.036444913137204e-05,55.50368935001007,,PRUNED,
44027.0,year,1.0,78.0,0.0092552839616737,2022-11-05 23:45:11.938670,2022-11-06 00:19:26.218520,0 days 00:34:14.279850,44.0,0.0555849289723162,0.5921558973602167,0.6509905296195355,2.1923516982821485,5.435192626680496e-08,3.788558964315461e-05,81.40006159795418,713.0,COMPLETE,
44027.0,year,1.0,79.0,0.0093806040273276,2022-11-06 00:19:26.222399,2022-11-06 00:38:44.740910,0 days 00:19:18.518511,45.0,0.0561001820530217,0.599328551614451,0.6317129514817301,2.132676719035464,1.952575280040415e-08,4.06463874506206e-05,74.41708253136689,408.0,COMPLETE,
44027.0,year,1.0,80.0,0.0092543384188143,2022-11-06 00:38:44.744987,2022-11-06 01:15:25.893105,0 days 00:36:41.148118,43.0,0.058208531472573,0.5928540671863135,0.6455742153166912,2.3073143804224028,3.2851624088778385e-08,2.59918641163681e-06,82.13228045710342,780.0,COMPLETE,
44027.0,year,1.0,81.0,0.0092366916568911,2022-11-06 01:15:25.897162,2022-11-06 01:54:51.214018,0 days 00:39:25.316856,44.0,0.0557643877403268,0.5936909504410228,0.6530272824949515,2.369769629272456,2.6294501498945788e-08,2.31394011388338e-06,84.1076288275664,840.0,COMPLETE,
44027.0,year,1.0,82.0,0.361365,2022-11-06 01:54:51.217704,2022-11-06 01:54:52.997505,0 days 00:00:01.779801,43.0,0.0521773043575619,0.5983572426652587,0.656762021059166,2.530484223333992,2.6173131210944543e-08,2.231322556012612e-06,84.23476661473748,,PRUNED,
44027.0,year,1.0,83.0,0.361293,2022-11-06 01:54:52.998066,2022-11-06 01:54:54.605802,0 days 00:00:01.607736,42.0,0.0524699289303408,0.5984939007224571,0.6378510715725861,4.404352671760507,2.3677271850119325e-08,1.0599557551693014e-05,69.50566388828729,,PRUNED,
44027.0,year,1.0,84.0,0.0093003422670968,2022-11-06 01:54:54.606390,2022-11-06 02:22:18.687041,0 days 00:27:24.080651,44.0,0.0586248122994786,0.5706816562926841,0.7028937688428153,2.021767115500419,1.2761917539455025e-07,8.39851124403909e-07,83.35025167319743,567.0,COMPLETE,
44027.0,year,1.0,85.0,0.0094395178452916,2022-11-06 02:22:18.691306,2022-11-06 02:42:27.293879,0 days 00:20:08.602573,44.0,0.0912664974914956,0.5775037338385273,0.6989259867242793,1.381718339829634,1.815729195487765e-07,4.968531780264575e-07,83.87148187079015,398.0,COMPLETE,
44027.0,year,1.0,86.0,0.009330173242912,2022-11-06 02:42:27.298101,2022-11-06 03:03:43.089120,0 days 00:21:15.791019,41.0,0.0581697405634202,0.5631401471140424,0.7227753811362445,2.053036628233951,4.050254459502401e-08,2.128663106762476e-06,64.42852365971412,424.0,COMPLETE,
44027.0,year,1.0,87.0,0.009369502774511,2022-11-06 03:03:43.093301,2022-11-06 03:25:30.490150,0 days 00:21:47.396849,41.0,0.073941224212875,0.5661581890889896,0.739469511334642,2.210636926591452,1.1545743363862385e-07,1.1693278402006718e-06,60.49537410525499,420.0,COMPLETE,
44027.0,year,1.0,88.0,0.009371369097158,2022-11-06 03:25:30.494250,2022-11-06 03:51:52.238269,0 days 00:26:21.744019,41.0,0.0770204209226274,0.5701179131568321,0.7497916161702327,3.791953029099981,1.4419168835006334e-07,1.2925840137809253e-06,60.296214310344816,516.0,COMPLETE,
44027.0,year,1.0,89.0,0.0092465688983693,2022-11-06 03:51:52.242042,2022-11-06 04:29:54.126452,0 days 00:38:01.884410,40.0,0.0610450004293987,0.5106257136554583,0.7268138176428356,1.2931271124612578,9.759552161341008e-08,2.252048590378989e-07,87.72033942850926,832.0,COMPLETE,
44027.0,year,1.0,90.0,0.37867,2022-11-06 04:29:54.130451,2022-11-06 04:29:56.064030,0 days 00:00:01.933579,50.0,0.0015091300939527,0.5137992851529267,0.7126656265492151,1.314841666433219,0.2065765094745926,2.033119505089464e-07,89.40980312610625,,PRUNED,
44027.0,year,1.0,91.0,0.377673,2022-11-06 04:29:56.064558,2022-11-06 04:29:57.845152,0 days 00:00:01.780594,41.0,0.0044287328702685,0.5567025783965657,0.7339948309650092,2.4126148234098457,1.2824743040782984e-07,4.0559724307103565e-06,66.34832310449707,,PRUNED,
44027.0,year,1.0,92.0,0.0092986615689063,2022-11-06 04:29:57.845632,2022-11-06 05:02:03.219036,0 days 00:32:05.373404,40.0,0.0726682514067981,0.5842091230615912,0.7975101094798669,1.9654460582994384,9.398510429413065e-08,1.5196263142845287e-06,57.76821154079328,563.0,COMPLETE,
44027.0,year,1.0,93.0,0.108877,2022-11-06 05:02:03.222917,2022-11-06 05:03:03.293508,0 days 00:01:00.070591,38.0,0.0591654435350508,0.5360174155630227,0.7918015016929859,5.592954138757494,4.5015398200902223e-08,2.4365406571962388e-06,53.95673572255621,,PRUNED,
44027.0,year,1.0,94.0,0.0093453657431599,2022-11-06 05:03:03.294492,2022-11-06 05:28:21.060834,0 days 00:25:17.766342,43.0,0.0616746089505859,0.5851886278949331,0.654849244602659,2.7813344403219857,2.692562477422668e-07,6.500755932778666e-07,81.34578241731231,561.0,COMPLETE,
44027.0,year,1.0,95.0,0.0093526267670347,2022-11-06 05:28:21.064742,2022-11-06 05:55:13.630198,0 days 00:26:52.565456,44.0,0.0772138858597782,0.5534753586312187,0.6822325539027212,1.344485252966965,4.21465971378493e-07,7.83951912044563e-06,95.89818356613162,562.0,COMPLETE,
44027.0,year,1.0,96.0,0.0095174899688601,2022-11-06 05:55:13.634321,2022-11-06 06:08:58.492112,0 days 00:13:44.857791,40.0,0.0877289235023378,0.5878590328533372,0.6108045422343404,1.9360279867688872,8.554847054213685e-08,1.1257310482453997e-07,74.97449333221063,304.0,COMPLETE,
44027.0,year,1.0,97.0,0.0093417910058014,2022-11-06 06:08:58.496167,2022-11-06 06:38:32.907391,0 days 00:29:34.411224,36.0,0.0646624833203307,0.5335697670586379,0.6660229493248198,1.0348351930752948,3.185741599632428e-08,1.1198758384239312e-05,44.73607782739916,588.0,COMPLETE,
44027.0,year,1.0,98.0,0.361408,2022-11-06 06:38:32.911187,2022-11-06 06:38:34.558468,0 days 00:00:01.647281,45.0,0.0521158675613852,0.5667128746881512,0.6913136378647327,3.572945528639599,1.418392583021487e-08,2.228195573243016e-07,53.20243054644762,,PRUNED,
44027.0,year,1.0,99.0,0.359559,2022-11-06 06:38:34.559080,2022-11-06 06:38:36.474817,0 days 00:00:01.915737,43.0,0.0575037628009014,0.5857203416472688,0.7711873070100393,2.682180458116888,5.7159931541545815e-08,5.98067585291836e-06,64.74071748781856,,PRUNED,
44027.0,year,2.0,0.0,0.0097584771988524,2022-11-06 10:27:31.182902,2022-11-06 10:51:19.291557,0 days 00:23:48.108655,46.0,0.05518,0.59548,0.630578,1.465652,2.7e-08,2.57e-05,63.056,469.0,COMPLETE,"{'max_depth': 46, 'learning_rate': 0.05518, 'colsample_bytree': 0.59548, 'subsample': 0.630578, 'reg_alpha': 1.465652, 'reg_lambda': 2.7e-08, 'gamma': 2.57e-05, 'min_child_weight': 63.056}"
44027.0,year,2.0,1.0,0.0105495099799761,2022-11-06 10:51:19.294859,2022-11-06 11:10:05.037755,0 days 00:18:45.742896,43.0,0.098121763994104,0.4591940811461271,0.57834699216537,0.3085945926266198,0.0490684501337683,0.0122656713202773,4.213479541645707,304.0,COMPLETE,
44027.0,year,2.0,2.0,0.0101559550903074,2022-11-06 11:10:05.041400,2022-11-06 11:51:58.217048,0 days 00:41:53.175648,33.0,0.0139194503350916,0.5368359944670686,0.6110715352110662,9.119334235644676,1.0941954484818906e-06,0.0259731691375817,17.64573157878807,1000.0,COMPLETE,
44027.0,year,2.0,3.0,0.0122073300291845,2022-11-06 11:51:58.219934,2022-11-06 11:56:05.701240,0 days 00:04:07.481306,45.0,0.0467625459100122,0.3264120551764375,0.765448335255246,0.6568914912554941,2.725209079062929e-06,9.091603262522158,43.30002004178292,150.0,COMPLETE,
44027.0,year,2.0,4.0,0.0113417045191456,2022-11-06 11:56:05.704030,2022-11-06 12:10:02.628387,0 days 00:13:56.924357,11.0,0.003199929247529,0.2940352841963436,0.6948135718697056,0.2549884985512229,0.2573321897850563,0.0053349203234226,32.20420362780111,1000.0,COMPLETE,
44027.0,year,2.0,5.0,0.373075,2022-11-06 12:10:02.631772,2022-11-06 12:10:03.796131,0 days 00:00:01.164359,41.0,0.044329592917668,0.2125664968381946,0.6652983610056574,7.925925759371986,0.0352324986949586,0.0167388032816204,5.826824650545,,PRUNED,
44027.0,year,2.0,6.0,0.386782,2022-11-06 12:10:03.797013,2022-11-06 12:10:05.304031,0 days 00:00:01.507018,25.0,0.0051387824091119,0.5603071544904826,0.4418662607833683,5.58177644877786,2.1004259150200365e-07,9.498093714970281e-08,9.58117983414273,,PRUNED,
44027.0,year,2.0,7.0,0.0117630619739774,2022-11-06 12:10:05.304894,2022-11-06 12:13:04.100792,0 days 00:02:58.795898,37.0,0.0739899129325006,0.2477206991270915,0.7027154394842876,1.2927251912398283,0.1745323170132469,3.777062151939549,14.511413785894026,115.0,COMPLETE,
44027.0,year,2.0,8.0,0.381894,2022-11-06 12:13:04.103695,2022-11-06 12:13:06.126622,0 days 00:00:02.022927,12.0,0.0189360811148369,0.4977021136445177,0.4505368183759073,0.0734866778737155,1.4385813724052166e-07,7.191482051377368e-05,97.93609637208688,,PRUNED,
44027.0,year,2.0,9.0,0.387985,2022-11-06 12:13:06.127223,2022-11-06 12:13:08.032916,0 days 00:00:01.905693,44.0,0.0017083526019853,0.2785426068575903,0.7287853481387295,0.1123870726462989,3.318287733713395,6.851435267444207e-06,32.24087835108848,,PRUNED,
44027.0,year,2.0,10.0,0.37964,2022-11-06 12:13:08.033514,2022-11-06 12:13:10.198470,0 days 00:00:02.164956,24.0,0.0253201815085628,0.3730652017752009,0.5073998476595718,0.0199846279641713,0.0001205701499664,1.3148534039390732e-08,96.44768851223272,,PRUNED,
44027.0,year,2.0,11.0,0.385275,2022-11-06 12:13:10.199075,2022-11-06 12:13:12.099549,0 days 00:00:01.900474,35.0,0.0094075094692253,0.5968347063543136,0.5957415650599306,2.285829712088275,1.6952374860918847e-08,5.7982739204282085e-06,15.217362047738312,,PRUNED,
44027.0,year,2.0,12.0,0.383768,2022-11-06 12:13:12.100140,2022-11-06 12:13:14.030502,0 days 00:00:01.930362,30.0,0.0137061505546792,0.4137400027916444,0.6222098909666481,3.0417428513411697,1.7564157008998437e-05,0.2490917612057146,2.607750356001051,,PRUNED,
44027.0,year,2.0,13.0,0.385879,2022-11-06 12:13:14.031095,2022-11-06 12:13:15.303719,0 days 00:00:01.272624,49.0,0.0077282654721979,0.5242005800090596,0.5357163119902459,8.946657393954418,1.119901747654096e-08,0.0006471234434571,53.91756966645919,,PRUNED,
44027.0,year,2.0,14.0,0.377793,2022-11-06 12:13:15.304307,2022-11-06 12:13:17.029553,0 days 00:00:01.725246,19.0,0.0306905770926096,0.4365354254669505,0.5075026615186333,1.0233803747801886,1.2093162371535992e-06,0.0001108563653544,26.248852107452876,,PRUNED,
44027.0,year,2.0,15.0,0.387287,2022-11-06 12:13:17.030179,2022-11-06 12:13:18.375366,0 days 00:00:01.345187,4.0,0.0036963920829247,0.5835507641909079,0.6359005309085776,3.0364030907785646,0.0014183346675348,1.6652327948814603e-06,19.475564848840172,,PRUNED,
44027.0,year,2.0,16.0,0.382954,2022-11-06 12:13:18.375947,2022-11-06 12:13:20.669319,0 days 00:00:02.293372,32.0,0.0159935675120106,0.387688824622411,0.5507238954184421,0.5102930811185348,1.3913107998805854e-05,0.1656337224225989,8.97973533733173,,PRUNED,
44027.0,year,2.0,17.0,0.388222,2022-11-06 12:13:20.670057,2022-11-06 12:13:22.182674,0 days 00:00:01.512617,37.0,0.0010336690928538,0.4905297136402136,0.4029552927134253,1.7595214870120284,1.987266069569665e-07,0.001267001070916,58.26386359369644,,PRUNED,
44027.0,year,2.0,18.0,0.0101689691768021,2022-11-06 12:13:22.183261,2022-11-06 12:57:01.854286,0 days 00:43:39.671025,49.0,0.0515349438803787,0.5259159618615269,0.6427900521453719,4.43754116971097,0.0003308668800609,0.1633468588960396,8.350296240775727,704.0,COMPLETE,
44027.0,year,2.0,19.0,0.378351,2022-11-06 12:57:01.857701,2022-11-06 12:57:04.402461,0 days 00:00:02.544760,20.0,0.0289880955631313,0.3549721374032684,0.7805109163879294,0.0199492127493436,2.112246958148333e-06,3.3459628532617465e-05,22.621040572937176,,PRUNED,
44027.0,year,2.0,20.0,0.38581,2022-11-06 12:57:04.403078,2022-11-06 12:57:06.759057,0 days 00:00:02.355979,29.0,0.0078862799651375,0.4600787369383552,0.5810647735245441,0.9154505570235936,5.2890776319750836e-08,7.528102677725028e-07,2.536844333308326,,PRUNED,
44027.0,year,2.0,21.0,0.103533,2022-11-06 12:57:06.759667,2022-11-06 13:05:26.823383,0 days 00:08:20.063716,50.0,0.0573144338317323,0.5216374634610178,0.6389958810210983,4.5473501115358825,0.0023481202447973,0.3511890733634641,9.055157637111996,,PRUNED,
44027.0,year,2.0,22.0,0.0100012426890857,2022-11-06 13:05:26.824545,2022-11-06 13:38:55.282163,0 days 00:33:28.457618,48.0,0.099570849813869,0.5371658751234819,0.6536905170629516,4.427857702025577,4.38634659704852e-05,0.0568672255344137,4.877052035588985,500.0,COMPLETE,
44027.0,year,2.0,23.0,0.0100195741519374,2022-11-06 13:38:55.285246,2022-11-06 14:11:47.860269,0 days 00:32:52.575023,40.0,0.0914864132933007,0.5780680296051912,0.6043549662061698,9.55641149850686,2.218407583508831e-05,0.0422182136782944,5.149011654153406,586.0,COMPLETE,
44027.0,year,2.0,24.0,0.106413,2022-11-06 14:11:47.863086,2022-11-06 14:15:58.940693,0 days 00:04:11.077607,40.0,0.0916471162806606,0.5724855288837313,0.6797827929433299,1.9174825541682448,4.639388648907901e-05,1.9190786071944967,4.2941399378128935,,PRUNED,
44027.0,year,2.0,25.0,0.009850005029197,2022-11-06 14:15:58.941844,2022-11-06 15:09:47.901851,0 days 00:53:48.960007,46.0,0.0663478268556986,0.5997946142660927,0.7222489567478128,4.614806345473591,0.0010927359066382,0.0009393159725139,4.119142180922621,729.0,COMPLETE,
44027.0,year,2.0,26.0,0.376305,2022-11-06 15:09:47.905118,2022-11-06 15:09:49.937533,0 days 00:00:02.032415,46.0,0.0349885557498541,0.482651614839565,0.7527722003108813,3.508191408073151,0.0040643963385786,0.0031279836164379,2.086487607382662,,PRUNED,
44027.0,year,2.0,27.0,0.009954236561356,2022-11-06 15:09:49.938127,2022-11-06 15:47:34.617413,0 days 00:37:44.679286,47.0,0.064552602127666,0.4320672618730434,0.7273324940145571,1.6802350321449036,0.0003892216481417,0.0001909174923971,3.426856669710823,613.0,COMPLETE,
44027.0,year,2.0,28.0,0.366205,2022-11-06 15:47:34.620378,2022-11-06 15:47:38.032291,0 days 00:00:03.411913,42.0,0.0642055257609758,0.430959765778761,0.7295895062064998,0.2035603244481959,0.0004309843148728,0.0002442549384786,3.2191783656298125,,PRUNED,
44027.0,year,2.0,29.0,0.376062,2022-11-06 15:47:38.032894,2022-11-06 15:47:40.405951,0 days 00:00:02.373057,45.0,0.0356518923938407,0.3258200889096968,0.7905985771138596,0.4575641714263763,0.0226113017845141,2.056764532265069e-05,6.421238662460526,,PRUNED,
44027.0,year,2.0,30.0,0.381061,2022-11-06 15:47:40.406571,2022-11-06 15:47:42.538210,0 days 00:00:02.131639,38.0,0.0213987119134868,0.4590422785975238,0.7283835617359788,1.4588620215134798,0.0060850371859047,0.0003109119049332,3.232005341569437,,PRUNED,
44027.0,year,2.0,31.0,0.0099365298784617,2022-11-06 15:47:42.539044,2022-11-06 16:37:40.779655,0 days 00:49:58.240611,47.0,0.0770466024351253,0.5968909700348352,0.6589482962359267,5.681757156829261,0.0001235410266456,0.0013325928927987,3.9611787312154982,709.0,COMPLETE,
44027.0,year,2.0,32.0,0.0099069995993864,2022-11-06 16:37:40.783436,2022-11-06 17:23:48.870449,0 days 00:46:08.087013,46.0,0.06956947767925,0.5940323602654033,0.6884027505970457,2.212044088208452,0.0010120939315531,0.0012011721543315,3.2068744905008764,585.0,COMPLETE,
44027.0,year,2.0,33.0,0.373529,2022-11-06 17:23:48.873965,2022-11-06 17:23:50.581754,0 days 00:00:01.707789,43.0,0.042961960228148,0.5917903016258362,0.6823938366648388,6.168521538029159,0.0124974026542782,0.0024184033216233,11.557709793543063,,PRUNED,
44027.0,year,2.0,34.0,0.0098697742911384,2022-11-06 17:23:50.582639,2022-11-06 18:08:11.942287,0 days 00:44:21.359648,46.0,0.0760641484205124,0.5496555975405821,0.6914516586581917,2.581332546126324,3.590626847556726,0.010174469184056,6.496065991209502,643.0,COMPLETE,
44027.0,year,2.0,35.0,0.373268,2022-11-06 18:08:11.946008,2022-11-06 18:08:14.100300,0 days 00:00:02.154292,43.0,0.0435995017501117,0.5410337084468346,0.6897550596015791,0.8698204251831492,2.1245161074733816,0.009636578710057,7.13659440986471,,PRUNED,
44027.0,year,2.0,36.0,0.369068,2022-11-06 18:08:14.101152,2022-11-06 18:08:15.958142,0 days 00:00:01.856990,34.0,0.0556912671133002,0.5031402152852497,0.7531567963544443,2.183381643540032,9.219740449786109,0.0154792230300013,11.196781210820593,,PRUNED,
44027.0,year,2.0,37.0,0.101327,2022-11-06 18:08:15.958974,2022-11-06 18:18:56.097531,0 days 00:10:40.138557,50.0,0.079523971994184,0.5469168784848992,0.618799608036097,0.6394728862802751,0.1824933642657406,0.0039248801946048,5.43263890419237,,PRUNED,
44027.0,year,2.0,38.0,0.372122,2022-11-06 18:18:56.098801,2022-11-06 18:18:58.453432,0 days 00:00:02.354631,39.0,0.0469004681236656,0.5511701248879468,0.6991759652254207,2.614184525854639,0.8203411980673853,0.0008044124266183,2.241684546416979,,PRUNED,
44027.0,year,2.0,39.0,0.365412,2022-11-06 18:18:58.454023,2022-11-06 18:19:00.478044,0 days 00:00:02.024021,46.0,0.0662496478112881,0.2207016549759559,0.5702413813609039,0.2804724379310738,0.0781147331287417,1.8073719070418963e-05,7.012720892598879,,PRUNED,
44027.0,year,2.0,40.0,0.380612,2022-11-06 18:19:00.478711,2022-11-06 18:19:02.521935,0 days 00:00:02.043224,36.0,0.0226446306343046,0.4687798874008842,0.6671932049134975,1.0912833069503012,0.0011889696436042,5.376253457052982e-05,71.67271488492133,,PRUNED,
44027.0,year,2.0,41.0,0.101902,2022-11-06 18:19:02.522593,2022-11-06 18:27:04.793714,0 days 00:08:02.271121,45.0,0.0780023421112488,0.5979988300507961,0.7110749018242325,7.336944425014117,4.23221678900339e-06,0.0007624423892676,4.06566966198646,,PRUNED,
44027.0,year,2.0,42.0,0.375413,2022-11-06 18:27:04.795059,2022-11-06 18:27:06.685663,0 days 00:00:01.890604,42.0,0.0375712921400392,0.5614061249983642,0.6629078812960445,6.200400106188726,0.4512150889166736,0.0059425175848095,3.941801038466331,,PRUNED,
44027.0,year,2.0,43.0,0.0099271354977117,2022-11-06 18:27:06.686310,2022-11-06 19:04:55.401862,0 days 00:37:48.715552,47.0,0.0808401155095701,0.5127136864441408,0.7649038754167482,3.99928586975694,0.0562333088418233,0.0019862212933556,2.8924466488957674,527.0,COMPLETE,
44027.0,year,2.0,44.0,0.369864,2022-11-06 19:04:55.404731,2022-11-06 19:04:57.423616,0 days 00:00:02.018885,44.0,0.0534105743997977,0.5093020508952507,0.7676465099891829,4.048218846601922,0.0419900568533836,6.425715340884494e-06,2.6691220885867954,,PRUNED,
44027.0,year,2.0,45.0,0.101351,2022-11-06 19:04:57.424243,2022-11-06 19:11:01.464165,0 days 00:06:04.039922,41.0,0.095581124126679,0.2944485517241068,0.7437871575758501,2.662223114364778,0.0824649568586698,0.020822244182251,3.0977694975589447,,PRUNED,
44027.0,year,2.0,46.0,0.010015764145955,2022-11-06 19:11:01.465290,2022-11-06 19:41:47.908627,0 days 00:30:46.443337,48.0,0.0703128989730239,0.5618852181169864,0.798348206017539,0.0336627929669201,0.0111345078561403,0.0001206093228389,30.882569233143865,354.0,COMPLETE,
44027.0,year,2.0,47.0,0.374204,2022-11-06 19:41:47.912262,2022-11-06 19:41:51.124865,0 days 00:00:03.212603,44.0,0.0408868605613734,0.505805577700053,0.713729202014211,0.0107193473603539,1.1132830136669878,8.923981528536584e-07,43.53807639093903,,PRUNED,
44027.0,year,2.0,48.0,0.378465,2022-11-06 19:41:51.125841,2022-11-06 19:41:53.153524,0 days 00:00:02.027683,11.0,0.0288096454361148,0.5632155662795251,0.7699553319916876,1.2821200954378824,5.017103787457619,0.054034676344305,2.8181049412528165,,PRUNED,
44027.0,year,2.0,49.0,0.384332,2022-11-06 19:41:53.154364,2022-11-06 19:41:56.257641,0 days 00:00:03.103277,50.0,0.0121735997132322,0.4049275314342526,0.5957214806047298,0.1417934930538002,0.0001063682621579,0.0004031796219734,4.592752928037798,,PRUNED,
44027.0,year,2.0,50.0,0.368106,2022-11-06 19:41:56.258512,2022-11-06 19:41:58.104792,0 days 00:00:01.846280,47.0,0.0583940729549767,0.4790506559510309,0.7030147183672141,3.2771370892629577,0.001021027616278,0.0022677002359466,5.967753429181728,,PRUNED,
44027.0,year,2.0,51.0,0.101643,2022-11-06 19:41:58.106112,2022-11-06 19:50:50.533993,0 days 00:08:52.427881,47.0,0.0801992817109474,0.5967102767022472,0.6766514959422982,5.659565970472436,6.848657616664947e-07,0.0016705703513256,3.8455337905951934,,PRUNED,
44027.0,year,2.0,52.0,0.100132,2022-11-06 19:50:50.535433,2022-11-06 20:17:33.383524,0 days 00:26:42.848091,46.0,0.0753491658172351,0.5997743379816214,0.6278867891152612,2.322670960038338,4.203363014199286e-08,0.008203100079658,2.251844505568541,,PRUNED,
44027.0,year,2.0,53.0,0.103883,2022-11-06 20:17:33.385085,2022-11-06 20:20:53.077058,0 days 00:03:19.691973,42.0,0.0828401027971065,0.5222503512897744,0.6495301900465444,7.992249212599415,0.0001322823224067,0.0005332550745885,3.59952661186442,,PRUNED,
44027.0,year,2.0,54.0,0.371223,2022-11-06 20:20:53.078527,2022-11-06 20:20:55.131289,0 days 00:00:02.052762,48.0,0.0495156903895538,0.5426369146028762,0.7165369992959524,4.585391152376008,0.2933552031025591,0.0012267716515731,2.892229960126285,,PRUNED,
44027.0,year,2.0,55.0,0.386964,2022-11-06 20:20:55.132126,2022-11-06 20:20:56.988520,0 days 00:00:01.856394,17.0,0.004621328465934,0.5747841271969301,0.7473100047523916,3.5760693993430697,6.7180690960120345e-06,9.095416785469647e-05,16.829946795015328,,PRUNED,
44027.0,year,2.0,56.0,0.365668,2022-11-06 20:20:56.989450,2022-11-06 20:20:58.937087,0 days 00:00:01.947637,44.0,0.0654317866737362,0.5180267875481843,0.668568093519196,5.392765060053349,6.112374064290845e-07,0.0050072931779131,4.737286094923815,,PRUNED,
44027.0,year,2.0,57.0,0.387942,2022-11-06 20:20:58.937939,2022-11-06 20:21:00.845438,0 days 00:00:01.907499,6.0,0.0018316815693151,0.5703175773715728,0.6911580299263073,1.775204765677843,0.0006996843223984,2.650652162502061e-06,2.4713285965233767,,PRUNED,
44027.0,year,2.0,58.0,0.368839,2022-11-06 20:21:00.846257,2022-11-06 20:21:02.357589,0 days 00:00:01.511332,24.0,0.0563923180276717,0.5357638051482755,0.653924166083965,7.291190989164592,0.000163302906296,3.6470013503961975e-05,77.61158106890423,,PRUNED,
44027.0,year,2.0,59.0,0.108782,2022-11-06 20:21:02.358454,2022-11-06 20:21:59.179640,0 days 00:00:56.821186,40.0,0.0886399403261757,0.2580802781662559,0.5248861758221396,0.7080690607168565,0.0168695330706352,0.6060121006616208,8.032303182488558,,PRUNED,
44027.0,year,3.0,0.0,0.009280393914115823,2022-11-06 20:57:14.432442,2022-11-06 21:26:54.830370,0 days 00:29:40.397928,46.0,0.05518,0.59548,0.630578,1.465652,2.7e-08,2.57e-05,63.056,577.0,COMPLETE,"{'max_depth': 46, 'learning_rate': 0.05518, 'colsample_bytree': 0.59548, 'subsample': 0.630578, 'reg_alpha': 1.465652, 'reg_lambda': 2.7e-08, 'gamma': 2.57e-05, 'min_child_weight': 63.056}"
44027.0,year,3.0,1.0,0.00950755070577142,2022-11-06 21:26:54.834028,2022-11-06 22:00:35.372584,0 days 00:33:40.538556,45.0,0.00678709492856055,0.4375385750400187,0.5203328540007253,0.019045106375930557,7.879049224742902e-06,0.004509692351766477,63.031327300554594,1000.0,COMPLETE,
44027.0,year,3.0,2.0,0.009747407049103861,2022-11-06 22:00:35.375661,2022-11-06 22:04:29.032929,0 days 00:03:53.657268,9.0,0.06146122888347428,0.33657650465958416,0.5972518385118832,0.010464087711057746,4.086551553625433e-06,0.00012158246938578923,8.929860550473823,333.0,COMPLETE,
44027.0,year,3.0,3.0,0.011442725000271336,2022-11-06 22:04:29.036340,2022-11-06 22:26:10.307977,0 days 00:21:41.271637,25.0,0.003091117811720229,0.29002372319838693,0.5631533348682348,3.233092722358253,0.0028256447838410415,0.0024446908594078806,2.6676234468514366,1000.0,COMPLETE,
44027.0,year,3.0,4.0,0.009498312678174413,2022-11-06 22:26:10.311562,2022-11-06 22:48:11.564050,0 days 00:22:01.252488,50.0,0.06158645856758104,0.33597581455432507,0.7663500674611388,0.02349488162872342,0.058673748388584364,2.896385071727547e-07,76.09129431022443,460.0,COMPLETE,
44027.0,year,3.0,5.0,0.378542,2022-11-06 22:48:11.567652,2022-11-06 22:48:13.055898,0 days 00:00:01.488246,25.0,0.0010420474148361658,0.35988497550864496,0.45570737787915305,3.384957895697727,0.3030621450865134,0.0004062673842391781,2.7583178424890242,,PRUNED,
44027.0,year,3.0,6.0,0.009723316814525262,2022-11-06 22:48:13.056830,2022-11-06 23:00:59.290768,0 days 00:12:46.233938,23.0,0.08562609309729323,0.45570208283868413,0.4913314853264787,1.5058138441625692,1.1257383559157348e-05,0.0005117092351681778,3.094683462794353,359.0,COMPLETE,
44027.0,year,3.0,7.0,0.376195,2022-11-06 23:00:59.294310,2022-11-06 23:01:03.455755,0 days 00:00:04.161445,43.0,0.007920482329777736,0.5807754175271569,0.6783575350912219,0.014435420734626413,1.2175277563632353e-06,7.987218673467695,9.971814148402045,,PRUNED,
44027.0,year,3.0,8.0,0.365954,2022-11-06 23:01:03.456456,2022-11-06 23:01:05.123235,0 days 00:00:01.666779,14.0,0.038003122606795316,0.21240626764134765,0.6928336712251179,0.013550200696931797,1.2363491085754992,0.00025848366789801456,2.1138368004103554,,PRUNED,
44027.0,year,3.0,9.0,0.368768,2022-11-06 23:01:05.126669,2022-11-06 23:01:06.626703,0 days 00:00:01.500034,9.0,0.029595751258418023,0.31524591729831763,0.6646454315661603,1.063246890770644,0.03432257858634682,6.053255118288469e-06,4.611543493344053,,PRUNED,
44027.0,year,3.0,10.0,0.371957,2022-11-06 23:01:06.627361,2022-11-06 23:01:09.169631,0 days 00:00:02.542270,36.0,0.020228318564495768,0.5616076491351562,0.41977272344013783,0.2101214105713628,1.2047146432965077e-08,2.4883849529173164e-08,31.15499904609954,,PRUNED,
44027.0,year,3.0,11.0,0.10056,2022-11-06 23:01:09.170291,2022-11-06 23:03:33.586462,0 days 00:02:24.416171,50.0,0.08524881883416731,0.24813698806966852,0.7832545331789779,0.11204995626915364,0.000751298560968294,1.676474700677337e-07,61.81666889847318,,PRUNED,
44027.0,year,3.0,12.0,0.37272,2022-11-06 23:03:33.587694,2022-11-06 23:03:35.528460,0 days 00:00:01.940766,36.0,0.01806764545906159,0.4041652447955206,0.7892662745764957,0.0758397641099884,7.527125101847256,1.4045091313614119e-06,27.978121294955667,,PRUNED,
44027.0,year,3.0,13.0,0.363074,2022-11-06 23:03:35.529185,2022-11-06 23:03:37.132508,0 days 00:00:01.603323,37.0,0.04623746136957611,0.2701075361652122,0.62023331550638,0.5982803407008757,1.6151205905540745e-08,6.027885211126037e-06,85.35312003939246,,PRUNED,
44027.0,year,3.0,14.0,0.373388,2022-11-06 23:03:37.133234,2022-11-06 23:03:40.427327,0 days 00:00:03.294093,45.0,0.015999414787289057,0.5146540466178645,0.7207331452686966,0.048066769878443195,0.019870313222015355,0.1083398698960369,30.272599862553328,,PRUNED,
44027.0,year,3.0,15.0,0.009597097919604227,2022-11-06 23:03:40.427993,2022-11-06 23:20:41.215144,0 days 00:17:00.787151,50.0,0.09295674780110953,0.37949614373128243,0.735381583213725,0.3682345178495688,9.086547165119873e-05,2.025678615162696e-08,93.69255701522333,363.0,COMPLETE,
44027.0,year,3.0,16.0,0.377409,2022-11-06 23:20:41.218633,2022-11-06 23:20:42.587860,0 days 00:00:01.369227,33.0,0.00435946750309737,0.482446870120037,0.613471291704635,8.18053855427021,3.6104979110457167e-07,2.2285404300270994e-06,18.17882074574976,,PRUNED,
44027.0,year,3.0,17.0,0.369133,2022-11-06 23:20:42.588760,2022-11-06 23:20:44.600277,0 days 00:00:02.011517,40.0,0.028464463237292906,0.23029057015506102,0.5618016742854125,0.03705820387806467,7.26224296147624e-05,2.186880614918852e-05,48.526005679052965,,PRUNED,
44027.0,year,3.0,18.0,0.374696,2022-11-06 23:20:44.600842,2022-11-06 23:20:46.592445,0 days 00:00:01.991603,18.0,0.01224155944858397,0.3001198157487855,0.6517108689825285,0.20104604621548097,1.1733780385441758e-07,6.00155019836186e-07,49.01145924078573,,PRUNED,
44027.0,year,3.0,19.0,0.361338,2022-11-06 23:20:46.593080,2022-11-06 23:20:48.773057,0 days 00:00:02.179977,30.0,0.051319171839854405,0.4208049911220042,0.7491025595903265,0.8279918756788799,0.010456567437649455,2.1857008889061317e-07,14.74928358680261,,PRUNED,
44027.0,year,3.0,20.0,0.378301,2022-11-06 23:20:48.773623,2022-11-06 23:20:50.465449,0 days 00:00:01.691826,47.0,0.0017447763678533933,0.34306392310324924,0.5262417759100823,2.2458512863091697,0.18867364979080578,2.8150310164924157e-05,20.436398072129673,,PRUNED,
44027.0,year,3.0,21.0,0.37655,2022-11-06 23:20:50.466002,2022-11-06 23:20:53.581387,0 days 00:00:03.115385,43.0,0.006817424774397465,0.5227861110436186,0.5012644785264392,0.026984222790251557,3.021522649757631e-05,0.006928740047078845,64.07281758695832,,PRUNED,
44027.0,year,3.0,22.0,0.377033,2022-11-06 23:20:53.581949,2022-11-06 23:20:56.169780,0 days 00:00:02.587831,41.0,0.005418021694354645,0.4407316037167202,0.5327772884934985,0.026322862195631305,0.0005384855292195397,0.03334040712432653,42.87652057364629,,PRUNED,
44027.0,year,3.0,23.0,0.375016,2022-11-06 23:20:56.170315,2022-11-06 23:20:58.376356,0 days 00:00:02.206041,47.0,0.011321751538974472,0.39135121479843027,0.4674580351028246,0.07803391699219893,1.27845951588539e-07,0.6383444771326309,77.3054014565483,,PRUNED,
44027.0,year,3.0,24.0,0.377822,2022-11-06 23:20:58.376969,2022-11-06 23:21:01.304842,0 days 00:00:02.927873,49.0,0.003124249991421961,0.510950305272072,0.5878764466170877,0.020219932632908756,3.0368661628509403e-06,0.006756128601512575,42.453295370775926,,PRUNED,
44027.0,year,3.0,25.0,0.36815,2022-11-06 23:21:01.306804,2022-11-06 23:21:02.687500,0 days 00:00:01.380696,39.0,0.03150886788969203,0.46050673514642215,0.6427032292251114,5.98362544187294,5.199182849112599e-07,2.1537620690120466e-05,63.98446100772841,,PRUNED,
44027.0,year,3.0,26.0,0.358311,2022-11-06 23:21:02.688044,2022-11-06 23:21:05.047953,0 days 00:00:02.359909,45.0,0.060106398632734814,0.598801557859666,0.5345632301994135,0.4554751183329386,4.442493377481522e-08,0.002247736350815557,96.60600292340965,,PRUNED,
44027.0,year,3.0,27.0,0.37604,2022-11-06 23:21:05.048503,2022-11-06 23:21:07.726085,0 days 00:00:02.677582,32.0,0.008329516207631272,0.37107426677504535,0.7064068408584853,0.1503574770090293,0.002352816601397472,5.312558703603532e-05,30.634093705212525,,PRUNED,
44027.0,year,3.0,28.0,0.370773,2022-11-06 23:21:07.726649,2022-11-06 23:21:09.903632,0 days 00:00:02.176983,43.0,0.023658585140404,0.32540170588324313,0.42055402816650056,0.05267842996105573,1.3137318674130529e-05,9.43720068973885e-08,58.87222566784801,,PRUNED,
44027.0,year,3.0,29.0,0.374156,2022-11-06 23:21:09.904122,2022-11-06 23:21:11.320959,0 days 00:00:01.416837,5.0,0.013854552439121936,0.3410791082427143,0.5813918061796481,0.011851825609071406,1.766903637557428e-06,0.0959973653802944,7.776067506888457,,PRUNED,
44027.0,year,3.0,30.0,0.098473,2022-11-06 23:21:11.321483,2022-11-06 23:47:01.805282,0 days 00:25:50.483799,47.0,0.06231709361649848,0.5462681137414573,0.6190232644669377,0.01056863702919397,0.10789218631510222,7.058869295778009e-05,21.656764206823453,,PRUNED,
44027.0,year,3.0,31.0,0.009570877218025296,2022-11-06 23:47:01.806398,2022-11-07 00:07:56.931939,0 days 00:20:55.125541,50.0,0.09723487546849889,0.41408617969297445,0.7423070839434013,0.3910069580654086,0.00023243943324443536,3.124163038061151e-08,94.91626811238191,420.0,COMPLETE,
44027.0,year,3.0,32.0,0.009389718783075401,2022-11-07 00:07:56.935180,2022-11-07 00:39:06.763931,0 days 00:31:09.828751,50.0,0.06584330602223076,0.4214426257112536,0.7529247176210262,0.2713464834289519,0.00010359230851269925,1.0119081429199946e-08,76.05186622608369,576.0,COMPLETE,
44027.0,year,3.0,33.0,0.366207,2022-11-07 00:39:06.767262,2022-11-07 00:39:08.121588,0 days 00:00:01.354326,46.0,0.03712687758103237,0.27560378291636123,0.7645576846123406,3.087132187846968,0.001310665392673986,6.576308479724389e-08,37.18174896125086,,PRUNED,
44027.0,year,3.0,34.0,0.00925652021579398,2022-11-07 00:39:08.122135,2022-11-07 01:14:03.149864,0 days 00:34:55.027729,42.0,0.06905911063954727,0.4862459422827244,0.7983303858165052,1.6448632240150383,7.948929475578904e-06,7.829663085006199e-07,75.435603656441,742.0,COMPLETE,
44027.0,year,3.0,35.0,0.35714,2022-11-07 01:14:03.153696,2022-11-07 01:14:04.992449,0 days 00:00:01.838753,41.0,0.06367667684393966,0.47938910764751497,0.776295611514265,2.1042999028188816,0.00012687935009004638,1.0034598823752324e-08,75.36270576027623,,PRUNED,
44027.0,year,3.0,36.0,0.009352542192013171,2022-11-07 01:14:04.993065,2022-11-07 01:42:24.840317,0 days 00:28:19.847252,44.0,0.07270839480709458,0.4814235555632744,0.7077057215494504,1.1912365323409333,0.005917971490150185,5.905319133591214e-07,56.925106306609166,596.0,COMPLETE,
44027.0,year,3.0,37.0,0.009355746019450146,2022-11-07 01:42:24.844435,2022-11-07 02:11:31.669053,0 days 00:29:06.824618,44.0,0.07347874032735116,0.4875492950731221,0.6971106015700449,0.7586272963959982,1.5967190025604435e-05,9.414776054703396e-07,49.792089291066304,578.0,COMPLETE,
44027.0,year,3.0,38.0,0.362805,2022-11-07 02:11:31.672868,2022-11-07 02:11:33.750505,0 days 00:00:02.077637,38.0,0.047039275418815106,0.5455963770760591,0.6880001567344639,1.1479562202867237,0.006936885225426766,7.498410594506994e-07,52.78601559401567,,PRUNED,
44027.0,year,3.0,39.0,0.097582,2022-11-07 02:11:33.751038,2022-11-07 02:31:03.144471,0 days 00:19:29.393433,43.0,0.07315355759202753,0.4755560341710216,0.7141793201300969,0.7169806632710065,2.843854722509692e-05,5.457654004763404e-06,23.368840719920527,,PRUNED,
44027.0,year,3.0,40.0,0.365273,2022-11-07 02:31:03.145565,2022-11-07 02:31:05.005151,0 days 00:00:01.859586,34.0,0.039841660025179776,0.5774199346564509,0.6708609002198404,1.6246052961860369,4.723070899625893e-06,1.962911591345819e-06,37.51854052728926,,PRUNED,
44027.0,year,3.0,41.0,0.108164,2022-11-07 02:31:05.005709,2022-11-07 02:31:41.504001,0 days 00:00:36.498292,43.0,0.07430441455103147,0.43790108619200885,0.6428103734294266,4.209900430929173,2.5748868863135422e-05,2.727095360910073e-07,68.92049084897332,,PRUNED,
44027.0,year,3.0,42.0,0.362148,2022-11-07 02:31:41.504552,2022-11-07 02:31:44.124518,0 days 00:00:02.619966,48.0,0.04884797910722272,0.49998969411192995,0.6966169838674913,0.2626311264627283,0.0002831372790827779,1.0479796709881315e-05,55.46496535683913,,PRUNED,
44027.0,year,3.0,43.0,0.097211,2022-11-07 02:31:44.125101,2022-11-07 02:49:03.056794,0 days 00:17:18.931693,29.0,0.09766220054153316,0.5369115583304702,0.794832541082996,1.2297813491653424,5.047362807108397e-07,0.0002837331635826737,77.38983119482342,,PRUNED,
44027.0,year,3.0,44.0,0.096933,2022-11-07 02:49:03.057816,2022-11-07 03:12:16.954888,0 days 00:23:13.897072,41.0,0.0714106377194652,0.45729519148306924,0.7577361388583197,0.8981548998901798,0.0024319027369337116,6.215487212180174e-07,41.676752412886934,,PRUNED,
44027.0,year,3.0,45.0,0.358932,2022-11-07 03:12:16.955920,2022-11-07 03:12:18.780216,0 days 00:00:01.824296,45.0,0.05842447849452712,0.49315761633793015,0.7238804495421143,1.6966942141274541,5.352368146878409e-05,6.412070002516145e-08,79.73651410754272,,PRUNED,
44027.0,year,3.0,46.0,0.366353,2022-11-07 03:12:18.780798,2022-11-07 03:12:20.502658,0 days 00:00:01.721860,24.0,0.036721317952437514,0.4320495920547297,0.6663817234675863,2.5541457465213373,6.596668381209883e-06,4.0639746778848885e-06,5.905454143131028,,PRUNED,
44027.0,year,3.0,47.0,0.370886,2022-11-07 03:12:20.503208,2022-11-07 03:12:22.653019,0 days 00:00:02.149811,44.0,0.023402211114452478,0.39700123811259275,0.7365063147659389,0.5366476760938881,0.9335760068707423,0.0007851163171989662,11.68399321768899,,PRUNED,
44027.0,year,3.0,48.0,0.097506,2022-11-07 03:12:22.653581,2022-11-07 03:34:13.681264,0 days 00:21:51.027683,35.0,0.07600982226791855,0.5614862065461134,0.6969684325886772,0.2784526350346046,1.3288305935301156e-06,1.0112667791763741e-06,35.94213307520765,,PRUNED,
44027.0,year,3.0,49.0,0.360934,2022-11-07 03:34:13.682339,2022-11-07 03:34:15.106229,0 days 00:00:01.423890,20.0,0.05265272262685433,0.35950979992440324,0.7889381251260464,4.722328761879221,0.0072239458582928975,0.0001529985343883516,49.33741021278117,,PRUNED,
44027.0,year,3.0,50.0,0.097045,2022-11-07 03:34:15.106779,2022-11-07 03:55:17.155879,0 days 00:21:02.049100,38.0,0.07924810599380604,0.4677578559093448,0.7593449791762172,0.6382236251146852,1.0857141018824222e-05,1.0298946960732178e-08,69.00674035389589,,PRUNED,
44027.0,year,3.0,51.0,0.365082,2022-11-07 03:55:17.156993,2022-11-07 03:55:18.999205,0 days 00:00:01.842212,48.0,0.04039257536301964,0.30821182720031665,0.7251368300261003,1.336827822066759,0.5547540337010107,2.170671219631988e-07,85.92402797771229,,PRUNED,
44027.0,year,3.0,52.0,0.368638,2022-11-07 03:55:18.999755,2022-11-07 03:55:21.321702,0 days 00:00:02.321947,50.0,0.029944360288132122,0.5097553925549302,0.7714448032744601,0.9716693102031893,0.015935929293755435,4.3426933965914947e-07,61.15179508011886,,PRUNED,
44027.0,year,3.0,53.0,0.104465,2022-11-07 03:55:21.322247,2022-11-07 03:56:21.016529,0 days 00:00:59.694282,46.0,0.08269476580213865,0.32566805125316545,0.6546441152651334,1.7709958682129427,0.08561204326494949,1.1062664619726347e-07,26.240816140353825,,PRUNED,
44027.0,year,3.0,54.0,0.359822,2022-11-07 03:56:21.017553,2022-11-07 03:56:22.883206,0 days 00:00:01.865653,49.0,0.055753436664637876,0.3592543455338381,0.7417971601073442,0.7310767234453496,0.04201521185462557,3.0513582865246033e-06,52.656182653805004,,PRUNED,
44027.0,year,3.0,55.0,0.378512,2022-11-07 03:56:22.883754,2022-11-07 03:56:24.465210,0 days 00:00:01.581456,41.0,0.001133152349945,0.44218976702309615,0.6779891590168279,3.043283051976843,0.0008123631057843085,2.419065262650576e-08,84.86527207407995,,PRUNED,
44027.0,year,3.0,56.0,0.3636,2022-11-07 03:56:24.465808,2022-11-07 03:56:27.304732,0 days 00:00:02.838924,48.0,0.04471419642021728,0.5254480008654162,0.7989670618331203,0.11416442950014366,2.0595154797320285,1.1606500578786701e-05,46.975082533310506,,PRUNED,
44027.0,year,3.0,57.0,0.11454,2022-11-07 03:56:27.305304,2022-11-07 03:57:08.049751,0 days 00:00:40.744447,45.0,0.0685163897297287,0.37920931113916967,0.635142251702918,0.5465311085039788,4.677847638271531e-08,1.498349534705596e-06,67.54733653559161,,PRUNED,
44027.0,year,3.0,58.0,0.105227,2022-11-07 03:57:08.050349,2022-11-07 03:58:41.969809,0 days 00:01:33.919460,50.0,0.08605988151540274,0.4147781732830754,0.7134277132905734,9.045719872886435,0.00012460247180696388,3.794955650384048e-08,3.175760490884659,,PRUNED,
44027.0,year,3.0,59.0,0.367379,2022-11-07 03:58:41.970887,2022-11-07 03:58:43.921179,0 days 00:00:01.950292,42.0,0.03364871880226229,0.599055920964323,0.7764063906082938,2.0072033099185562,0.0036465395098368865,3.577905809413601e-07,97.38006320467335,,PRUNED,
44027.0,year,4.0,0.0,0.0093600088417022,2022-11-06 10:31:46.969331,2022-11-06 10:52:56.703026,0 days 00:21:09.733695,46.0,0.05518,0.59548,0.630578,1.465652,2.7e-08,2.57e-05,63.056,494.0,COMPLETE,"{'max_depth': 46, 'learning_rate': 0.05518, 'colsample_bytree': 0.59548, 'subsample': 0.630578, 'reg_alpha': 1.465652, 'reg_lambda': 2.7e-08, 'gamma': 2.57e-05, 'min_child_weight': 63.056}"
44027.0,year,4.0,1.0,0.0107316866165123,2022-11-06 10:52:56.704364,2022-11-06 11:03:34.185975,0 days 00:10:37.481611,18.0,0.0362851975872355,0.2029008757614227,0.6309701013104659,0.031520041139715,0.0083870883157731,2.4118587503938185e-08,2.804872073512087,637.0,COMPLETE,
44027.0,year,4.0,2.0,0.0101815558445037,2022-11-06 11:03:34.187236,2022-11-06 11:14:14.282489,0 days 00:10:40.095253,39.0,0.0972371930353206,0.2479311767246209,0.7132798242337438,0.2593470539605625,9.057787550596845e-06,0.0232333100315975,17.523159112112733,384.0,COMPLETE,
44027.0,year,4.0,3.0,0.0094115684641578,2022-11-06 11:14:14.283759,2022-11-06 11:42:37.894389,0 days 00:28:23.610630,34.0,0.0121883694231927,0.408550307816815,0.4374570489934968,0.161436929196347,0.0105406195143864,1.3886041070141467e-08,40.394682966423495,1000.0,COMPLETE,
44027.0,year,4.0,4.0,0.0097008550293705,2022-11-06 11:42:37.895644,2022-11-06 11:54:57.200108,0 days 00:12:19.304464,49.0,0.0708814031459671,0.2152801116572532,0.7729455070083714,0.2615947541612533,0.0004393893614979,0.0372263124940863,82.088435424615,522.0,COMPLETE,
44027.0,year,4.0,5.0,0.37569,2022-11-06 11:54:57.201380,2022-11-06 11:54:58.800788,0 days 00:00:01.599408,49.0,0.0085239524590244,0.2848079229963126,0.630524741234625,0.6999921604192701,3.1736612495323503e-08,0.0015411189993174,58.47765744716982,,PRUNED,
44027.0,year,4.0,6.0,0.377839,2022-11-06 11:54:58.801123,2022-11-06 11:54:59.803760,0 days 00:00:01.002637,5.0,0.002258181365317,0.240543179503484,0.5049035772147167,0.0193370256187462,0.5120144179691966,1.1003100605054462e-05,6.865521181218233,,PRUNED,
44027.0,year,4.0,7.0,0.37632,2022-11-06 11:54:59.804179,2022-11-06 11:55:00.902525,0 days 00:00:01.098346,22.0,0.0067085066396722,0.3609849189908353,0.5515116057480771,4.698636575617209,0.0749123243848412,0.0779780137068962,57.44309916892601,,PRUNED,
44027.0,year,4.0,8.0,0.367262,2022-11-06 11:55:00.903023,2022-11-06 11:55:02.694807,0 days 00:00:01.791784,18.0,0.0332510629506922,0.277603376928832,0.5686528755823073,0.05453274762956,1.4280482542045504e-08,0.0671188163862721,3.9115867242037177,,PRUNED,
44027.0,year,4.0,9.0,0.361661,2022-11-06 11:55:02.696145,2022-11-06 11:55:04.186680,0 days 00:00:01.490535,26.0,0.0497339401964649,0.2038550934587525,0.6626559195835592,0.4405976566680578,0.0259629581195087,1.5324039687253325e-08,6.206393548466853,,PRUNED,
44027.0,year,4.0,10.0,0.378257,2022-11-06 11:55:04.187132,2022-11-06 11:55:05.436763,0 days 00:00:01.249631,39.0,0.0010337849139896,0.5667643940222951,0.451335910020889,5.252845145229694,1.6609520676447798e-06,6.233409440090415,20.71807123111119,,PRUNED,
44027.0,year,4.0,11.0,0.372451,2022-11-06 11:55:05.437191,2022-11-06 11:55:06.791568,0 days 00:00:01.354377,37.0,0.0180461419308292,0.5556509845326311,0.4080355750293637,1.359866714386167,5.944248672501376,4.4763399618594905e-06,35.19943313931081,,PRUNED,
44027.0,year,4.0,12.0,0.372025,2022-11-06 11:55:06.791982,2022-11-06 11:55:08.789926,0 days 00:00:01.997944,34.0,0.0192048017155871,0.4177410839570132,0.4774833405298705,0.0988098965108173,0.0002199019926749,1.6685934934495882e-06,32.65606609868093,,PRUNED,
44027.0,year,4.0,13.0,0.377015,2022-11-06 11:55:08.790418,2022-11-06 11:55:10.111704,0 days 00:00:01.321286,44.0,0.0046636746988749,0.4591646954450687,0.5578315930626246,2.177730633054744,1.3017131023604268e-06,1.7078275017340492e-07,95.90185622741824,,PRUNED,
44027.0,year,4.0,14.0,0.373851,2022-11-06 11:55:10.112203,2022-11-06 11:55:12.004085,0 days 00:00:01.891882,32.0,0.0138825235836873,0.4359335008402556,0.4110235983216032,0.1239764789803728,0.0006174324456412,9.98552918902207e-05,31.52107257998555,,PRUNED,
44027.0,year,4.0,15.0,0.377453,2022-11-06 11:55:12.004610,2022-11-06 11:55:13.528569,0 days 00:00:01.523959,43.0,0.0033837559417186,0.4860502282760208,0.5109657275477683,1.3017131431297306,2.969494370265581e-05,3.026474415376637e-07,12.094945821479714,,PRUNED,
44027.0,year,4.0,16.0,0.370771,2022-11-06 11:55:13.528947,2022-11-06 11:55:15.309452,0 days 00:00:01.780505,29.0,0.0227966959374473,0.357469494237059,0.4397362732958821,0.0100698165359682,1.3135990050075636e-07,0.0004733568846324,47.314461685146405,,PRUNED,
44027.0,year,4.0,17.0,0.113176,2022-11-06 11:55:15.309783,2022-11-06 11:55:59.928167,0 days 00:00:44.618384,43.0,0.0607303665561776,0.5086327198282399,0.6008164713318567,9.04494320671095,0.0028448882820381,3.972134802157844e-05,11.6144090970703,,PRUNED,
44027.0,year,4.0,18.0,0.374443,2022-11-06 11:55:59.928672,2022-11-06 11:56:01.043381,0 days 00:00:01.114709,4.0,0.0122043462476262,0.396290793771563,0.7111447510124301,0.63865058984293,0.2042717594345321,4.709920012826162e-07,23.89093473112626,,PRUNED,
44027.0,year,4.0,19.0,0.368198,2022-11-06 11:56:01.043804,2022-11-06 11:56:02.356548,0 days 00:00:01.312744,11.0,0.030451883072469,0.3310597562777622,0.4980443931471087,0.1272295643613877,2.326132514525216,0.0053167861450904,72.12342049482461,,PRUNED,
44027.0,year,4.0,20.0,0.378172,2022-11-06 11:56:02.356961,2022-11-06 11:56:03.991096,0 days 00:00:01.634135,46.0,0.0012856379307656,0.5887682113002563,0.7900009978054268,2.737583723202105,2.766307019696476e-05,5.922334151988738,41.5386314475289,,PRUNED,
44027.0,year,4.0,21.0,0.104496,2022-11-06 11:56:03.991582,2022-11-06 11:57:10.155280,0 days 00:01:06.163698,49.0,0.0722692427743794,0.3192933617208345,0.7965401426078605,0.2267876583993285,0.0004924597910861,0.366851244751541,76.8737477924976,,PRUNED,
44027.0,year,4.0,22.0,0.010142519460064,2022-11-06 11:57:10.155812,2022-11-06 12:04:32.030849,0 days 00:07:21.875037,50.0,0.0906326908415555,0.3919559459936891,0.7269048800916947,0.2250631739796143,0.003181157694013,0.4637631644483274,99.63468540461606,259.0,COMPLETE,
44027.0,year,4.0,23.0,0.358669,2022-11-06 12:04:32.032117,2022-11-06 12:04:33.873523,0 days 00:00:01.841406,38.0,0.0583029260020112,0.5113744678277787,0.684821102775073,0.6764064292889965,0.0001237309645057,0.005056232048637,58.145021670616046,,PRUNED,
44027.0,year,4.0,24.0,0.363482,2022-11-06 12:04:33.874012,2022-11-06 12:04:35.970189,0 days 00:00:02.096177,34.0,0.044206334316153,0.2965216776636522,0.7573874173329287,0.0581962566812116,1.3412694807260415e-06,0.0002641267196973,27.07467973993452,,PRUNED,
44027.0,year,4.0,25.0,0.369905,2022-11-06 12:04:35.970712,2022-11-06 12:04:37.324140,0 days 00:00:01.353428,46.0,0.0254617405527777,0.2399417925596052,0.6058887631402459,0.4313544657500956,0.0222571480342229,2.2213969569090662e-05,77.07905840033006,,PRUNED,
44027.0,year,4.0,26.0,0.375202,2022-11-06 12:04:37.324622,2022-11-06 12:04:38.527571,0 days 00:00:01.202949,41.0,0.0099841837417799,0.2216791172877934,0.5339943108500754,1.1571385758896806,0.0014418594281534,3.4679563840920393e-08,46.29395770586256,,PRUNED,
44027.0,year,4.0,27.0,0.376764,2022-11-06 12:04:38.528277,2022-11-06 12:04:40.475282,0 days 00:00:01.947005,28.0,0.005379433496801,0.2634751181851746,0.6778333307659423,0.0805015323346323,1.9804958009379864e-07,1.849961893341023e-06,41.27795858836384,,PRUNED,
44027.0,year,4.0,28.0,0.363418,2022-11-06 12:04:40.475699,2022-11-06 12:04:42.536539,0 days 00:00:02.060840,46.0,0.0444244355271071,0.3180936014682604,0.4647684697056498,0.1425572566366244,0.0078666076039188,0.647197534448061,15.67953843811338,,PRUNED,
44027.0,year,4.0,29.0,0.0097624058851568,2022-11-06 12:04:42.537070,2022-11-06 12:11:32.711666,0 days 00:06:50.174596,24.0,0.0741929734567709,0.3841706330566444,0.5933318001876965,0.0408125368844388,0.0001106719210299,6.935408104688259e-08,70.05397400995261,258.0,COMPLETE,
44027.0,year,4.0,30.0,0.366537,2022-11-06 12:11:32.712989,2022-11-06 12:11:34.634130,0 days 00:00:01.921141,32.0,0.0352177094485342,0.534216348920341,0.6579449964295907,0.3755269342890474,1.1943961159910125e-05,0.0010567610452658,97.47134149546396,,PRUNED,
44027.0,year,4.0,31.0,0.0097513737255565,2022-11-06 12:11:34.634665,2022-11-06 12:18:09.895575,0 days 00:06:35.260910,23.0,0.0751204193193188,0.4669452307155285,0.5821003706790907,0.0316241391541421,0.0001242688991901,7.717837629108649e-08,66.01173921483911,217.0,COMPLETE,
44027.0,year,4.0,32.0,0.0099858257019058,2022-11-06 12:18:09.896891,2022-11-06 12:21:28.881381,0 days 00:03:18.984490,18.0,0.0986167724101922,0.4735051732030315,0.5323854386163434,0.0252793380214942,0.0080145690929784,6.458527321817261e-08,54.21900869156735,136.0,COMPLETE,
44027.0,year,4.0,33.0,0.355379,2022-11-06 12:21:28.882626,2022-11-06 12:21:31.601587,0 days 00:00:02.718961,22.0,0.0688598323665913,0.4484360367304918,0.6360801841971411,0.0139030271984746,0.0720377239234372,1.1737407820330864e-08,2.340899959371859,,PRUNED,
44027.0,year,4.0,34.0,0.363325,2022-11-06 12:21:31.601979,2022-11-06 12:21:33.347915,0 days 00:00:01.745936,14.0,0.0445998448965482,0.4288596572094997,0.6293345963005275,0.2089005201367772,1.099845045501874e-07,4.746945399308578e-07,67.20597431276653,,PRUNED,
44027.0,year,4.0,35.0,0.0098818459376464,2022-11-06 12:21:33.348424,2022-11-06 12:30:41.252845,0 days 00:09:07.904421,47.0,0.088531891264986,0.5905450697245723,0.5833728270213543,0.0331804718964879,3.180225973798023e-06,1.863477253845177e-06,48.46821858355376,161.0,COMPLETE,
44027.0,year,4.0,36.0,0.377936,2022-11-06 12:30:41.254142,2022-11-06 12:30:43.214225,0 days 00:00:01.960083,19.0,0.0019692525233897,0.4966398957357359,0.5316126752666618,0.0715509872771609,0.704212250758954,0.0076563175070117,84.55226387099268,,PRUNED,
44027.0,year,4.0,37.0,0.359578,2022-11-06 12:30:43.214765,2022-11-06 12:30:45.193323,0 days 00:00:01.978558,36.0,0.0556043756549727,0.4020551187406802,0.7403397025678717,0.3043653507870762,1.0125178730064358e-08,1.5991815100362242e-07,62.69601332998149,,PRUNED,
44027.0,year,4.0,38.0,0.369022,2022-11-06 12:30:45.194039,2022-11-06 12:30:47.125851,0 days 00:00:01.931812,41.0,0.0279124140433488,0.3653557939343583,0.4288376022472951,0.0213107159819722,8.327840038318029e-05,0.0298652002923659,38.77830286190654,,PRUNED,
44027.0,year,4.0,39.0,0.375995,2022-11-06 12:30:47.126439,2022-11-06 12:30:49.563598,0 days 00:00:02.437159,14.0,0.0076210514220515,0.5326241380352044,0.6272279063620471,0.0424463728451382,0.0009240190760089,6.748659958030975e-06,8.37318618241459,,PRUNED,
44027.0,year,4.0,40.0,0.365989,2022-11-06 12:30:49.564211,2022-11-06 12:30:50.926026,0 days 00:00:01.361815,25.0,0.0369375260700529,0.3423033003867753,0.4796298249129836,0.9478161990065218,0.0250515390881112,3.88401040874359e-08,20.327497010869813,,PRUNED,
44027.0,year,4.0,41.0,0.355251,2022-11-06 12:30:50.926558,2022-11-06 12:30:52.810944,0 days 00:00:01.884386,22.0,0.0682807693959823,0.3807111040431077,0.5822319177739071,0.1732729563100624,6.605156050613186e-05,7.648676988964254e-08,66.5459440792357,,PRUNED,
44027.0,year,4.0,42.0,0.119866,2022-11-06 12:30:52.811360,2022-11-06 12:31:13.517032,0 days 00:00:20.705672,25.0,0.0794350550233314,0.2014079321262492,0.6015593786388425,0.0402308862722559,4.074245363578286e-07,1.4666175240596018e-08,56.55301407330303,,PRUNED,
44027.0,year,4.0,43.0,0.360967,2022-11-06 12:31:13.517466,2022-11-06 12:31:15.442977,0 days 00:00:01.925511,22.0,0.0514409943265553,0.4234838454179808,0.5668729871006197,0.0993959261336279,5.069449046044827e-06,7.954809767580088e-08,85.05169433812203,,PRUNED,
44027.0,year,4.0,44.0,0.373506,2022-11-06 12:31:15.443397,2022-11-06 12:31:18.004233,0 days 00:00:02.560836,30.0,0.0148068638036041,0.4677903525114256,0.6536618791484421,0.0154407173083942,0.0002304749646638,5.172417548903906e-07,29.58115843523591,,PRUNED,
44027.0,year,4.0,45.0,0.171081,2022-11-06 12:31:18.004690,2022-11-06 12:31:41.490516,0 days 00:00:23.485826,24.0,0.0768501533083278,0.371250626845245,0.69650107189363,0.0585070143251986,3.49778107025846e-08,1.3847905695579328e-06,3.845597688110887,,PRUNED,
44027.0,year,4.0,46.0,0.365539,2022-11-06 12:31:41.491100,2022-11-06 12:31:42.889116,0 days 00:00:01.398016,41.0,0.038285400401547,0.2944331014094077,0.5838381709907767,2.6310247805964755,1.826677756256125e-05,1.5103633271749479e-07,36.31995548204203,,PRUNED,
44027.0,year,4.0,47.0,0.372109,2022-11-06 12:31:42.889671,2022-11-06 12:31:44.751728,0 days 00:00:01.862057,27.0,0.0189846083492238,0.4055238627716728,0.5445117655465677,0.5333563163407647,0.0034221723684836,9.0905682473394e-05,52.26415964503539,,PRUNED,
44027.0,year,4.0,48.0,0.377422,2022-11-06 12:31:44.752311,2022-11-06 12:31:47.016528,0 days 00:00:02.264217,20.0,0.0034563068489727,0.4494705428588369,0.6429991647383583,0.0295086183265995,0.1162642775164228,1.114760280301486e-08,83.20998373149163,,PRUNED,
44027.0,year,4.0,49.0,0.357444,2022-11-06 12:31:47.016941,2022-11-06 12:31:48.731739,0 days 00:00:01.714798,48.0,0.062024053234344,0.5489519942744291,0.5039014796409702,1.857859237970056,0.0002549137504535,1.4486311079833844e-05,66.10725898682244,,PRUNED,
44027.0,year,4.0,50.0,0.109407,2022-11-06 12:31:48.732099,2022-11-06 12:32:10.738530,0 days 00:00:22.006431,30.0,0.0962049788684882,0.3408672341783617,0.6089264938259406,6.314579102521338,5.222807386541617e-05,0.1085703598540298,45.19503693864801,,PRUNED,
44027.0,year,4.0,51.0,0.0097669223468697,2022-11-06 12:32:10.738953,2022-11-06 12:42:47.641816,0 days 00:10:36.902863,48.0,0.0811592476217474,0.5751387004907241,0.584524526292096,0.0405985072759022,2.092668385028812e-06,1.9672351019748025e-06,49.93820327615736,189.0,COMPLETE,
44027.0,year,4.0,52.0,0.009733284821837,2022-11-06 12:42:47.643078,2022-11-06 12:51:29.300098,0 days 00:08:41.657020,44.0,0.0791690292916036,0.5612115034324328,0.5625299940685983,0.0413932127907047,6.577119562092058e-07,1.0514849793926462e-06,59.731014833704506,175.0,COMPLETE,
44027.0,year,4.0,53.0,0.361413,2022-11-06 12:51:29.301410,2022-11-06 12:51:31.708609,0 days 00:00:02.407199,44.0,0.0501164287243337,0.5206569887110737,0.766174622356488,0.0881985411810472,4.8956926506564304e-08,2.6780080789886504e-08,70.27842042833399,,PRUNED,
44027.0,year,4.0,54.0,0.355555,2022-11-06 12:51:31.709077,2022-11-06 12:51:33.929882,0 days 00:00:02.220805,50.0,0.0671197368934901,0.5548878178728568,0.549245716838294,0.0162744948654905,5.534512648875829e-06,4.667262974472148e-06,85.66455004032028,,PRUNED,
44027.0,year,4.0,55.0,0.364499,2022-11-06 12:51:33.930412,2022-11-06 12:51:35.926814,0 days 00:00:01.996402,16.0,0.0412013645996304,0.5979492070226494,0.5158639269553625,0.3136572175564781,4.92923105076335e-07,2.692873455735257e-07,33.909342871367194,,PRUNED,
44027.0,year,4.0,56.0,0.370518,2022-11-06 12:51:35.927233,2022-11-06 12:51:37.052728,0 days 00:00:01.125495,8.0,0.0236815606266774,0.2194530467502133,0.4223410454020647,0.0495074110817688,5.512476697102407e-07,6.804804628573654e-07,59.54859082347508,,PRUNED,
44027.0,year,4.0,57.0,0.359133,2022-11-06 12:51:37.053332,2022-11-06 12:51:39.361351,0 days 00:00:02.308019,35.0,0.0567248168562633,0.4880152006278657,0.4889419636908479,0.0229892755698621,0.0014876247852543,9.442369829394952e-05,75.87315927348926,,PRUNED,
44027.0,year,4.0,58.0,0.0097455799256497,2022-11-06 12:51:39.361901,2022-11-06 12:59:59.015268,0 days 00:08:19.653367,40.0,0.0809636272235947,0.3797623535624883,0.5628003955213714,0.1346114040391762,1.6901695466808166e-08,3.985477933898189e-05,98.5310642137256,263.0,COMPLETE,
44027.0,year,4.0,59.0,0.367937,2022-11-06 12:59:59.016569,2022-11-06 13:00:01.026916,0 days 00:00:02.010347,40.0,0.0311040191212111,0.437366454464737,0.5206306333280702,0.1504988909919981,2.0803450872823865e-08,3.9565183258545015e-05,95.96727642959492,,PRUNED,
44027.0,year,5.0,0.0,0.00941574478235749,2022-11-06 13:31:44.811933,2022-11-06 13:54:22.079945,0 days 00:22:37.268012,46.0,0.05518,0.59548,0.630578,1.465652,2.7e-08,2.57e-05,63.056,519.0,COMPLETE,"{'max_depth': 46, 'learning_rate': 0.05518, 'colsample_bytree': 0.59548, 'subsample': 0.630578, 'reg_alpha': 1.465652, 'reg_lambda': 2.7e-08, 'gamma': 2.57e-05, 'min_child_weight': 63.056}"
44027.0,year,5.0,1.0,0.009585827431614066,2022-11-06 13:54:22.081285,2022-11-06 14:06:25.440660,0 days 00:12:03.359375,26.0,0.042896155557763785,0.3657758752897546,0.45229678577903043,4.048476157614295,8.048377124625005e-08,0.0002783687417087091,65.41200250937766,694.0,COMPLETE,
44027.0,year,5.0,2.0,0.02939637010257271,2022-11-06 14:06:25.442013,2022-11-06 14:14:08.317100,0 days 00:07:42.875087,9.0,0.0010306934342049893,0.2964984362555935,0.6126860959812942,1.2237742466806305,0.004763532634657886,7.519096271966497e-07,16.639963327824102,1000.0,COMPLETE,
44027.0,year,5.0,3.0,0.01166782839035136,2022-11-06 14:14:08.318384,2022-11-06 14:33:37.521318,0 days 00:19:29.202934,29.0,0.008445973445251505,0.34452707259713644,0.5815843997398292,0.2030651128309464,0.01813081464526169,5.563626235795104,7.486275783021948,710.0,COMPLETE,
44027.0,year,5.0,4.0,0.010064965769656382,2022-11-06 14:33:37.522643,2022-11-06 14:37:48.331867,0 days 00:04:10.809224,4.0,0.05240000832323945,0.4747883910069408,0.4265418299718733,0.2039693084685037,2.764544762471689,4.295381872396711e-07,72.26290843953194,901.0,COMPLETE,
44027.0,year,5.0,5.0,0.378668,2022-11-06 14:37:48.333132,2022-11-06 14:37:51.095452,0 days 00:00:02.762320,27.0,0.001167494703862295,0.5074353359338323,0.5395727773538167,0.025342810081835362,0.1035679837491969,8.245188204131987,7.382641973077236,,PRUNED,
44027.0,year,5.0,6.0,0.378646,2022-11-06 14:37:51.095870,2022-11-06 14:37:52.635216,0 days 00:00:01.539346,49.0,0.0012339357765097445,0.4381166401794149,0.42403557471231346,7.055044563757839,0.01911440879854842,0.4992570540269638,3.7998378930838697,,PRUNED,
44027.0,year,5.0,7.0,0.375186,2022-11-06 14:37:52.635718,2022-11-06 14:37:54.265010,0 days 00:00:01.629292,25.0,0.011340690056043984,0.27506128333183366,0.4884630245628255,0.4744920900509125,6.410553520518177e-07,0.00010745825531376739,5.4320750827766,,PRUNED,
44027.0,year,5.0,8.0,0.10755,2022-11-06 14:37:54.265558,2022-11-06 14:38:23.762237,0 days 00:00:29.496679,5.0,0.08822883872099455,0.4442586995274922,0.6902611095764648,1.4085763653029595,8.014601241561175e-05,6.094779436629337,16.921179963634813,,PRUNED,
44027.0,year,5.0,9.0,0.365964,2022-11-06 14:38:23.762747,2022-11-06 14:38:25.116512,0 days 00:00:01.353765,30.0,0.03844893364628299,0.28401590793045456,0.5643415581297573,3.9386699423640006,6.538462319893431,0.0033691833453859564,9.754202114089393,,PRUNED,
44027.0,year,5.0,10.0,0.375511,2022-11-06 14:38:25.117022,2022-11-06 14:38:27.219226,0 days 00:00:02.102204,50.0,0.010383149841872915,0.20463757290930618,0.7965437157459969,0.03267437380630117,5.3796080632441075e-06,4.640512045093962e-08,34.407536895335234,,PRUNED,
44027.0,year,5.0,11.0,0.368074,2022-11-06 14:38:27.219633,2022-11-06 14:38:28.717340,0 days 00:00:01.497707,40.0,0.03217109643566253,0.5904587633692672,0.4815823988129411,2.334485497810166,1.1012103099482098e-08,0.00017673157925073317,89.88160129632222,,PRUNED,
44027.0,year,5.0,12.0,0.372311,2022-11-06 14:38:28.717755,2022-11-06 14:38:30.392944,0 days 00:00:01.675189,17.0,0.019734804161565547,0.3728357105350245,0.6584922092362236,0.619122782737462,1.0490154026865977e-08,0.005832286924584936,43.50869474701061,,PRUNED,
44027.0,year,5.0,13.0,0.009730172369469596,2022-11-06 14:38:30.393362,2022-11-06 14:55:08.170830,0 days 00:16:37.777468,34.0,0.08638552685563149,0.5950141399218947,0.4890514735758549,9.961435345940115,4.262881923585691e-07,2.59770258625871e-05,32.42569970949975,504.0,COMPLETE,
44027.0,year,5.0,14.0,0.377736,2022-11-06 14:55:08.172218,2022-11-06 14:55:09.558291,0 days 00:00:01.386073,19.0,0.0038974925642806506,0.21624867061584685,0.7432963174687749,3.3747621671846946,2.0030938605125404e-07,8.890822850823955e-06,2.1912169648383566,,PRUNED,
44027.0,year,5.0,15.0,0.3716,2022-11-06 14:55:09.558853,2022-11-06 14:55:11.747570,0 days 00:00:02.188717,40.0,0.021738588736807306,0.37404083884897626,0.6455058454655987,0.09337223248927862,4.885145141038247e-05,0.003965524941975746,54.56786672043116,,PRUNED,
44027.0,year,5.0,16.0,0.0097486912178561,2022-11-06 14:55:11.747976,2022-11-06 15:06:20.902375,0 days 00:11:09.154399,41.0,0.052116769779591995,0.24449736574966258,0.4021340231013641,0.9182073385126117,7.767947056786951e-08,3.4157381370125678e-06,23.260438524020635,621.0,COMPLETE,
44027.0,year,5.0,17.0,0.377552,2022-11-06 15:06:20.903676,2022-11-06 15:06:22.075783,0 days 00:00:01.172107,20.0,0.004431034250830505,0.3345918856723383,0.5229234938695903,2.2044195878596717,4.183408035001862e-06,0.06509645499101692,99.39014319652514,,PRUNED,
44027.0,year,5.0,18.0,0.372715,2022-11-06 15:06:22.076205,2022-11-06 15:06:23.584209,0 days 00:00:01.508004,36.0,0.018608715336100635,0.5315120921713462,0.6998651974368734,4.8573779781034165,8.327371973155379e-06,0.000727170884199761,55.36415567229196,,PRUNED,
44027.0,year,5.0,19.0,0.010079200769544428,2022-11-06 15:06:23.584642,2022-11-06 15:08:17.877582,0 days 00:01:54.292940,12.0,0.09640076512994339,0.39425475061515547,0.4666953368331066,0.09412662177675674,0.0006899303560605638,7.720654744886819e-08,27.112542712069857,136.0,COMPLETE,
44027.0,year,5.0,20.0,0.009631741670921986,2022-11-06 15:08:17.878901,2022-11-06 15:20:31.981738,0 days 00:12:14.102837,23.0,0.052364402970446026,0.3176945432767009,0.5928249842364913,0.01045847857420203,4.704803329348046e-08,1.019261570555949e-08,62.60736165789712,547.0,COMPLETE,
44027.0,year,5.0,21.0,0.009758269780057692,2022-11-06 15:20:31.983026,2022-11-06 15:26:54.513751,0 days 00:06:22.530725,23.0,0.05463616981336283,0.3210734719112187,0.604611292142219,0.01002578305304692,7.563191985150689e-08,3.223760001610959e-05,51.70019945944609,285.0,COMPLETE,
44027.0,year,5.0,22.0,0.368633,2022-11-06 15:26:54.515122,2022-11-06 15:26:55.987974,0 days 00:00:01.472852,14.0,0.030397608227017453,0.24204652665713505,0.5324451854735232,0.011058373707708928,3.46544778839885e-08,2.2437730595179263e-08,69.54191108913301,,PRUNED,
44027.0,year,5.0,23.0,0.009538143177650707,2022-11-06 15:26:55.988476,2022-11-06 15:47:46.514928,0 days 00:20:50.526452,34.0,0.058659982362633874,0.40309210562584186,0.6245346450090491,0.31089105600825934,1.075461734020094e-06,1.1760262611150702e-06,44.16895836030721,579.0,COMPLETE,
44027.0,year,5.0,24.0,0.009583780929873309,2022-11-06 15:47:46.516259,2022-11-06 16:06:28.862715,0 days 00:18:42.346456,34.0,0.06569010084485473,0.4122050316195901,0.641309019234649,0.33642476016269374,1.2583745900039538e-06,2.0750856131731133e-06,42.76628934738934,508.0,COMPLETE,
44027.0,year,5.0,25.0,0.098943,2022-11-06 16:06:28.864012,2022-11-06 16:21:32.086634,0 days 00:15:03.222622,45.0,0.07026510771969169,0.41664856510665904,0.635329683326016,0.3173762964175772,1.2133783769553458e-06,1.7039930043236616e-06,22.472571904583035,,PRUNED,
44027.0,year,5.0,26.0,0.370011,2022-11-06 16:21:32.087085,2022-11-06 16:21:34.714903,0 days 00:00:02.627818,33.0,0.026369096876105877,0.49591453577210953,0.7055842701210001,0.11639470452780847,3.179727427676522e-05,1.7116020541019988e-07,40.81223970410873,,PRUNED,
44027.0,year,5.0,27.0,0.009711701982746925,2022-11-06 16:21:34.715335,2022-11-06 16:46:12.364636,0 days 00:24:37.649301,45.0,0.06789640745031707,0.55042184123124,0.6641589235571422,0.4702019377428001,0.0005321464258360449,1.4407680724254195e-05,13.103660985145778,424.0,COMPLETE,
44027.0,year,5.0,28.0,0.37377,2022-11-06 16:46:12.365936,2022-11-06 16:46:14.844426,0 days 00:00:02.478490,37.0,0.015432646334488343,0.4599450848624201,0.7461190355595345,0.22235498223002556,1.7436799041727412e-06,2.9897231995292397e-06,40.76798795081826,,PRUNED,
44027.0,year,5.0,29.0,0.366037,2022-11-06 16:46:14.844969,2022-11-06 16:46:16.465630,0 days 00:00:01.620661,45.0,0.03806056410409439,0.42108741266079425,0.6238038372097656,0.7199103569611299,2.2597107904265542e-07,2.7098159298855057e-07,83.17996222534629,,PRUNED,
44027.0,year,5.0,30.0,0.377001,2022-11-06 16:46:16.466033,2022-11-06 16:46:18.790529,0 days 00:00:02.324496,32.0,0.00601224991998909,0.3958734691264337,0.5619217294508905,0.05219261529927621,1.3705463918408172e-05,6.646079205783995e-05,27.931712565610237,,PRUNED,
44027.0,year,5.0,31.0,0.366429,2022-11-06 16:46:18.790957,2022-11-06 16:46:20.348364,0 days 00:00:01.557407,37.0,0.03699351349763385,0.3690399391653949,0.6106390116679855,1.398331430101976,1.7581695937663852e-07,0.00038256761918335715,47.81405464115752,,PRUNED,
44027.0,year,5.0,32.0,0.109177,2022-11-06 16:46:20.348938,2022-11-06 16:47:00.296996,0 days 00:00:39.948058,29.0,0.06174142020311938,0.30294155506097264,0.5851612936128348,2.0571342839821263,3.152621658971924e-08,1.074600071647004e-06,18.594582011871974,,PRUNED,
44027.0,year,5.0,33.0,0.364382,2022-11-06 16:47:00.297742,2022-11-06 16:47:01.736168,0 days 00:00:01.438426,26.0,0.042962804395331566,0.35035946756998526,0.6828946683060961,1.065538010484548,1.756842753468053e-06,8.702163622099587e-06,75.5471611411006,,PRUNED,
44027.0,year,5.0,34.0,0.009718597011122015,2022-11-06 16:47:01.736579,2022-11-06 16:55:08.586085,0 days 00:08:06.849506,32.0,0.06861408683622225,0.4927802701145593,0.5101970345172776,0.31734025382334524,0.00018050750168703198,0.0011744399930858046,64.91662915828776,238.0,COMPLETE,
44027.0,year,5.0,35.0,0.370711,2022-11-06 16:55:08.587432,2022-11-06 16:55:10.412027,0 days 00:00:01.824595,42.0,0.02437566352412343,0.40084589401396004,0.4487109368535456,0.1850344338509216,5.548852841601006e-07,5.486516623736409e-07,35.772355276747476,,PRUNED,
44027.0,year,5.0,36.0,0.37422,2022-11-06 16:55:10.412562,2022-11-06 16:55:11.672696,0 days 00:00:01.260134,28.0,0.01421012197893728,0.3539696241428714,0.5445413441317208,5.191892947020486,0.34444510977795423,0.05473184141523901,13.404511813665676,,PRUNED,
44027.0,year,5.0,37.0,0.363636,2022-11-06 16:55:11.673094,2022-11-06 16:55:14.294890,0 days 00:00:02.621796,35.0,0.0449928860023037,0.546671251870746,0.7258274494195028,0.1536532140662165,0.0050489104262626885,5.5510280611698776e-05,78.94226747528468,,PRUNED,
44027.0,year,5.0,38.0,0.378391,2022-11-06 16:55:14.295321,2022-11-06 16:55:16.157491,0 days 00:00:01.862170,24.0,0.001972108543415275,0.45828489774154846,0.5737277754838601,0.4206664219991464,2.1273559725183113e-08,5.3469529395105824e-06,58.3823184462731,,PRUNED,
44027.0,year,5.0,39.0,0.099899,2022-11-06 16:55:16.158027,2022-11-06 16:57:20.406666,0 days 00:02:04.248639,30.0,0.09987462110748183,0.26505077656862264,0.6236532103142711,1.7391194986868614,1.391994847356993e-07,0.00025374350241367556,99.085302576192,,PRUNED,
44027.0,year,5.0,40.0,0.368636,2022-11-06 16:57:20.407327,2022-11-06 16:57:21.901728,0 days 00:00:01.494401,47.0,0.030557050684749544,0.43002120242408953,0.6677739675428018,3.431546575388743,2.385252305042315e-06,8.572357773144059e-07,29.455725988848922,,PRUNED,
44027.0,year,5.0,41.0,0.362586,2022-11-06 16:57:21.902120,2022-11-06 16:57:23.919077,0 days 00:00:02.016957,23.0,0.04808204485987609,0.3070615188826791,0.5908907826780442,0.056643494493695046,7.377161440842516e-08,1.3470729669979058e-08,64.91777126399352,,PRUNED,
44027.0,year,5.0,42.0,0.100228,2022-11-06 16:57:23.919487,2022-11-06 17:00:01.897852,0 days 00:02:37.978365,21.0,0.07771275834648342,0.3278707802427713,0.5976637832250626,0.017631591369454205,6.512745792933588e-07,1.0078545888812351e-07,46.12227227573984,,PRUNED,
44027.0,year,5.0,43.0,0.234337,2022-11-06 17:00:01.898253,2022-11-06 17:00:05.798421,0 days 00:00:03.900168,16.0,0.05590503902823943,0.2819447757698294,0.6325771193765164,7.479331539361444,3.3049580805962053e-08,2.8407005804534802e-08,37.19050025545416,,PRUNED,
44027.0,year,5.0,44.0,0.100047,2022-11-06 17:00:05.798818,2022-11-06 17:03:25.336177,0 days 00:03:19.537359,38.0,0.07917335755906084,0.3199801193649813,0.5494432987671731,0.05841415588341174,1.0363052238586281e-08,0.013161801673281067,62.97744145472133,,PRUNED,
44027.0,year,5.0,45.0,0.36611,2022-11-06 17:03:25.336721,2022-11-06 17:03:27.686019,0 days 00:00:02.349298,27.0,0.03784291827725499,0.3656124175475041,0.6535763359549798,0.019787391472024334,3.429942054501833e-07,1.505191485658077e-05,9.574928079408522,,PRUNED,
44027.0,year,5.0,46.0,0.111896,2022-11-06 17:03:27.686413,2022-11-06 17:03:50.767468,0 days 00:00:23.081055,31.0,0.06148307013551259,0.34396827988992673,0.43476933037360843,2.943158562693265,1.7705655281502604e-05,0.00012334095461477896,48.65673322545082,,PRUNED,
44027.0,year,5.0,47.0,0.363478,2022-11-06 17:03:50.767877,2022-11-06 17:03:52.092305,0 days 00:00:01.324428,25.0,0.045613517018151306,0.29616335746216865,0.5074531170453664,0.7643964329172408,7.44828132361004e-08,1.0174301517261862e-08,80.86891427165885,,PRUNED,
44027.0,year,5.0,48.0,0.376507,2022-11-06 17:03:52.092720,2022-11-06 17:03:54.660989,0 days 00:00:02.568269,43.0,0.007561464476499148,0.3848240890672868,0.4061561673929708,0.04077818438565486,9.928203724721724e-07,0.0014279732457943655,3.8569957054379755,,PRUNED,
44027.0,year,5.0,49.0,0.369446,2022-11-06 17:03:54.661544,2022-11-06 17:03:55.935162,0 days 00:00:01.273618,6.0,0.028206208976340394,0.26372750358804,0.5622774936913123,5.280823031832578,3.7325563522279236e-06,1.9161509564575587e-06,56.519127015364965,,PRUNED,
44027.0,year,5.0,50.0,0.103231,2022-11-06 17:03:55.936584,2022-11-06 17:05:31.834754,0 days 00:01:35.898170,49.0,0.07861756792015917,0.4457848466964338,0.7940623480152352,9.922077808296473,1.8660242893675893e-08,3.0582399399130203e-07,24.30088891600322,,PRUNED,
44027.0,year,5.0,51.0,0.00962761829639145,2022-11-06 17:05:31.835299,2022-11-06 17:40:04.287602,0 days 00:34:32.452303,47.0,0.06953417373836379,0.5653390422400406,0.6771809306854925,0.5730393130767781,0.0009888876382349258,2.1380964662129035e-05,14.443753441921004,590.0,COMPLETE,
44027.0,year,5.0,52.0,0.360979,2022-11-06 17:40:04.288980,2022-11-06 17:40:06.624695,0 days 00:00:02.335715,47.0,0.0529197062272122,0.5737369870181798,0.6401781774798446,0.5535336967150016,0.0017344112558807362,2.6022189097397018e-05,19.412616431031882,,PRUNED,
44027.0,year,5.0,53.0,0.367335,2022-11-06 17:40:06.625185,2022-11-06 17:40:08.502590,0 days 00:00:01.877405,40.0,0.034315215825191,0.5238199580211998,0.6781675250026601,1.150121031786055,0.0001694416376443888,0.00040794197360561533,10.202432759668142,,PRUNED,
44027.0,year,5.0,54.0,0.103925,2022-11-06 17:40:08.503014,2022-11-06 17:42:28.676804,0 days 00:02:20.173790,22.0,0.08903528119910624,0.5729391265580102,0.7164491706515075,0.24451490451436322,0.10831859856247351,1.13621298308857,5.915988586362939,,PRUNED,
44027.0,year,5.0,55.0,0.009540921846355037,2022-11-06 17:42:28.677277,2022-11-06 17:55:51.418923,0 days 00:13:22.741646,17.0,0.06086606102990037,0.47521663704895917,0.6143887210269342,0.3924274199692885,0.0034126353428829284,6.618696277591504e-05,33.635252864936,516.0,COMPLETE,
44027.0,year,5.0,56.0,0.104436,2022-11-06 17:55:51.420218,2022-11-06 17:56:27.156054,0 days 00:00:35.735836,8.0,0.0627322932290588,0.47177737203110687,0.6114939105978423,0.3816161500540853,0.0058129510903261955,5.602158824929249e-06,31.220662589666095,,PRUNED,
44027.0,year,5.0,57.0,0.00967359958943201,2022-11-06 17:56:27.156469,2022-11-06 18:02:05.878967,0 days 00:05:38.722498,11.0,0.0751984502521769,0.5237315849905271,0.6506000616478368,0.26005160504603747,0.022112750741237624,5.32409119414658e-05,40.18139355316625,317.0,COMPLETE,
44027.0,year,5.0,58.0,0.371487,2022-11-06 18:02:05.880305,2022-11-06 18:02:07.448196,0 days 00:00:01.567891,17.0,0.022132700899318295,0.411603125156422,0.6219185427175428,0.8812014230354777,0.0008958974538833576,0.00011291223574602759,52.74920682276839,,PRUNED,
44027.0,year,5.0,59.0,0.364013,2022-11-06 18:02:07.448577,2022-11-06 18:02:10.410509,0 days 00:00:02.961932,39.0,0.044001751467067605,0.5957541020711364,0.6887024290018511,0.13705716809933666,0.015880739073452183,2.87068929545316e-05,16.5137556582123,,PRUNED,
