dataset_id,dataset_name,outer_cv_split,number,value,datetime_start,datetime_complete,duration,params_n_max,params_n_layers,params_n_out,params_mean_type,params_kernel_type,params_num_mixtures,params_lr,params_batch_size,params_num_inducing,params_initialize_fe,params_minit,user_attrs_MAX_EPOCHS,state,system_attrs_completed_rung_0,system_attrs_completed_rung_1,system_attrs_fixed_params,system_attrs_completed_rung_2,system_attrs_completed_rung_3
216.0,r1_08_PPV,1.0,0.0,5.485266285631951e-08,2022-11-06 19:57:25.558885,2022-11-06 20:00:54.065357,0 days 00:03:28.506472,1024.0,4.0,8.0,constant,rbf,,0.01,1024.0,1000.0,0.0,random,11.0,COMPLETE,1.210322807310149e-05,,"{'n_max': 1024, 'n_layers': 4, 'n_out': 8, 'mean_type': 'constant', 'kernel_type': 'rbf', 'lr': 0.01, 'num_inducing': 1000, 'initialize_fe': False, 'params_minit': 'random'}",,
216.0,r1_08_PPV,1.0,1.0,0.0910861566662788,2022-11-06 20:00:54.066030,2022-11-06 20:02:09.483339,0 days 00:01:15.417309,103.0,2.0,12.0,linear,matern0.5,,1.761737216411592e-06,1024.0,425.0,1.0,random,,PRUNED,0.0910861566662788,,,,
216.0,r1_08_PPV,1.0,2.0,0.0039972867816686,2022-11-06 20:02:09.483746,2022-11-06 20:04:41.753704,0 days 00:02:32.269958,649.0,3.0,2.0,linear,matern1.5,,1.3440900256215056e-05,8192.0,742.0,0.0,kmeans,16.0,COMPLETE,0.0039972867816686,,,,
216.0,r1_08_PPV,1.0,3.0,0.0677305981516838,2022-11-06 20:04:41.754335,2022-11-06 20:05:45.422732,0 days 00:01:03.668397,680.0,5.0,9.0,constant,rbf,,3.090499258158153e-05,2048.0,1267.0,0.0,random,,PRUNED,0.0677305981516838,,,,
216.0,r1_08_PPV,1.0,4.0,2.787639346024662e-07,2022-11-06 20:05:45.423102,2022-11-06 20:07:43.206137,0 days 00:01:57.783035,1002.0,3.0,11.0,linear,rbf,,0.0101013949507953,1024.0,133.0,1.0,kmeans,6.0,COMPLETE,2.787639346024662e-07,,,,
216.0,r1_08_PPV,1.0,5.0,0.0006517870933748,2022-11-06 20:07:43.206777,2022-11-06 20:08:28.204998,0 days 00:00:44.998221,326.0,5.0,13.0,linear,matern1.5,,0.0002364537177756,8192.0,963.0,0.0,random,,PRUNED,0.0006517870933748,,,,
216.0,r1_08_PPV,1.0,6.0,1.6897054422315705e-07,2022-11-06 20:08:28.205361,2022-11-06 20:13:50.897031,0 days 00:05:22.691670,133.0,5.0,15.0,constant,rbf,,0.0071523104861942,2048.0,1571.0,1.0,random,20.0,COMPLETE,3.005486632901011e-07,,,,
216.0,r1_08_PPV,1.0,7.0,0.0001280974975088,2022-11-06 20:13:50.897646,2022-11-06 20:15:12.375758,0 days 00:01:21.478112,829.0,4.0,9.0,constant,matern0.5,,0.0003822426652495,1024.0,329.0,1.0,kmeans,,PRUNED,0.0001280974975088,,,,
216.0,r1_08_PPV,1.0,8.0,0.0012331587495282,2022-11-06 20:15:12.376145,2022-11-06 20:15:50.419737,0 days 00:00:38.043592,520.0,4.0,12.0,linear,matern0.5,,2.6845881910142643e-05,8192.0,513.0,0.0,random,,PRUNED,0.0012331587495282,,,,
216.0,r1_08_PPV,1.0,9.0,0.0348255932331085,2022-11-06 20:15:50.420120,2022-11-06 20:17:57.239935,0 days 00:02:06.819815,104.0,2.0,7.0,linear,rbf,,1.815115904830252e-06,2048.0,347.0,1.0,random,,PRUNED,0.0348255932331085,,,,
216.0,r1_08_PPV,1.0,10.0,3.5082305203104625e-06,2022-11-06 20:17:57.240270,2022-11-06 20:19:34.905432,0 days 00:01:37.665162,733.0,5.0,7.0,linear,rbf,,0.0373499075689806,1024.0,220.0,1.0,kmeans,3.0,COMPLETE,,,,,
216.0,r1_08_PPV,1.0,11.0,3.019550831595552e-06,2022-11-06 20:19:34.906046,2022-11-06 20:23:56.052999,0 days 00:04:21.146953,125.0,2.0,9.0,constant,matern1.5,,0.0795740644197855,1024.0,1675.0,1.0,random,8.0,COMPLETE,,,,,
216.0,r1_08_PPV,1.0,12.0,1.0423776757306769e-06,2022-11-06 20:23:56.053615,2022-11-06 20:25:03.990926,0 days 00:01:07.937311,708.0,5.0,2.0,constant,matern1.5,,0.0446601905651474,2048.0,650.0,0.0,kmeans,2.0,COMPLETE,,,,,
216.0,r1_08_PPV,1.0,13.0,0.0006828876212239,2022-11-06 20:25:03.991553,2022-11-06 20:55:10.969850,0 days 00:30:06.978297,952.0,5.0,10.0,constant,matern1.5,,2.553834542744392e-05,8192.0,539.0,0.0,random,258.0,COMPLETE,0.0039649601094424,,,,
216.0,r1_08_PPV,1.0,14.0,0.1823659390211105,2022-11-06 20:55:10.970536,2022-11-06 20:56:03.743819,0 days 00:00:52.773283,402.0,3.0,8.0,linear,rbf,,8.311167122453443e-06,8192.0,618.0,1.0,random,,PRUNED,0.1823659390211105,,,,
216.0,r1_08_PPV,1.0,15.0,0.0457265526056289,2022-11-06 20:56:03.744167,2022-11-06 20:57:55.363093,0 days 00:01:51.618926,290.0,3.0,6.0,linear,matern0.5,,1.5104799745360073e-06,2048.0,63.0,0.0,kmeans,,PRUNED,0.0457265526056289,,,,
216.0,r1_08_PPV,1.0,16.0,0.2535476088523865,2022-11-06 20:57:55.363480,2022-11-06 20:58:58.837502,0 days 00:01:03.474022,940.0,2.0,10.0,constant,matern0.5,,1.5335759385131056e-06,8192.0,1940.0,0.0,random,,PRUNED,0.2535476088523865,,,,
216.0,r1_08_PPV,1.0,17.0,0.0001617050875211,2022-11-06 20:58:58.837872,2022-11-06 21:21:44.695336,0 days 00:22:45.857464,229.0,5.0,9.0,constant,rbf,,0.0001024932970808,8192.0,1209.0,0.0,kmeans,177.0,COMPLETE,0.0013712990330532,0.0002427836152492,,,
216.0,r1_08_PPV,1.0,18.0,1.235120976161852e-06,2022-11-06 21:21:44.695990,2022-11-06 21:36:17.785174,0 days 00:14:33.089184,853.0,3.0,17.0,constant,matern0.5,,0.000265833528508,1024.0,819.0,0.0,random,67.0,COMPLETE,,,,,
216.0,r1_08_PPV,1.0,19.0,0.0014189759967848,2022-11-06 21:36:17.785820,2022-11-06 21:37:15.737553,0 days 00:00:57.951733,346.0,2.0,16.0,linear,matern0.5,,0.0005023718278741,8192.0,1717.0,0.0,random,,PRUNED,0.0014189759967848,,,,
216.0,r1_08_PPV,1.0,20.0,1.939665480676922e-06,2022-11-06 21:37:15.737928,2022-11-06 21:38:43.614835,0 days 00:01:27.876907,753.0,4.0,3.0,constant,matern1.5,,0.0567553256304524,2048.0,52.0,0.0,kmeans,7.0,COMPLETE,5.3207108976494055e-06,,,,
216.0,r1_08_PPV,1.0,21.0,0.0257765967398881,2022-11-06 21:38:43.615480,2022-11-06 21:40:29.432537,0 days 00:01:45.817057,732.0,5.0,20.0,constant,matern0.5,,9.935922347040692e-05,8192.0,463.0,0.0,kmeans,,PRUNED,0.0257765967398881,,,,
216.0,r1_08_PPV,1.0,22.0,2.6217324489152816e-07,2022-11-06 21:40:29.432879,2022-11-06 21:42:07.298006,0 days 00:01:37.865127,1003.0,3.0,5.0,constant,rbf,,0.0262264330974334,1024.0,106.0,1.0,kmeans,4.0,COMPLETE,7.723191401964868e-07,,,,
216.0,r1_08_PPV,1.0,23.0,4.885010866928496e-07,2022-11-06 21:42:07.298643,2022-11-06 21:43:53.200396,0 days 00:01:45.901753,169.0,3.0,3.0,constant,matern1.5,,0.0294772726202652,2048.0,1258.0,0.0,kmeans,4.0,COMPLETE,,,,,
216.0,r1_08_PPV,1.0,24.0,1.212745956991057e-07,2022-11-06 21:43:53.201041,2022-11-06 21:47:14.109837,0 days 00:03:20.908796,1023.0,3.0,4.0,constant,rbf,,0.0072376815944192,1024.0,161.0,1.0,kmeans,15.0,COMPLETE,4.313214958528988e-07,2.968178023365909e-07,,,
216.0,r1_08_PPV,1.0,25.0,1.0180934623349458e-05,2022-11-06 21:47:14.110476,2022-11-06 21:48:29.321671,0 days 00:01:15.211195,862.0,4.0,5.0,constant,rbf,,0.0035744132078568,1024.0,185.0,1.0,kmeans,,PRUNED,1.0180934623349458e-05,,,,
216.0,r1_08_PPV,1.0,26.0,8.259122097342697e-08,2022-11-06 21:48:29.322006,2022-11-06 21:53:17.956793,0 days 00:04:48.634787,642.0,3.0,20.0,constant,rbf,,0.0036302108807536,1024.0,223.0,0.0,kmeans,26.0,COMPLETE,5.309236257744487e-06,2.810507453432365e-07,,,
216.0,r1_08_PPV,1.0,27.0,1.4981472304498313e-05,2022-11-06 21:53:17.957444,2022-11-06 21:54:39.034518,0 days 00:01:21.077074,628.0,5.0,20.0,constant,rbf,,0.0016884486581485,1024.0,833.0,0.0,kmeans,,PRUNED,1.4981472304498313e-05,,,,
216.0,r1_08_PPV,1.0,28.0,2.363300336583052e-05,2022-11-06 21:54:39.034853,2022-11-06 21:55:36.685226,0 days 00:00:57.650373,107.0,3.0,20.0,constant,rbf,,0.0012331238704716,1024.0,251.0,0.0,kmeans,,PRUNED,2.363300336583052e-05,,,,
216.0,r1_08_PPV,1.0,29.0,4.554112820187585e-07,2022-11-06 21:55:36.685556,2022-11-06 21:58:40.927116,0 days 00:03:04.241560,905.0,2.0,11.0,constant,rbf,,0.0464607023745047,1024.0,663.0,1.0,kmeans,10.0,COMPLETE,,,,,
216.0,r1_08_PPV,1.0,30.0,0.0102658467367291,2022-11-06 21:58:40.927815,2022-11-06 22:00:57.696242,0 days 00:02:16.768427,275.0,2.0,8.0,linear,matern1.5,,3.285361027209744e-05,8192.0,337.0,0.0,random,17.0,COMPLETE,,,,,
216.0,r1_08_PPV,1.0,31.0,4.23800656790263e-07,2022-11-06 22:00:57.696888,2022-11-06 22:02:17.313171,0 days 00:01:19.616283,511.0,4.0,15.0,constant,matern1.5,,0.0208147931385873,2048.0,81.0,0.0,random,6.0,COMPLETE,4.23800656790263e-07,,,,
216.0,r1_08_PPV,1.0,32.0,1.022081050905399e-06,2022-11-06 22:02:17.313803,2022-11-06 22:03:58.008376,0 days 00:01:40.694573,234.0,3.0,17.0,constant,rbf,,0.0874170274428906,1024.0,241.0,0.0,random,6.0,COMPLETE,1.022081050905399e-06,,,,
216.0,r1_08_PPV,1.0,33.0,0.0020761091727763,2022-11-06 22:03:58.009012,2022-11-06 22:04:59.324149,0 days 00:01:01.315137,640.0,4.0,7.0,constant,rbf,,0.0001117790774213,1024.0,347.0,0.0,kmeans,,PRUNED,0.0020761091727763,,,,
216.0,r1_08_PPV,1.0,34.0,5.404425337474095e-06,2022-11-06 22:04:59.324494,2022-11-06 22:06:31.934770,0 days 00:01:32.610276,587.0,5.0,12.0,linear,matern1.5,,0.0490229345333831,8192.0,61.0,0.0,kmeans,10.0,COMPLETE,,,,,
216.0,r1_08_PPV,1.0,35.0,5.283395239530364e-06,2022-11-06 22:06:31.935451,2022-11-06 22:12:47.300676,0 days 00:06:15.365225,952.0,4.0,8.0,constant,rbf,,0.0001819448050328,1024.0,92.0,0.0,kmeans,36.0,COMPLETE,,,,,
216.0,r1_08_PPV,1.0,36.0,4.295732196624158e-06,2022-11-06 22:12:47.301306,2022-11-06 22:24:17.751616,0 days 00:11:30.450310,248.0,4.0,2.0,constant,matern0.5,,0.0002904726643504,2048.0,75.0,1.0,random,92.0,COMPLETE,0.0004105803673155,2.4977267457870767e-05,,,
216.0,r1_08_PPV,1.0,37.0,1.9668188144805762e-07,2022-11-06 22:24:17.752266,2022-11-06 22:31:07.045472,0 days 00:06:49.293206,428.0,4.0,18.0,constant,rbf,,0.0030987353876351,2048.0,1637.0,1.0,random,26.0,COMPLETE,1.1672088930936295e-06,,,,
216.0,r1_08_PPV,1.0,38.0,1.3144464219294605e-06,2022-11-06 22:31:07.046122,2022-11-06 22:34:59.087020,0 days 00:03:52.040898,415.0,4.0,17.0,constant,rbf,,0.0029002704727829,2048.0,1791.0,1.0,random,,PRUNED,1.3144464219294605e-06,,,,
216.0,r1_08_PPV,1.0,39.0,1.0135687261936256e-05,2022-11-06 22:34:59.087449,2022-11-06 22:35:55.570398,0 days 00:00:56.482949,786.0,2.0,18.0,constant,matern1.5,,0.0020687625136053,2048.0,677.0,0.0,kmeans,,PRUNED,1.0135687261936256e-05,,,,
216.0,r1_08_PPV,1.0,40.0,3.45207445207052e-06,2022-11-06 22:35:55.570746,2022-11-06 22:38:37.759594,0 days 00:02:42.188848,903.0,3.0,3.0,constant,rbf,,0.0081644829419981,1024.0,169.0,1.0,kmeans,,PRUNED,3.367296983469714e-07,3.45207445207052e-06,,,
216.0,r1_08_PPV,1.0,41.0,1.1174797975854744e-07,2022-11-06 22:38:37.759951,2022-11-06 22:41:59.245560,0 days 00:03:21.485609,1006.0,3.0,5.0,constant,rbf,,0.0050148706239645,1024.0,212.0,1.0,kmeans,15.0,COMPLETE,1.4976501461205771e-06,2.1297240948570106e-07,,,
216.0,r1_08_PPV,1.0,42.0,1.0468644262573434e-07,2022-11-06 22:41:59.246209,2022-11-06 22:46:53.430374,0 days 00:04:54.184165,493.0,4.0,15.0,constant,rbf,,0.0042526505462707,2048.0,1221.0,1.0,random,22.0,COMPLETE,3.188797563780099e-07,,,,
216.0,r1_08_PPV,1.0,43.0,1.7806812024900864e-07,2022-11-06 22:46:53.431003,2022-11-06 22:48:42.969607,0 days 00:01:49.538604,738.0,3.0,6.0,constant,rbf,,0.0226946703334834,1024.0,232.0,1.0,kmeans,5.0,COMPLETE,9.54544589149009e-07,,,,
216.0,r1_08_PPV,1.0,44.0,6.297458554627158e-08,2022-11-06 22:48:42.970254,2022-11-06 22:53:40.740745,0 days 00:04:57.770491,489.0,5.0,14.0,constant,rbf,,0.0047514326662378,2048.0,1063.0,1.0,random,24.0,COMPLETE,1.900511392705085e-07,,,,
216.0,r1_08_PPV,1.0,45.0,2.3253885956364684e-05,2022-11-06 22:53:40.741380,2022-11-06 22:55:47.904582,0 days 00:02:07.163202,498.0,4.0,14.0,constant,rbf,,0.0007701964590788,2048.0,185.0,1.0,random,,PRUNED,2.3253885956364684e-05,,,,
216.0,r1_08_PPV,1.0,46.0,3.934071628464153e-06,2022-11-06 22:55:47.904999,2022-11-06 22:56:43.662552,0 days 00:00:55.757553,924.0,4.0,2.0,constant,rbf,,0.0043744436741635,1024.0,85.0,0.0,kmeans,,PRUNED,3.934071628464153e-06,,,,
216.0,r1_08_PPV,1.0,47.0,0.0022618621587753,2022-11-06 22:56:43.662911,2022-11-06 22:59:53.705953,0 days 00:03:10.043042,820.0,2.0,10.0,linear,matern1.5,,8.794722593176052e-06,8192.0,72.0,0.0,random,27.0,COMPLETE,,,,,
216.0,r1_08_PPV,1.0,48.0,2.527983633626718e-05,2022-11-06 22:59:53.706639,2022-11-06 23:00:56.606916,0 days 00:01:02.900277,838.0,3.0,14.0,constant,rbf,,0.0008308509349311,1024.0,434.0,0.0,kmeans,,PRUNED,2.527983633626718e-05,,,,
216.0,r1_08_PPV,1.0,49.0,1.1621207704592962e-05,2022-11-06 23:00:56.607315,2022-11-06 23:04:52.319620,0 days 00:03:55.712305,226.0,3.0,9.0,linear,matern0.5,,0.0021403413602243,8192.0,302.0,0.0,kmeans,34.0,COMPLETE,,,,,
216.0,r1_08_PPV,1.0,50.0,5.95950155002356e-07,2022-11-06 23:04:52.320249,2022-11-06 23:07:32.094163,0 days 00:02:39.773914,937.0,2.0,6.0,constant,rbf,,0.0149314092748554,1024.0,288.0,1.0,random,,PRUNED,2.34183559655321e-07,5.95950155002356e-07,,,
216.0,r1_08_PPV,1.0,51.0,1.016134262084961,2022-11-06 23:07:32.094518,2022-11-06 23:12:21.230961,0 days 00:04:49.136443,309.0,2.0,10.0,linear,matern1.5,,3.813884262632056e-06,8192.0,370.0,0.0,kmeans,,PRUNED,1.016134262084961,,,,
216.0,r1_08_PPV,1.0,52.0,3.286296487203799e-05,2022-11-06 23:12:21.231368,2022-11-06 23:13:16.779973,0 days 00:00:55.548605,589.0,4.0,9.0,constant,rbf,,0.0033322940210518,1024.0,132.0,0.0,kmeans,,PRUNED,3.286296487203799e-05,,,,
216.0,r1_08_PPV,1.0,53.0,0.0001823819766286,2022-11-06 23:13:16.780300,2022-11-06 23:15:11.388017,0 days 00:01:54.607717,423.0,5.0,7.0,constant,rbf,,0.0369221410104538,1024.0,1411.0,1.0,random,,PRUNED,0.0001823819766286,,,,
216.0,r1_08_PPV,1.0,54.0,0.0002511520287953,2022-11-06 23:15:11.388349,2022-11-06 23:16:12.256701,0 days 00:01:00.868352,725.0,2.0,11.0,linear,matern0.5,,0.0002000826318979,2048.0,435.0,1.0,random,,PRUNED,0.0002511520287953,,,,
216.0,r1_08_PPV,1.0,55.0,2.1967850898363395e-06,2022-11-06 23:16:12.257090,2022-11-06 23:17:46.459734,0 days 00:01:34.202644,226.0,3.0,4.0,constant,matern1.5,,0.0973058541805113,2048.0,172.0,1.0,random,6.0,COMPLETE,,,,,
216.0,r1_08_PPV,1.0,56.0,2.4274622774100862e-05,2022-11-06 23:17:46.460413,2022-11-06 23:18:46.498076,0 days 00:01:00.037663,870.0,3.0,7.0,constant,matern1.5,,0.000932530087899,1024.0,197.0,0.0,kmeans,,PRUNED,2.4274622774100862e-05,,,,
216.0,r1_08_PPV,1.0,57.0,1.469883414983997e-07,2022-11-06 23:18:46.498450,2022-11-06 23:21:01.554809,0 days 00:02:15.056359,999.0,3.0,4.0,constant,rbf,,0.0065762755898146,1024.0,158.0,1.0,kmeans,8.0,COMPLETE,3.786475417655311e-06,,,,
216.0,r1_08_PPV,1.0,58.0,3.2378643481933977e-06,2022-11-06 23:21:01.555478,2022-11-06 23:23:07.624860,0 days 00:02:06.069382,587.0,3.0,14.0,constant,rbf,,0.0089222113732816,8192.0,1010.0,1.0,random,,PRUNED,3.2378643481933977e-06,,,,
216.0,r1_08_PPV,1.0,59.0,1.5376862450011688e-07,2022-11-06 23:23:07.625215,2022-11-06 23:29:52.257032,0 days 00:06:44.631817,139.0,2.0,10.0,constant,matern1.5,,0.0020533220055361,1024.0,406.0,1.0,random,34.0,COMPLETE,,,,,
216.0,r1_08_PPV,2.0,0.0,6.234404281713068e-08,2022-11-06 23:37:14.733561,2022-11-06 23:40:40.063083,0 days 00:03:25.329522,1024.0,4.0,8.0,constant,rbf,,0.01,1024.0,1000.0,False,random,11.0,COMPLETE,4.635794084606459e-06,,"{'n_max': 1024, 'n_layers': 4, 'n_out': 8, 'mean_type': 'constant', 'kernel_type': 'rbf', 'lr': 0.01, 'num_inducing': 1000, 'initialize_fe': False, 'params_minit': 'random'}",,
216.0,r1_08_PPV,2.0,1.0,8.909255484468304e-06,2022-11-06 23:40:40.063716,2022-11-07 00:11:03.321253,0 days 00:30:23.257537,120.0,2.0,5.0,linear,matern1.5,,8.365581828501123e-06,2048.0,266.0,True,kmeans,244.0,COMPLETE,0.0167407020926475,0.0001787895889719,,,
216.0,r1_08_PPV,2.0,2.0,6.620930435019545e-06,2022-11-07 00:11:03.321870,2022-11-07 00:12:19.369406,0 days 00:01:16.047536,635.0,4.0,11.0,constant,matern1.5,,0.0482732092920912,1024.0,124.0,True,kmeans,,PRUNED,6.620930435019545e-06,,,,
216.0,r1_08_PPV,2.0,3.0,0.003206999739632,2022-11-07 00:12:19.369733,2022-11-07 00:21:27.924702,0 days 00:09:08.554969,416.0,3.0,20.0,linear,matern0.5,,8.33691953154884e-06,8192.0,69.0,False,kmeans,90.0,COMPLETE,0.0079992115497589,,,,
216.0,r1_08_PPV,2.0,4.0,0.0700029656291008,2022-11-07 00:21:27.925338,2022-11-07 00:22:41.505782,0 days 00:01:13.580444,348.0,5.0,16.0,linear,matern0.5,,1.3578060656733637e-06,1024.0,608.0,False,kmeans,,PRUNED,0.0700029656291008,,,,
216.0,r1_08_PPV,2.0,5.0,3.88614625990158e-06,2022-11-07 00:22:41.506105,2022-11-07 00:25:04.533640,0 days 00:02:23.027535,708.0,5.0,17.0,constant,matern1.5,,0.0111060370697247,8192.0,863.0,True,kmeans,11.0,COMPLETE,,,,,
216.0,r1_08_PPV,2.0,6.0,0.0046963198110461,2022-11-07 00:25:04.534274,2022-11-07 00:31:48.984216,0 days 00:06:44.449942,416.0,2.0,6.0,linear,matern0.5,,1.263853283292129e-06,2048.0,134.0,False,random,53.0,COMPLETE,0.0052815456874668,,,,
216.0,r1_08_PPV,2.0,7.0,2.1155598517452745e-07,2022-11-07 00:31:48.984834,2022-11-07 00:34:26.086561,0 days 00:02:37.101727,549.0,5.0,19.0,constant,matern1.5,,0.0063120006418896,2048.0,490.0,True,random,12.0,COMPLETE,,,,,
216.0,r1_08_PPV,2.0,8.0,0.0579491145908832,2022-11-07 00:34:26.087222,2022-11-07 00:35:22.767116,0 days 00:00:56.679894,729.0,3.0,2.0,constant,rbf,,7.621896588443288e-05,2048.0,111.0,True,random,,PRUNED,0.0579491145908832,,,,
216.0,r1_08_PPV,2.0,9.0,0.2449935525655746,2022-11-07 00:35:22.767482,2022-11-07 00:35:58.982115,0 days 00:00:36.214633,963.0,2.0,9.0,constant,matern1.5,,1.0844941590403092e-05,8192.0,151.0,False,random,,PRUNED,0.2449935525655746,,,,
216.0,r1_08_PPV,2.0,10.0,1.017246233914193e-07,2022-11-07 00:35:58.982494,2022-11-07 00:42:27.297367,0 days 00:06:28.314873,228.0,3.0,2.0,linear,matern1.5,,0.003680723862783,1024.0,561.0,True,kmeans,28.0,COMPLETE,3.1480050211030175e-07,,,,
216.0,r1_08_PPV,2.0,11.0,0.0016995266778394,2022-11-07 00:42:27.298037,2022-11-07 00:44:40.034608,0 days 00:02:12.736571,984.0,3.0,2.0,constant,matern0.5,,0.0001166682072151,2048.0,138.0,True,kmeans,,PRUNED,0.0016995266778394,,,,
216.0,r1_08_PPV,2.0,12.0,0.0004486303369048,2022-11-07 00:44:40.034981,2022-11-07 00:57:51.660019,0 days 00:13:11.625038,132.0,5.0,11.0,linear,matern0.5,,3.468910828486472e-05,8192.0,107.0,False,random,,PRUNED,0.0041689723730087,0.0004486303369048,,,
216.0,r1_08_PPV,2.0,13.0,5.881458491785452e-05,2022-11-07 00:57:51.660364,2022-11-07 00:59:11.081823,0 days 00:01:19.421459,794.0,3.0,10.0,linear,matern1.5,,0.0001681239826766,1024.0,395.0,True,random,,PRUNED,5.881458491785452e-05,,,,
216.0,r1_08_PPV,2.0,14.0,0.0147455977275967,2022-11-07 00:59:11.082222,2022-11-07 01:01:23.394454,0 days 00:02:12.312232,618.0,2.0,9.0,linear,matern1.5,,2.75342616337366e-05,2048.0,195.0,True,kmeans,,PRUNED,0.0147455977275967,,,,
216.0,r1_08_PPV,2.0,15.0,5.185778491068049e-07,2022-11-07 01:01:23.394791,2022-11-07 01:04:04.175607,0 days 00:02:40.780816,578.0,3.0,8.0,constant,rbf,,0.0541358260059896,2048.0,1718.0,True,random,6.0,COMPLETE,,,,,
216.0,r1_08_PPV,2.0,16.0,0.0865541025996208,2022-11-07 01:04:04.176260,2022-11-07 01:09:32.434299,0 days 00:05:28.258039,533.0,4.0,3.0,linear,matern0.5,,1.714284179962174e-05,8192.0,907.0,False,random,,PRUNED,0.0865541025996208,,,,
216.0,r1_08_PPV,2.0,17.0,0.1800281554460525,2022-11-07 01:09:32.434671,2022-11-07 01:10:33.086152,0 days 00:01:00.651481,301.0,4.0,2.0,linear,rbf,,2.2616156096974124e-05,2048.0,430.0,True,random,,PRUNED,0.1800281554460525,,,,
216.0,r1_08_PPV,2.0,18.0,0.2421511858701706,2022-11-07 01:10:33.086531,2022-11-07 01:11:43.320781,0 days 00:01:10.234250,1019.0,3.0,17.0,constant,rbf,,1.90758813241109e-06,1024.0,54.0,True,random,,PRUNED,0.2421511858701706,,,,
216.0,r1_08_PPV,2.0,19.0,2.475448354744003e-06,2022-11-07 01:11:43.321121,2022-11-07 01:13:11.502268,0 days 00:01:28.181147,806.0,5.0,16.0,linear,rbf,,0.0247232933796498,2048.0,424.0,True,random,4.0,COMPLETE,1.7050984752131626e-05,,,,
216.0,r1_08_PPV,2.0,20.0,0.2433228641748428,2022-11-07 01:13:11.502910,2022-11-07 01:14:07.468932,0 days 00:00:55.966022,437.0,2.0,7.0,constant,matern0.5,,1.4502630988531666e-05,8192.0,443.0,True,kmeans,,PRUNED,0.2433228641748428,,,,
216.0,r1_08_PPV,2.0,21.0,7.977065251907334e-05,2022-11-07 01:14:07.469283,2022-11-07 01:15:54.052973,0 days 00:01:46.583690,401.0,5.0,8.0,linear,matern0.5,,0.002062952916258,8192.0,525.0,False,kmeans,,PRUNED,7.977065251907334e-05,,,,
216.0,r1_08_PPV,2.0,22.0,5.8406911307429255e-08,2022-11-07 01:15:54.053297,2022-11-07 01:23:23.713372,0 days 00:07:29.660075,553.0,4.0,6.0,constant,rbf,,0.0042187144909659,1024.0,1889.0,False,random,17.0,COMPLETE,6.658426627836889e-07,9.567173009372709e-08,,,
216.0,r1_08_PPV,2.0,23.0,0.0008710958063602,2022-11-07 01:23:23.713992,2022-11-07 01:27:16.113732,0 days 00:03:52.399740,523.0,3.0,5.0,linear,matern1.5,,2.0459267853957014e-05,1024.0,1004.0,True,kmeans,,PRUNED,0.0008710958063602,,,,
216.0,r1_08_PPV,2.0,24.0,1.672462559554333e-07,2022-11-07 01:27:16.114130,2022-11-07 01:32:36.769267,0 days 00:05:20.655137,106.0,4.0,6.0,constant,rbf,,0.0027247568930832,1024.0,1912.0,False,random,,PRUNED,5.823245828651125e-06,1.672462559554333e-07,,,
216.0,r1_08_PPV,2.0,25.0,3.6992622653997387e-07,2022-11-07 01:32:36.769596,2022-11-07 01:37:51.485240,0 days 00:05:14.715644,560.0,4.0,5.0,constant,rbf,,0.0026545396306965,1024.0,1819.0,False,random,,PRUNED,4.910476036457112e-06,3.6992622653997387e-07,,,
216.0,r1_08_PPV,2.0,26.0,0.0038865390233695,2022-11-07 01:37:51.485571,2022-11-07 01:41:04.335739,0 days 00:03:12.850168,173.0,5.0,20.0,linear,matern0.5,,9.554618074128782e-06,1024.0,689.0,False,random,,PRUNED,0.0038865390233695,,,,
216.0,r1_08_PPV,2.0,27.0,0.1942910104990005,2022-11-07 01:41:04.336098,2022-11-07 01:43:03.225394,0 days 00:01:58.889296,953.0,3.0,4.0,constant,rbf,,1.3929721955520587e-05,8192.0,991.0,False,kmeans,,PRUNED,0.1942910104990005,,,,
216.0,r1_08_PPV,2.0,28.0,1.9125458493363112e-05,2022-11-07 01:43:03.225734,2022-11-07 01:44:19.056944,0 days 00:01:15.831210,171.0,5.0,13.0,constant,rbf,,0.0027281863895906,1024.0,1012.0,False,random,,PRUNED,1.9125458493363112e-05,,,,
216.0,r1_08_PPV,2.0,29.0,1.1452623766672332e-05,2022-11-07 01:44:19.057310,2022-11-07 01:45:42.289790,0 days 00:01:23.232480,908.0,4.0,13.0,constant,rbf,,0.0114047312530431,1024.0,1118.0,False,random,,PRUNED,1.1452623766672332e-05,,,,
216.0,r1_08_PPV,2.0,30.0,0.0021836827509105,2022-11-07 01:45:42.290135,2022-11-07 01:46:35.397497,0 days 00:00:53.107362,483.0,3.0,20.0,constant,matern0.5,,0.0008768723797881,8192.0,1059.0,False,kmeans,,PRUNED,0.0021836827509105,,,,
216.0,r1_08_PPV,2.0,31.0,5.717492604162544e-05,2022-11-07 01:46:35.397850,2022-11-07 01:47:44.730925,0 days 00:01:09.333075,667.0,5.0,8.0,constant,rbf,,0.083534438269472,1024.0,745.0,False,random,,PRUNED,5.717492604162544e-05,,,,
216.0,r1_08_PPV,2.0,32.0,1.520177619340757e-07,2022-11-07 01:47:44.731311,2022-11-07 01:56:46.640446,0 days 00:09:01.909135,353.0,4.0,9.0,constant,matern1.5,,0.0014622718429829,1024.0,1276.0,True,random,30.0,COMPLETE,9.940722520696e-07,,,,
216.0,r1_08_PPV,2.0,33.0,2.627700155244384e-07,2022-11-07 01:56:46.641105,2022-11-07 02:01:37.037812,0 days 00:04:50.396707,1008.0,5.0,2.0,constant,matern0.5,,0.0055817073474476,2048.0,1289.0,False,kmeans,19.0,COMPLETE,,,,,
216.0,r1_08_PPV,2.0,34.0,3.145515393043752e-06,2022-11-07 02:01:37.038468,2022-11-07 02:18:11.536260,0 days 00:16:34.497792,325.0,5.0,16.0,linear,matern1.5,,0.0002715724383787,1024.0,1578.0,True,random,48.0,COMPLETE,5.145391696714796e-06,,,,
216.0,r1_08_PPV,2.0,35.0,7.345465036223686e-08,2022-11-07 02:18:11.536891,2022-11-07 02:20:55.476701,0 days 00:02:43.939810,861.0,4.0,4.0,constant,rbf,,0.0100710738379834,1024.0,253.0,False,random,12.0,COMPLETE,3.577263498755201e-07,7.069658636282838e-08,,,
216.0,r1_08_PPV,2.0,36.0,5.6767198657325935e-06,2022-11-07 02:20:55.477347,2022-11-07 02:22:58.053712,0 days 00:02:02.576365,913.0,3.0,20.0,linear,matern0.5,,0.0949750672397004,2048.0,460.0,False,kmeans,10.0,COMPLETE,,,,,
216.0,r1_08_PPV,2.0,37.0,3.915436082024826e-06,2022-11-07 02:22:58.054372,2022-11-07 02:24:48.816267,0 days 00:01:50.761895,162.0,2.0,13.0,linear,rbf,,0.0861377474148081,1024.0,75.0,True,random,6.0,COMPLETE,,,,,
216.0,r1_08_PPV,2.0,38.0,0.0007021314231678,2022-11-07 02:24:48.816911,2022-11-07 02:26:11.997646,0 days 00:01:23.180735,255.0,3.0,4.0,linear,matern1.5,,0.0005577543249433,2048.0,1427.0,False,kmeans,,PRUNED,0.0007021314231678,,,,
216.0,r1_08_PPV,2.0,39.0,0.0001502429659012,2022-11-07 02:26:11.998007,2022-11-07 02:26:53.072735,0 days 00:00:41.074728,553.0,5.0,13.0,constant,matern0.5,,0.0076800481459661,8192.0,717.0,False,random,,PRUNED,0.0001502429659012,,,,
216.0,r1_08_PPV,2.0,40.0,5.4717398597858846e-05,2022-11-07 02:26:53.073072,2022-11-07 02:27:48.702398,0 days 00:00:55.629326,415.0,4.0,8.0,constant,rbf,,0.0011929387879203,1024.0,216.0,False,random,,PRUNED,5.4717398597858846e-05,,,,
216.0,r1_08_PPV,2.0,41.0,1.2415463856996214e-07,2022-11-07 02:27:48.702735,2022-11-07 02:29:33.432027,0 days 00:01:44.729292,851.0,4.0,4.0,constant,rbf,,0.0092985370007987,1024.0,243.0,False,random,6.0,COMPLETE,1.2415463856996214e-07,,,,
216.0,r1_08_PPV,2.0,42.0,4.665573101192422e-07,2022-11-07 02:29:33.432676,2022-11-07 02:42:35.076173,0 days 00:13:01.643497,321.0,4.0,13.0,constant,matern1.5,,0.0008045693285467,1024.0,1831.0,True,random,32.0,COMPLETE,3.7143638564884895e-06,,,,
216.0,r1_08_PPV,2.0,43.0,8.774986781645566e-08,2022-11-07 02:42:35.076836,2022-11-07 02:45:53.802599,0 days 00:03:18.725763,1020.0,4.0,6.0,constant,rbf,,0.0228208730796356,1024.0,1425.0,False,random,7.0,COMPLETE,3.939251655538101e-06,,,,
216.0,r1_08_PPV,2.0,44.0,3.238947670070047e-07,2022-11-07 02:45:53.803251,2022-11-07 02:48:28.695839,0 days 00:02:34.892588,917.0,4.0,4.0,constant,rbf,,0.0038872335731592,1024.0,266.0,False,random,,PRUNED,1.4644792827311903e-06,3.238947670070047e-07,,,
216.0,r1_08_PPV,2.0,45.0,0.000973068352323,2022-11-07 02:48:28.696166,2022-11-07 02:49:21.602203,0 days 00:00:52.906037,714.0,3.0,7.0,constant,rbf,,0.0002656777203075,1024.0,71.0,False,random,,PRUNED,0.000973068352323,,,,
216.0,r1_08_PPV,2.0,46.0,2.427586878184229e-07,2022-11-07 02:49:21.602611,2022-11-07 02:54:49.521049,0 days 00:05:27.918438,66.0,4.0,7.0,constant,matern1.5,,0.0047602982284824,1024.0,1864.0,True,random,10.0,COMPLETE,,,,,
216.0,r1_08_PPV,2.0,47.0,6.477360784629127e-06,2022-11-07 02:54:49.521679,2022-11-07 03:24:51.099060,0 days 00:30:01.577381,127.0,2.0,19.0,constant,matern1.5,,8.665017079149933e-05,8192.0,275.0,False,random,287.0,COMPLETE,0.0016750063514336,5.775599856860936e-05,,,
216.0,r1_08_PPV,2.0,48.0,0.2370453923940658,2022-11-07 03:24:51.099732,2022-11-07 03:27:46.658448,0 days 00:02:55.558716,335.0,4.0,11.0,constant,matern1.5,,1.1567893116132205e-06,1024.0,276.0,True,random,,PRUNED,0.2370453923940658,,,,
216.0,r1_08_PPV,2.0,49.0,3.312369187824516e-07,2022-11-07 03:27:46.658809,2022-11-07 03:35:13.069253,0 days 00:07:26.410444,204.0,5.0,3.0,constant,rbf,,0.0009326479602986,1024.0,50.0,False,random,45.0,COMPLETE,,,,,
216.0,r1_08_PPV,2.0,50.0,5.894649802939966e-05,2022-11-07 03:35:13.069900,2022-11-07 03:39:30.222419,0 days 00:04:17.152519,458.0,4.0,2.0,linear,matern1.5,,0.0002778009621527,1024.0,1242.0,True,random,,PRUNED,5.894649802939966e-05,,,,
216.0,r1_08_PPV,2.0,51.0,2.3673959503867081e-07,2022-11-07 03:39:30.222774,2022-11-07 03:40:45.947047,0 days 00:01:15.724273,861.0,4.0,3.0,constant,rbf,,0.0219890294708995,1024.0,196.0,False,random,3.0,COMPLETE,7.951696829877619e-07,,,,
216.0,r1_08_PPV,2.0,52.0,1.092607021746517e-06,2022-11-07 03:40:45.947713,2022-11-07 03:43:30.100828,0 days 00:02:44.153115,175.0,4.0,16.0,linear,matern0.5,,0.0483859043547786,2048.0,539.0,False,random,15.0,COMPLETE,,,,,
216.0,r1_08_PPV,2.0,53.0,8.1065782069345e-06,2022-11-07 03:43:30.101463,2022-11-07 03:44:41.925238,0 days 00:01:11.823775,952.0,5.0,6.0,constant,rbf,,0.0828646191880984,1024.0,666.0,False,random,,PRUNED,8.1065782069345e-06,,,,
216.0,r1_08_PPV,2.0,54.0,2.3762710043229163e-05,2022-11-07 03:44:41.925587,2022-11-07 03:46:06.076944,0 days 00:01:24.151357,611.0,4.0,9.0,linear,matern1.5,,0.0057878687751822,2048.0,1411.0,False,kmeans,,PRUNED,2.3762710043229163e-05,,,,
216.0,r1_08_PPV,2.0,55.0,9.751625839271584e-06,2022-11-07 03:46:06.077307,2022-11-07 03:47:03.174128,0 days 00:00:57.096821,763.0,3.0,11.0,constant,rbf,,0.0017478476958246,1024.0,346.0,False,random,,PRUNED,9.751625839271584e-06,,,,
216.0,r1_08_PPV,2.0,56.0,1.4414631550607735e-05,2022-11-07 03:47:03.174532,2022-11-07 03:47:40.383889,0 days 00:00:37.209357,648.0,5.0,11.0,constant,matern0.5,,0.0371645449455118,8192.0,115.0,False,kmeans,,PRUNED,1.4414631550607735e-05,,,,
216.0,r1_08_PPV,2.0,57.0,5.452124014482251e-07,2022-11-07 03:47:40.384241,2022-11-07 03:52:08.187473,0 days 00:04:27.803232,465.0,4.0,5.0,linear,rbf,,0.0021019359159304,1024.0,170.0,True,random,22.0,COMPLETE,,,,,
216.0,r1_08_PPV,2.0,58.0,2.6462427626938734e-07,2022-11-07 03:52:08.188110,2022-11-07 03:53:44.837445,0 days 00:01:36.649335,243.0,2.0,6.0,constant,matern1.5,,0.0121234835498197,1024.0,397.0,True,random,3.0,COMPLETE,,,,,
216.0,r1_08_PPV,2.0,59.0,6.898888216255727e-08,2022-11-07 03:53:44.838126,2022-11-07 03:57:10.269881,0 days 00:03:25.431755,861.0,4.0,5.0,constant,matern1.5,,0.0133122908811011,1024.0,848.0,False,random,11.0,COMPLETE,1.6037459715789737e-07,,,,
216.0,r1_08_PPV,3.0,0.0,5.192998386860381e-08,2022-11-07 04:15:53.599515,2022-11-07 04:18:42.270854,0 days 00:02:48.671339,1024.0,4.0,8.0,constant,rbf,,0.01,1024.0,1000.0,False,random,8.0,COMPLETE,,,"{'n_max': 1024, 'n_layers': 4, 'n_out': 8, 'mean_type': 'constant', 'kernel_type': 'rbf', 'lr': 0.01, 'num_inducing': 1000, 'initialize_fe': False, 'params_minit': 'random'}",,
216.0,r1_08_PPV,3.0,1.0,1.953365426743403e-05,2022-11-07 04:18:42.271495,2022-11-07 04:25:59.160245,0 days 00:07:16.888750,780.0,5.0,19.0,linear,rbf,,0.0001315923421743,1024.0,991.0,True,kmeans,26.0,COMPLETE,,,,,
216.0,r1_08_PPV,3.0,2.0,0.0023777002934366,2022-11-07 04:25:59.160906,2022-11-07 04:29:57.176989,0 days 00:03:58.016083,209.0,2.0,15.0,linear,matern1.5,,5.907141409003674e-06,1024.0,52.0,False,random,21.0,COMPLETE,0.010076587088406,0.0028000280726701,,,
216.0,r1_08_PPV,3.0,3.0,0.087016224861145,2022-11-07 04:29:57.177635,2022-11-07 04:31:02.730121,0 days 00:01:05.552486,961.0,4.0,12.0,constant,matern1.5,,1.890977673422839e-05,2048.0,1178.0,False,random,,PRUNED,0.087016224861145,,,,
216.0,r1_08_PPV,3.0,4.0,4.083800013177097e-05,2022-11-07 04:31:02.730518,2022-11-07 04:35:11.443087,0 days 00:04:08.712569,313.0,3.0,9.0,constant,rbf,,0.0011393825943509,8192.0,330.0,True,random,36.0,COMPLETE,0.0008455600473098,0.0001429446565452,,,
216.0,r1_08_PPV,3.0,5.0,3.606344876061485e-07,2022-11-07 04:35:11.443750,2022-11-07 04:46:02.671104,0 days 00:10:51.227354,119.0,3.0,17.0,constant,rbf,,0.0007961092041902,1024.0,712.0,True,random,52.0,COMPLETE,4.258815351931844e-06,6.018035492161289e-07,,,
216.0,r1_08_PPV,3.0,6.0,6.029444534760842e-07,2022-11-07 04:46:02.671790,2022-11-07 05:13:01.479312,0 days 00:26:58.807522,306.0,3.0,16.0,constant,matern1.5,,0.0002055703321124,2048.0,944.0,True,kmeans,167.0,COMPLETE,0.0006458387942984,0.0001055548855219,,1.3341700650926214e-05,1.0472476787981575e-06
216.0,r1_08_PPV,3.0,7.0,0.0344490222632885,2022-11-07 05:13:01.479989,2022-11-07 05:14:39.931358,0 days 00:01:38.451369,846.0,4.0,9.0,constant,matern1.5,,0.0002021584629702,8192.0,108.0,False,random,,PRUNED,0.0344490222632885,,,,
216.0,r1_08_PPV,3.0,8.0,1.8919838112196885e-05,2022-11-07 05:14:39.931725,2022-11-07 05:20:20.973622,0 days 00:05:41.041897,621.0,3.0,16.0,linear,matern0.5,,0.0002927591600545,2048.0,86.0,True,kmeans,,PRUNED,0.0002848599106073,8.028325828490779e-05,,1.8919838112196885e-05,
216.0,r1_08_PPV,3.0,9.0,3.353036106545915e-07,2022-11-07 05:20:20.973941,2022-11-07 05:24:17.838685,0 days 00:03:56.864744,827.0,5.0,14.0,linear,matern1.5,,0.0227778339472182,1024.0,321.0,True,kmeans,15.0,COMPLETE,1.1666930959108868e-06,1.473422116760048e-06,,,
216.0,r1_08_PPV,3.0,10.0,0.0052558127790689,2022-11-07 05:24:17.839358,2022-11-07 05:24:50.708707,0 days 00:00:32.869349,143.0,5.0,20.0,linear,rbf,,0.0001745010649154,8192.0,143.0,False,random,,PRUNED,0.0052558127790689,,,,
216.0,r1_08_PPV,3.0,11.0,1.0896981166297337e-06,2022-11-07 05:24:50.709117,2022-11-07 05:26:29.702475,0 days 00:01:38.993358,757.0,4.0,18.0,constant,rbf,,0.064307342110677,8192.0,795.0,False,kmeans,9.0,COMPLETE,0.0002297277096658,,,,
216.0,r1_08_PPV,3.0,12.0,0.0136194974184036,2022-11-07 05:26:29.703116,2022-11-07 05:28:17.474070,0 days 00:01:47.770954,685.0,4.0,19.0,linear,matern1.5,,5.591403349578078e-06,2048.0,1579.0,True,kmeans,,PRUNED,0.0136194974184036,,,,
216.0,r1_08_PPV,3.0,13.0,0.092923492193222,2022-11-07 05:28:17.474452,2022-11-07 05:58:19.415933,0 days 00:30:01.941481,822.0,4.0,6.0,constant,rbf,,2.452101965999816e-06,8192.0,1438.0,False,random,210.0,COMPLETE,0.1384305506944656,,,,
216.0,r1_08_PPV,3.0,14.0,0.2451377958059311,2022-11-07 05:58:19.416554,2022-11-07 05:59:54.345156,0 days 00:01:34.928602,292.0,4.0,10.0,constant,matern0.5,,3.3121283242839964e-06,8192.0,136.0,False,kmeans,,PRUNED,0.2451377958059311,,,,
216.0,r1_08_PPV,3.0,15.0,0.0003734354977495,2022-11-07 05:59:54.345535,2022-11-07 06:30:12.054178,0 days 00:30:17.708643,420.0,5.0,8.0,linear,rbf,,2.684539624607645e-06,1024.0,154.0,True,random,186.0,COMPLETE,0.3556674718856811,0.0090889055281877,,,
216.0,r1_08_PPV,3.0,16.0,0.0779805034399032,2022-11-07 06:30:12.054849,2022-11-07 06:32:06.937328,0 days 00:01:54.882479,807.0,4.0,15.0,constant,matern1.5,,5.903113168110805e-05,8192.0,61.0,True,random,,PRUNED,0.0779805034399032,,,,
216.0,r1_08_PPV,3.0,17.0,0.0006098871235735,2022-11-07 06:32:06.937710,2022-11-07 06:33:28.937501,0 days 00:01:21.999791,622.0,5.0,16.0,linear,rbf,,1.3166637442211388e-05,2048.0,179.0,True,random,4.0,COMPLETE,,,,,
216.0,r1_08_PPV,3.0,18.0,8.235628570218978e-07,2022-11-07 06:33:28.938147,2022-11-07 06:35:28.143526,0 days 00:01:59.205379,506.0,4.0,4.0,constant,matern0.5,,0.0228200325307056,1024.0,302.0,True,kmeans,5.0,COMPLETE,,,,,
216.0,r1_08_PPV,3.0,19.0,8.950454599698787e-08,2022-11-07 06:35:28.144179,2022-11-07 06:37:29.152275,0 days 00:02:01.008096,371.0,5.0,11.0,constant,rbf,,0.0156630001543338,1024.0,323.0,False,kmeans,7.0,COMPLETE,5.988159159642237e-07,,,,
216.0,r1_08_PPV,3.0,20.0,1.0521714687347412,2022-11-07 06:37:29.152916,2022-11-07 06:43:30.535686,0 days 00:06:01.382770,760.0,2.0,15.0,linear,matern1.5,,3.1625025950327764e-06,8192.0,1064.0,False,kmeans,,PRUNED,1.0521714687347412,,,,
216.0,r1_08_PPV,3.0,21.0,2.0126319668634096e-06,2022-11-07 06:43:30.536137,2022-11-07 06:44:39.416455,0 days 00:01:08.880318,531.0,4.0,20.0,constant,matern1.5,,0.0603380993000731,2048.0,146.0,True,kmeans,2.0,COMPLETE,,,,,
216.0,r1_08_PPV,3.0,22.0,4.169728242686688e-07,2022-11-07 06:44:39.417107,2022-11-07 06:48:19.160708,0 days 00:03:39.743601,453.0,5.0,3.0,constant,matern0.5,,0.0060447134624001,1024.0,178.0,False,kmeans,17.0,COMPLETE,1.2794270105587202e-06,2.115078814313165e-06,,,
216.0,r1_08_PPV,3.0,23.0,0.0002469442260917,2022-11-07 06:48:19.161386,2022-11-07 06:49:50.702241,0 days 00:01:31.540855,241.0,2.0,3.0,linear,matern0.5,,0.003844549936801,8192.0,81.0,False,random,,PRUNED,0.0002469442260917,,,,
216.0,r1_08_PPV,3.0,24.0,1.082428866538976e-06,2022-11-07 06:49:50.702611,2022-11-07 06:52:31.210945,0 days 00:02:40.508334,932.0,5.0,9.0,linear,rbf,,0.0949875433301708,1024.0,413.0,True,kmeans,8.0,COMPLETE,4.766655820276355e-06,,,,
216.0,r1_08_PPV,3.0,25.0,3.100974481640151e-07,2022-11-07 06:52:31.211606,2022-11-07 06:54:53.517276,0 days 00:02:22.305670,494.0,5.0,12.0,constant,matern1.5,,0.0090394964930957,1024.0,519.0,False,kmeans,7.0,COMPLETE,6.067459707992384e-07,,,,
216.0,r1_08_PPV,3.0,26.0,3.102086566286744e-06,2022-11-07 06:54:53.517946,2022-11-07 06:56:03.298310,0 days 00:01:09.780364,465.0,5.0,6.0,constant,rbf,,0.0035530487089603,1024.0,568.0,False,kmeans,,PRUNED,3.102086566286744e-06,,,,
216.0,r1_08_PPV,3.0,27.0,0.0008061372791416,2022-11-07 06:56:03.298668,2022-11-07 07:26:31.519049,0 days 00:30:28.220381,418.0,2.0,18.0,constant,matern0.5,,4.155109472299755e-06,2048.0,1651.0,True,kmeans,135.0,COMPLETE,0.0732209160923957,0.0009042218443937,,,
216.0,r1_08_PPV,3.0,28.0,2.827812068062485e-06,2022-11-07 07:26:31.519744,2022-11-07 07:54:29.020743,0 days 00:27:57.500999,285.0,2.0,7.0,constant,matern0.5,,5.427307218845446e-05,2048.0,123.0,False,kmeans,239.0,COMPLETE,2.0201994630042464e-05,,,,
216.0,r1_08_PPV,3.0,29.0,8.307209100166801e-06,2022-11-07 07:54:29.021394,2022-11-07 08:04:39.262180,0 days 00:10:10.240786,656.0,2.0,8.0,linear,matern0.5,,0.0001651642984648,2048.0,859.0,False,random,64.0,COMPLETE,3.230808215448633e-05,,,,
216.0,r1_08_PPV,3.0,30.0,6.827489755778515e-07,2022-11-07 08:04:39.262859,2022-11-07 08:06:36.628823,0 days 00:01:57.365964,525.0,4.0,11.0,constant,matern0.5,,0.0099811210698113,1024.0,150.0,False,kmeans,7.0,COMPLETE,1.0232305385216025e-06,,,,
216.0,r1_08_PPV,3.0,31.0,2.4038970423134742e-06,2022-11-07 08:06:36.629485,2022-11-07 08:09:29.652718,0 days 00:02:53.023233,162.0,4.0,19.0,linear,matern0.5,,0.0481995393513098,1024.0,167.0,True,kmeans,11.0,COMPLETE,,,,,
216.0,r1_08_PPV,3.0,32.0,0.0414961092174053,2022-11-07 08:09:29.653373,2022-11-07 08:22:50.531495,0 days 00:13:20.878122,483.0,4.0,13.0,constant,matern0.5,,1.5235927843903663e-05,8192.0,140.0,False,random,,PRUNED,0.0414961092174053,,,,
216.0,r1_08_PPV,3.0,33.0,1.5465979231521487e-05,2022-11-07 08:22:50.531847,2022-11-07 08:24:01.671992,0 days 00:01:11.140145,360.0,2.0,8.0,constant,matern1.5,,0.0011007754411678,1024.0,579.0,False,kmeans,,PRUNED,1.5465979231521487e-05,,,,
216.0,r1_08_PPV,3.0,34.0,0.0025785374455153,2022-11-07 08:24:01.672350,2022-11-07 08:26:40.121615,0 days 00:02:38.449265,179.0,3.0,14.0,linear,rbf,,0.0001200849713983,2048.0,952.0,True,random,,PRUNED,0.0025785374455153,,,,
216.0,r1_08_PPV,3.0,35.0,0.1518914550542831,2022-11-07 08:26:40.121999,2022-11-07 08:30:37.056578,0 days 00:03:56.934579,614.0,4.0,19.0,constant,matern0.5,,1.6816231181407738e-06,1024.0,1101.0,False,kmeans,,PRUNED,0.1518914550542831,,,,
216.0,r1_08_PPV,3.0,36.0,1.4836244588423142e-07,2022-11-07 08:30:37.056939,2022-11-07 08:33:34.246930,0 days 00:02:57.189991,588.0,5.0,12.0,constant,rbf,,0.0185039062261971,1024.0,229.0,False,kmeans,13.0,COMPLETE,2.28900958632039e-07,4.812579277313489e-07,,,
216.0,r1_08_PPV,3.0,37.0,0.001034339540638,2022-11-07 08:33:34.247627,2022-11-07 08:41:10.394246,0 days 00:07:36.146619,846.0,3.0,13.0,linear,rbf,,2.203616102076027e-06,1024.0,1030.0,True,kmeans,28.0,COMPLETE,,,,,
216.0,r1_08_PPV,3.0,38.0,3.792214556597173e-05,2022-11-07 08:41:10.394897,2022-11-07 08:42:07.624593,0 days 00:00:57.229696,64.0,4.0,6.0,constant,rbf,,0.00149026592508,1024.0,231.0,False,kmeans,,PRUNED,3.792214556597173e-05,,,,
216.0,r1_08_PPV,3.0,39.0,1.4207521417120006e-05,2022-11-07 08:42:07.624976,2022-11-07 08:45:40.797432,0 days 00:03:33.172456,442.0,4.0,18.0,linear,matern0.5,,0.0017403298000959,1024.0,449.0,False,random,15.0,COMPLETE,1.6749521819292568e-05,,,,
216.0,r1_08_PPV,3.0,40.0,0.0406027846038341,2022-11-07 08:45:40.798067,2022-11-07 08:46:37.993059,0 days 00:00:57.194992,591.0,5.0,13.0,constant,rbf,,3.303811503390514e-05,1024.0,214.0,False,random,,PRUNED,0.0406027846038341,,,,
216.0,r1_08_PPV,3.0,41.0,0.000418649171479,2022-11-07 08:46:37.993402,2022-11-07 08:47:12.396862,0 days 00:00:34.403460,688.0,4.0,2.0,constant,rbf,,0.0318003307429059,8192.0,102.0,False,kmeans,,PRUNED,0.000418649171479,,,,
216.0,r1_08_PPV,3.0,42.0,0.2458282709121704,2022-11-07 08:47:12.397203,2022-11-07 08:48:12.876178,0 days 00:01:00.478975,403.0,5.0,10.0,constant,rbf,,1.0476368232039465e-06,1024.0,273.0,False,kmeans,,PRUNED,0.2458282709121704,,,,
216.0,r1_08_PPV,3.0,43.0,3.140092132980499e-07,2022-11-07 08:48:12.876567,2022-11-07 08:51:26.978003,0 days 00:03:14.101436,535.0,5.0,12.0,constant,rbf,,0.016813631751055,1024.0,494.0,False,kmeans,13.0,COMPLETE,1.8285137457496603e-06,7.490430675716198e-07,,,
216.0,r1_08_PPV,3.0,44.0,7.422508133458905e-06,2022-11-07 08:51:26.978649,2022-11-07 08:52:46.188870,0 days 00:01:19.210221,235.0,5.0,13.0,constant,matern1.5,,0.003471550519331,1024.0,724.0,False,kmeans,,PRUNED,7.422508133458905e-06,,,,
216.0,r1_08_PPV,3.0,45.0,1.1291109558442258e-06,2022-11-07 08:52:46.189235,2022-11-07 08:55:35.890424,0 days 00:02:49.701189,875.0,4.0,14.0,linear,matern0.5,,0.023225784983518,2048.0,65.0,False,kmeans,18.0,COMPLETE,,,,,
216.0,r1_08_PPV,3.0,46.0,1.0247139471175616e-05,2022-11-07 08:55:35.891142,2022-11-07 08:56:43.080651,0 days 00:01:07.189509,465.0,5.0,11.0,constant,matern0.5,,0.0388206720672966,1024.0,388.0,False,kmeans,,PRUNED,1.0247139471175616e-05,,,,
216.0,r1_08_PPV,3.0,47.0,0.0025190652813762,2022-11-07 08:56:43.080989,2022-11-07 08:59:53.531112,0 days 00:03:10.450123,860.0,3.0,19.0,linear,rbf,,3.3775645966106654e-06,8192.0,431.0,False,random,27.0,COMPLETE,,,,,
216.0,r1_08_PPV,3.0,48.0,6.386937911884161e-07,2022-11-07 08:59:53.531812,2022-11-07 09:02:37.679970,0 days 00:02:44.148158,115.0,2.0,5.0,constant,rbf,,0.0895526104018288,1024.0,451.0,True,kmeans,10.0,COMPLETE,,,,,
216.0,r1_08_PPV,3.0,49.0,1.4045642274140846e-05,2022-11-07 09:02:37.680600,2022-11-07 09:27:34.222552,0 days 00:24:56.541952,225.0,4.0,13.0,constant,matern0.5,,3.2437867861296473e-05,1024.0,145.0,True,random,151.0,COMPLETE,1.712708399281837e-05,,,,
216.0,r1_08_PPV,3.0,50.0,1.197501120486777e-07,2022-11-07 09:27:34.223264,2022-11-07 09:29:48.450174,0 days 00:02:14.226910,638.0,4.0,7.0,constant,rbf,,0.0116735411213521,1024.0,255.0,False,kmeans,9.0,COMPLETE,1.114904989663046e-06,,,,
216.0,r1_08_PPV,3.0,51.0,3.287769345661218e-07,2022-11-07 09:29:48.450872,2022-11-07 09:32:03.350958,0 days 00:02:14.900086,65.0,2.0,3.0,constant,rbf,,0.0224537048870256,1024.0,473.0,True,kmeans,7.0,COMPLETE,,,,,
216.0,r1_08_PPV,3.0,52.0,8.04975934443064e-06,2022-11-07 09:32:03.351619,2022-11-07 09:32:59.370693,0 days 00:00:56.019074,794.0,4.0,6.0,constant,rbf,,0.0020230859146576,1024.0,103.0,False,kmeans,,PRUNED,8.04975934443064e-06,,,,
216.0,r1_08_PPV,3.0,53.0,1.0966122090394492e-06,2022-11-07 09:32:59.371053,2022-11-07 09:39:13.736604,0 days 00:06:14.365551,455.0,4.0,6.0,linear,matern0.5,,0.0442761379308974,1024.0,1166.0,True,kmeans,19.0,COMPLETE,,,,,
216.0,r1_08_PPV,3.0,54.0,1.1899194873876696e-07,2022-11-07 09:39:13.737257,2022-11-07 09:41:06.473674,0 days 00:01:52.736417,617.0,3.0,7.0,constant,rbf,,0.0135461814940609,1024.0,234.0,False,kmeans,7.0,COMPLETE,1.7864751100660214e-07,,,,
216.0,r1_08_PPV,3.0,55.0,0.000245672679739,2022-11-07 09:41:06.474310,2022-11-07 09:41:47.948428,0 days 00:00:41.474118,865.0,3.0,7.0,constant,rbf,,0.0006662846081058,2048.0,162.0,False,random,,PRUNED,0.000245672679739,,,,
216.0,r1_08_PPV,3.0,56.0,2.8452461720007705e-07,2022-11-07 09:41:47.948798,2022-11-07 09:44:01.013812,0 days 00:02:13.065014,691.0,3.0,4.0,constant,rbf,,0.0047768656886292,1024.0,276.0,False,kmeans,9.0,COMPLETE,7.076636165948003e-07,,,,
216.0,r1_08_PPV,3.0,57.0,0.0128194214776158,2022-11-07 09:44:01.014467,2022-11-07 09:44:33.418629,0 days 00:00:32.404162,1020.0,2.0,5.0,linear,rbf,,7.096380485679587e-05,8192.0,70.0,False,random,,PRUNED,0.0128194214776158,,,,
216.0,r1_08_PPV,3.0,58.0,1.6546082406421192e-05,2022-11-07 09:44:33.419045,2022-11-07 09:47:41.794233,0 days 00:03:08.375188,354.0,3.0,16.0,constant,rbf,,0.0030601836729559,8192.0,1233.0,False,random,20.0,COMPLETE,,,,,
216.0,r1_08_PPV,3.0,59.0,2.90988518827362e-05,2022-11-07 09:47:41.794928,2022-11-07 09:48:33.850214,0 days 00:00:52.055286,447.0,3.0,8.0,linear,matern1.5,,0.0211693194984082,8192.0,241.0,False,kmeans,3.0,COMPLETE,,,,,
216.0,r1_08_PPV,4.0,0.0,1.307861111854436e-05,2022-11-07 09:58:03.256628,2022-11-07 09:59:28.800922,0 days 00:01:25.544294,1024.0,4.0,8.0,constant,rbf,,0.01,8192.0,1000.0,False,random,7.0,COMPLETE,,,"{'n_max': 1024, 'n_layers': 4, 'n_out': 8, 'mean_type': 'constant', 'kernel_type': 'rbf', 'lr': 0.01, 'num_inducing': 1000, 'initialize_fe': False, 'params_minit': 'random'}",,
216.0,r1_08_PPV,4.0,1.0,3.313978959340602e-05,2022-11-07 09:59:28.801535,2022-11-07 10:29:34.113545,0 days 00:30:05.312010,142.0,2.0,19.0,linear,rbf,,7.781063494313327e-05,8192.0,863.0,False,random,273.0,COMPLETE,0.0018405971350148,0.0002196876885136,,,
216.0,r1_08_PPV,4.0,2.0,3.384164074304863e-06,2022-11-07 10:29:34.114195,2022-11-07 10:31:29.909365,0 days 00:01:55.795170,211.0,2.0,16.0,constant,matern0.5,,0.0198019434925618,8192.0,825.0,False,kmeans,11.0,COMPLETE,8.831405466480646e-06,,,,
216.0,r1_08_PPV,4.0,3.0,0.0001024646771838,2022-11-07 10:31:29.909986,2022-11-07 11:01:47.039251,0 days 00:30:17.129265,131.0,2.0,15.0,constant,rbf,,6.047184783146949e-06,2048.0,189.0,True,random,263.0,COMPLETE,0.0010740411235019,,,,
216.0,r1_08_PPV,4.0,4.0,0.0001382120972266,2022-11-07 11:01:47.039890,2022-11-07 11:03:15.271136,0 days 00:01:28.231246,94.0,2.0,11.0,linear,matern0.5,,0.0009044930562601,1024.0,120.0,True,random,3.0,COMPLETE,,,,,
216.0,r1_08_PPV,4.0,5.0,5.842236987518845e-07,2022-11-07 11:03:15.271781,2022-11-07 11:06:16.277395,0 days 00:03:01.005614,497.0,3.0,3.0,constant,matern0.5,,0.0087604287866125,1024.0,1116.0,True,random,7.0,COMPLETE,,,,,
216.0,r1_08_PPV,4.0,6.0,1.0694294360291678e-05,2022-11-07 11:06:16.278004,2022-11-07 11:36:19.733719,0 days 00:30:03.455715,309.0,2.0,7.0,constant,matern1.5,,7.094988790762504e-05,8192.0,255.0,False,kmeans,291.0,COMPLETE,0.0527646243572235,0.0026641727890819,,0.0001480592036386,
216.0,r1_08_PPV,4.0,7.0,0.0067271026782691,2022-11-07 11:36:19.734360,2022-11-07 11:37:04.928672,0 days 00:00:45.194312,766.0,5.0,12.0,linear,matern0.5,,3.644720360948503e-05,2048.0,67.0,False,kmeans,,PRUNED,0.0067271026782691,,,,
216.0,r1_08_PPV,4.0,8.0,0.0012785797007381,2022-11-07 11:37:04.929002,2022-11-07 11:42:58.070671,0 days 00:05:53.141669,999.0,5.0,5.0,linear,matern1.5,,5.926328155924868e-05,2048.0,208.0,False,random,40.0,COMPLETE,,,,,
216.0,r1_08_PPV,4.0,9.0,6.161718920338899e-05,2022-11-07 11:42:58.071310,2022-11-07 11:44:24.021635,0 days 00:01:25.950325,999.0,5.0,6.0,linear,matern0.5,,0.0066930081792377,8192.0,57.0,False,kmeans,9.0,COMPLETE,,,,,
216.0,r1_08_PPV,4.0,10.0,1.1146116918325789e-07,2022-11-07 11:44:24.022261,2022-11-07 11:49:10.269573,0 days 00:04:46.247312,757.0,2.0,8.0,linear,matern1.5,,0.0317177564123314,2048.0,1708.0,True,kmeans,14.0,COMPLETE,2.838912678271299e-07,1.576094774691228e-07,,,
216.0,r1_08_PPV,4.0,11.0,1.293116838496644e-05,2022-11-07 11:49:10.270203,2022-11-07 11:52:10.500131,0 days 00:03:00.229928,517.0,2.0,4.0,linear,matern0.5,,0.0035036772954622,8192.0,189.0,False,random,26.0,COMPLETE,4.856013401877135e-05,,,,
216.0,r1_08_PPV,4.0,12.0,2.959504308819305e-05,2022-11-07 11:52:10.500775,2022-11-07 11:52:46.236988,0 days 00:00:35.736213,569.0,3.0,4.0,constant,matern1.5,,0.0090201896782703,8192.0,83.0,False,random,,PRUNED,2.959504308819305e-05,,,,
216.0,r1_08_PPV,4.0,13.0,8.222279575420544e-06,2022-11-07 11:52:46.237375,2022-11-07 11:53:41.842323,0 days 00:00:55.604948,548.0,3.0,15.0,constant,matern0.5,,0.0507352338747853,1024.0,54.0,False,kmeans,,PRUNED,8.222279575420544e-06,,,,
216.0,r1_08_PPV,4.0,14.0,0.0318729691207408,2022-11-07 11:53:41.842684,2022-11-07 11:54:32.772729,0 days 00:00:50.930045,667.0,3.0,13.0,constant,matern0.5,,0.0007426926909801,8192.0,67.0,True,random,,PRUNED,0.0318729691207408,,,,
216.0,r1_08_PPV,4.0,15.0,7.464423106284812e-05,2022-11-07 11:54:32.773093,2022-11-07 11:55:13.466890,0 days 00:00:40.693797,157.0,5.0,15.0,linear,rbf,,0.0036872948753134,2048.0,64.0,False,random,,PRUNED,7.464423106284812e-05,,,,
216.0,r1_08_PPV,4.0,16.0,0.1895208656787872,2022-11-07 11:55:13.467245,2022-11-07 11:56:26.999691,0 days 00:01:13.532446,93.0,4.0,12.0,linear,matern1.5,,1.6954955349698592e-05,1024.0,105.0,True,random,,PRUNED,0.1895208656787872,,,,
216.0,r1_08_PPV,4.0,17.0,0.2298210263252258,2022-11-07 11:56:27.000037,2022-11-07 11:58:47.889025,0 days 00:02:20.888988,708.0,3.0,8.0,constant,matern0.5,,8.468773385792881e-06,8192.0,1161.0,True,random,,PRUNED,0.2298210263252258,,,,
216.0,r1_08_PPV,4.0,18.0,0.1578037589788437,2022-11-07 11:58:47.889388,2022-11-07 12:00:57.081862,0 days 00:02:09.192474,860.0,3.0,8.0,constant,matern1.5,,2.260087829352508e-05,8192.0,738.0,True,random,,PRUNED,0.1578037589788437,,,,
216.0,r1_08_PPV,4.0,19.0,0.0001550005254102,2022-11-07 12:00:57.082234,2022-11-07 12:03:56.356657,0 days 00:02:59.274423,210.0,4.0,16.0,linear,matern1.5,,6.24475767622555e-05,1024.0,294.0,True,kmeans,,PRUNED,0.0001550005254102,,,,
216.0,r1_08_PPV,4.0,20.0,0.0005290069966576,2022-11-07 12:03:56.357027,2022-11-07 12:06:09.396529,0 days 00:02:13.039502,990.0,3.0,2.0,constant,rbf,,0.0003735434975824,2048.0,381.0,True,random,,PRUNED,0.0005290069966576,,,,
216.0,r1_08_PPV,4.0,21.0,0.0453142635524272,2022-11-07 12:06:09.396920,2022-11-07 12:07:02.665031,0 days 00:00:53.268111,718.0,5.0,20.0,linear,matern0.5,,1.1184382135536496e-05,8192.0,65.0,True,random,,PRUNED,0.0453142635524272,,,,
216.0,r1_08_PPV,4.0,22.0,3.673898390843533e-05,2022-11-07 12:07:02.665435,2022-11-07 12:37:23.962745,0 days 00:30:21.297310,926.0,2.0,16.0,linear,matern1.5,,9.492174400213062e-06,2048.0,1723.0,False,kmeans,127.0,COMPLETE,0.0004028074909001,,,,
216.0,r1_08_PPV,4.0,23.0,8.538523275092302e-07,2022-11-07 12:37:23.963422,2022-11-07 12:39:14.911662,0 days 00:01:50.948240,524.0,5.0,18.0,linear,matern1.5,,0.0416825017681607,2048.0,95.0,False,random,10.0,COMPLETE,,,,,
216.0,r1_08_PPV,4.0,24.0,2.636306089698337e-05,2022-11-07 12:39:14.912303,2022-11-07 12:40:26.492300,0 days 00:01:11.579997,487.0,5.0,13.0,constant,rbf,,0.0008890871454422,1024.0,612.0,False,kmeans,,PRUNED,2.636306089698337e-05,,,,
216.0,r1_08_PPV,4.0,25.0,1.856145262718201,2022-11-07 12:40:26.492632,2022-11-07 12:42:26.633962,0 days 00:02:00.141330,968.0,2.0,5.0,linear,matern1.5,,1.311483889129993e-06,2048.0,1969.0,True,kmeans,,PRUNED,1.856145262718201,,,,
216.0,r1_08_PPV,4.0,26.0,5.251308175502345e-05,2022-11-07 12:42:26.634344,2022-11-07 12:43:51.456760,0 days 00:01:24.822416,309.0,2.0,7.0,constant,matern1.5,,0.0708832220714302,8192.0,1614.0,True,kmeans,,PRUNED,5.251308175502345e-05,,,,
216.0,r1_08_PPV,4.0,27.0,1.7467056512832642,2022-11-07 12:43:51.457142,2022-11-07 12:45:45.958761,0 days 00:01:54.501619,669.0,3.0,5.0,linear,matern0.5,,1.479806775762706e-06,8192.0,763.0,False,kmeans,,PRUNED,1.7467056512832642,,,,
216.0,r1_08_PPV,4.0,28.0,0.0002255809085909,2022-11-07 12:45:45.959150,2022-11-07 12:47:42.818742,0 days 00:01:56.859592,427.0,5.0,20.0,linear,matern1.5,,0.0006937169026213,2048.0,56.0,False,random,,PRUNED,0.0002255809085909,,,,
216.0,r1_08_PPV,4.0,29.0,1.1520540965648253e-07,2022-11-07 12:47:42.819093,2022-11-07 12:50:03.710257,0 days 00:02:20.891164,992.0,2.0,8.0,constant,matern1.5,,0.0117141994364247,2048.0,851.0,False,kmeans,10.0,COMPLETE,1.1362551049387548e-05,,,,
216.0,r1_08_PPV,4.0,30.0,0.0268889181315898,2022-11-07 12:50:03.710906,2022-11-07 13:03:55.484315,0 days 00:13:51.773409,986.0,2.0,3.0,constant,matern1.5,,1.128749868963342e-05,8192.0,147.0,True,kmeans,,PRUNED,0.0268889181315898,,,,
216.0,r1_08_PPV,4.0,31.0,8.36800791148562e-06,2022-11-07 13:03:55.484728,2022-11-07 13:06:07.664674,0 days 00:02:12.179946,584.0,2.0,9.0,linear,matern0.5,,0.0015190407215859,2048.0,78.0,False,kmeans,14.0,COMPLETE,,,,,
216.0,r1_08_PPV,4.0,32.0,6.425130436582549e-07,2022-11-07 13:06:07.665330,2022-11-07 13:07:12.470504,0 days 00:01:04.805174,282.0,2.0,13.0,constant,matern1.5,,0.0634520861524183,2048.0,133.0,False,kmeans,4.0,COMPLETE,,,,,
216.0,r1_08_PPV,4.0,33.0,9.990437774831662e-07,2022-11-07 13:07:12.471132,2022-11-07 13:10:04.652186,0 days 00:02:52.181054,1017.0,2.0,8.0,linear,matern1.5,,0.003681505493583,2048.0,921.0,True,kmeans,,PRUNED,6.486569873231929e-06,9.990437774831662e-07,,,
216.0,r1_08_PPV,4.0,34.0,1.884431003418285e-05,2022-11-07 13:10:04.652516,2022-11-07 13:13:51.221317,0 days 00:03:46.568801,620.0,3.0,8.0,constant,rbf,,0.0015699062405581,8192.0,322.0,False,kmeans,34.0,COMPLETE,,,,,
216.0,r1_08_PPV,4.0,35.0,3.225452758215397e-07,2022-11-07 13:13:51.221942,2022-11-07 13:16:21.947394,0 days 00:02:30.725452,813.0,2.0,10.0,linear,matern1.5,,0.008550929714122,1024.0,619.0,True,random,7.0,COMPLETE,,,,,
216.0,r1_08_PPV,4.0,36.0,0.0054468736052513,2022-11-07 13:16:21.948050,2022-11-07 13:22:12.921584,0 days 00:05:50.973534,530.0,3.0,9.0,linear,matern1.5,,1.3645196698250775e-06,2048.0,344.0,False,random,,PRUNED,0.0054468736052513,,,,
216.0,r1_08_PPV,4.0,37.0,0.0667812675237655,2022-11-07 13:22:12.921933,2022-11-07 13:23:02.085457,0 days 00:00:49.163524,862.0,4.0,2.0,linear,matern1.5,,9.012251682673447e-05,2048.0,285.0,False,kmeans,,PRUNED,0.0667812675237655,,,,
216.0,r1_08_PPV,4.0,38.0,5.273106580716558e-05,2022-11-07 13:23:02.085822,2022-11-07 13:33:00.161402,0 days 00:09:58.075580,901.0,4.0,17.0,constant,matern1.5,,0.0003132755978617,8192.0,412.0,False,random,86.0,COMPLETE,,,,,
216.0,r1_08_PPV,4.0,39.0,3.6277249364502495e-06,2022-11-07 13:33:00.162055,2022-11-07 13:34:29.960300,0 days 00:01:29.798245,124.0,5.0,14.0,linear,matern1.5,,0.0860182688690118,2048.0,113.0,False,kmeans,7.0,COMPLETE,,,,,
216.0,r1_08_PPV,4.0,40.0,4.936337063554674e-05,2022-11-07 13:34:29.960940,2022-11-07 13:36:54.047597,0 days 00:02:24.086657,893.0,3.0,9.0,constant,matern1.5,,0.0906064240930556,2048.0,376.0,True,kmeans,,PRUNED,3.529624109432916e-06,4.936337063554674e-05,,,
216.0,r1_08_PPV,4.0,41.0,1.0743694929260528e-06,2022-11-07 13:36:54.047953,2022-11-07 13:38:29.795691,0 days 00:01:35.747738,388.0,4.0,13.0,constant,matern1.5,,0.0719735310889283,2048.0,109.0,False,kmeans,8.0,COMPLETE,,,,,
216.0,r1_08_PPV,4.0,42.0,1.6409518366344858e-07,2022-11-07 13:38:29.796315,2022-11-07 13:40:53.654461,0 days 00:02:23.858146,822.0,2.0,10.0,constant,matern1.5,,0.0113332478630995,2048.0,1295.0,False,kmeans,7.0,COMPLETE,4.61132856344193e-07,,,,
216.0,r1_08_PPV,4.0,43.0,1.4747180102858692e-05,2022-11-07 13:40:53.655134,2022-11-07 13:41:53.868742,0 days 00:01:00.213608,396.0,2.0,6.0,linear,rbf,,0.0027184786806358,2048.0,326.0,True,kmeans,,PRUNED,1.4747180102858692e-05,,,,
216.0,r1_08_PPV,4.0,44.0,8.169153602466395e-07,2022-11-07 13:41:53.869077,2022-11-07 13:43:17.372126,0 days 00:01:23.503049,574.0,2.0,19.0,constant,matern1.5,,0.0233925570830452,2048.0,106.0,False,random,7.0,COMPLETE,,,,,
216.0,r1_08_PPV,4.0,45.0,3.185642708558589e-05,2022-11-07 13:43:17.372786,2022-11-07 14:06:24.613420,0 days 00:23:07.240634,100.0,2.0,5.0,linear,matern0.5,,1.2546439223304528e-05,1024.0,266.0,True,kmeans,139.0,COMPLETE,3.279969314462505e-05,,,,
216.0,r1_08_PPV,4.0,46.0,1.6022060663090087e-05,2022-11-07 14:06:24.614049,2022-11-07 14:13:03.972558,0 days 00:06:39.358509,722.0,2.0,16.0,linear,rbf,,0.0002092815769909,2048.0,85.0,False,kmeans,55.0,COMPLETE,,,,,
216.0,r1_08_PPV,4.0,47.0,0.0016167800640687,2022-11-07 14:13:03.973195,2022-11-07 14:13:59.635062,0 days 00:00:55.661867,636.0,4.0,3.0,constant,matern1.5,,0.0002476568817383,2048.0,582.0,False,kmeans,,PRUNED,0.0016167800640687,,,,
216.0,r1_08_PPV,4.0,48.0,2.647761618845834e-07,2022-11-07 14:13:59.635547,2022-11-07 14:15:40.336468,0 days 00:01:40.700921,934.0,3.0,10.0,linear,matern1.5,,0.0232431172207247,2048.0,196.0,True,kmeans,6.0,COMPLETE,2.647761618845834e-07,,,,
216.0,r1_08_PPV,4.0,49.0,1.804667704163876e-07,2022-11-07 14:15:40.337120,2022-11-07 14:21:06.974466,0 days 00:05:26.637346,641.0,2.0,11.0,constant,matern1.5,,0.001655713359233,1024.0,139.0,False,kmeans,30.0,COMPLETE,1.595061007719778e-06,,,,
216.0,r1_08_PPV,4.0,50.0,2.6347350285504945e-05,2022-11-07 14:21:06.975117,2022-11-07 14:22:39.134603,0 days 00:01:32.159486,766.0,2.0,7.0,constant,rbf,,0.00099013823852,1024.0,1244.0,False,kmeans,,PRUNED,2.6347350285504945e-05,,,,
216.0,r1_08_PPV,4.0,51.0,2.269049161895964e-07,2022-11-07 14:22:39.134996,2022-11-07 14:24:53.855302,0 days 00:02:14.720306,828.0,2.0,10.0,constant,matern1.5,,0.0116691912874831,2048.0,1198.0,False,kmeans,7.0,COMPLETE,1.131396970777132e-06,,,,
216.0,r1_08_PPV,4.0,52.0,2.7768729182753304e-07,2022-11-07 14:24:53.855957,2022-11-07 14:28:01.795482,0 days 00:03:07.939525,823.0,2.0,9.0,constant,matern1.5,,0.0090478887897012,2048.0,1344.0,False,kmeans,,PRUNED,5.1825472837663256e-06,2.7768729182753304e-07,,,
216.0,r1_08_PPV,4.0,53.0,4.69978986075148e-05,2022-11-07 14:28:01.795843,2022-11-07 14:29:00.958373,0 days 00:00:59.162530,1010.0,3.0,6.0,constant,matern1.5,,0.0377554098295524,2048.0,745.0,False,kmeans,,PRUNED,4.69978986075148e-05,,,,
216.0,r1_08_PPV,4.0,54.0,3.206419251000625e-06,2022-11-07 14:29:00.958718,2022-11-07 14:32:57.039657,0 days 00:03:56.080939,895.0,2.0,11.0,constant,matern1.5,,0.00247062043306,2048.0,1789.0,False,kmeans,,PRUNED,6.298607786447974e-06,3.206419251000625e-06,,,
216.0,r1_08_PPV,4.0,55.0,1.0070737516798545e-05,2022-11-07 14:32:57.040039,2022-11-07 14:36:15.223559,0 days 00:03:18.183520,823.0,5.0,12.0,linear,matern0.5,,0.0223010360077319,8192.0,565.0,True,random,22.0,COMPLETE,,,,,
216.0,r1_08_PPV,4.0,56.0,7.641376214451157e-06,2022-11-07 14:36:15.224223,2022-11-07 14:42:14.491527,0 days 00:05:59.267304,770.0,5.0,2.0,linear,matern0.5,,0.0004157357713798,1024.0,289.0,False,kmeans,29.0,COMPLETE,,,,,
216.0,r1_08_PPV,4.0,57.0,4.589244417729788e-05,2022-11-07 14:42:14.492215,2022-11-07 14:44:19.562559,0 days 00:02:05.070344,663.0,5.0,7.0,constant,matern1.5,,0.0023194159061362,8192.0,117.0,True,kmeans,12.0,COMPLETE,,,,,
216.0,r1_08_PPV,4.0,58.0,1.1275241718067265e-07,2022-11-07 14:44:19.563238,2022-11-07 14:47:14.023867,0 days 00:02:54.460629,757.0,2.0,8.0,constant,matern1.5,,0.007691839987969,2048.0,472.0,False,kmeans,17.0,COMPLETE,5.292690730129834e-06,2.2440443103732835e-07,,,
216.0,r1_08_PPV,4.0,59.0,0.2189237922430038,2022-11-07 14:47:14.024504,2022-11-07 14:52:58.621169,0 days 00:05:44.596665,500.0,3.0,6.0,constant,rbf,,1.2926799760133549e-06,2048.0,334.0,True,random,,PRUNED,0.2189237922430038,,,,
216.0,r1_08_PPV,5.0,0.0,1.9615669089034782e-07,2022-11-07 15:07:07.711824,2022-11-07 15:10:55.803874,0 days 00:03:48.092050,1024.0,4.0,8.0,constant,rbf,,0.01,8192.0,1000.0,False,random,27.0,COMPLETE,,,"{'n_max': 1024, 'n_layers': 4, 'n_out': 8, 'mean_type': 'constant', 'kernel_type': 'rbf', 'lr': 0.01, 'num_inducing': 1000, 'initialize_fe': False, 'params_minit': 'random'}",,
216.0,r1_08_PPV,5.0,1.0,0.001297213602811098,2022-11-07 15:10:55.804540,2022-11-07 15:12:21.422351,0 days 00:01:25.617811,597.0,5.0,10.0,linear,matern1.5,,1.4276768379995551e-05,2048.0,84.0,True,kmeans,4.0,COMPLETE,0.0020863162353634834,,,,
216.0,r1_08_PPV,5.0,2.0,5.592897309725231e-07,2022-11-07 15:12:21.423062,2022-11-07 15:21:20.494178,0 days 00:08:59.071116,74.0,3.0,2.0,linear,rbf,,0.0011945478556926938,2048.0,70.0,False,random,76.0,COMPLETE,2.7560079615795985e-05,6.425004357879516e-06,,,
216.0,r1_08_PPV,5.0,3.0,1.7868892143724224e-07,2022-11-07 15:21:20.494890,2022-11-07 15:23:25.587332,0 days 00:02:05.092442,983.0,2.0,19.0,constant,matern1.5,,0.03424522831726452,2048.0,560.0,True,kmeans,8.0,COMPLETE,,,,,
216.0,r1_08_PPV,5.0,4.0,4.733151968139282e-07,2022-11-07 15:23:25.587959,2022-11-07 15:27:33.648385,0 days 00:04:08.060426,695.0,3.0,10.0,linear,matern0.5,,0.006295856269427943,2048.0,64.0,True,random,28.0,COMPLETE,5.7537699831300415e-06,7.727945785518386e-07,,,
216.0,r1_08_PPV,5.0,5.0,2.9098548111505806e-05,2022-11-07 15:27:33.649000,2022-11-07 15:29:27.290948,0 days 00:01:53.641948,1012.0,3.0,20.0,constant,matern1.5,,0.06206292018588248,1024.0,1342.0,True,random,,PRUNED,2.9098548111505806e-05,,,,
216.0,r1_08_PPV,5.0,6.0,0.25416603684425354,2022-11-07 15:29:27.291332,2022-11-07 15:30:05.018520,0 days 00:00:37.727188,563.0,5.0,4.0,constant,matern1.5,,2.1184290512375965e-06,8192.0,81.0,False,kmeans,,PRUNED,0.25416603684425354,,,,
216.0,r1_08_PPV,5.0,7.0,1.3671694432559889e-05,2022-11-07 15:30:05.018867,2022-11-07 15:31:07.891799,0 days 00:01:02.872932,654.0,5.0,2.0,linear,matern0.5,,0.020811525229308618,2048.0,101.0,True,kmeans,,PRUNED,1.3671694432559889e-05,,,,
216.0,r1_08_PPV,5.0,8.0,3.257687922086916e-06,2022-11-07 15:31:07.892173,2022-11-07 15:48:03.437556,0 days 00:16:55.545383,383.0,4.0,10.0,linear,rbf,,0.00012766432348089243,1024.0,50.0,True,kmeans,106.0,COMPLETE,,,,,
216.0,r1_08_PPV,5.0,9.0,1.4924590686860029e-05,2022-11-07 15:48:03.438177,2022-11-07 15:53:12.442531,0 days 00:05:09.004354,727.0,3.0,8.0,constant,rbf,,0.0011969360254166707,8192.0,255.0,False,random,50.0,COMPLETE,,,,,
216.0,r1_08_PPV,5.0,10.0,0.9202848076820374,2022-11-07 15:53:12.443242,2022-11-07 15:55:53.599101,0 days 00:02:41.155859,868.0,2.0,17.0,linear,matern1.5,,5.2557234911463005e-06,8192.0,1289.0,True,kmeans,,PRUNED,0.9202848076820374,,,,
216.0,r1_08_PPV,5.0,11.0,1.462115477579573e-07,2022-11-07 15:55:53.599505,2022-11-07 16:02:28.457917,0 days 00:06:34.858412,366.0,2.0,13.0,linear,matern0.5,,0.001552090017222077,1024.0,56.0,True,random,37.0,COMPLETE,,,,,
216.0,r1_08_PPV,5.0,12.0,0.9368948936462402,2022-11-07 16:02:28.458605,2022-11-07 16:04:07.083857,0 days 00:01:38.625252,338.0,5.0,19.0,linear,matern1.5,,4.20094596272709e-06,8192.0,63.0,False,kmeans,,PRUNED,0.9368948936462402,,,,
216.0,r1_08_PPV,5.0,13.0,4.7581161766174773e-07,2022-11-07 16:04:07.084267,2022-11-07 16:08:53.712552,0 days 00:04:46.628285,941.0,2.0,18.0,constant,matern1.5,,0.0019792544050762965,2048.0,483.0,True,kmeans,29.0,COMPLETE,4.1754465200938284e-06,,,,
216.0,r1_08_PPV,5.0,14.0,0.0001664878218434751,2022-11-07 16:08:53.713215,2022-11-07 16:38:56.009186,0 days 00:30:02.295971,151.0,4.0,17.0,constant,matern0.5,,9.172346093371765e-06,2048.0,97.0,False,kmeans,250.0,COMPLETE,0.04534326493740082,0.0017037418438121676,,,
216.0,r1_08_PPV,5.0,15.0,0.06746592372655869,2022-11-07 16:38:56.009885,2022-11-07 16:40:11.177229,0 days 00:01:15.167344,175.0,3.0,15.0,constant,matern1.5,,0.0001637900595342485,8192.0,1275.0,True,kmeans,,PRUNED,0.06746592372655869,,,,
216.0,r1_08_PPV,5.0,16.0,0.00027209255495108664,2022-11-07 16:40:11.177570,2022-11-07 16:41:04.529783,0 days 00:00:53.352213,721.0,4.0,11.0,constant,matern1.5,,0.003434865680765615,8192.0,80.0,True,random,,PRUNED,0.00027209255495108664,,,,
216.0,r1_08_PPV,5.0,17.0,0.00228733173571527,2022-11-07 16:41:04.530134,2022-11-07 16:41:45.225956,0 days 00:00:40.695822,840.0,3.0,5.0,linear,rbf,,5.716158720308308e-05,2048.0,94.0,False,random,1.0,COMPLETE,,,,,
216.0,r1_08_PPV,5.0,18.0,0.23209995031356812,2022-11-07 16:41:45.226651,2022-11-07 16:43:04.013486,0 days 00:01:18.786835,790.0,5.0,18.0,constant,matern1.5,,2.9014258903774463e-06,1024.0,109.0,True,kmeans,,PRUNED,0.23209995031356812,,,,
216.0,r1_08_PPV,5.0,19.0,0.0001457222824683413,2022-11-07 16:43:04.013859,2022-11-07 16:43:52.628514,0 days 00:00:48.614655,858.0,4.0,15.0,constant,rbf,,0.0018082785128450743,2048.0,573.0,False,random,,PRUNED,0.0001457222824683413,,,,
216.0,r1_08_PPV,5.0,20.0,0.16056665778160095,2022-11-07 16:43:52.628883,2022-11-07 17:14:11.485092,0 days 00:30:18.856209,165.0,3.0,13.0,constant,matern0.5,,2.112001900715041e-06,8192.0,105.0,True,random,309.0,COMPLETE,0.21805602312088013,,,,
216.0,r1_08_PPV,5.0,21.0,0.04591650515794754,2022-11-07 17:14:11.485757,2022-11-07 17:16:12.866631,0 days 00:02:01.380874,73.0,2.0,12.0,linear,rbf,,2.15457092138945e-06,2048.0,81.0,True,kmeans,,PRUNED,0.04591650515794754,,,,
216.0,r1_08_PPV,5.0,22.0,1.7129616026068106e-05,2022-11-07 17:16:12.867000,2022-11-07 17:17:48.391960,0 days 00:01:35.524960,323.0,2.0,8.0,linear,matern0.5,,0.001937120726866836,2048.0,348.0,False,random,8.0,COMPLETE,2.432661312923301e-05,,,,
216.0,r1_08_PPV,5.0,23.0,0.09757577627897263,2022-11-07 17:17:48.392627,2022-11-07 17:19:23.686444,0 days 00:01:35.293817,726.0,3.0,18.0,linear,matern0.5,,1.8449754177252658e-06,8192.0,220.0,False,random,,PRUNED,0.09757577627897263,,,,
216.0,r1_08_PPV,5.0,24.0,3.999235559604131e-05,2022-11-07 17:19:23.686794,2022-11-07 17:20:06.302577,0 days 00:00:42.615783,319.0,2.0,8.0,linear,matern0.5,,0.0019545064522177354,2048.0,256.0,False,random,,PRUNED,3.999235559604131e-05,,,,
216.0,r1_08_PPV,5.0,25.0,4.807323875866132e-06,2022-11-07 17:20:06.302937,2022-11-07 17:22:00.839177,0 days 00:01:54.536240,367.0,2.0,7.0,linear,matern0.5,,0.008908754538159036,2048.0,249.0,False,random,,PRUNED,3.252296892242157e-06,4.807323875866132e-06,,,
216.0,r1_08_PPV,5.0,26.0,2.7368710675546026e-07,2022-11-07 17:22:00.839564,2022-11-07 17:29:17.502604,0 days 00:07:16.663040,235.0,4.0,7.0,constant,matern0.5,,0.0016835381669028542,2048.0,634.0,True,kmeans,45.0,COMPLETE,1.1748030374292284e-05,3.460644961705839e-07,,,
216.0,r1_08_PPV,5.0,27.0,2.056333272548727e-07,2022-11-07 17:29:17.503307,2022-11-07 17:31:43.230985,0 days 00:02:25.727678,92.0,3.0,17.0,constant,matern1.5,,0.03038730640261714,2048.0,1206.0,False,kmeans,8.0,COMPLETE,,,,,
216.0,r1_08_PPV,5.0,28.0,0.0002130520442733541,2022-11-07 17:31:43.231650,2022-11-07 17:32:29.625216,0 days 00:00:46.393566,418.0,2.0,14.0,linear,matern0.5,,0.00048386554158163424,2048.0,501.0,False,random,,PRUNED,0.0002130520442733541,,,,
216.0,r1_08_PPV,5.0,29.0,6.403083716577385e-06,2022-11-07 17:32:29.625557,2022-11-07 17:34:08.582875,0 days 00:01:38.957318,103.0,2.0,8.0,linear,matern0.5,,0.09174112973308632,2048.0,178.0,False,random,9.0,COMPLETE,2.2510954295285046e-05,,,,
216.0,r1_08_PPV,5.0,30.0,3.98661586586968e-06,2022-11-07 17:34:08.583559,2022-11-07 17:36:08.674242,0 days 00:02:00.090683,82.0,3.0,13.0,linear,matern0.5,,0.06840970488483386,1024.0,167.0,True,random,6.0,COMPLETE,3.98661586586968e-06,,,,
216.0,r1_08_PPV,5.0,31.0,5.080709115645732e-07,2022-11-07 17:36:08.674942,2022-11-07 17:38:59.515137,0 days 00:02:50.840195,222.0,4.0,13.0,linear,matern0.5,,0.01914611287776315,1024.0,151.0,True,random,11.0,COMPLETE,3.242693310312461e-06,,,,
216.0,r1_08_PPV,5.0,32.0,1.0815365385496989e-05,2022-11-07 17:38:59.515855,2022-11-07 17:44:03.558026,0 days 00:05:04.042171,490.0,5.0,5.0,constant,matern0.5,,0.0024733447492399975,8192.0,136.0,True,kmeans,43.0,COMPLETE,1.151020114775747e-05,,,,
216.0,r1_08_PPV,5.0,33.0,1.3289308071762207e-06,2022-11-07 17:44:03.558710,2022-11-07 17:46:32.386545,0 days 00:02:28.827835,234.0,4.0,12.0,linear,matern0.5,,0.010339125682244212,1024.0,51.0,True,random,9.0,COMPLETE,2.0582640445354627e-06,,,,
216.0,r1_08_PPV,5.0,34.0,0.24731822311878204,2022-11-07 17:46:32.387229,2022-11-07 17:50:33.437696,0 days 00:04:01.050467,474.0,4.0,19.0,constant,matern1.5,,1.0495535628861642e-06,2048.0,1730.0,True,random,,PRUNED,0.24731822311878204,,,,
216.0,r1_08_PPV,5.0,35.0,4.463278310140595e-05,2022-11-07 17:50:33.438094,2022-11-07 17:51:44.899632,0 days 00:01:11.461538,466.0,4.0,16.0,linear,rbf,,0.0004764249590042882,1024.0,59.0,True,random,,PRUNED,4.463278310140595e-05,,,,
216.0,r1_08_PPV,5.0,36.0,6.542179562529782e-07,2022-11-07 17:51:44.900018,2022-11-07 17:54:28.186603,0 days 00:02:43.286585,486.0,4.0,11.0,linear,matern0.5,,0.01109995731766171,1024.0,144.0,True,random,10.0,COMPLETE,7.164236990320205e-07,,,,
216.0,r1_08_PPV,5.0,37.0,2.1547830897361564e-07,2022-11-07 17:54:28.187317,2022-11-07 17:57:10.221160,0 days 00:02:42.033843,988.0,3.0,2.0,constant,matern1.5,,0.04524844203069924,2048.0,1095.0,True,random,9.0,COMPLETE,,,,,
216.0,r1_08_PPV,5.0,38.0,0.005888971034437418,2022-11-07 17:57:10.221844,2022-11-07 18:27:32.834271,0 days 00:30:22.612427,447.0,5.0,19.0,constant,matern0.5,,1.4130623944471009e-06,1024.0,440.0,True,kmeans,162.0,COMPLETE,0.011812724173069,,,,
216.0,r1_08_PPV,5.0,39.0,3.0681786711284076e-07,2022-11-07 18:27:32.834991,2022-11-07 18:30:03.834416,0 days 00:02:30.999425,649.0,3.0,17.0,linear,matern0.5,,0.0271610989071551,1024.0,800.0,True,random,6.0,COMPLETE,3.0681786711284076e-07,,,,
216.0,r1_08_PPV,5.0,40.0,5.1037750381510705e-05,2022-11-07 18:30:03.835100,2022-11-07 18:31:32.661805,0 days 00:01:28.826705,682.0,3.0,17.0,linear,matern0.5,,0.03567693445895529,1024.0,762.0,True,random,,PRUNED,5.1037750381510705e-05,,,,
216.0,r1_08_PPV,5.0,41.0,8.275116670120042e-06,2022-11-07 18:31:32.662220,2022-11-07 18:33:05.456211,0 days 00:01:32.793991,755.0,3.0,19.0,linear,matern0.5,,0.0066360569801145524,1024.0,928.0,True,random,,PRUNED,8.275116670120042e-06,,,,
216.0,r1_08_PPV,5.0,42.0,4.566322240862064e-05,2022-11-07 18:33:05.456580,2022-11-07 18:34:25.467280,0 days 00:01:20.010700,953.0,3.0,13.0,linear,matern0.5,,0.028385242147287812,1024.0,428.0,True,random,,PRUNED,4.566322240862064e-05,,,,
216.0,r1_08_PPV,5.0,43.0,1.6946576124610147e-06,2022-11-07 18:34:25.467635,2022-11-07 18:40:12.530146,0 days 00:05:47.062511,597.0,4.0,10.0,linear,matern0.5,,0.0039821857392671545,1024.0,1832.0,True,random,,PRUNED,4.769917268276913e-06,1.6946576124610147e-06,,,
216.0,r1_08_PPV,5.0,44.0,0.0011815550969913602,2022-11-07 18:40:12.530508,2022-11-07 18:41:02.401677,0 days 00:00:49.871169,518.0,3.0,15.0,linear,rbf,,0.000968330000920632,8192.0,234.0,True,random,,PRUNED,0.0011815550969913602,,,,
216.0,r1_08_PPV,5.0,45.0,1.365231696581759e-06,2022-11-07 18:41:02.402061,2022-11-07 18:43:47.357533,0 days 00:02:44.955472,329.0,2.0,16.0,constant,matern0.5,,0.009755675746450395,8192.0,392.0,False,random,22.0,COMPLETE,,,,,
216.0,r1_08_PPV,5.0,46.0,1.1585337233555038e-05,2022-11-07 18:43:47.358236,2022-11-07 18:45:02.297508,0 days 00:01:14.939272,636.0,4.0,17.0,linear,matern0.5,,0.018274517869955712,1024.0,122.0,True,random,,PRUNED,1.1585337233555038e-05,,,,
216.0,r1_08_PPV,5.0,47.0,6.353627213684376e-06,2022-11-07 18:45:02.297872,2022-11-07 18:49:50.722117,0 days 00:04:48.424245,345.0,4.0,5.0,linear,rbf,,0.0003953966855648118,1024.0,260.0,False,kmeans,25.0,COMPLETE,,,,,
216.0,r1_08_PPV,5.0,48.0,8.553274142286682e-07,2022-11-07 18:49:50.722817,2022-11-07 18:51:20.633675,0 days 00:01:29.910858,723.0,5.0,13.0,constant,rbf,,0.07416308495945709,1024.0,202.0,False,kmeans,4.0,COMPLETE,,,,,
216.0,r1_08_PPV,5.0,49.0,0.0006548374076373875,2022-11-07 18:51:20.634378,2022-11-07 18:52:35.048278,0 days 00:01:14.413900,902.0,3.0,13.0,linear,matern0.5,,0.00017828219171376009,1024.0,62.0,True,kmeans,,PRUNED,0.0006548374076373875,,,,
216.0,r1_08_PPV,5.0,50.0,0.11273102462291718,2022-11-07 18:52:35.048710,2022-11-07 19:03:31.791275,0 days 00:10:56.742565,165.0,2.0,12.0,constant,matern0.5,,3.997387004963394e-06,2048.0,1775.0,True,kmeans,,PRUNED,0.11273102462291718,,,,
216.0,r1_08_PPV,5.0,51.0,0.0001483477681176737,2022-11-07 19:03:31.791688,2022-11-07 19:05:00.177571,0 days 00:01:28.385883,226.0,4.0,10.0,linear,matern0.5,,0.03109693310277191,1024.0,706.0,True,random,,PRUNED,0.0001483477681176737,,,,
216.0,r1_08_PPV,5.0,52.0,1.395759105682373,2022-11-07 19:05:00.177932,2022-11-07 19:05:53.477823,0 days 00:00:53.299891,567.0,5.0,20.0,linear,rbf,,1.8393945990635627e-05,8192.0,178.0,True,kmeans,,PRUNED,1.395759105682373,,,,
216.0,r1_08_PPV,5.0,53.0,2.562886947998777e-05,2022-11-07 19:05:53.478187,2022-11-07 19:13:10.514137,0 days 00:07:17.035950,663.0,5.0,8.0,linear,matern1.5,,3.510786063758588e-05,2048.0,716.0,True,kmeans,,PRUNED,2.562886947998777e-05,,,,
216.0,r1_08_PPV,5.0,54.0,3.1563826041747234e-07,2022-11-07 19:13:10.514509,2022-11-07 19:16:37.062950,0 days 00:03:26.548441,1015.0,3.0,2.0,constant,matern1.5,,0.040829218165445165,1024.0,883.0,True,random,10.0,COMPLETE,,,,,
216.0,r1_08_PPV,5.0,55.0,0.00012101472384529188,2022-11-07 19:16:37.063659,2022-11-07 19:17:36.256298,0 days 00:00:59.192639,788.0,3.0,9.0,linear,matern0.5,,0.004185267748368408,2048.0,70.0,True,random,,PRUNED,0.00012101472384529188,,,,
216.0,r1_08_PPV,5.0,56.0,3.3719010161803453e-07,2022-11-07 19:17:36.256693,2022-11-07 19:19:31.834767,0 days 00:01:55.578074,753.0,4.0,14.0,constant,matern1.5,,0.009093592274772851,2048.0,402.0,True,kmeans,7.0,COMPLETE,,,,,
216.0,r1_08_PPV,5.0,57.0,2.608614693144773e-07,2022-11-07 19:19:31.835484,2022-11-07 19:22:03.828318,0 days 00:02:31.992834,489.0,4.0,11.0,linear,matern0.5,,0.011442569312526163,1024.0,137.0,True,random,9.0,COMPLETE,4.594397069013212e-06,,,,
216.0,r1_08_PPV,5.0,58.0,2.4174248665076448e-06,2022-11-07 19:22:03.829002,2022-11-07 19:23:48.383218,0 days 00:01:44.554216,707.0,4.0,11.0,linear,matern0.5,,0.04114745315051488,1024.0,135.0,True,random,4.0,COMPLETE,2.88022170025215e-06,,,,
216.0,r1_08_PPV,5.0,59.0,0.0013709142804145813,2022-11-07 19:23:48.383890,2022-11-07 19:30:11.022380,0 days 00:06:22.638490,502.0,4.0,7.0,constant,rbf,,0.00019737994402995034,2048.0,677.0,False,random,,PRUNED,0.0013709142804145813,,,,
