dataset_id,dataset_name,outer_cv_split,number,value,datetime_start,datetime_complete,duration,params_n_max,params_n_layers,params_n_out,params_mean_type,params_kernel_type,params_num_mixtures,params_lr,params_batch_size,params_num_inducing,params_initialize_fe,params_minit,user_attrs_MAX_EPOCHS,state,system_attrs_fixed_params
42225.0,diamonds,1.0,0.0,0.0012180255725979,2022-10-28 12:37:53.311737,2022-10-28 12:39:33.262697,0 days 00:01:39.950960,1024.0,4.0,2.0,constant,rbf,,0.01,2048.0,1000.0,0.0,kmeans,33.0,COMPLETE,"{'n_max': 1024, 'n_layers': 4, 'n_out': 2, 'mean_type': 'constant', 'kernel_type': 'rbf', 'lr': 0.01, 'num_inducing': 1000, 'initialize_fe': False, 'params_minit': 'random'}"
42225.0,diamonds,1.0,1.0,0.0010405372595414,2022-10-28 12:39:33.263287,2022-10-28 12:42:10.775641,0 days 00:02:37.512354,819.0,2.0,17.0,constant,matern0.5,,0.0010514351531876,1024.0,240.0,0.0,random,100.0,COMPLETE,
42225.0,diamonds,1.0,2.0,0.0010881798807531,2022-10-28 12:42:10.776209,2022-10-28 12:45:23.954654,0 days 00:03:13.178445,985.0,3.0,11.0,constant,rbf,,0.0004104191909573,1024.0,84.0,1.0,random,125.0,COMPLETE,
42225.0,diamonds,1.0,3.0,0.0013911052374169,2022-10-28 12:45:23.955208,2022-10-28 12:49:29.256781,0 days 00:04:05.301573,892.0,3.0,11.0,constant,matern1.5,,0.0001346919796946,2048.0,62.0,0.0,random,192.0,COMPLETE,
42225.0,diamonds,1.0,4.0,0.0009945905767381,2022-10-28 12:49:29.257402,2022-10-28 12:51:53.223688,0 days 00:02:23.966286,605.0,3.0,6.0,constant,matern1.5,,0.0055497147757487,512.0,665.0,1.0,random,43.0,COMPLETE,
42225.0,diamonds,1.0,5.0,0.0010244118748232,2022-10-28 12:51:53.224245,2022-10-28 12:54:47.141811,0 days 00:02:53.917566,708.0,5.0,8.0,constant,matern1.5,,0.0005176484679522,512.0,724.0,1.0,random,49.0,COMPLETE,
42225.0,diamonds,1.0,6.0,0.0011523722205311,2022-10-28 12:54:47.142378,2022-10-28 12:55:58.892139,0 days 00:01:11.749761,778.0,3.0,8.0,constant,matern0.5,,0.0070936044849325,2048.0,343.0,0.0,kmeans,39.0,COMPLETE,
42225.0,diamonds,1.0,7.0,0.0010222018463537,2022-10-28 12:55:58.892698,2022-10-28 13:02:27.601737,0 days 00:06:28.709039,953.0,5.0,5.0,linear,matern1.5,,0.000384856285673,512.0,1540.0,1.0,kmeans,57.0,COMPLETE,
42225.0,diamonds,1.0,8.0,0.0014469095040112,2022-10-28 13:02:27.602301,2022-10-28 13:03:38.600698,0 days 00:01:10.998397,722.0,3.0,6.0,linear,matern1.5,,0.0560360276039695,1024.0,488.0,1.0,kmeans,25.0,COMPLETE,
42225.0,diamonds,1.0,9.0,0.0013406176585704,2022-10-28 13:03:38.601292,2022-10-28 13:05:05.248114,0 days 00:01:26.646822,370.0,5.0,20.0,linear,matern0.5,,0.0037983576288409,2048.0,803.0,1.0,random,49.0,COMPLETE,
42225.0,diamonds,1.0,10.0,0.0012313674669712,2022-10-28 13:05:05.248685,2022-10-28 13:06:17.520849,0 days 00:01:12.272164,117.0,2.0,15.0,linear,matern1.5,,0.0349970486725781,512.0,211.0,1.0,random,24.0,COMPLETE,
42225.0,diamonds,1.0,11.0,0.0010575910564512,2022-10-28 13:06:17.521406,2022-10-28 13:11:01.314527,0 days 00:04:43.793121,517.0,4.0,2.0,linear,matern1.5,,0.0015601870144755,512.0,1989.0,1.0,kmeans,35.0,COMPLETE,
42225.0,diamonds,1.0,12.0,0.0011675250716507,2022-10-28 13:11:01.315120,2022-10-28 13:18:55.230685,0 days 00:07:53.915565,535.0,4.0,5.0,linear,matern1.5,,0.0001615271609722,512.0,1403.0,1.0,kmeans,81.0,COMPLETE,
42225.0,diamonds,1.0,13.0,0.0011376664042472,2022-10-28 13:18:55.231260,2022-10-28 13:22:29.551367,0 days 00:03:34.320107,386.0,5.0,5.0,linear,matern1.5,,0.0168543292931884,512.0,1794.0,1.0,kmeans,26.0,COMPLETE,
42225.0,diamonds,1.0,14.0,0.0010503099765628,2022-10-28 13:22:29.551934,2022-10-28 13:24:11.812589,0 days 00:01:42.260655,67.0,4.0,9.0,constant,matern1.5,,0.0025310551004784,512.0,508.0,1.0,random,32.0,COMPLETE,
42225.0,diamonds,1.0,15.0,0.0012219839263707,2022-10-28 13:24:11.813176,2022-10-28 13:33:36.428795,0 days 00:09:24.615619,624.0,2.0,4.0,linear,rbf,,0.0003800065713557,512.0,1141.0,1.0,kmeans,122.0,COMPLETE,
42225.0,diamonds,1.0,16.0,0.0010014350991696,2022-10-28 13:33:36.429386,2022-10-28 13:35:52.661296,0 days 00:02:16.231910,232.0,5.0,13.0,constant,matern1.5,,0.0041015520489697,512.0,137.0,1.0,random,49.0,COMPLETE,
42225.0,diamonds,1.0,17.0,0.0010903800139203,2022-10-28 13:35:52.661863,2022-10-28 13:36:55.534822,0 days 00:01:02.872959,226.0,4.0,14.0,constant,matern1.5,,0.0050131425579376,512.0,95.0,1.0,random,20.0,COMPLETE,
42225.0,diamonds,1.0,18.0,0.0011252269614487,2022-10-28 13:36:55.535399,2022-10-28 13:37:48.571721,0 days 00:00:53.036322,388.0,3.0,13.0,constant,rbf,,0.0197667708766536,512.0,160.0,0.0,random,19.0,COMPLETE,
42225.0,diamonds,1.0,19.0,0.0029708831571042,2022-10-28 13:37:48.572274,2022-10-28 13:38:02.724017,0 days 00:00:14.151743,267.0,2.0,17.0,constant,matern0.5,,0.0867282348324371,1024.0,140.0,1.0,random,2.0,COMPLETE,
42225.0,diamonds,1.0,20.0,0.0010273945517838,2022-10-28 13:38:02.724595,2022-10-28 13:40:24.359245,0 days 00:02:21.634650,619.0,5.0,10.0,constant,matern1.5,,0.0018658009818498,512.0,456.0,1.0,random,45.0,COMPLETE,
42225.0,diamonds,1.0,21.0,0.0010673872893676,2022-10-28 13:40:24.359824,2022-10-28 13:43:08.854735,0 days 00:02:44.494911,883.0,5.0,7.0,linear,matern1.5,,0.0008348552862519,512.0,716.0,1.0,kmeans,36.0,COMPLETE,
42225.0,diamonds,1.0,22.0,0.0010796001879498,2022-10-28 13:43:08.855344,2022-10-28 13:44:33.352285,0 days 00:01:24.496941,457.0,5.0,13.0,constant,matern1.5,,0.0076455744789522,512.0,283.0,1.0,random,26.0,COMPLETE,
42225.0,diamonds,1.0,23.0,0.0010250587947666,2022-10-28 13:44:33.352880,2022-10-28 13:48:23.472749,0 days 00:03:50.119869,229.0,4.0,3.0,linear,matern1.5,,0.0035423991780381,512.0,1334.0,1.0,kmeans,38.0,COMPLETE,
42225.0,diamonds,1.0,24.0,0.0011165149044245,2022-10-28 13:48:23.473366,2022-10-28 13:49:12.819587,0 days 00:00:49.346221,613.0,5.0,6.0,constant,matern1.5,,0.0121751065603452,512.0,139.0,1.0,random,13.0,COMPLETE,
42225.0,diamonds,1.0,25.0,0.0010615084320306,2022-10-28 13:49:12.820163,2022-10-28 13:54:44.917453,0 days 00:05:32.097290,320.0,4.0,12.0,constant,matern1.5,,0.0001957557621727,512.0,415.0,1.0,random,121.0,COMPLETE,
42225.0,diamonds,1.0,26.0,0.0010935914469882,2022-10-28 13:54:44.918051,2022-10-28 13:59:22.524198,0 days 00:04:37.606147,154.0,3.0,9.0,linear,matern1.5,,0.0008442518755382,512.0,931.0,1.0,kmeans,61.0,COMPLETE,
42225.0,diamonds,1.0,27.0,0.0011549675837159,2022-10-28 13:59:22.524755,2022-10-28 14:00:33.359058,0 days 00:01:10.834303,925.0,5.0,16.0,constant,matern0.5,,0.0053092807482153,2048.0,597.0,0.0,random,42.0,COMPLETE,
42225.0,diamonds,1.0,28.0,0.0012544610071927,2022-10-28 14:00:33.359617,2022-10-28 14:04:41.305459,0 days 00:04:07.945842,467.0,4.0,20.0,linear,rbf,,0.0023707050544923,1024.0,1471.0,1.0,kmeans,56.0,COMPLETE,
42225.0,diamonds,1.0,29.0,0.0011997607070952,2022-10-28 14:04:41.306021,2022-10-28 14:05:39.266611,0 days 00:00:57.960590,693.0,5.0,2.0,constant,matern1.5,,0.0278765784686836,512.0,54.0,0.0,kmeans,18.0,COMPLETE,
42225.0,diamonds,1.0,30.0,0.0012300095986574,2022-10-28 14:05:39.267200,2022-10-28 14:06:37.921919,0 days 00:00:58.654719,1005.0,3.0,4.0,constant,rbf,,0.0112529677408837,2048.0,1030.0,1.0,random,29.0,COMPLETE,
42225.0,diamonds,1.0,31.0,0.0010618056403473,2022-10-28 14:06:37.922490,2022-10-28 14:10:55.093386,0 days 00:04:17.170896,689.0,5.0,7.0,constant,matern1.5,,0.0003645715352422,512.0,667.0,1.0,random,77.0,COMPLETE,
42225.0,diamonds,1.0,32.0,0.0010946139227598,2022-10-28 14:10:55.093958,2022-10-28 14:12:41.557519,0 days 00:01:46.463561,840.0,5.0,8.0,constant,matern1.5,,0.0005686267444869,512.0,352.0,1.0,random,33.0,COMPLETE,
42225.0,diamonds,1.0,33.0,0.0010412192204967,2022-10-28 14:12:41.558110,2022-10-28 14:14:34.431966,0 days 00:01:52.873856,765.0,5.0,10.0,constant,matern1.5,,0.0012725312961449,512.0,223.0,1.0,random,37.0,COMPLETE,
42225.0,diamonds,1.0,34.0,0.0010733683593571,2022-10-28 14:14:34.432559,2022-10-28 14:17:38.603202,0 days 00:03:04.170643,959.0,4.0,7.0,constant,matern1.5,,0.0002388401616811,1024.0,852.0,0.0,random,85.0,COMPLETE,
42225.0,diamonds,1.0,35.0,0.0010921852663159,2022-10-28 14:17:38.603916,2022-10-28 14:19:23.331885,0 days 00:01:44.727969,802.0,5.0,5.0,constant,matern1.5,,0.0005691094485559,512.0,93.0,1.0,random,35.0,COMPLETE,
42225.0,diamonds,1.0,36.0,0.0010106047848239,2022-10-28 14:19:23.332450,2022-10-28 14:27:03.339725,0 days 00:07:40.007275,598.0,3.0,11.0,constant,matern0.5,,0.0001159242174021,512.0,611.0,1.0,random,158.0,COMPLETE,
42225.0,diamonds,1.0,37.0,0.0012082125758752,2022-10-28 14:27:03.340296,2022-10-28 14:29:34.215142,0 days 00:02:30.874846,490.0,3.0,17.0,constant,matern0.5,,0.000278719065627,2048.0,591.0,0.0,random,102.0,COMPLETE,
42225.0,diamonds,1.0,38.0,0.0010814162669703,2022-10-28 14:29:34.215704,2022-10-28 14:34:15.188436,0 days 00:04:40.972732,579.0,3.0,11.0,constant,matern0.5,,0.0001165576069437,1024.0,287.0,1.0,random,170.0,COMPLETE,
42225.0,diamonds,1.0,39.0,0.001118064043112,2022-10-28 14:34:15.189057,2022-10-28 14:43:32.839672,0 days 00:09:17.650615,445.0,2.0,14.0,linear,matern0.5,,0.0001142429875691,512.0,185.0,1.0,kmeans,214.0,COMPLETE,
42225.0,diamonds,1.0,40.0,0.0010214820504188,2022-10-28 14:43:32.840251,2022-10-28 14:45:35.897407,0 days 00:02:03.057156,740.0,3.0,12.0,constant,matern0.5,,0.0065074884731813,512.0,1138.0,1.0,random,29.0,COMPLETE,
42225.0,diamonds,1.0,41.0,0.0009964532218873,2022-10-28 14:45:35.897984,2022-10-28 14:48:36.676217,0 days 00:03:00.778233,743.0,3.0,12.0,constant,matern0.5,,0.0071720722248698,512.0,1177.0,1.0,random,44.0,COMPLETE,
42225.0,diamonds,1.0,42.0,0.0010132344905287,2022-10-28 14:48:36.676866,2022-10-28 14:50:29.957245,0 days 00:01:53.280379,732.0,3.0,12.0,constant,matern0.5,,0.0076599007418549,512.0,1136.0,1.0,random,27.0,COMPLETE,
42225.0,diamonds,1.0,43.0,0.0010687774047255,2022-10-28 14:50:29.957859,2022-10-28 14:52:20.945765,0 days 00:01:50.987906,668.0,3.0,13.0,constant,matern0.5,,0.0152257391796154,512.0,1197.0,1.0,random,25.0,COMPLETE,
42225.0,diamonds,1.0,44.0,0.0010581465903669,2022-10-28 14:52:20.946342,2022-10-28 14:53:52.844034,0 days 00:01:31.897692,556.0,3.0,12.0,constant,matern0.5,,0.0079145350865368,512.0,945.0,1.0,random,23.0,COMPLETE,
42225.0,diamonds,1.0,45.0,0.0010358362924307,2022-10-28 14:53:52.844604,2022-10-28 14:56:02.573622,0 days 00:02:09.729018,653.0,3.0,11.0,constant,matern0.5,,0.0040087763741561,512.0,1643.0,1.0,random,23.0,COMPLETE,
42225.0,diamonds,1.0,46.0,0.0010555789340287,2022-10-28 14:56:02.574193,2022-10-28 14:57:33.179101,0 days 00:01:30.604908,829.0,3.0,15.0,constant,matern0.5,,0.0025840534200585,2048.0,803.0,1.0,random,53.0,COMPLETE,
42225.0,diamonds,1.0,47.0,0.0010722097940742,2022-10-28 14:57:33.179658,2022-10-28 14:58:41.630618,0 days 00:01:08.450960,583.0,3.0,10.0,constant,matern0.5,,0.0048460856199317,512.0,564.0,1.0,random,19.0,COMPLETE,
42225.0,diamonds,1.0,48.0,0.0011153216473758,2022-10-28 14:58:41.631213,2022-10-28 14:59:38.990729,0 days 00:00:57.359516,731.0,2.0,14.0,constant,matern0.5,,0.0235593812591022,512.0,76.0,0.0,random,21.0,COMPLETE,
42225.0,diamonds,1.0,49.0,0.0010466616367921,2022-10-28 14:59:38.991287,2022-10-28 15:01:01.528555,0 days 00:01:22.537268,517.0,3.0,15.0,constant,matern0.5,,0.0100935758740831,512.0,118.0,1.0,random,29.0,COMPLETE,
42225.0,diamonds,1.0,50.0,0.001843586564064,2022-10-28 15:01:01.529162,2022-10-28 15:01:17.538062,0 days 00:00:16.008900,773.0,2.0,12.0,constant,matern0.5,,0.0478703744521884,1024.0,368.0,1.0,random,3.0,COMPLETE,
42225.0,diamonds,1.0,51.0,0.0010477269534021,2022-10-28 15:01:17.538642,2022-10-28 15:03:01.548443,0 days 00:01:44.009801,737.0,3.0,12.0,constant,matern0.5,,0.0063694754214616,512.0,1183.0,1.0,random,23.0,COMPLETE,
42225.0,diamonds,1.0,52.0,0.0010573666077107,2022-10-28 15:03:01.549040,2022-10-28 15:04:34.396831,0 days 00:01:32.847791,878.0,3.0,13.0,constant,matern0.5,,0.0086742034680231,512.0,1320.0,1.0,random,18.0,COMPLETE,
42225.0,diamonds,1.0,53.0,0.0010374351404607,2022-10-28 15:04:34.397408,2022-10-28 15:06:04.213536,0 days 00:01:29.816128,655.0,3.0,11.0,constant,matern0.5,,0.0030041218169252,512.0,757.0,1.0,random,24.0,COMPLETE,
42225.0,diamonds,1.0,54.0,0.0010381551692262,2022-10-28 15:06:04.214138,2022-10-28 15:08:18.256915,0 days 00:02:14.042777,709.0,3.0,9.0,constant,matern0.5,,0.0063592266730581,512.0,1876.0,1.0,random,21.0,COMPLETE,
42225.0,diamonds,1.0,55.0,0.0010597370564937,2022-10-28 15:08:18.257490,2022-10-28 15:10:55.133604,0 days 00:02:36.876114,753.0,3.0,18.0,constant,rbf,,0.001974135536334,512.0,1025.0,1.0,random,43.0,COMPLETE,
42225.0,diamonds,1.0,56.0,0.0011152261868119,2022-10-28 15:10:55.134191,2022-10-28 15:11:52.808149,0 days 00:00:57.673958,800.0,3.0,10.0,constant,matern0.5,,0.0132085965805973,512.0,1088.0,1.0,random,11.0,COMPLETE,
42225.0,diamonds,1.0,57.0,0.0011218067957088,2022-10-28 15:11:52.808735,2022-10-28 15:12:38.533255,0 days 00:00:45.724520,617.0,4.0,14.0,constant,matern0.5,,0.0047906847205956,512.0,665.0,1.0,random,9.0,COMPLETE,
42225.0,diamonds,1.0,58.0,0.0010612949263304,2022-10-28 15:12:38.533836,2022-10-28 15:14:06.722127,0 days 00:01:28.188291,418.0,3.0,12.0,constant,matern0.5,,0.0039761636275376,512.0,1604.0,1.0,random,14.0,COMPLETE,
42225.0,diamonds,1.0,59.0,0.0010026656091213,2022-10-28 15:14:06.722721,2022-10-28 15:16:10.307567,0 days 00:02:03.584846,566.0,3.0,13.0,constant,rbf,,0.0062096363973835,512.0,439.0,1.0,random,44.0,COMPLETE,
42225.0,diamonds,1.0,60.0,0.0015161274932324,2022-10-28 15:16:10.308165,2022-10-28 15:16:51.560528,0 days 00:00:41.252363,497.0,2.0,16.0,constant,rbf,,0.0184723295161394,2048.0,455.0,1.0,random,25.0,COMPLETE,
42225.0,diamonds,1.0,61.0,0.0011078708339482,2022-10-28 15:16:51.561151,2022-10-28 15:17:49.379866,0 days 00:00:57.818715,639.0,3.0,13.0,constant,rbf,,0.0061130496824534,512.0,526.0,1.0,random,16.0,COMPLETE,
42225.0,diamonds,1.0,62.0,0.0010127392597496,2022-10-28 15:17:49.380450,2022-10-28 15:19:44.467956,0 days 00:01:55.087506,587.0,3.0,12.0,constant,rbf,,0.0099927070501553,512.0,421.0,1.0,random,41.0,COMPLETE,
42225.0,diamonds,1.0,63.0,0.0010364262852817,2022-10-28 15:19:44.468548,2022-10-28 15:21:09.695694,0 days 00:01:25.227146,556.0,3.0,9.0,constant,rbf,,0.0093303099609826,512.0,273.0,1.0,random,30.0,COMPLETE,
42225.0,diamonds,1.0,64.0,0.0010737399570643,2022-10-28 15:21:09.696272,2022-10-28 15:22:15.575117,0 days 00:01:05.878845,567.0,3.0,13.0,constant,rbf,,0.0032450785910898,512.0,397.0,1.0,random,21.0,COMPLETE,
42225.0,diamonds,1.0,65.0,0.0010948616545647,2022-10-28 15:22:15.575704,2022-10-28 15:23:29.771297,0 days 00:01:14.195593,598.0,4.0,11.0,constant,rbf,,0.0127796755242203,512.0,469.0,1.0,random,23.0,COMPLETE,
42225.0,diamonds,1.0,66.0,0.0010676863603293,2022-10-28 15:23:29.771899,2022-10-28 15:24:52.173595,0 days 00:01:22.401696,312.0,3.0,15.0,constant,rbf,,0.0082066699182164,512.0,667.0,0.0,random,25.0,COMPLETE,
42225.0,diamonds,1.0,67.0,0.0010256480891257,2022-10-28 15:24:52.174170,2022-10-28 15:26:22.726149,0 days 00:01:30.551979,534.0,3.0,14.0,constant,rbf,,0.0042693592002076,512.0,315.0,1.0,random,32.0,COMPLETE,
42225.0,diamonds,1.0,68.0,0.0011071678018197,2022-10-28 15:26:22.726737,2022-10-28 15:28:50.707642,0 days 00:02:27.980905,126.0,4.0,11.0,constant,rbf,,0.0015357948402601,1024.0,856.0,1.0,random,71.0,COMPLETE,
42225.0,diamonds,1.0,69.0,0.0010507791303098,2022-10-28 15:28:50.708217,2022-10-28 15:30:23.171920,0 days 00:01:32.463703,487.0,3.0,8.0,constant,rbf,,0.0052134384286789,512.0,248.0,1.0,random,34.0,COMPLETE,
42225.0,diamonds,1.0,70.0,0.0011716210283339,2022-10-28 15:30:23.172516,2022-10-28 15:31:27.256137,0 days 00:01:04.083621,684.0,2.0,10.0,linear,matern1.5,,0.0150395396495682,512.0,403.0,1.0,random,19.0,COMPLETE,
42225.0,diamonds,1.0,71.0,0.0011008959263563,2022-10-28 15:31:27.256744,2022-10-28 15:32:19.622350,0 days 00:00:52.365606,714.0,3.0,12.0,constant,matern0.5,,0.006900271216978,512.0,524.0,1.0,random,13.0,COMPLETE,
42225.0,diamonds,1.0,72.0,0.0010483614169061,2022-10-28 15:32:19.622964,2022-10-28 15:34:09.087336,0 days 00:01:49.464372,594.0,3.0,13.0,constant,matern1.5,,0.00972901947328,512.0,918.0,1.0,random,28.0,COMPLETE,
42225.0,diamonds,1.0,73.0,0.0010238245595246,2022-10-28 15:34:09.087914,2022-10-28 15:36:27.459102,0 days 00:02:18.371188,643.0,3.0,12.0,constant,matern0.5,,0.0029498675671893,512.0,1289.0,1.0,random,30.0,COMPLETE,
42225.0,diamonds,1.0,74.0,0.0010646170703694,2022-10-28 15:36:27.459701,2022-10-28 15:37:56.630083,0 days 00:01:29.170382,869.0,3.0,3.0,constant,rbf,,0.0058666414459895,512.0,732.0,1.0,random,25.0,COMPLETE,
42225.0,diamonds,1.0,75.0,0.0011057871161028,2022-10-28 15:37:56.630705,2022-10-28 15:38:51.527484,0 days 00:00:54.896779,529.0,3.0,11.0,constant,matern1.5,,0.0112258853421347,512.0,421.0,1.0,random,15.0,COMPLETE,
42225.0,diamonds,1.0,76.0,0.0010399013990536,2022-10-28 15:38:51.528062,2022-10-28 15:40:09.452379,0 days 00:01:17.924317,684.0,3.0,13.0,constant,matern0.5,,0.0076105098628883,512.0,321.0,0.0,kmeans,23.0,COMPLETE,
42225.0,diamonds,1.0,77.0,0.0011918044183403,2022-10-28 15:40:09.452994,2022-10-28 15:41:08.114072,0 days 00:00:58.661078,853.0,3.0,14.0,constant,matern1.5,,0.0035444586419685,2048.0,640.0,1.0,random,33.0,COMPLETE,
42225.0,diamonds,1.0,78.0,0.0010186348808929,2022-10-28 15:41:08.114681,2022-10-28 15:42:59.718978,0 days 00:01:51.604297,747.0,4.0,6.0,constant,matern0.5,,0.0021959609822056,512.0,562.0,1.0,random,33.0,COMPLETE,
42225.0,diamonds,1.0,79.0,0.0010812517721205,2022-10-28 15:42:59.719570,2022-10-28 15:45:04.861046,0 days 00:02:05.141476,808.0,4.0,6.0,linear,rbf,,0.0227266520702109,512.0,569.0,1.0,random,39.0,COMPLETE,
42225.0,diamonds,1.0,80.0,0.001077847322449,2022-10-28 15:45:04.861651,2022-10-28 15:46:39.944302,0 days 00:01:35.082651,424.0,4.0,5.0,constant,matern0.5,,0.0008956216259668,1024.0,504.0,1.0,random,49.0,COMPLETE,
42225.0,diamonds,1.0,81.0,0.001016748137772,2022-10-28 15:46:39.944907,2022-10-28 15:48:16.704501,0 days 00:01:36.759594,742.0,3.0,4.0,constant,matern0.5,,0.0022166781852498,512.0,379.0,1.0,random,32.0,COMPLETE,
42225.0,diamonds,1.0,82.0,0.0010694250231608,2022-10-28 15:48:16.705107,2022-10-28 15:49:20.120611,0 days 00:01:03.415504,779.0,3.0,3.0,constant,matern0.5,,0.0012109254887728,512.0,355.0,1.0,random,19.0,COMPLETE,
42225.0,diamonds,1.0,83.0,0.0010301440488547,2022-10-28 15:49:20.121231,2022-10-28 15:50:55.623075,0 days 00:01:35.501844,905.0,3.0,4.0,constant,matern0.5,,0.0018441998364885,512.0,459.0,1.0,random,30.0,COMPLETE,
42225.0,diamonds,1.0,84.0,0.0010326474439352,2022-10-28 15:50:55.623659,2022-10-28 15:52:05.837734,0 days 00:01:10.214075,621.0,3.0,6.0,constant,matern0.5,,0.0026438927835155,512.0,423.0,1.0,random,21.0,COMPLETE,
42225.0,diamonds,1.0,85.0,0.0010546932462602,2022-10-28 15:52:05.838334,2022-10-28 15:53:24.245012,0 days 00:01:18.406678,786.0,4.0,4.0,constant,matern0.5,,0.0021691553393503,512.0,183.0,1.0,random,25.0,COMPLETE,
42225.0,diamonds,1.0,86.0,0.0010904432274401,2022-10-28 15:53:24.245612,2022-10-28 15:59:44.203145,0 days 00:06:19.957533,753.0,3.0,7.0,constant,matern1.5,,0.000160834345161,512.0,612.0,1.0,kmeans,107.0,COMPLETE,
42225.0,diamonds,1.0,87.0,0.0010490738786756,2022-10-28 15:59:44.203738,2022-10-28 16:00:46.361355,0 days 00:01:02.157617,183.0,3.0,6.0,constant,matern0.5,,0.0044944543120728,512.0,365.0,1.0,random,19.0,COMPLETE,
42225.0,diamonds,1.0,88.0,0.0010534138418734,2022-10-28 16:00:46.361906,2022-10-28 16:02:50.471592,0 days 00:02:04.109686,705.0,3.0,2.0,constant,matern0.5,,0.0015404634259255,512.0,546.0,0.0,random,41.0,COMPLETE,
42225.0,diamonds,1.0,89.0,0.0010334696853533,2022-10-28 16:02:50.472192,2022-10-28 16:05:42.671003,0 days 00:02:52.198811,667.0,4.0,3.0,constant,matern1.5,,0.0004654563755195,512.0,291.0,1.0,random,61.0,COMPLETE,
42225.0,diamonds,1.0,90.0,0.0030650412663817,2022-10-28 16:05:42.671573,2022-10-28 16:05:58.645479,0 days 00:00:15.973906,358.0,3.0,8.0,constant,matern0.5,,0.0383177444202738,2048.0,63.0,1.0,random,5.0,COMPLETE,
42225.0,diamonds,1.0,91.0,0.0010390798561275,2022-10-28 16:05:58.646057,2022-10-28 16:07:32.871237,0 days 00:01:34.225180,739.0,3.0,12.0,constant,matern0.5,,0.0055511872402689,512.0,828.0,1.0,random,24.0,COMPLETE,
42225.0,diamonds,1.0,92.0,0.0010593431070446,2022-10-28 16:07:32.871826,2022-10-28 16:09:00.607083,0 days 00:01:27.735257,728.0,3.0,13.0,constant,matern0.5,,0.0075161847919753,512.0,1072.0,1.0,random,20.0,COMPLETE,
42225.0,diamonds,1.0,93.0,0.0009931663516908,2022-10-28 16:09:00.607671,2022-10-28 16:12:11.650207,0 days 00:03:11.042536,827.0,3.0,12.0,constant,matern0.5,,0.0034779528294262,512.0,946.0,1.0,random,54.0,COMPLETE,
42225.0,diamonds,1.0,94.0,0.0010554997716099,2022-10-28 16:12:11.650805,2022-10-28 16:13:25.647877,0 days 00:01:13.997072,600.0,3.0,11.0,constant,matern0.5,,0.0035377294861427,512.0,966.0,1.0,random,17.0,COMPLETE,
42225.0,diamonds,1.0,95.0,0.0010228639002889,2022-10-28 16:13:25.648453,2022-10-28 16:15:10.990406,0 days 00:01:45.341953,634.0,3.0,14.0,constant,matern0.5,,0.0030276859072528,512.0,720.0,1.0,random,30.0,COMPLETE,
42225.0,diamonds,1.0,96.0,0.0010165497660636,2022-10-28 16:15:10.991030,2022-10-28 16:17:51.128545,0 days 00:02:40.137515,845.0,3.0,10.0,linear,matern0.5,,0.0105300741403853,512.0,1220.0,1.0,random,37.0,COMPLETE,
42225.0,diamonds,1.0,97.0,0.0010779246222227,2022-10-28 16:17:51.129173,2022-10-28 16:19:59.809785,0 days 00:02:08.680612,944.0,3.0,12.0,linear,rbf,,0.010105966011726,512.0,1398.0,1.0,random,27.0,COMPLETE,
42225.0,diamonds,1.0,98.0,0.0010886213276535,2022-10-28 16:19:59.810363,2022-10-28 16:23:15.163200,0 days 00:03:15.352837,818.0,3.0,10.0,linear,matern1.5,,0.0111222788284826,512.0,1269.0,1.0,kmeans,33.0,COMPLETE,
42225.0,diamonds,1.0,99.0,0.0012244253885,2022-10-28 16:23:15.163797,2022-10-28 16:24:29.565053,0 days 00:01:14.401256,857.0,3.0,11.0,linear,matern0.5,,0.0148170275967282,1024.0,1496.0,1.0,random,21.0,COMPLETE,
42225.0,diamonds,2.0,0.0,0.001005757949315,2022-10-28 16:28:18.280388,2022-10-28 16:31:14.468909,0 days 00:02:56.188521,1024.0,4.0,2.0,constant,rbf,,0.01,512.0,1000.0,False,kmeans,37.0,COMPLETE,"{'n_max': 1024, 'n_layers': 4, 'n_out': 2, 'mean_type': 'constant', 'kernel_type': 'rbf', 'lr': 0.01, 'num_inducing': 1000, 'initialize_fe': False, 'params_minit': 'random'}"
42225.0,diamonds,2.0,1.0,0.0014915026258677,2022-10-28 16:31:14.469493,2022-10-28 16:33:02.713819,0 days 00:01:48.244326,1009.0,5.0,16.0,constant,matern1.5,,0.0003557551608681,2048.0,751.0,True,random,60.0,COMPLETE,
42225.0,diamonds,2.0,2.0,0.0011050533503293,2022-10-28 16:33:02.714407,2022-10-28 16:35:31.765289,0 days 00:02:29.050882,632.0,2.0,8.0,constant,matern0.5,,0.0008906003912676,2048.0,80.0,False,kmeans,111.0,COMPLETE,
42225.0,diamonds,2.0,3.0,0.0050823343917727,2022-10-28 16:35:31.765850,2022-10-28 16:36:13.918244,0 days 00:00:42.152394,1018.0,2.0,15.0,linear,rbf,,0.0002525747034658,1024.0,626.0,False,random,20.0,COMPLETE,
42225.0,diamonds,2.0,4.0,0.0017416030168533,2022-10-28 16:36:13.918834,2022-10-28 16:37:28.547778,0 days 00:01:14.628944,605.0,5.0,13.0,linear,matern1.5,,0.0064255400045415,2048.0,380.0,False,kmeans,38.0,COMPLETE,
42225.0,diamonds,2.0,5.0,0.0012862719595432,2022-10-28 16:37:28.548337,2022-10-28 16:40:15.292165,0 days 00:02:46.743828,987.0,4.0,14.0,constant,matern1.5,,0.0002217116798066,2048.0,78.0,True,random,120.0,COMPLETE,
42225.0,diamonds,2.0,6.0,0.0013428565580397,2022-10-28 16:40:15.292757,2022-10-28 16:41:14.113796,0 days 00:00:58.821039,305.0,4.0,17.0,constant,matern1.5,,0.0178388740112375,2048.0,66.0,True,random,40.0,COMPLETE,
42225.0,diamonds,2.0,7.0,0.0038681784644722,2022-10-28 16:41:14.114408,2022-10-28 16:41:43.459119,0 days 00:00:29.344711,168.0,3.0,10.0,linear,matern1.5,,0.0672562321343636,1024.0,1337.0,False,random,7.0,COMPLETE,
42225.0,diamonds,2.0,8.0,0.0049776430241763,2022-10-28 16:41:43.459695,2022-10-28 16:42:45.278699,0 days 00:01:01.819004,330.0,5.0,11.0,linear,matern0.5,,0.0962527018343568,2048.0,105.0,False,random,45.0,COMPLETE,
42225.0,diamonds,2.0,9.0,0.0011454274645075,2022-10-28 16:42:45.279290,2022-10-28 16:44:23.355398,0 days 00:01:38.076108,391.0,3.0,4.0,linear,rbf,,0.0013185646677276,512.0,137.0,False,kmeans,36.0,COMPLETE,
42225.0,diamonds,2.0,10.0,0.0010553064057603,2022-10-28 16:44:23.356017,2022-10-28 16:47:01.257809,0 days 00:02:37.901792,775.0,4.0,2.0,constant,rbf,,0.0084000126235644,512.0,1971.0,True,kmeans,18.0,COMPLETE,
42225.0,diamonds,2.0,11.0,0.0010693186195567,2022-10-28 16:47:01.258406,2022-10-28 16:50:29.107374,0 days 00:03:27.848968,780.0,4.0,3.0,constant,rbf,,0.0086189894649089,512.0,1772.0,True,kmeans,27.0,COMPLETE,
42225.0,diamonds,2.0,12.0,0.0011409847065806,2022-10-28 16:50:29.108006,2022-10-28 16:52:19.405295,0 days 00:01:50.297289,803.0,4.0,6.0,constant,rbf,,0.0229199977229521,512.0,999.0,True,kmeans,20.0,COMPLETE,
42225.0,diamonds,2.0,13.0,0.0010902597568929,2022-10-28 16:52:19.405863,2022-10-28 16:53:48.087804,0 days 00:01:28.681941,821.0,3.0,20.0,constant,rbf,,0.0027651609525651,512.0,365.0,True,kmeans,26.0,COMPLETE,
42225.0,diamonds,2.0,14.0,0.0013079287018626,2022-10-28 16:53:48.088374,2022-10-28 16:55:03.619860,0 days 00:01:15.531486,876.0,4.0,2.0,constant,rbf,,0.0280024551773344,512.0,1544.0,False,kmeans,8.0,COMPLETE,
42225.0,diamonds,2.0,15.0,0.001042132731527,2022-10-28 16:55:03.620438,2022-10-28 16:56:25.096710,0 days 00:01:21.476272,706.0,3.0,6.0,constant,rbf,,0.0048916822117604,512.0,181.0,True,kmeans,27.0,COMPLETE,
42225.0,diamonds,2.0,16.0,0.0010401374893262,2022-10-28 16:56:25.097305,2022-10-28 16:58:31.026648,0 days 00:02:05.929343,491.0,3.0,6.0,constant,rbf,,0.0025756877713867,512.0,186.0,True,kmeans,45.0,COMPLETE,
42225.0,diamonds,2.0,17.0,0.0011356815230101,2022-10-28 16:58:31.027210,2022-10-28 16:59:42.307433,0 days 00:01:11.280223,450.0,2.0,5.0,constant,matern0.5,,0.0016008686818898,512.0,213.0,False,kmeans,23.0,COMPLETE,
42225.0,diamonds,2.0,18.0,0.0012050190707668,2022-10-28 16:59:42.308045,2022-10-28 17:01:34.522344,0 days 00:01:52.214299,515.0,3.0,8.0,constant,rbf,,0.000607895826493,1024.0,265.0,False,kmeans,58.0,COMPLETE,
42225.0,diamonds,2.0,19.0,0.0011400172952562,2022-10-28 17:01:34.522937,2022-10-28 17:16:52.947624,0 days 00:15:18.424687,144.0,3.0,8.0,constant,rbf,,0.000115901586689,512.0,590.0,True,kmeans,281.0,COMPLETE,
42225.0,diamonds,2.0,20.0,0.0010442940983921,2022-10-28 17:16:52.948215,2022-10-28 17:19:06.148005,0 days 00:02:13.199790,66.0,2.0,4.0,constant,matern0.5,,0.002921090226427,512.0,448.0,True,kmeans,40.0,COMPLETE,
42225.0,diamonds,2.0,21.0,0.0010597059736028,2022-10-28 17:19:06.148588,2022-10-28 17:20:25.300237,0 days 00:01:19.151649,704.0,3.0,6.0,constant,rbf,,0.0050202400349062,512.0,169.0,True,kmeans,26.0,COMPLETE,
42225.0,diamonds,2.0,22.0,0.0010698642581701,2022-10-28 17:20:25.300852,2022-10-28 17:21:32.228542,0 days 00:01:06.927690,906.0,3.0,6.0,constant,rbf,,0.0130165618814038,512.0,207.0,True,kmeans,20.0,COMPLETE,
42225.0,diamonds,2.0,23.0,0.0010327538475394,2022-10-28 17:21:32.229182,2022-10-28 17:23:25.130871,0 days 00:01:52.901689,556.0,3.0,10.0,constant,rbf,,0.0036372563859856,512.0,133.0,True,kmeans,41.0,COMPLETE,
42225.0,diamonds,2.0,24.0,0.0010567411081865,2022-10-28 17:23:25.131436,2022-10-28 17:25:09.906474,0 days 00:01:44.775038,536.0,4.0,10.0,constant,rbf,,0.0021204807992397,512.0,51.0,True,kmeans,39.0,COMPLETE,
42225.0,diamonds,2.0,25.0,0.0013725871685892,2022-10-28 17:25:09.907053,2022-10-28 17:26:08.375342,0 days 00:00:58.468289,453.0,3.0,11.0,constant,rbf,,0.0439071274238663,1024.0,270.0,True,kmeans,26.0,COMPLETE,
42225.0,diamonds,2.0,26.0,0.0010461340425536,2022-10-28 17:26:08.375938,2022-10-28 17:28:09.435135,0 days 00:02:01.059197,283.0,2.0,8.0,constant,rbf,,0.0039533696738089,512.0,138.0,False,kmeans,48.0,COMPLETE,
42225.0,diamonds,2.0,27.0,0.0010258329566568,2022-10-28 17:28:09.435709,2022-10-28 17:30:48.094960,0 days 00:02:38.659251,599.0,4.0,4.0,linear,rbf,,0.000968512563608,512.0,112.0,True,kmeans,59.0,COMPLETE,
42225.0,diamonds,2.0,28.0,0.0011546163586899,2022-10-28 17:30:48.095540,2022-10-28 17:32:15.076347,0 days 00:01:26.980807,610.0,5.0,2.0,linear,matern0.5,,0.0005574286408672,512.0,117.0,False,kmeans,28.0,COMPLETE,
42225.0,diamonds,2.0,29.0,0.0013488042168319,2022-10-28 17:32:15.076972,2022-10-28 17:33:13.967863,0 days 00:00:58.890891,680.0,5.0,4.0,linear,rbf,,0.0136270480919357,1024.0,901.0,True,random,22.0,COMPLETE,
42225.0,diamonds,2.0,30.0,0.0010908655822277,2022-10-28 17:33:13.968485,2022-10-28 17:35:32.648866,0 days 00:02:18.680381,386.0,4.0,18.0,linear,matern1.5,,0.0013410968400685,512.0,98.0,True,kmeans,48.0,COMPLETE,
42225.0,diamonds,2.0,31.0,0.0011147703044116,2022-10-28 17:35:32.649483,2022-10-28 17:37:34.209818,0 days 00:02:01.560335,487.0,4.0,3.0,linear,rbf,,0.0008334466575141,512.0,138.0,True,kmeans,43.0,COMPLETE,
42225.0,diamonds,2.0,32.0,0.0010736568365246,2022-10-28 17:37:34.210394,2022-10-28 17:40:04.129889,0 days 00:02:29.919495,556.0,4.0,5.0,linear,rbf,,0.0018067188992333,512.0,259.0,True,kmeans,50.0,COMPLETE,
42225.0,diamonds,2.0,33.0,0.0011567380279302,2022-10-28 17:40:04.130471,2022-10-28 17:42:29.338473,0 days 00:02:25.208002,600.0,3.0,7.0,constant,rbf,,0.000380620350931,512.0,78.0,True,kmeans,57.0,COMPLETE,
42225.0,diamonds,2.0,34.0,0.0011485363356769,2022-10-28 17:42:29.339064,2022-10-28 17:44:07.155386,0 days 00:01:37.816322,936.0,3.0,9.0,linear,rbf,,0.000980877854153,512.0,176.0,True,kmeans,33.0,COMPLETE,
42225.0,diamonds,2.0,35.0,0.0011591451475396,2022-10-28 17:44:07.155974,2022-10-28 17:45:47.596933,0 days 00:01:40.440959,656.0,4.0,12.0,constant,rbf,,0.0076269051574833,2048.0,547.0,False,kmeans,47.0,COMPLETE,
42225.0,diamonds,2.0,36.0,0.0010660554980859,2022-10-28 17:45:47.597522,2022-10-28 17:47:31.000720,0 days 00:01:43.403198,386.0,5.0,3.0,constant,matern1.5,,0.0030527774425738,512.0,56.0,True,random,36.0,COMPLETE,
42225.0,diamonds,2.0,37.0,0.0059649590402841,2022-10-28 17:47:31.001347,2022-10-28 17:47:59.630930,0 days 00:00:28.629583,242.0,2.0,14.0,linear,rbf,,0.0022595957781303,2048.0,88.0,False,kmeans,18.0,COMPLETE,
42225.0,diamonds,2.0,38.0,0.0010543002281337,2022-10-28 17:47:59.631518,2022-10-28 17:49:22.061357,0 days 00:01:22.429839,1024.0,4.0,5.0,constant,matern0.5,,0.0050019100477704,1024.0,120.0,True,random,44.0,COMPLETE,
42225.0,diamonds,2.0,39.0,0.0010681706480681,2022-10-28 17:49:22.061972,2022-10-28 17:51:29.914912,0 days 00:02:07.852940,729.0,3.0,7.0,linear,matern1.5,,0.013251238925499,512.0,313.0,False,kmeans,40.0,COMPLETE,
42225.0,diamonds,2.0,40.0,0.0011500995606184,2022-10-28 17:51:29.915499,2022-10-28 17:53:27.700832,0 days 00:01:57.785333,557.0,4.0,9.0,constant,rbf,,0.0009981312749174,2048.0,68.0,True,random,92.0,COMPLETE,
42225.0,diamonds,2.0,41.0,0.0010452277492731,2022-10-28 17:53:27.701408,2022-10-28 17:55:04.867940,0 days 00:01:37.166532,622.0,3.0,4.0,constant,rbf,,0.0044129693386695,512.0,176.0,True,kmeans,34.0,COMPLETE,
42225.0,diamonds,2.0,42.0,0.0010635014623403,2022-10-28 17:55:04.868521,2022-10-28 17:56:34.888923,0 days 00:01:30.020402,455.0,3.0,7.0,constant,rbf,,0.0060241703421517,512.0,216.0,True,kmeans,30.0,COMPLETE,
42225.0,diamonds,2.0,43.0,0.0010530956787988,2022-10-28 17:56:34.889504,2022-10-28 17:58:02.881933,0 days 00:01:27.992429,969.0,3.0,3.0,constant,rbf,,0.01002225913941,512.0,148.0,True,kmeans,30.0,COMPLETE,
42225.0,diamonds,2.0,44.0,0.0009897602722048,2022-10-28 17:58:02.882511,2022-10-28 18:00:52.683238,0 days 00:02:49.800727,721.0,3.0,5.0,constant,rbf,,0.004001502437678,512.0,99.0,True,kmeans,67.0,COMPLETE,
42225.0,diamonds,2.0,45.0,0.0010247527388855,2022-10-28 18:00:52.683795,2022-10-28 18:02:58.104243,0 days 00:02:05.420448,837.0,4.0,2.0,constant,rbf,,0.002276656677065,512.0,92.0,True,kmeans,46.0,COMPLETE,
42225.0,diamonds,2.0,46.0,0.001128138625063,2022-10-28 18:02:58.104846,2022-10-28 18:04:13.775046,0 days 00:01:15.670200,828.0,4.0,2.0,linear,rbf,,0.0013274416560168,512.0,64.0,False,kmeans,27.0,COMPLETE,
42225.0,diamonds,2.0,47.0,0.0010178156662732,2022-10-28 18:04:13.775606,2022-10-28 18:06:23.689765,0 days 00:02:09.914159,863.0,4.0,2.0,constant,matern1.5,,0.0068034638886714,512.0,76.0,True,kmeans,45.0,COMPLETE,
42225.0,diamonds,2.0,48.0,0.0016178032383322,2022-10-28 18:06:23.690332,2022-10-28 18:07:10.377241,0 days 00:00:46.686909,864.0,5.0,2.0,constant,matern1.5,,0.0320385754968581,2048.0,92.0,True,random,27.0,COMPLETE,
42225.0,diamonds,2.0,49.0,0.0010567876743152,2022-10-28 18:07:10.377828,2022-10-28 18:08:27.754423,0 days 00:01:17.376595,758.0,4.0,3.0,constant,matern1.5,,0.0198618864907183,512.0,78.0,False,kmeans,26.0,COMPLETE,
42225.0,diamonds,2.0,50.0,0.0011955234222114,2022-10-28 18:08:27.755019,2022-10-28 18:09:29.415007,0 days 00:01:01.659988,974.0,4.0,4.0,linear,matern1.5,,0.0062652779098133,1024.0,108.0,True,kmeans,28.0,COMPLETE,
42225.0,diamonds,2.0,51.0,0.0010698060505092,2022-10-28 18:09:29.415585,2022-10-28 18:10:54.395318,0 days 00:01:24.979733,846.0,4.0,2.0,constant,matern1.5,,0.0032678474429441,512.0,66.0,True,kmeans,27.0,COMPLETE,
42225.0,diamonds,2.0,52.0,0.0010146161075681,2022-10-28 18:10:54.395913,2022-10-28 18:12:29.604165,0 days 00:01:35.208252,904.0,4.0,5.0,constant,rbf,,0.0099378538212481,512.0,91.0,True,kmeans,33.0,COMPLETE,
42225.0,diamonds,2.0,53.0,0.0010394325945526,2022-10-28 18:12:29.604740,2022-10-28 18:14:10.234888,0 days 00:01:40.630148,925.0,4.0,5.0,constant,matern1.5,,0.0102440626493724,512.0,81.0,True,kmeans,33.0,COMPLETE,
42225.0,diamonds,2.0,54.0,0.0010475951712578,2022-10-28 18:14:10.235455,2022-10-28 18:15:22.379624,0 days 00:01:12.144169,889.0,4.0,3.0,constant,matern0.5,,0.0073211135619018,512.0,103.0,True,kmeans,22.0,COMPLETE,
42225.0,diamonds,2.0,55.0,0.0010797425638884,2022-10-28 18:15:22.380194,2022-10-28 18:16:57.062424,0 days 00:01:34.682230,797.0,4.0,4.0,constant,rbf,,0.0109356468258995,512.0,1110.0,True,kmeans,15.0,COMPLETE,
42225.0,diamonds,2.0,56.0,0.001097626867704,2022-10-28 18:16:57.063014,2022-10-28 18:18:45.302751,0 days 00:01:48.239737,753.0,4.0,3.0,constant,rbf,,0.0191049572169153,512.0,781.0,True,kmeans,22.0,COMPLETE,
42225.0,diamonds,2.0,57.0,0.0010443984065204,2022-10-28 18:18:45.303325,2022-10-28 18:20:32.976655,0 days 00:01:47.673330,938.0,4.0,5.0,constant,rbf,,0.0017406955396504,512.0,57.0,False,kmeans,40.0,COMPLETE,
42225.0,diamonds,2.0,58.0,0.001120259752497,2022-10-28 18:20:32.977275,2022-10-28 18:21:36.956930,0 days 00:01:03.979655,996.0,4.0,2.0,constant,rbf,,0.0160141926379402,512.0,72.0,True,kmeans,20.0,COMPLETE,
42225.0,diamonds,2.0,59.0,0.0010629373136907,2022-10-28 18:21:36.957533,2022-10-28 18:23:30.732287,0 days 00:01:53.774754,870.0,4.0,4.0,constant,matern1.5,,0.0263505573527394,512.0,118.0,True,kmeans,37.0,COMPLETE,
42225.0,diamonds,2.0,60.0,,2022-10-28 18:23:30.732892,2022-10-28 18:24:56.111638,0 days 00:01:25.378746,950.0,5.0,5.0,constant,matern0.5,,0.0373585367343566,512.0,1268.0,True,kmeans,,FAIL,
42225.0,diamonds,3.0,0.0,0.0010307854972779,2022-10-28 18:27:17.690892,2022-10-28 18:29:11.094009,0 days 00:01:53.403117,1024.0,4.0,2.0,constant,rbf,,0.01,512.0,1000.0,False,random,30.0,COMPLETE,"{'n_max': 1024, 'n_layers': 4, 'n_out': 2, 'mean_type': 'constant', 'kernel_type': 'rbf', 'lr': 0.01, 'num_inducing': 1000, 'initialize_fe': False, 'params_minit': 'random'}"
42225.0,diamonds,3.0,1.0,0.0011470045428723,2022-10-28 18:29:11.094571,2022-10-28 18:31:33.144647,0 days 00:02:22.050076,988.0,2.0,12.0,constant,rbf,,0.0005595586509836,512.0,71.0,True,random,60.0,COMPLETE,
42225.0,diamonds,3.0,2.0,0.001679478213191,2022-10-28 18:31:33.145262,2022-10-28 18:32:50.017839,0 days 00:01:16.872577,176.0,4.0,10.0,linear,matern1.5,,0.001201647260316,2048.0,225.0,False,kmeans,46.0,COMPLETE,
42225.0,diamonds,3.0,3.0,0.0012054308317601,2022-10-28 18:32:50.018471,2022-10-28 18:38:01.898534,0 days 00:05:11.880063,517.0,2.0,5.0,linear,matern0.5,,0.0002593500873654,2048.0,122.0,True,kmeans,225.0,COMPLETE,
42225.0,diamonds,3.0,4.0,0.0012966315262019,2022-10-28 18:38:01.899146,2022-10-28 18:39:13.328076,0 days 00:01:11.428930,77.0,3.0,14.0,linear,matern1.5,,0.069764665222252,512.0,71.0,True,kmeans,23.0,COMPLETE,
42225.0,diamonds,3.0,5.0,0.00109886797145,2022-10-28 18:39:13.328648,2022-10-28 18:41:28.473767,0 days 00:02:15.145119,949.0,4.0,12.0,linear,matern0.5,,0.000352250920545,1024.0,262.0,False,random,76.0,COMPLETE,
42225.0,diamonds,3.0,6.0,0.0020074285566806,2022-10-28 18:41:28.474328,2022-10-28 18:41:55.290444,0 days 00:00:26.816116,328.0,5.0,13.0,constant,matern1.5,,0.0218968310736132,2048.0,321.0,True,kmeans,9.0,COMPLETE,
42225.0,diamonds,3.0,7.0,0.0010371417738497,2022-10-28 18:41:55.291033,2022-10-28 18:43:18.142828,0 days 00:01:22.851795,324.0,5.0,2.0,constant,matern0.5,,0.0028019031102019,1024.0,194.0,True,kmeans,39.0,COMPLETE,
42225.0,diamonds,3.0,8.0,0.0015223980881273,2022-10-28 18:43:18.143439,2022-10-28 18:44:07.193580,0 days 00:00:49.050141,631.0,4.0,8.0,constant,matern1.5,,0.0545398831155193,1024.0,137.0,True,kmeans,21.0,COMPLETE,
42225.0,diamonds,3.0,9.0,0.0012133116833865,2022-10-28 18:44:07.194146,2022-10-28 18:46:21.020707,0 days 00:02:13.826561,726.0,5.0,18.0,linear,rbf,,0.0276747936819456,512.0,827.0,False,kmeans,28.0,COMPLETE,
42225.0,diamonds,3.0,10.0,0.0011096643283963,2022-10-28 18:46:21.021371,2022-10-28 18:48:07.241303,0 days 00:01:46.219932,817.0,3.0,2.0,constant,rbf,,0.0075188456821835,512.0,1833.0,False,random,17.0,COMPLETE,
42225.0,diamonds,3.0,11.0,0.001017635455355,2022-10-28 18:48:07.241899,2022-10-28 18:49:44.193635,0 days 00:01:36.951736,460.0,5.0,2.0,constant,matern0.5,,0.0039467892084932,1024.0,621.0,False,random,47.0,COMPLETE,
42225.0,diamonds,3.0,12.0,0.0011319590266793,2022-10-28 18:49:44.194207,2022-10-28 18:50:24.363171,0 days 00:00:40.168964,471.0,5.0,6.0,constant,matern0.5,,0.0061286908375311,1024.0,645.0,False,random,16.0,COMPLETE,
42225.0,diamonds,3.0,13.0,0.0014576308894902,2022-10-28 18:50:24.363746,2022-10-28 18:56:15.693441,0 days 00:05:51.329695,391.0,4.0,5.0,constant,rbf,,0.0001012098550794,1024.0,854.0,False,random,179.0,COMPLETE,
42225.0,diamonds,3.0,14.0,0.0010423918720334,2022-10-28 18:56:15.694020,2022-10-28 18:58:02.351143,0 days 00:01:46.657123,644.0,3.0,3.0,constant,matern0.5,,0.0090354821149094,512.0,1690.0,False,random,18.0,COMPLETE,
42225.0,diamonds,3.0,15.0,0.0009912428213283,2022-10-28 18:58:02.351718,2022-10-28 18:59:56.954538,0 days 00:01:54.602820,838.0,5.0,8.0,constant,rbf,,0.0021964416925185,512.0,502.0,False,random,38.0,COMPLETE,
42225.0,diamonds,3.0,16.0,0.0010919321794062,2022-10-28 18:59:56.955103,2022-10-28 19:00:59.974906,0 days 00:01:03.019803,836.0,5.0,8.0,constant,rbf,,0.0023866174725338,1024.0,441.0,False,random,31.0,COMPLETE,
42225.0,diamonds,3.0,17.0,0.0010947809787467,2022-10-28 19:00:59.975467,2022-10-28 19:02:00.442240,0 days 00:01:00.466773,617.0,5.0,16.0,constant,matern0.5,,0.0010525724791352,1024.0,497.0,False,random,29.0,COMPLETE,
42225.0,diamonds,3.0,18.0,0.0009866703767329,2022-10-28 19:02:00.442836,2022-10-28 19:04:32.683424,0 days 00:02:32.240588,819.0,5.0,9.0,constant,matern0.5,,0.0014435926440764,512.0,1264.0,False,random,35.0,COMPLETE,
42225.0,diamonds,3.0,19.0,0.0010292225051671,2022-10-28 19:04:32.684002,2022-10-28 19:06:55.666381,0 days 00:02:22.982379,861.0,4.0,9.0,constant,rbf,,0.0012634283833756,512.0,1267.0,False,random,34.0,COMPLETE,
42225.0,diamonds,3.0,20.0,0.0010038740001618,2022-10-28 19:06:55.666960,2022-10-28 19:11:22.565619,0 days 00:04:26.898659,744.0,5.0,7.0,constant,rbf,,0.0006255913302331,512.0,1390.0,False,random,62.0,COMPLETE,
42225.0,diamonds,3.0,21.0,0.0010769893415272,2022-10-28 19:11:22.566186,2022-10-28 19:14:20.119000,0 days 00:02:57.552814,731.0,5.0,7.0,constant,rbf,,0.0006636216063914,512.0,1228.0,False,random,43.0,COMPLETE,
42225.0,diamonds,3.0,22.0,0.001074640196748,2022-10-28 19:14:20.119587,2022-10-28 19:16:39.097141,0 days 00:02:18.977554,765.0,5.0,10.0,constant,rbf,,0.002026373645605,512.0,1275.0,False,random,32.0,COMPLETE,
42225.0,diamonds,3.0,23.0,0.0011140841525048,2022-10-28 19:16:39.097701,2022-10-28 19:23:03.417910,0 days 00:06:24.320209,853.0,5.0,5.0,constant,rbf,,0.0001682823547977,512.0,1982.0,False,random,72.0,COMPLETE,
42225.0,diamonds,3.0,24.0,0.0010330355726182,2022-10-28 19:23:03.418484,2022-10-28 19:25:34.513551,0 days 00:02:31.095067,940.0,4.0,10.0,constant,rbf,,0.0004853965013565,512.0,375.0,False,random,55.0,COMPLETE,
42225.0,diamonds,3.0,25.0,0.0010237871902063,2022-10-28 19:25:34.514156,2022-10-28 19:27:26.625047,0 days 00:01:52.110891,675.0,5.0,7.0,constant,matern0.5,,0.0008867225732803,512.0,627.0,False,random,33.0,COMPLETE,
42225.0,diamonds,3.0,26.0,0.0010363881010562,2022-10-28 19:27:26.625608,2022-10-28 19:29:40.345313,0 days 00:02:13.719705,896.0,4.0,20.0,constant,rbf,,0.0015770335894683,512.0,928.0,False,random,38.0,COMPLETE,
42225.0,diamonds,3.0,27.0,0.0012091267853975,2022-10-28 19:29:40.345877,2022-10-28 19:31:42.553713,0 days 00:02:02.207836,771.0,5.0,4.0,linear,matern1.5,,0.0041882739678369,2048.0,1502.0,False,random,53.0,COMPLETE,
42225.0,diamonds,3.0,28.0,0.0010822659824043,2022-10-28 19:31:42.554321,2022-10-28 19:36:30.796269,0 days 00:04:48.241948,568.0,3.0,8.0,constant,rbf,,0.0002672157216747,512.0,711.0,False,random,98.0,COMPLETE,
42225.0,diamonds,3.0,29.0,0.0010474977316334,2022-10-28 19:36:30.796844,2022-10-28 19:37:56.834685,0 days 00:01:26.037841,1005.0,4.0,15.0,constant,matern0.5,,0.004961669745541,512.0,1077.0,False,random,19.0,COMPLETE,
42225.0,diamonds,3.0,30.0,0.0012370645999908,2022-10-28 19:37:56.835260,2022-10-28 19:38:36.346100,0 days 00:00:39.510840,693.0,5.0,11.0,constant,rbf,,0.0187359346009996,512.0,487.0,False,random,10.0,COMPLETE,
42225.0,diamonds,3.0,31.0,0.0010351517703384,2022-10-28 19:38:36.346699,2022-10-28 19:39:50.378895,0 days 00:01:14.032196,498.0,5.0,6.0,constant,matern0.5,,0.0034251956745959,1024.0,597.0,False,random,35.0,COMPLETE,
42225.0,diamonds,3.0,32.0,0.0010778916766867,2022-10-28 19:39:50.379471,2022-10-28 19:41:06.114225,0 days 00:01:15.734754,421.0,5.0,4.0,constant,matern0.5,,0.0121774448901712,512.0,948.0,False,random,18.0,COMPLETE,
42225.0,diamonds,3.0,33.0,0.0011470217723399,2022-10-28 19:41:06.114824,2022-10-28 19:42:43.377019,0 days 00:01:37.262195,578.0,5.0,9.0,constant,matern0.5,,0.0018431927652873,2048.0,1460.0,False,random,43.0,COMPLETE,
42225.0,diamonds,3.0,34.0,0.0009974007261916,2022-10-28 19:42:43.377595,2022-10-28 19:46:29.489758,0 days 00:03:46.112163,891.0,2.0,11.0,constant,matern0.5,,0.0007107371302122,512.0,375.0,True,random,87.0,COMPLETE,
42225.0,diamonds,3.0,35.0,0.0011282878695055,2022-10-28 19:46:29.490313,2022-10-28 19:48:29.283390,0 days 00:01:59.793077,957.0,2.0,12.0,linear,matern0.5,,0.0007039249104752,512.0,191.0,True,random,45.0,COMPLETE,
42225.0,diamonds,3.0,36.0,0.0010542161762714,2022-10-28 19:48:29.283962,2022-10-28 19:53:51.945081,0 days 00:05:22.661119,910.0,2.0,10.0,constant,matern1.5,,0.0003787087526404,512.0,279.0,True,random,127.0,COMPLETE,
42225.0,diamonds,3.0,37.0,0.0010347898351028,2022-10-28 19:53:51.945638,2022-10-28 19:57:47.042961,0 days 00:03:55.097323,793.0,2.0,12.0,linear,matern0.5,,0.0008165431821516,512.0,377.0,True,kmeans,77.0,COMPLETE,
42225.0,diamonds,3.0,38.0,0.0012234651949256,2022-10-28 19:57:47.043518,2022-10-28 20:00:06.769590,0 days 00:02:19.726072,888.0,3.0,11.0,constant,rbf,,0.000523397247504,2048.0,100.0,True,random,110.0,COMPLETE,
42225.0,diamonds,3.0,39.0,0.0012888128403574,2022-10-28 20:00:06.770184,2022-10-28 20:01:18.725190,0 days 00:01:11.955006,1023.0,2.0,13.0,linear,matern1.5,,0.0012506637484977,512.0,226.0,True,kmeans,21.0,COMPLETE,
42225.0,diamonds,3.0,40.0,0.0010482312645763,2022-10-28 20:01:18.725741,2022-10-28 20:04:52.936681,0 days 00:03:34.210940,731.0,4.0,7.0,constant,matern0.5,,0.0001911614909596,512.0,155.0,True,random,81.0,COMPLETE,
42225.0,diamonds,3.0,41.0,0.0010432854760438,2022-10-28 20:04:52.937320,2022-10-28 20:06:18.023132,0 days 00:01:25.085812,283.0,5.0,9.0,constant,matern0.5,,0.0034402306409749,1024.0,358.0,True,random,44.0,COMPLETE,
42225.0,diamonds,3.0,42.0,0.001027726335451,2022-10-28 20:06:18.023707,2022-10-28 20:08:12.891493,0 days 00:01:54.867786,182.0,5.0,6.0,constant,matern0.5,,0.0015311283674338,512.0,755.0,False,random,33.0,COMPLETE,
42225.0,diamonds,3.0,43.0,0.0010389977833256,2022-10-28 20:08:12.892076,2022-10-28 20:09:17.984692,0 days 00:01:05.092616,801.0,4.0,13.0,constant,matern0.5,,0.0025795191105694,1024.0,526.0,False,random,31.0,COMPLETE,
42225.0,diamonds,3.0,44.0,0.0011832271702587,2022-10-28 20:09:17.985305,2022-10-28 20:15:02.812086,0 days 00:05:44.826781,443.0,5.0,3.0,constant,matern0.5,,0.0003610471636225,2048.0,1114.0,True,kmeans,115.0,COMPLETE,
42225.0,diamonds,3.0,45.0,0.0010184624698013,2022-10-28 20:15:02.812664,2022-10-28 20:17:02.489992,0 days 00:01:59.677328,962.0,4.0,8.0,constant,matern0.5,,0.0010160272792135,512.0,431.0,False,random,39.0,COMPLETE,
42225.0,diamonds,3.0,46.0,0.0011226088972762,2022-10-28 20:17:02.490579,2022-10-28 20:17:54.003173,0 days 00:00:51.512594,365.0,3.0,11.0,constant,rbf,,0.0117885236214441,1024.0,51.0,False,random,31.0,COMPLETE,
42225.0,diamonds,3.0,47.0,0.0011493922211229,2022-10-28 20:17:54.003779,2022-10-28 20:18:36.934604,0 days 00:00:42.930825,552.0,5.0,9.0,constant,matern0.5,,0.0051793620980769,512.0,297.0,True,random,10.0,COMPLETE,
42225.0,diamonds,3.0,48.0,0.0010909873526543,2022-10-28 20:18:36.935181,2022-10-28 20:21:14.095229,0 days 00:02:37.160048,839.0,5.0,2.0,linear,matern1.5,,0.0020478983495001,1024.0,770.0,False,kmeans,49.0,COMPLETE,
42225.0,diamonds,3.0,49.0,0.0010106279514729,2022-10-28 20:21:14.095799,2022-10-28 20:26:40.991897,0 days 00:05:26.896098,692.0,4.0,14.0,constant,rbf,,0.0005605408584583,512.0,1594.0,False,random,71.0,COMPLETE,
42225.0,diamonds,3.0,50.0,0.0010388721711933,2022-10-28 20:26:40.992467,2022-10-28 20:32:56.447166,0 days 00:06:15.454699,685.0,3.0,16.0,constant,rbf,,0.0004594430695607,512.0,1638.0,False,random,81.0,COMPLETE,
42225.0,diamonds,3.0,51.0,0.0010107802227139,2022-10-28 20:32:56.447745,2022-10-28 20:37:40.802995,0 days 00:04:44.355250,608.0,5.0,14.0,constant,rbf,,0.0006437171929578,512.0,1349.0,False,random,67.0,COMPLETE,
42225.0,diamonds,3.0,52.0,0.0010307854972779,2022-10-28 20:37:40.803557,2022-10-28 20:43:00.778588,0 days 00:05:19.975031,752.0,4.0,14.0,constant,rbf,,0.0002569820808808,512.0,1458.0,False,random,74.0,COMPLETE,
42225.0,diamonds,3.0,53.0,0.001006141770631,2022-10-28 20:43:00.779188,2022-10-28 20:48:43.489398,0 days 00:05:42.710210,600.0,5.0,15.0,constant,rbf,,0.0006991172676269,512.0,1915.0,False,random,63.0,COMPLETE,
42225.0,diamonds,3.0,54.0,0.0010056004393845,2022-10-28 20:48:43.489977,2022-10-28 20:54:10.286880,0 days 00:05:26.796903,656.0,5.0,15.0,constant,rbf,,0.0008037096139052,512.0,1998.0,False,random,61.0,COMPLETE,
42225.0,diamonds,3.0,55.0,0.0015400922857224,2022-10-28 20:54:10.287450,2022-10-28 20:55:26.540907,0 days 00:01:16.253457,640.0,5.0,17.0,constant,rbf,,0.0994336350028507,512.0,1934.0,False,random,11.0,COMPLETE,
42225.0,diamonds,3.0,56.0,0.0010638914536684,2022-10-28 20:55:26.541498,2022-10-28 20:58:15.884699,0 days 00:02:49.343201,526.0,5.0,18.0,constant,rbf,,0.0014469992251646,512.0,1806.0,False,random,30.0,COMPLETE,
42225.0,diamonds,3.0,57.0,0.0010127874556928,2022-10-28 20:58:15.885315,2022-10-28 21:01:51.390147,0 days 00:03:35.504832,814.0,5.0,15.0,constant,rbf,,0.0011865087934617,512.0,1131.0,False,random,55.0,COMPLETE,
42225.0,diamonds,3.0,58.0,0.0010723320301622,2022-10-28 21:01:51.390746,2022-10-28 21:05:35.492752,0 days 00:03:44.102006,889.0,5.0,18.0,constant,rbf,,0.0007723094488676,512.0,1732.0,True,kmeans,29.0,COMPLETE,
42225.0,diamonds,3.0,59.0,0.0010072496952489,2022-10-28 21:05:35.493370,2022-10-28 21:08:46.446935,0 days 00:03:10.953565,660.0,5.0,12.0,constant,rbf,,0.0009895270078288,512.0,972.0,False,random,54.0,COMPLETE,
42225.0,diamonds,3.0,60.0,0.0010342374444007,2022-10-28 21:08:46.447516,2022-10-28 21:13:52.399374,0 days 00:05:05.951858,717.0,5.0,10.0,linear,rbf,,0.0002546662370687,512.0,1965.0,False,random,57.0,COMPLETE,
42225.0,diamonds,3.0,61.0,0.0009848456829786,2022-10-28 21:13:52.399965,2022-10-28 21:16:49.104404,0 days 00:02:56.704439,603.0,5.0,13.0,constant,rbf,,0.0010371044768248,512.0,1007.0,False,random,50.0,COMPLETE,
42225.0,diamonds,3.0,62.0,0.0011088708415627,2022-10-28 21:16:49.104995,2022-10-28 21:18:52.980737,0 days 00:02:03.875742,610.0,5.0,15.0,constant,rbf,,0.0018617524616969,512.0,1246.0,False,random,29.0,COMPLETE,
42225.0,diamonds,3.0,63.0,0.0010011142585426,2022-10-28 21:18:52.981368,2022-10-28 21:24:47.344370,0 days 00:05:54.363002,785.0,5.0,13.0,constant,rbf,,0.0004493153480635,512.0,1394.0,False,random,83.0,COMPLETE,
42225.0,diamonds,3.0,64.0,0.0010075971949845,2022-10-28 21:24:47.344964,2022-10-28 21:29:15.295831,0 days 00:04:27.950867,780.0,5.0,13.0,constant,rbf,,0.0003196041688949,512.0,882.0,False,random,81.0,COMPLETE,
42225.0,diamonds,3.0,65.0,0.0009989956161007,2022-10-28 21:29:15.296424,2022-10-28 21:32:59.693441,0 days 00:03:44.397017,927.0,5.0,13.0,constant,rbf,,0.0004014105495992,512.0,1057.0,False,random,59.0,COMPLETE,
42225.0,diamonds,3.0,66.0,0.0012908647768199,2022-10-28 21:32:59.694015,2022-10-28 21:37:52.210874,0 days 00:04:52.516859,926.0,5.0,11.0,constant,rbf,,0.0001353294689463,2048.0,1109.0,False,random,163.0,COMPLETE,
42225.0,diamonds,3.0,67.0,0.0010507961269468,2022-10-28 21:37:52.211445,2022-10-28 21:40:48.054311,0 days 00:02:55.842866,882.0,5.0,7.0,constant,rbf,,0.0004032090232054,512.0,560.0,False,random,59.0,COMPLETE,
42225.0,diamonds,3.0,68.0,0.0010532533051446,2022-10-28 21:40:48.054893,2022-10-28 21:42:40.192377,0 days 00:01:52.137484,859.0,5.0,13.0,constant,matern1.5,,0.0005713093552311,512.0,826.0,False,random,29.0,COMPLETE,
42225.0,diamonds,3.0,69.0,0.0010231777559965,2022-10-28 21:42:40.192966,2022-10-28 21:45:19.433666,0 days 00:02:39.240700,831.0,5.0,12.0,constant,rbf,,0.0028445339899478,512.0,1061.0,False,random,41.0,COMPLETE,
42225.0,diamonds,3.0,70.0,0.0011031243484467,2022-10-28 21:45:19.434237,2022-10-28 21:53:02.105772,0 days 00:07:42.671535,960.0,2.0,8.0,constant,rbf,,0.0002968930655825,512.0,971.0,True,random,149.0,COMPLETE,
42225.0,diamonds,3.0,71.0,0.0010276110842823,2022-10-28 21:53:02.106407,2022-10-28 21:57:34.236478,0 days 00:04:32.130071,757.0,5.0,16.0,constant,rbf,,0.0004353518264257,512.0,1429.0,False,random,61.0,COMPLETE,
42225.0,diamonds,3.0,72.0,0.0009879297576844,2022-10-28 21:57:34.237111,2022-10-28 22:01:36.605699,0 days 00:04:02.368588,709.0,5.0,10.0,constant,rbf,,0.0008295316479292,512.0,1291.0,False,random,57.0,COMPLETE,
42225.0,diamonds,3.0,73.0,0.0010208813473582,2022-10-28 22:01:36.606301,2022-10-28 22:04:15.937411,0 days 00:02:39.331110,984.0,5.0,10.0,constant,rbf,,0.0012071993290488,512.0,1218.0,False,random,37.0,COMPLETE,
42225.0,diamonds,3.0,74.0,0.0010068092960864,2022-10-28 22:04:15.938001,2022-10-28 22:07:17.617287,0 days 00:03:01.679286,720.0,5.0,11.0,constant,rbf,,0.0008904143907836,512.0,693.0,False,random,57.0,COMPLETE,
42225.0,diamonds,3.0,75.0,0.0010118416976183,2022-10-28 22:07:17.617869,2022-10-28 22:14:11.507546,0 days 00:06:53.889677,920.0,5.0,9.0,constant,rbf,,0.0001979358344978,512.0,1339.0,False,random,98.0,COMPLETE,
42225.0,diamonds,3.0,76.0,0.0010165682760998,2022-10-28 22:14:11.508154,2022-10-28 22:16:00.486899,0 days 00:01:48.978745,811.0,5.0,12.0,constant,rbf,,0.0014518176741143,512.0,436.0,False,random,37.0,COMPLETE,
42225.0,diamonds,3.0,77.0,0.0015839957632124,2022-10-28 22:16:00.487479,2022-10-28 22:20:12.586883,0 days 00:04:12.099404,850.0,5.0,8.0,linear,matern0.5,,0.0005975599981936,2048.0,1555.0,False,kmeans,63.0,COMPLETE,
42225.0,diamonds,3.0,78.0,0.0010330314980819,2022-10-28 22:20:12.587460,2022-10-28 22:22:20.091387,0 days 00:02:07.503927,749.0,5.0,7.0,constant,rbf,,0.0022332528256913,512.0,1211.0,True,random,29.0,COMPLETE,
42225.0,diamonds,3.0,79.0,0.0010490730637684,2022-10-28 22:22:20.091981,2022-10-28 22:23:36.224957,0 days 00:01:16.132976,871.0,4.0,9.0,constant,matern1.5,,0.0009988477214679,512.0,247.0,False,random,25.0,COMPLETE,
42225.0,diamonds,3.0,80.0,0.0010348630603402,2022-10-28 22:23:36.225540,2022-10-28 22:25:05.150422,0 days 00:01:28.924882,802.0,4.0,10.0,constant,matern0.5,,0.0016744650546572,512.0,1025.0,False,random,21.0,COMPLETE,
42225.0,diamonds,3.0,81.0,0.001042268006131,2022-10-28 22:25:05.151012,2022-10-28 22:27:52.990610,0 days 00:02:47.839598,667.0,5.0,14.0,constant,rbf,,0.0008502252995037,512.0,1659.0,False,random,32.0,COMPLETE,
42225.0,diamonds,3.0,82.0,0.0010014716535806,2022-10-28 22:27:52.991198,2022-10-28 22:32:43.437279,0 days 00:04:50.446081,783.0,5.0,11.0,constant,rbf,,0.0004795425348661,512.0,1367.0,False,random,67.0,COMPLETE,
42225.0,diamonds,3.0,83.0,0.0010277610272169,2022-10-28 22:32:43.437858,2022-10-28 22:36:21.567918,0 days 00:03:38.130060,705.0,5.0,11.0,constant,rbf,,0.0004207028127477,512.0,820.0,False,random,67.0,COMPLETE,
42225.0,diamonds,3.0,84.0,0.0011084633879363,2022-10-28 22:36:21.568502,2022-10-28 22:38:51.301014,0 days 00:02:29.732512,772.0,3.0,6.0,constant,rbf,,0.0003204644027755,512.0,322.0,False,random,58.0,COMPLETE,
42225.0,diamonds,3.0,85.0,0.0010204697027802,2022-10-28 22:38:51.301605,2022-10-28 22:42:48.303695,0 days 00:03:57.002090,828.0,5.0,13.0,constant,rbf,,0.0004960880472208,512.0,1354.0,False,random,54.0,COMPLETE,
42225.0,diamonds,3.0,86.0,0.0010278307599946,2022-10-28 22:42:48.304326,2022-10-28 22:45:32.347340,0 days 00:02:44.043014,739.0,5.0,11.0,constant,matern0.5,,0.0006638128186387,512.0,901.0,True,random,43.0,COMPLETE,
42225.0,diamonds,3.0,87.0,0.0010096150217577,2022-10-28 22:45:32.347930,2022-10-28 22:49:02.398722,0 days 00:03:30.050792,788.0,5.0,9.0,constant,rbf,,0.0010713461172179,512.0,1171.0,False,random,52.0,COMPLETE,
42225.0,diamonds,3.0,88.0,0.0011445088312029,2022-10-28 22:49:02.399311,2022-10-28 22:52:08.142671,0 days 00:03:05.743360,899.0,5.0,12.0,linear,rbf,,0.0005238613168431,512.0,1459.0,False,random,38.0,COMPLETE,
42225.0,diamonds,3.0,89.0,0.0012280521914362,2022-10-28 22:52:08.143270,2022-10-28 22:55:00.423158,0 days 00:02:52.279888,936.0,2.0,10.0,constant,matern0.5,,0.0002186353673155,2048.0,480.0,False,random,127.0,COMPLETE,
42225.0,diamonds,3.0,90.0,0.0009948081569746,2022-10-28 22:55:00.423754,2022-10-28 22:58:13.319874,0 days 00:03:12.896120,847.0,5.0,13.0,constant,rbf,,0.0007443470914078,512.0,399.0,False,kmeans,59.0,COMPLETE,
42225.0,diamonds,3.0,91.0,0.0009801650885492,2022-10-28 22:58:13.320491,2022-10-28 23:01:45.054099,0 days 00:03:31.733608,856.0,5.0,14.0,constant,rbf,,0.000744841514944,512.0,392.0,False,kmeans,65.0,COMPLETE,
42225.0,diamonds,3.0,92.0,0.0009886051993817,2022-10-28 23:01:45.054708,2022-10-28 23:04:48.688578,0 days 00:03:03.633870,863.0,5.0,14.0,constant,rbf,,0.0007381846917957,512.0,396.0,False,kmeans,56.0,COMPLETE,
42225.0,diamonds,3.0,93.0,0.0010685240849852,2022-10-28 23:04:48.689217,2022-10-28 23:06:37.112727,0 days 00:01:48.423510,866.0,5.0,13.0,constant,rbf,,0.0014128153712331,512.0,395.0,False,kmeans,31.0,COMPLETE,
42225.0,diamonds,3.0,94.0,0.0010066486429423,2022-10-28 23:06:37.113354,2022-10-28 23:09:38.259025,0 days 00:03:01.145671,981.0,5.0,14.0,constant,rbf,,0.0007827281190623,512.0,312.0,False,kmeans,58.0,COMPLETE,
42225.0,diamonds,3.0,95.0,0.0009984140051528,2022-10-28 23:09:38.259616,2022-10-28 23:11:57.717071,0 days 00:02:19.457455,844.0,5.0,14.0,constant,rbf,,0.00118668706944,512.0,351.0,False,kmeans,43.0,COMPLETE,
42225.0,diamonds,3.0,96.0,0.0009844307787716,2022-10-28 23:11:57.717645,2022-10-28 23:14:50.984885,0 days 00:02:53.267240,913.0,5.0,14.0,constant,rbf,,0.0011469738718143,512.0,398.0,True,kmeans,51.0,COMPLETE,
42225.0,diamonds,3.0,97.0,0.0010588126024231,2022-10-28 23:14:50.985482,2022-10-28 23:16:37.936986,0 days 00:01:46.951504,906.0,5.0,14.0,constant,rbf,,0.0012677261646788,512.0,341.0,True,kmeans,30.0,COMPLETE,
42225.0,diamonds,3.0,98.0,0.0010910959681496,2022-10-28 23:16:37.937577,2022-10-28 23:18:00.075026,0 days 00:01:22.137449,834.0,5.0,15.0,constant,matern1.5,,0.0018093377282711,1024.0,395.0,True,kmeans,31.0,COMPLETE,
42225.0,diamonds,3.0,99.0,0.0010227046441286,2022-10-28 23:18:00.075624,2022-10-28 23:20:00.603592,0 days 00:02:00.527968,876.0,5.0,16.0,constant,matern0.5,,0.0010697503328738,512.0,266.0,True,kmeans,35.0,COMPLETE,
42225.0,diamonds,4.0,0.0,0.0010579647496342,2022-10-28 23:25:11.671250,2022-10-28 23:26:39.681260,0 days 00:01:28.010010,1024.0,4.0,2.0,constant,rbf,,0.01,512.0,1000.0,False,random,22.0,COMPLETE,"{'n_max': 1024, 'n_layers': 4, 'n_out': 2, 'mean_type': 'constant', 'kernel_type': 'rbf', 'lr': 0.01, 'num_inducing': 1000, 'initialize_fe': False, 'params_minit': 'random'}"
42225.0,diamonds,4.0,1.0,0.0013189349556341,2022-10-28 23:26:39.681838,2022-10-28 23:30:49.907330,0 days 00:04:10.225492,869.0,2.0,10.0,linear,matern1.5,,0.0001091234749893,512.0,589.0,False,random,86.0,COMPLETE,
42225.0,diamonds,4.0,2.0,0.003136878600344,2022-10-28 23:30:49.907900,2022-10-28 23:33:11.438286,0 days 00:02:21.530386,241.0,4.0,2.0,linear,rbf,,0.0003840957160365,2048.0,183.0,True,kmeans,94.0,COMPLETE,
42225.0,diamonds,4.0,3.0,0.0011345444945618,2022-10-28 23:33:11.438885,2022-10-28 23:34:22.519425,0 days 00:01:11.080540,84.0,5.0,15.0,constant,rbf,,0.0032618917732854,1024.0,53.0,False,kmeans,41.0,COMPLETE,
42225.0,diamonds,4.0,4.0,0.0011169809149578,2022-10-28 23:34:22.520069,2022-10-28 23:35:42.408217,0 days 00:01:19.888148,848.0,2.0,5.0,constant,matern0.5,,0.0287859753800635,512.0,1085.0,False,random,19.0,COMPLETE,
42225.0,diamonds,4.0,5.0,0.0011177619453519,2022-10-28 23:35:42.408826,2022-10-28 23:38:00.951730,0 days 00:02:18.542904,927.0,2.0,8.0,linear,matern1.5,,0.0019132215979505,512.0,1366.0,False,random,30.0,COMPLETE,
42225.0,diamonds,4.0,6.0,0.0011748822871595,2022-10-28 23:38:00.952327,2022-10-28 23:39:01.881300,0 days 00:01:00.928973,510.0,5.0,6.0,linear,matern0.5,,0.0056726369378277,1024.0,191.0,False,random,32.0,COMPLETE,
42225.0,diamonds,4.0,7.0,0.0030587194487452,2022-10-28 23:39:01.881893,2022-10-28 23:39:34.070099,0 days 00:00:32.188206,829.0,3.0,13.0,linear,matern1.5,,0.0189081198969538,2048.0,561.0,True,kmeans,9.0,COMPLETE,
42225.0,diamonds,4.0,8.0,0.0011670673266053,2022-10-28 23:39:34.070704,2022-10-28 23:40:15.632491,0 days 00:00:41.561787,250.0,3.0,4.0,constant,rbf,,0.0211456630107376,1024.0,91.0,False,random,24.0,COMPLETE,
42225.0,diamonds,4.0,9.0,0.0010965986875817,2022-10-28 23:40:15.633093,2022-10-28 23:45:02.167151,0 days 00:04:46.534058,272.0,5.0,12.0,constant,matern0.5,,0.000154781978072,1024.0,108.0,False,kmeans,165.0,COMPLETE,
42225.0,diamonds,4.0,10.0,0.0010595023632049,2022-10-28 23:45:02.167751,2022-10-28 23:47:22.971298,0 days 00:02:20.803547,643.0,4.0,20.0,constant,rbf,,0.0008712029497153,512.0,583.0,True,random,45.0,COMPLETE,
42225.0,diamonds,4.0,11.0,0.001091927406378,2022-10-28 23:47:22.971877,2022-10-28 23:49:09.978450,0 days 00:01:47.006573,585.0,4.0,20.0,constant,rbf,,0.0009869867260407,512.0,522.0,True,random,34.0,COMPLETE,
42225.0,diamonds,4.0,12.0,0.0019407658837735,2022-10-28 23:49:09.979052,2022-10-28 23:49:58.026744,0 days 00:00:48.047692,604.0,4.0,20.0,constant,rbf,,0.0780172050148537,512.0,1988.0,True,random,4.0,COMPLETE,
42225.0,diamonds,4.0,13.0,0.0011314896401017,2022-10-28 23:49:58.027314,2022-10-28 23:52:12.177207,0 days 00:02:14.149893,714.0,4.0,16.0,constant,rbf,,0.0007289428644215,512.0,914.0,True,random,37.0,COMPLETE,
42225.0,diamonds,4.0,14.0,0.0010554569307714,2022-10-28 23:52:12.177783,2022-10-28 23:53:27.160480,0 days 00:01:14.982697,1016.0,3.0,16.0,constant,rbf,,0.0091629589034305,512.0,300.0,True,random,25.0,COMPLETE,
42225.0,diamonds,4.0,15.0,0.0010974260512739,2022-10-28 23:53:27.161111,2022-10-28 23:54:13.885911,0 days 00:00:46.724800,1022.0,3.0,16.0,constant,rbf,,0.007790727377884,512.0,317.0,True,random,13.0,COMPLETE,
42225.0,diamonds,4.0,16.0,0.0012501470046117,2022-10-28 23:54:13.886467,2022-10-28 23:54:56.452238,0 days 00:00:42.565771,998.0,3.0,9.0,constant,rbf,,0.00933414087999,2048.0,299.0,False,random,29.0,COMPLETE,
42225.0,diamonds,4.0,17.0,0.0013791383244097,2022-10-28 23:54:56.452821,2022-10-28 23:55:28.417730,0 days 00:00:31.964909,744.0,3.0,14.0,constant,rbf,,0.0463649665122048,512.0,336.0,True,random,7.0,COMPLETE,
42225.0,diamonds,4.0,18.0,0.0010560003574937,2022-10-28 23:55:28.418301,2022-10-28 23:57:09.745009,0 days 00:01:41.326708,476.0,3.0,18.0,constant,matern1.5,,0.0034187222571349,512.0,181.0,False,kmeans,34.0,COMPLETE,
42225.0,diamonds,4.0,19.0,0.001173133496195,2022-10-28 23:57:09.745588,2022-10-28 23:58:21.729923,0 days 00:01:11.984335,450.0,2.0,18.0,constant,matern1.5,,0.0027474365175692,2048.0,185.0,True,kmeans,43.0,COMPLETE,
42225.0,diamonds,4.0,20.0,0.0010210985783487,2022-10-28 23:58:21.730506,2022-10-29 00:00:07.638511,0 days 00:01:45.908005,415.0,3.0,18.0,constant,matern1.5,,0.0041589421012304,512.0,121.0,True,kmeans,36.0,COMPLETE,
42225.0,diamonds,4.0,21.0,0.0010997673962265,2022-10-29 00:00:07.639082,2022-10-29 00:01:05.859190,0 days 00:00:58.220108,409.0,3.0,18.0,constant,matern1.5,,0.004504289533471,512.0,114.0,True,kmeans,17.0,COMPLETE,
42225.0,diamonds,4.0,22.0,0.0010448489338159,2022-10-29 00:01:05.859749,2022-10-29 00:02:44.519729,0 days 00:01:38.659980,355.0,3.0,18.0,constant,matern1.5,,0.0023709645413196,512.0,64.0,True,kmeans,35.0,COMPLETE,
42225.0,diamonds,4.0,23.0,0.0010980768129229,2022-10-29 00:02:44.520324,2022-10-29 00:03:40.579117,0 days 00:00:56.058793,356.0,3.0,17.0,constant,matern1.5,,0.0018367582933447,512.0,52.0,True,kmeans,17.0,COMPLETE,
42225.0,diamonds,4.0,24.0,0.0010979076614603,2022-10-29 00:03:40.579719,2022-10-29 00:04:52.884826,0 days 00:01:12.305107,148.0,2.0,14.0,constant,matern1.5,,0.0150520040676844,512.0,75.0,True,kmeans,24.0,COMPLETE,
42225.0,diamonds,4.0,25.0,0.0010378166334703,2022-10-29 00:04:52.885395,2022-10-29 00:07:17.582413,0 days 00:02:24.697018,386.0,3.0,18.0,constant,matern1.5,,0.001530795322583,512.0,72.0,True,kmeans,53.0,COMPLETE,
42225.0,diamonds,4.0,26.0,0.0010745769832283,2022-10-29 00:07:17.583006,2022-10-29 00:11:06.579611,0 days 00:03:48.996605,356.0,3.0,19.0,constant,matern1.5,,0.0003934881951116,512.0,71.0,True,kmeans,89.0,COMPLETE,
42225.0,diamonds,4.0,27.0,0.0012297495268285,2022-10-29 00:11:06.580188,2022-10-29 00:12:41.943924,0 days 00:01:35.363736,334.0,2.0,11.0,linear,matern1.5,,0.0016320547474696,1024.0,133.0,True,kmeans,50.0,COMPLETE,
42225.0,diamonds,4.0,28.0,0.0010647125309333,2022-10-29 00:12:41.944495,2022-10-29 00:15:28.444797,0 days 00:02:46.500302,428.0,3.0,17.0,constant,matern1.5,,0.0003593024161973,512.0,69.0,True,kmeans,62.0,COMPLETE,
42225.0,diamonds,4.0,29.0,0.0011354445014148,2022-10-29 00:15:28.445425,2022-10-29 00:17:05.369909,0 days 00:01:36.924484,176.0,4.0,14.0,constant,matern1.5,,0.0012658480851802,2048.0,88.0,True,kmeans,64.0,COMPLETE,
42225.0,diamonds,4.0,30.0,0.0011058924719691,2022-10-29 00:17:05.370489,2022-10-29 00:21:30.383884,0 days 00:04:25.013395,308.0,2.0,19.0,constant,matern1.5,,0.000598592860915,512.0,138.0,True,kmeans,101.0,COMPLETE,
42225.0,diamonds,4.0,31.0,0.0010644572321325,2022-10-29 00:21:30.384453,2022-10-29 00:22:43.209882,0 days 00:01:12.825429,555.0,3.0,17.0,constant,matern0.5,,0.0055296056208482,512.0,60.0,True,kmeans,24.0,COMPLETE,
42225.0,diamonds,4.0,32.0,0.0010374214034527,2022-10-29 00:22:43.210464,2022-10-29 00:24:21.526296,0 days 00:01:38.315832,400.0,3.0,16.0,constant,matern1.5,,0.0132139297528498,512.0,245.0,True,kmeans,30.0,COMPLETE,
42225.0,diamonds,4.0,33.0,0.0011603347957134,2022-10-29 00:24:21.526892,2022-10-29 00:25:10.477559,0 days 00:00:48.950667,401.0,3.0,19.0,constant,matern1.5,,0.0131119398137994,512.0,223.0,True,kmeans,12.0,COMPLETE,
42225.0,diamonds,4.0,34.0,0.0010586543940007,2022-10-29 00:25:10.478109,2022-10-29 00:26:43.473999,0 days 00:01:32.995890,509.0,3.0,15.0,linear,matern1.5,,0.0023850795091843,512.0,95.0,True,kmeans,31.0,COMPLETE,
42225.0,diamonds,4.0,35.0,0.0010609235614538,2022-10-29 00:26:43.474620,2022-10-29 00:27:51.027874,0 days 00:01:07.553254,195.0,4.0,15.0,constant,matern1.5,,0.0047831993873347,512.0,144.0,True,kmeans,20.0,COMPLETE,
42225.0,diamonds,4.0,36.0,0.0011836647754535,2022-10-29 00:27:51.028434,2022-10-29 00:29:20.800170,0 days 00:01:29.771736,369.0,2.0,18.0,constant,matern1.5,,0.0400538075909281,512.0,235.0,True,kmeans,28.0,COMPLETE,
42225.0,diamonds,4.0,37.0,0.0010605857241898,2022-10-29 00:29:20.800733,2022-10-29 00:32:34.802384,0 days 00:03:14.001651,291.0,3.0,17.0,linear,matern1.5,,0.0032418645346362,512.0,445.0,True,kmeans,58.0,COMPLETE,
42225.0,diamonds,4.0,38.0,0.0011015468044206,2022-10-29 00:32:34.802964,2022-10-29 00:35:59.671555,0 days 00:03:24.868591,64.0,2.0,12.0,constant,matern1.5,,0.0012462064731474,1024.0,80.0,True,kmeans,123.0,COMPLETE,
42225.0,diamonds,4.0,39.0,0.0016072302823886,2022-10-29 00:35:59.672141,2022-10-29 00:36:34.808031,0 days 00:00:35.135890,497.0,3.0,19.0,linear,matern0.5,,0.0064333542783126,2048.0,59.0,True,kmeans,19.0,COMPLETE,
42225.0,diamonds,4.0,40.0,0.0011864106636494,2022-10-29 00:36:34.808631,2022-10-29 00:37:27.559962,0 days 00:00:52.751331,208.0,4.0,16.0,constant,matern1.5,,0.0263443032090383,512.0,110.0,False,kmeans,16.0,COMPLETE,
42225.0,diamonds,4.0,41.0,0.0010722377337515,2022-10-29 00:37:27.560533,2022-10-29 00:38:46.411421,0 days 00:01:18.850888,445.0,3.0,16.0,constant,matern1.5,,0.0116866742965605,512.0,376.0,True,kmeans,21.0,COMPLETE,
42225.0,diamonds,4.0,42.0,0.0010853358544409,2022-10-29 00:38:46.411989,2022-10-29 00:39:40.919997,0 days 00:00:54.508008,385.0,3.0,13.0,constant,matern0.5,,0.0090194280066544,512.0,253.0,True,random,16.0,COMPLETE,
42225.0,diamonds,4.0,43.0,0.0010766081977635,2022-10-29 00:39:40.920580,2022-10-29 00:40:38.988576,0 days 00:00:58.067996,906.0,3.0,15.0,constant,matern1.5,,0.004248301265556,512.0,150.0,True,kmeans,16.0,COMPLETE,
42225.0,diamonds,4.0,44.0,0.0010393589036539,2022-10-29 00:40:38.989180,2022-10-29 00:43:16.994138,0 days 00:02:38.004958,661.0,3.0,20.0,constant,rbf,,0.0022205941721761,512.0,751.0,True,random,49.0,COMPLETE,
42225.0,diamonds,4.0,45.0,0.0010482817888259,2022-10-29 00:43:16.994746,2022-10-29 00:45:13.037540,0 days 00:01:56.042794,668.0,3.0,20.0,constant,matern1.5,,0.0023320519114444,1024.0,705.0,True,kmeans,38.0,COMPLETE,
42225.0,diamonds,4.0,46.0,0.0010904821101576,2022-10-29 00:45:13.038097,2022-10-29 00:46:50.933856,0 days 00:01:37.895759,789.0,3.0,20.0,constant,rbf,,0.0014264358541146,512.0,767.0,True,random,28.0,COMPLETE,
42225.0,diamonds,4.0,47.0,0.0010274441447108,2022-10-29 00:46:50.934441,2022-10-29 00:51:41.917201,0 days 00:04:50.982760,546.0,5.0,19.0,linear,matern0.5,,0.0005213540966571,512.0,1537.0,False,kmeans,44.0,COMPLETE,
42225.0,diamonds,4.0,48.0,0.0011075164657086,2022-10-29 00:51:41.917765,2022-10-29 00:57:06.618175,0 days 00:05:24.700410,542.0,5.0,19.0,linear,matern0.5,,0.0002061380641448,512.0,1417.0,False,random,71.0,COMPLETE,
42225.0,diamonds,4.0,49.0,0.0014238849980756,2022-10-29 00:57:06.618784,2022-10-29 01:00:09.755856,0 days 00:03:03.137072,682.0,5.0,7.0,linear,matern0.5,,0.0006608131991967,2048.0,1671.0,False,kmeans,41.0,COMPLETE,
42225.0,diamonds,4.0,50.0,0.0011259019374847,2022-10-29 01:00:09.756501,2022-10-29 01:03:43.356255,0 days 00:03:33.599754,610.0,4.0,2.0,linear,matern0.5,,0.0004491776828892,1024.0,1081.0,False,random,91.0,COMPLETE,
42225.0,diamonds,4.0,51.0,0.0010726756881922,2022-10-29 01:03:43.356865,2022-10-29 01:07:44.534038,0 days 00:04:01.177173,543.0,5.0,18.0,linear,matern0.5,,0.003472123652781,512.0,1288.0,False,kmeans,41.0,COMPLETE,
42225.0,diamonds,4.0,52.0,0.0012747910805046,2022-10-29 01:07:44.534619,2022-10-29 01:09:56.968964,0 days 00:02:12.434345,252.0,3.0,20.0,linear,rbf,,0.0010173138259894,512.0,763.0,False,kmeans,32.0,COMPLETE,
42225.0,diamonds,4.0,53.0,0.0010917622130364,2022-10-29 01:09:56.969539,2022-10-29 01:18:08.886522,0 days 00:08:11.916983,480.0,4.0,18.0,constant,rbf,,0.0002536114015452,512.0,1988.0,False,kmeans,68.0,COMPLETE,
42225.0,diamonds,4.0,54.0,0.0010502797085791,2022-10-29 01:18:08.887126,2022-10-29 01:19:32.114016,0 days 00:01:23.226890,309.0,3.0,17.0,constant,matern0.5,,0.0022069711218889,512.0,430.0,True,kmeans,22.0,COMPLETE,
42225.0,diamonds,4.0,55.0,0.0010653589852154,2022-10-29 01:19:32.114605,2022-10-29 01:21:10.473652,0 days 00:01:38.359047,634.0,3.0,19.0,constant,matern1.5,,0.0009450140164537,512.0,63.0,True,kmeans,34.0,COMPLETE,
42225.0,diamonds,4.0,56.0,0.0010414869757369,2022-10-29 01:21:10.474207,2022-10-29 01:22:49.468115,0 days 00:01:38.993908,459.0,4.0,18.0,constant,rbf,,0.0067444547509877,512.0,642.0,True,random,29.0,COMPLETE,
42225.0,diamonds,4.0,57.0,0.0011634692782536,2022-10-29 01:22:49.468680,2022-10-29 01:24:11.018587,0 days 00:01:21.549907,578.0,5.0,20.0,linear,rbf,,0.0168839916430075,512.0,660.0,False,random,23.0,COMPLETE,
42225.0,diamonds,4.0,58.0,0.0010743208695203,2022-10-29 01:24:11.019160,2022-10-29 01:25:31.895240,0 days 00:01:20.876080,459.0,4.0,19.0,constant,rbf,,0.0062747666284798,512.0,968.0,True,random,20.0,COMPLETE,
42225.0,diamonds,4.0,59.0,0.0011062551056966,2022-10-29 01:25:31.895831,2022-10-29 01:31:15.605787,0 days 00:05:43.709956,752.0,5.0,17.0,constant,rbf,,0.0001255180549553,512.0,519.0,True,random,118.0,COMPLETE,
42225.0,diamonds,4.0,60.0,0.0012806631857529,2022-10-29 01:31:15.606376,2022-10-29 01:32:18.162118,0 days 00:01:02.555742,418.0,4.0,18.0,constant,rbf,,0.0075711599122253,2048.0,1238.0,True,random,29.0,COMPLETE,
42225.0,diamonds,4.0,61.0,0.0010485732927918,2022-10-29 01:32:18.162721,2022-10-29 01:33:34.736607,0 days 00:01:16.573886,332.0,3.0,16.0,constant,rbf,,0.0038149199289565,512.0,50.0,True,random,29.0,COMPLETE,
42225.0,diamonds,4.0,62.0,0.0010383991757407,2022-10-29 01:33:34.737206,2022-10-29 01:35:46.123127,0 days 00:02:11.385921,526.0,3.0,18.0,constant,matern1.5,,0.0027487540958351,512.0,869.0,True,random,35.0,COMPLETE,
42225.0,diamonds,4.0,63.0,0.0010443708160892,2022-10-29 01:35:46.123720,2022-10-29 01:37:54.382925,0 days 00:02:08.259205,538.0,3.0,20.0,constant,matern1.5,,0.0017407999511478,512.0,797.0,True,random,35.0,COMPLETE,
42225.0,diamonds,4.0,64.0,0.0010530101135373,2022-10-29 01:37:54.383509,2022-10-29 01:40:06.378072,0 days 00:02:11.994563,508.0,4.0,19.0,constant,rbf,,0.010482086531174,512.0,1539.0,True,random,25.0,COMPLETE,
42225.0,diamonds,4.0,65.0,0.0010464813094586,2022-10-29 01:40:06.378675,2022-10-29 01:42:09.445220,0 days 00:02:03.066545,581.0,3.0,17.0,constant,matern1.5,,0.0230039324171252,512.0,939.0,True,random,32.0,COMPLETE,
42225.0,diamonds,4.0,66.0,0.0010244932491332,2022-10-29 01:42:09.445811,2022-10-29 01:43:39.430976,0 days 00:01:29.985165,451.0,3.0,18.0,constant,matern0.5,,0.0027738033245042,512.0,626.0,True,random,26.0,COMPLETE,
42225.0,diamonds,4.0,67.0,0.0010148930596187,2022-10-29 01:43:39.431555,2022-10-29 01:46:11.110954,0 days 00:02:31.679399,397.0,3.0,9.0,constant,matern0.5,,0.002845179073304,512.0,860.0,True,random,43.0,COMPLETE,
42225.0,diamonds,4.0,68.0,0.001038120361045,2022-10-29 01:46:11.111544,2022-10-29 01:48:02.333540,0 days 00:01:51.221996,397.0,3.0,10.0,constant,matern0.5,,0.0029544695240791,512.0,1145.0,False,random,27.0,COMPLETE,
42225.0,diamonds,4.0,69.0,0.001109049655497,2022-10-29 01:48:02.334126,2022-10-29 01:49:11.225038,0 days 00:01:08.890912,395.0,2.0,10.0,linear,matern0.5,,0.0052533798558098,1024.0,1060.0,False,random,28.0,COMPLETE,
42225.0,diamonds,4.0,70.0,0.0010423937346786,2022-10-29 01:49:11.225629,2022-10-29 01:51:27.558816,0 days 00:02:16.333187,418.0,3.0,9.0,constant,matern0.5,,0.0014082417607024,512.0,207.0,False,random,52.0,COMPLETE,
42225.0,diamonds,4.0,71.0,0.0010374278062954,2022-10-29 01:51:27.559403,2022-10-29 01:53:17.220575,0 days 00:01:49.661172,478.0,3.0,8.0,constant,matern0.5,,0.0026519405297031,512.0,867.0,False,random,30.0,COMPLETE,
42225.0,diamonds,4.0,72.0,0.0010311612859368,2022-10-29 01:53:17.221196,2022-10-29 01:54:50.772957,0 days 00:01:33.551761,437.0,3.0,8.0,constant,matern0.5,,0.0027886018843802,512.0,1137.0,False,random,22.0,COMPLETE,
42225.0,diamonds,4.0,73.0,0.0010184053098782,2022-10-29 01:54:50.773551,2022-10-29 01:58:55.100842,0 days 00:04:04.327291,431.0,3.0,7.0,constant,matern0.5,,0.0007917722374692,512.0,1680.0,False,random,49.0,COMPLETE,
42225.0,diamonds,4.0,74.0,0.0010435367003083,2022-10-29 01:58:55.101441,2022-10-29 02:02:14.567288,0 days 00:03:19.465847,485.0,3.0,7.0,constant,matern0.5,,0.0005079823094026,512.0,1793.0,False,random,36.0,COMPLETE,
42225.0,diamonds,4.0,75.0,0.0010051225544884,2022-10-29 02:02:14.567873,2022-10-29 02:05:56.459457,0 days 00:03:41.891584,368.0,3.0,8.0,constant,matern0.5,,0.0007631348751552,512.0,1401.0,False,random,51.0,COMPLETE,
42225.0,diamonds,4.0,76.0,0.0010880583431571,2022-10-29 02:05:56.460061,2022-10-29 02:11:16.909537,0 days 00:05:20.449476,441.0,3.0,5.0,constant,matern0.5,,0.0002775980917955,512.0,1633.0,False,random,66.0,COMPLETE,
42225.0,diamonds,4.0,77.0,0.0010244431905448,2022-10-29 02:11:16.910134,2022-10-29 02:15:06.359322,0 days 00:03:49.449188,315.0,3.0,8.0,constant,matern0.5,,0.0007688255421759,512.0,1427.0,False,random,52.0,COMPLETE,
42225.0,diamonds,4.0,78.0,0.0011308735702186,2022-10-29 02:15:06.359949,2022-10-29 02:17:59.314526,0 days 00:02:52.954577,319.0,3.0,8.0,constant,matern0.5,,0.0005598706682735,2048.0,1414.0,False,random,85.0,COMPLETE,
42225.0,diamonds,4.0,79.0,0.0010334143880754,2022-10-29 02:17:59.315194,2022-10-29 02:20:58.191755,0 days 00:02:58.876561,282.0,3.0,9.0,constant,matern0.5,,0.0008394729809637,512.0,1198.0,False,random,45.0,COMPLETE,
42225.0,diamonds,4.0,80.0,0.0010939289350062,2022-10-29 02:20:58.192350,2022-10-29 02:24:47.074055,0 days 00:03:48.881705,360.0,2.0,7.0,linear,matern0.5,,0.0010728990390008,512.0,1844.0,False,random,42.0,COMPLETE,
42225.0,diamonds,4.0,81.0,0.0010223146528005,2022-10-29 02:24:47.074649,2022-10-29 02:28:17.316595,0 days 00:03:30.241946,280.0,3.0,9.0,constant,matern0.5,,0.0008068652962472,512.0,1208.0,False,random,54.0,COMPLETE,
42225.0,diamonds,4.0,82.0,0.0010357799474149,2022-10-29 02:28:17.317235,2022-10-29 02:31:46.892661,0 days 00:03:29.575426,342.0,3.0,6.0,constant,matern0.5,,0.0007292516563079,512.0,1482.0,False,random,46.0,COMPLETE,
42225.0,diamonds,4.0,83.0,0.0011199808213859,2022-10-29 02:31:46.893290,2022-10-29 02:35:30.899245,0 days 00:03:44.005955,214.0,3.0,8.0,constant,matern0.5,,0.0003539434308026,512.0,1262.0,False,random,57.0,COMPLETE,
42225.0,diamonds,4.0,84.0,0.0010300253052264,2022-10-29 02:35:30.899826,2022-10-29 02:39:04.643634,0 days 00:03:33.743808,260.0,3.0,11.0,constant,matern0.5,,0.0007686136454894,512.0,1352.0,False,random,50.0,COMPLETE,
42225.0,diamonds,4.0,85.0,0.0010197414085268,2022-10-29 02:39:04.644234,2022-10-29 02:43:34.096992,0 days 00:04:29.452758,262.0,3.0,11.0,constant,matern0.5,,0.0006951163881031,512.0,1616.0,False,random,57.0,COMPLETE,
42225.0,diamonds,4.0,86.0,0.0011192031670361,2022-10-29 02:43:34.097577,2022-10-29 02:48:32.392733,0 days 00:04:58.295156,123.0,3.0,9.0,constant,matern0.5,,0.0004644568550746,512.0,1644.0,False,random,62.0,COMPLETE,
42225.0,diamonds,4.0,87.0,0.0010400547180324,2022-10-29 02:48:32.393367,2022-10-29 02:53:30.479424,0 days 00:04:58.086057,240.0,3.0,12.0,constant,matern0.5,,0.0005877105266688,512.0,1792.0,False,random,59.0,COMPLETE,
42225.0,diamonds,4.0,88.0,0.0010224794968962,2022-10-29 02:53:30.480117,2022-10-29 02:55:35.633504,0 days 00:02:05.153387,284.0,3.0,6.0,constant,matern0.5,,0.0011829645457292,1024.0,1044.0,False,random,55.0,COMPLETE,
42225.0,diamonds,4.0,89.0,0.0010943643283098,2022-10-29 02:55:35.634092,2022-10-29 02:57:02.268204,0 days 00:01:26.634112,286.0,3.0,6.0,constant,matern0.5,,0.0012122372795085,1024.0,1083.0,False,random,36.0,COMPLETE,
42225.0,diamonds,4.0,90.0,0.0010634327773004,2022-10-29 02:57:02.268813,2022-10-29 02:59:26.824941,0 days 00:02:24.556128,161.0,3.0,3.0,constant,matern0.5,,0.0011047781414174,1024.0,1035.0,False,random,64.0,COMPLETE,
42225.0,diamonds,4.0,91.0,0.0010290009668096,2022-10-29 02:59:26.825551,2022-10-29 03:03:18.092176,0 days 00:03:51.266625,376.0,3.0,5.0,constant,matern0.5,,0.000621863125547,1024.0,1358.0,False,random,88.0,COMPLETE,
42225.0,diamonds,4.0,92.0,0.0010345561895519,2022-10-29 03:03:18.092768,2022-10-29 03:06:27.709874,0 days 00:03:09.617106,228.0,3.0,6.0,constant,matern0.5,,0.0008872472451594,1024.0,1506.0,False,random,67.0,COMPLETE,
42225.0,diamonds,4.0,93.0,0.0010650663170963,2022-10-29 03:06:27.710459,2022-10-29 03:12:51.010010,0 days 00:06:23.299551,305.0,3.0,7.0,constant,matern0.5,,0.000322930703664,1024.0,1901.0,False,random,114.0,COMPLETE,
42225.0,diamonds,4.0,94.0,0.0010535956826061,2022-10-29 03:12:51.010593,2022-10-29 03:18:23.836942,0 days 00:05:32.826349,349.0,3.0,11.0,linear,matern0.5,,0.0004253164987552,512.0,1605.0,False,random,69.0,COMPLETE,
42225.0,diamonds,4.0,95.0,0.0010952411685138,2022-10-29 03:18:23.837529,2022-10-29 03:20:01.370558,0 days 00:01:37.533029,270.0,3.0,9.0,constant,matern0.5,,0.0006906295026335,512.0,978.0,False,random,26.0,COMPLETE,
42225.0,diamonds,4.0,96.0,0.0010411110706627,2022-10-29 03:20:01.371172,2022-10-29 03:22:14.540632,0 days 00:02:13.169460,319.0,3.0,10.0,constant,matern0.5,,0.0018383637046669,512.0,1301.0,False,random,30.0,COMPLETE,
42225.0,diamonds,4.0,97.0,0.0013095512986183,2022-10-29 03:22:14.541256,2022-10-29 03:24:04.467507,0 days 00:01:49.926251,197.0,3.0,5.0,constant,matern0.5,,0.0005265453536253,2048.0,872.0,False,random,69.0,COMPLETE,
42225.0,diamonds,4.0,98.0,0.0010421173647046,2022-10-29 03:24:04.468113,2022-10-29 03:26:43.524939,0 days 00:02:39.056826,375.0,3.0,7.0,constant,matern0.5,,0.0008847656355537,512.0,1737.0,False,random,29.0,COMPLETE,
42225.0,diamonds,4.0,99.0,0.001040092902258,2022-10-29 03:26:43.525541,2022-10-29 03:29:30.839356,0 days 00:02:47.313815,229.0,3.0,10.0,linear,matern0.5,,0.0007595828938023,1024.0,1468.0,False,random,60.0,COMPLETE,
42225.0,diamonds,5.0,0.0,0.0011116256937384605,2022-10-29 03:41:13.855490,2022-10-29 03:42:29.872306,0 days 00:01:16.016816,1024.0,4.0,2.0,constant,rbf,,0.01,1024.0,1000.0,False,random,32.0,COMPLETE,"{'n_max': 1024, 'n_layers': 4, 'n_out': 2, 'mean_type': 'constant', 'kernel_type': 'rbf', 'lr': 0.01, 'num_inducing': 1000, 'initialize_fe': False, 'params_minit': 'random'}"
42225.0,diamonds,5.0,1.0,0.0010290220379829407,2022-10-29 03:42:29.872889,2022-10-29 03:45:13.771220,0 days 00:02:43.898331,919.0,4.0,16.0,constant,rbf,,0.0002796858837299278,512.0,67.0,False,random,67.0,COMPLETE,
42225.0,diamonds,5.0,2.0,0.0010433353018015623,2022-10-29 03:45:13.771775,2022-10-29 03:47:44.687782,0 days 00:02:30.916007,357.0,4.0,11.0,constant,matern1.5,,0.0004047147556143995,512.0,129.0,False,random,57.0,COMPLETE,
42225.0,diamonds,5.0,3.0,0.0012826711172237992,2022-10-29 03:47:44.688329,2022-10-29 03:49:35.046026,0 days 00:01:50.357697,281.0,5.0,13.0,constant,matern1.5,,0.00045532495939655846,2048.0,145.0,False,kmeans,72.0,COMPLETE,
42225.0,diamonds,5.0,4.0,0.0012269580038264394,2022-10-29 03:49:35.046588,2022-10-29 03:51:37.471017,0 days 00:02:02.424429,824.0,2.0,20.0,linear,matern0.5,,0.0023291697705393535,2048.0,1160.0,False,kmeans,38.0,COMPLETE,
42225.0,diamonds,5.0,5.0,0.001145819085650146,2022-10-29 03:51:37.471581,2022-10-29 03:52:46.867306,0 days 00:01:09.395725,790.0,3.0,11.0,constant,matern1.5,,0.003415700621109689,2048.0,1194.0,False,random,34.0,COMPLETE,
42225.0,diamonds,5.0,6.0,0.0018417565152049065,2022-10-29 03:52:46.867865,2022-10-29 03:53:16.038645,0 days 00:00:29.170780,696.0,2.0,5.0,constant,matern1.5,,0.028808392427500492,2048.0,56.0,True,kmeans,15.0,COMPLETE,
42225.0,diamonds,5.0,7.0,0.0011133519001305103,2022-10-29 03:53:16.039229,2022-10-29 03:55:37.435844,0 days 00:02:21.396615,602.0,2.0,7.0,constant,matern1.5,,0.0018447319344564244,1024.0,858.0,False,kmeans,45.0,COMPLETE,
42225.0,diamonds,5.0,8.0,0.0010690137278288603,2022-10-29 03:55:37.436409,2022-10-29 03:57:28.391519,0 days 00:01:50.955110,567.0,2.0,11.0,constant,matern1.5,,0.00362730364697373,512.0,169.0,False,kmeans,39.0,COMPLETE,
42225.0,diamonds,5.0,9.0,0.024590980261564255,2022-10-29 03:57:28.392117,2022-10-29 03:58:04.437446,0 days 00:00:36.045329,992.0,5.0,10.0,linear,matern1.5,,0.06001781680163576,1024.0,848.0,False,random,12.0,COMPLETE,
42225.0,diamonds,5.0,10.0,0.0012429303023964167,2022-10-29 03:58:04.438008,2022-10-29 04:04:29.555221,0 days 00:06:25.117213,82.0,3.0,18.0,linear,rbf,,0.00019533103307659258,512.0,62.0,True,random,172.0,COMPLETE,
42225.0,diamonds,5.0,11.0,0.0010400996543467045,2022-10-29 04:04:29.555769,2022-10-29 04:07:59.170120,0 days 00:03:29.614351,343.0,4.0,15.0,constant,rbf,,0.00044216947785802514,512.0,120.0,True,random,88.0,COMPLETE,
42225.0,diamonds,5.0,12.0,0.0010989818256348372,2022-10-29 04:07:59.170685,2022-10-29 04:13:53.790828,0 days 00:05:54.620143,377.0,4.0,16.0,constant,rbf,,0.00014163317613231729,512.0,331.0,True,random,142.0,COMPLETE,
42225.0,diamonds,5.0,13.0,0.0011404892429709435,2022-10-29 04:13:53.791383,2022-10-29 04:16:21.439896,0 days 00:02:27.648513,193.0,4.0,15.0,constant,rbf,,0.0006777739903052696,512.0,86.0,True,random,61.0,COMPLETE,
42225.0,diamonds,5.0,14.0,0.0033233347348868847,2022-10-29 04:16:21.440466,2022-10-29 04:16:44.731109,0 days 00:00:23.290643,460.0,5.0,15.0,linear,rbf,,0.00010168127863963038,512.0,262.0,True,random,3.0,COMPLETE,
42225.0,diamonds,5.0,15.0,0.001086323638446629,2022-10-29 04:16:44.731663,2022-10-29 04:17:48.471331,0 days 00:01:03.739668,867.0,3.0,20.0,constant,matern0.5,,0.0008987112934680164,512.0,95.0,True,random,21.0,COMPLETE,
42225.0,diamonds,5.0,16.0,0.0011067839805036783,2022-10-29 04:17:48.471884,2022-10-29 04:21:39.269660,0 days 00:03:50.797776,454.0,4.0,18.0,constant,rbf,,0.00020223267488341076,512.0,394.0,True,random,88.0,COMPLETE,
42225.0,diamonds,5.0,17.0,0.0010502729564905167,2022-10-29 04:21:39.270246,2022-10-29 04:24:00.571009,0 days 00:02:21.300763,663.0,3.0,14.0,constant,rbf,,0.001202348539811201,512.0,210.0,True,random,55.0,COMPLETE,
42225.0,diamonds,5.0,18.0,0.0010676427045837045,2022-10-29 04:24:00.571578,2022-10-29 04:29:20.453067,0 days 00:05:19.881489,254.0,5.0,17.0,linear,rbf,,0.0003148527706137411,512.0,1972.0,False,random,62.0,COMPLETE,
42225.0,diamonds,5.0,19.0,0.0010935147292912006,2022-10-29 04:29:20.453644,2022-10-29 04:30:18.218677,0 days 00:00:57.765033,77.0,4.0,8.0,constant,matern0.5,,0.00961516879791623,1024.0,86.0,True,random,31.0,COMPLETE,
42225.0,diamonds,5.0,20.0,0.001147564616985619,2022-10-29 04:30:18.219237,2022-10-29 04:33:41.080013,0 days 00:03:22.860776,892.0,3.0,14.0,constant,rbf,,0.00026373801577366955,512.0,479.0,True,random,75.0,COMPLETE,
42225.0,diamonds,5.0,21.0,0.0010300481226295233,2022-10-29 04:33:41.080588,2022-10-29 04:36:57.109104,0 days 00:03:16.028516,384.0,4.0,12.0,constant,rbf,,0.0004830779215115741,512.0,125.0,False,random,82.0,COMPLETE,
42225.0,diamonds,5.0,22.0,0.0010495599126443267,2022-10-29 04:36:57.109678,2022-10-29 04:39:10.950342,0 days 00:02:13.840664,480.0,4.0,13.0,constant,rbf,,0.0005956641611374727,512.0,120.0,False,random,54.0,COMPLETE,
42225.0,diamonds,5.0,23.0,0.0010704485466703773,2022-10-29 04:39:10.950926,2022-10-29 04:40:25.959151,0 days 00:01:15.008225,365.0,4.0,17.0,constant,rbf,,0.0012689296956516875,512.0,52.0,False,random,29.0,COMPLETE,
42225.0,diamonds,5.0,24.0,0.001039228169247508,2022-10-29 04:40:25.959718,2022-10-29 04:41:57.547108,0 days 00:01:31.587390,191.0,5.0,13.0,constant,rbf,,0.00622324272139447,512.0,74.0,False,random,36.0,COMPLETE,
42225.0,diamonds,5.0,25.0,0.0011128352489322424,2022-10-29 04:41:57.547659,2022-10-29 04:42:53.835533,0 days 00:00:56.287874,162.0,5.0,9.0,constant,rbf,,0.009684541112158907,512.0,74.0,False,random,20.0,COMPLETE,
42225.0,diamonds,5.0,26.0,0.0010970808798447251,2022-10-29 04:42:53.836103,2022-10-29 04:43:37.910523,0 days 00:00:44.074420,179.0,5.0,12.0,constant,matern0.5,,0.0053364593103615195,512.0,197.0,False,random,13.0,COMPLETE,
42225.0,diamonds,5.0,27.0,0.001723713707178831,2022-10-29 04:43:37.911096,2022-10-29 04:44:31.356981,0 days 00:00:53.445885,256.0,5.0,6.0,linear,rbf,,0.025113684941506162,2048.0,67.0,False,kmeans,37.0,COMPLETE,
42225.0,diamonds,5.0,28.0,0.001096086809411645,2022-10-29 04:44:31.357540,2022-10-29 04:45:12.987529,0 days 00:00:41.629989,508.0,5.0,13.0,constant,rbf,,0.00593107136318353,512.0,104.0,False,random,13.0,COMPLETE,
42225.0,diamonds,5.0,29.0,0.001362266018986702,2022-10-29 04:45:12.988083,2022-10-29 04:45:37.406866,0 days 00:00:24.418783,1017.0,4.0,9.0,constant,rbf,,0.02378131019723334,1024.0,51.0,False,random,11.0,COMPLETE,
42225.0,diamonds,5.0,30.0,0.0011143663432449102,2022-10-29 04:45:37.407449,2022-10-29 04:46:41.743925,0 days 00:01:04.336476,741.0,3.0,3.0,constant,rbf,,0.0017401621873640433,1024.0,74.0,False,random,40.0,COMPLETE,
42225.0,diamonds,5.0,31.0,0.0010461828205734491,2022-10-29 04:46:41.744496,2022-10-29 04:48:59.869215,0 days 00:02:18.124719,337.0,4.0,16.0,constant,rbf,,0.0007392695486932339,512.0,115.0,False,random,57.0,COMPLETE,
42225.0,diamonds,5.0,32.0,0.0010447291424497962,2022-10-29 04:48:59.869776,2022-10-29 04:52:07.270849,0 days 00:03:07.401073,403.0,4.0,12.0,constant,rbf,,0.0003933085967629292,512.0,134.0,False,random,78.0,COMPLETE,
42225.0,diamonds,5.0,33.0,0.0011287053348496556,2022-10-29 04:52:07.271409,2022-10-29 04:53:46.420693,0 days 00:01:39.149284,326.0,4.0,15.0,constant,rbf,,0.00047108428259636317,512.0,164.0,False,random,39.0,COMPLETE,
42225.0,diamonds,5.0,34.0,0.0010628609452396631,2022-10-29 04:53:46.421296,2022-10-29 04:58:23.833410,0 days 00:04:37.412114,293.0,5.0,14.0,constant,rbf,,0.00021482787236041105,512.0,89.0,False,random,118.0,COMPLETE,
42225.0,diamonds,5.0,35.0,0.0011549086775630713,2022-10-29 04:58:23.833969,2022-10-29 05:05:07.847182,0 days 00:06:44.013213,426.0,4.0,12.0,constant,matern0.5,,0.00011669292278590224,2048.0,142.0,False,kmeans,284.0,COMPLETE,
42225.0,diamonds,5.0,36.0,0.0010613398626446724,2022-10-29 05:05:07.847766,2022-10-29 05:06:44.940226,0 days 00:01:37.092460,135.0,4.0,19.0,constant,rbf,,0.002466147237735722,512.0,262.0,False,random,37.0,COMPLETE,
42225.0,diamonds,5.0,37.0,0.0013857204467058182,2022-10-29 05:06:44.940826,2022-10-29 05:07:50.825492,0 days 00:01:05.884666,219.0,3.0,10.0,linear,rbf,,0.014142437905692716,2048.0,72.0,True,kmeans,44.0,COMPLETE,
42225.0,diamonds,5.0,38.0,0.0010217060334980488,2022-10-29 05:07:50.826073,2022-10-29 05:09:15.926798,0 days 00:01:25.100725,598.0,5.0,16.0,constant,matern1.5,,0.005165165059324203,512.0,108.0,False,random,29.0,COMPLETE,
42225.0,diamonds,5.0,39.0,0.0010440109763294458,2022-10-29 05:09:15.927367,2022-10-29 05:10:55.377462,0 days 00:01:39.450095,939.0,5.0,17.0,constant,matern1.5,,0.005517847000392347,512.0,575.0,False,kmeans,23.0,COMPLETE,
42225.0,diamonds,5.0,40.0,0.001050674356520176,2022-10-29 05:10:55.378037,2022-10-29 05:12:08.755638,0 days 00:01:13.377601,630.0,5.0,16.0,constant,matern1.5,,0.0034072035126030934,1024.0,60.0,False,random,41.0,COMPLETE,
42225.0,diamonds,5.0,41.0,0.0011265682987868786,2022-10-29 05:12:08.756191,2022-10-29 05:12:48.849178,0 days 00:00:40.092987,731.0,5.0,14.0,constant,matern1.5,,0.007215794062333831,512.0,110.0,False,random,11.0,COMPLETE,
42225.0,diamonds,5.0,42.0,0.0010947936680167913,2022-10-29 05:12:48.849737,2022-10-29 05:13:52.768318,0 days 00:01:03.918581,525.0,4.0,13.0,constant,matern1.5,,0.014913557316692663,512.0,164.0,False,random,21.0,COMPLETE,
42225.0,diamonds,5.0,43.0,0.0010431992122903466,2022-10-29 05:13:52.768918,2022-10-29 05:15:03.852258,0 days 00:01:11.083340,557.0,5.0,18.0,constant,matern1.5,,0.004163544302396346,512.0,80.0,False,random,24.0,COMPLETE,
42225.0,diamonds,5.0,44.0,0.001030868967063725,2022-10-29 05:15:03.852851,2022-10-29 05:16:35.134128,0 days 00:01:31.281277,300.0,4.0,15.0,constant,matern1.5,,0.002187912316536996,512.0,205.0,False,random,32.0,COMPLETE,
42225.0,diamonds,5.0,45.0,0.0010374643607065082,2022-10-29 05:16:35.134728,2022-10-29 05:17:48.375838,0 days 00:01:13.241110,811.0,5.0,11.0,constant,matern1.5,,0.0023541171378524376,512.0,209.0,False,random,23.0,COMPLETE,
42225.0,diamonds,5.0,46.0,0.0017371984431520104,2022-10-29 05:17:48.376441,2022-10-29 05:18:37.291854,0 days 00:00:48.915413,775.0,4.0,11.0,linear,matern1.5,,0.0020041452649091672,2048.0,212.0,False,random,32.0,COMPLETE,
42225.0,diamonds,5.0,47.0,0.0010988598223775625,2022-10-29 05:18:37.292451,2022-10-29 05:20:37.527050,0 days 00:02:00.234599,853.0,2.0,10.0,constant,matern1.5,,0.0012938609862494237,512.0,260.0,False,random,45.0,COMPLETE,
42225.0,diamonds,5.0,48.0,0.001056638895533979,2022-10-29 05:20:37.527618,2022-10-29 05:22:07.095593,0 days 00:01:29.567975,960.0,3.0,16.0,constant,matern1.5,,0.0028106515983428765,512.0,181.0,False,kmeans,29.0,COMPLETE,
42225.0,diamonds,5.0,49.0,0.0010074875317513943,2022-10-29 05:22:07.096170,2022-10-29 05:24:06.696340,0 days 00:01:59.600170,823.0,4.0,19.0,constant,matern1.5,,0.000941124268123124,512.0,307.0,False,random,41.0,COMPLETE,
42225.0,diamonds,5.0,50.0,0.0011956417001783848,2022-10-29 05:24:06.696952,2022-10-29 05:26:29.784702,0 days 00:02:23.087750,610.0,4.0,19.0,linear,matern1.5,,0.0009419374913768136,512.0,317.0,False,random,50.0,COMPLETE,
42225.0,diamonds,5.0,51.0,0.0010380320018157363,2022-10-29 05:26:29.785300,2022-10-29 05:28:09.326966,0 days 00:01:39.541666,810.0,4.0,19.0,constant,matern1.5,,0.001405603252415313,512.0,236.0,False,random,34.0,COMPLETE,
42225.0,diamonds,5.0,52.0,0.0010352234821766615,2022-10-29 05:28:09.327545,2022-10-29 05:30:09.314036,0 days 00:01:59.986491,919.0,4.0,20.0,constant,matern1.5,,0.0008839726027706517,512.0,347.0,False,random,40.0,COMPLETE,
42225.0,diamonds,5.0,53.0,0.0010342015884816647,2022-10-29 05:30:09.314615,2022-10-29 05:32:07.294915,0 days 00:01:57.980300,913.0,4.0,19.0,constant,matern1.5,,0.0005701720141022278,512.0,367.0,False,random,39.0,COMPLETE,
42225.0,diamonds,5.0,54.0,0.0010461206547915936,2022-10-29 05:32:07.295493,2022-10-29 05:35:06.475276,0 days 00:02:59.179783,870.0,4.0,18.0,constant,matern1.5,,0.0003301557163364398,512.0,413.0,False,random,61.0,COMPLETE,
42225.0,diamonds,5.0,55.0,0.0010377835715189576,2022-10-29 05:35:06.475872,2022-10-29 05:37:11.130555,0 days 00:02:04.654683,990.0,4.0,20.0,constant,matern1.5,,0.0005399685345761259,512.0,450.0,False,random,40.0,COMPLETE,
42225.0,diamonds,5.0,56.0,0.0010911518475040793,2022-10-29 05:37:11.131150,2022-10-29 05:41:17.687730,0 days 00:04:06.556580,680.0,3.0,17.0,constant,matern1.5,,0.0001719143766321317,512.0,299.0,False,random,93.0,COMPLETE,
42225.0,diamonds,5.0,57.0,0.001976064406335354,2022-10-29 05:41:17.688317,2022-10-29 05:41:46.628243,0 days 00:00:28.939926,903.0,4.0,19.0,constant,matern1.5,,0.09391972929200688,1024.0,503.0,False,random,11.0,COMPLETE,
42225.0,diamonds,5.0,58.0,0.0009961670730262995,2022-10-29 05:41:46.628834,2022-10-29 05:44:59.260088,0 days 00:03:12.631254,778.0,4.0,18.0,constant,matern0.5,,0.0003452389056879603,512.0,658.0,False,random,59.0,COMPLETE,
42225.0,diamonds,5.0,59.0,0.0010186475701630116,2022-10-29 05:44:59.260658,2022-10-29 05:47:57.201255,0 days 00:02:57.940597,774.0,4.0,16.0,constant,matern0.5,,0.00029889021628223535,512.0,943.0,False,random,49.0,COMPLETE,
42225.0,diamonds,5.0,60.0,0.011996813118457794,2022-10-29 05:47:57.201825,2022-10-29 05:48:38.696527,0 days 00:00:41.494702,759.0,3.0,17.0,linear,matern0.5,,0.00025613676359130484,2048.0,1069.0,False,kmeans,10.0,COMPLETE,
42225.0,diamonds,5.0,61.0,0.0010335855185985565,2022-10-29 05:48:38.697156,2022-10-29 05:51:23.800326,0 days 00:02:45.103170,714.0,4.0,15.0,constant,matern0.5,,0.0003470862322387604,512.0,762.0,False,random,49.0,COMPLETE,
42225.0,diamonds,5.0,62.0,0.0010281078284606338,2022-10-29 05:51:23.800925,2022-10-29 05:56:58.402489,0 days 00:05:34.601564,836.0,4.0,16.0,constant,matern0.5,,0.00014755720988315945,512.0,1495.0,False,random,72.0,COMPLETE,
42225.0,diamonds,5.0,63.0,0.0010091522708535194,2022-10-29 05:56:58.403077,2022-10-29 06:03:53.586069,0 days 00:06:55.182992,833.0,4.0,16.0,constant,matern0.5,,0.00014422962684078049,512.0,1429.0,False,random,93.0,COMPLETE,
42225.0,diamonds,5.0,64.0,0.0010616551153361797,2022-10-29 06:03:53.586691,2022-10-29 06:08:14.967105,0 days 00:04:21.380414,845.0,4.0,16.0,constant,matern0.5,,0.00015376209211695466,512.0,1422.0,False,random,57.0,COMPLETE,
42225.0,diamonds,5.0,65.0,0.0010399476159363985,2022-10-29 06:08:14.967692,2022-10-29 06:15:46.216506,0 days 00:07:31.248814,794.0,4.0,18.0,constant,matern0.5,,0.00010862509914104506,512.0,1450.0,False,random,101.0,COMPLETE,
42225.0,diamonds,5.0,66.0,0.0010595940984785557,2022-10-29 06:15:46.217129,2022-10-29 06:18:59.205370,0 days 00:03:12.988241,828.0,4.0,17.0,constant,matern0.5,,0.00025963802169798897,512.0,877.0,True,random,54.0,COMPLETE,
42225.0,diamonds,5.0,67.0,0.0010433142306283116,2022-10-29 06:18:59.205980,2022-10-29 06:26:33.794617,0 days 00:07:34.588637,650.0,4.0,16.0,constant,matern0.5,,0.00020253971446625618,512.0,1951.0,False,random,86.0,COMPLETE,
42225.0,diamonds,5.0,68.0,0.0010055287275463343,2022-10-29 06:26:33.795206,2022-10-29 06:30:48.588210,0 days 00:04:14.793004,881.0,4.0,18.0,constant,matern0.5,,0.0001379225139077208,512.0,659.0,False,random,79.0,COMPLETE,
42225.0,diamonds,5.0,69.0,0.0009855623356997967,2022-10-29 06:30:48.588812,2022-10-29 06:35:39.855128,0 days 00:04:51.266316,767.0,4.0,20.0,constant,matern0.5,,0.0001368220485829934,512.0,687.0,False,random,91.0,COMPLETE,
42225.0,diamonds,5.0,70.0,0.0010478238109499216,2022-10-29 06:35:39.855702,2022-10-29 06:40:23.717666,0 days 00:04:43.861964,705.0,4.0,20.0,constant,matern0.5,,0.0001252639424104724,1024.0,668.0,False,random,144.0,COMPLETE,
42225.0,diamonds,5.0,71.0,0.0010081627406179905,2022-10-29 06:40:23.718245,2022-10-29 06:45:36.540714,0 days 00:05:12.822469,882.0,4.0,18.0,constant,matern0.5,,0.0001433529297325041,512.0,1208.0,False,random,78.0,COMPLETE,
42225.0,diamonds,5.0,72.0,0.0010354691185057163,2022-10-29 06:45:36.541329,2022-10-29 06:49:24.761986,0 days 00:03:48.220657,879.0,4.0,18.0,constant,matern0.5,,0.00017467921434692445,512.0,969.0,False,random,63.0,COMPLETE,
42225.0,diamonds,5.0,73.0,0.0010086868423968554,2022-10-29 06:49:24.762575,2022-10-29 06:54:32.237710,0 days 00:05:07.475135,768.0,4.0,19.0,constant,matern0.5,,0.00013003282376934712,512.0,1274.0,False,random,76.0,COMPLETE,
42225.0,diamonds,5.0,74.0,0.0009942206088453531,2022-10-29 06:54:32.238327,2022-10-29 07:02:48.297505,0 days 00:08:16.059178,776.0,4.0,19.0,constant,matern0.5,,0.00010230066557302536,512.0,1240.0,False,random,126.0,COMPLETE,
42225.0,diamonds,5.0,75.0,0.0010804020566865802,2022-10-29 07:02:48.298097,2022-10-29 07:07:07.892830,0 days 00:04:19.594733,757.0,4.0,19.0,constant,matern0.5,,0.00012721607090744477,512.0,1280.0,False,random,65.0,COMPLETE,
42225.0,diamonds,5.0,76.0,0.0010156537173315883,2022-10-29 07:07:07.893436,2022-10-29 07:15:24.867334,0 days 00:08:16.973898,954.0,4.0,20.0,constant,matern0.5,,0.0001034537991270294,512.0,1619.0,False,random,100.0,COMPLETE,
42225.0,diamonds,5.0,77.0,0.0010404239874333143,2022-10-29 07:15:24.867927,2022-10-29 07:19:19.894005,0 days 00:03:55.026078,731.0,4.0,18.0,constant,matern0.5,,0.00023605180150875334,512.0,1211.0,True,random,57.0,COMPLETE,
42225.0,diamonds,5.0,78.0,0.0010145497508347034,2022-10-29 07:19:19.894587,2022-10-29 07:23:53.424300,0 days 00:04:33.529713,786.0,4.0,20.0,constant,matern0.5,,0.00017100226052742845,512.0,737.0,False,random,84.0,COMPLETE,
42225.0,diamonds,5.0,79.0,0.001039521535858512,2022-10-29 07:23:53.424924,2022-10-29 07:29:02.660022,0 days 00:05:09.235098,885.0,4.0,19.0,linear,matern0.5,,0.0001378968893227671,512.0,1091.0,False,random,80.0,COMPLETE,
42225.0,diamonds,5.0,80.0,0.0010906709358096123,2022-10-29 07:29:02.660615,2022-10-29 07:32:21.536671,0 days 00:03:18.876056,812.0,4.0,18.0,constant,matern0.5,,0.0004007672919466622,2048.0,593.0,False,kmeans,91.0,COMPLETE,
42225.0,diamonds,5.0,81.0,0.0010020006448030472,2022-10-29 07:32:21.537321,2022-10-29 07:36:07.125441,0 days 00:03:45.588120,794.0,4.0,20.0,constant,matern0.5,,0.00017109548074046855,512.0,758.0,False,random,68.0,COMPLETE,
42225.0,diamonds,5.0,82.0,0.001040361006744206,2022-10-29 07:36:07.126051,2022-10-29 07:39:00.645871,0 days 00:02:53.519820,860.0,4.0,20.0,constant,matern0.5,,0.000203527667503388,512.0,781.0,False,random,50.0,COMPLETE,
42225.0,diamonds,5.0,83.0,0.0010037050815299153,2022-10-29 07:39:00.646472,2022-10-29 07:46:35.584844,0 days 00:07:34.938372,686.0,4.0,19.0,constant,matern0.5,,0.0001519216556326757,512.0,1711.0,False,random,90.0,COMPLETE,
42225.0,diamonds,5.0,84.0,0.0010262703290209174,2022-10-29 07:46:35.585448,2022-10-29 07:54:13.598449,0 days 00:07:38.013001,666.0,4.0,19.0,constant,matern0.5,,0.00010346847234339089,512.0,1678.0,False,random,92.0,COMPLETE,
42225.0,diamonds,5.0,85.0,0.0010622527915984392,2022-10-29 07:54:13.599093,2022-10-29 07:57:07.288718,0 days 00:02:53.689625,691.0,4.0,19.0,constant,matern0.5,,0.0001784052647007886,512.0,585.0,False,random,56.0,COMPLETE,
42225.0,diamonds,5.0,86.0,0.0010661114938557148,2022-10-29 07:57:07.289337,2022-10-29 07:59:34.033172,0 days 00:02:26.743835,751.0,4.0,20.0,constant,matern0.5,,0.00022579009710799517,512.0,892.0,False,random,41.0,COMPLETE,
42225.0,diamonds,5.0,87.0,0.0010392735712230206,2022-10-29 07:59:34.033764,2022-10-29 08:04:15.998766,0 days 00:04:41.965002,718.0,4.0,18.0,constant,matern0.5,,0.00011763293847063695,512.0,678.0,False,random,89.0,COMPLETE,
42225.0,diamonds,5.0,88.0,0.0010516636539250612,2022-10-29 08:04:15.999345,2022-10-29 08:09:26.173247,0 days 00:05:10.173902,796.0,4.0,19.0,constant,matern0.5,,0.0001600048681341301,1024.0,1763.0,False,random,93.0,COMPLETE,
42225.0,diamonds,5.0,89.0,0.0010314517421647906,2022-10-29 08:09:26.173832,2022-10-29 08:13:15.777343,0 days 00:03:49.603511,773.0,4.0,17.0,constant,matern0.5,,0.0002815430813800708,512.0,1325.0,True,random,51.0,COMPLETE,
42225.0,diamonds,5.0,90.0,0.0011010710150003433,2022-10-29 08:13:15.777924,2022-10-29 08:16:48.729989,0 days 00:03:32.952065,924.0,3.0,20.0,constant,matern0.5,,0.00012681977339200543,512.0,534.0,False,random,72.0,COMPLETE,
42225.0,diamonds,5.0,91.0,0.0010412577539682388,2022-10-29 08:16:48.730597,2022-10-29 08:21:29.219268,0 days 00:04:40.488671,828.0,4.0,18.0,constant,matern0.5,,0.0001418702997448428,512.0,1061.0,False,random,74.0,COMPLETE,
42225.0,diamonds,5.0,92.0,0.001008958788588643,2022-10-29 08:21:29.219859,2022-10-29 08:26:25.908069,0 days 00:04:56.688210,855.0,4.0,18.0,constant,matern0.5,,0.00018707958579856242,512.0,1326.0,False,random,69.0,COMPLETE,
42225.0,diamonds,5.0,93.0,0.0013205164577811956,2022-10-29 08:26:25.908651,2022-10-29 08:33:33.127936,0 days 00:07:07.219285,858.0,4.0,2.0,constant,matern0.5,,0.0001989136152180106,512.0,1167.0,False,random,110.0,COMPLETE,
42225.0,diamonds,5.0,94.0,0.0010067489929497242,2022-10-29 08:33:33.128539,2022-10-29 08:36:28.447497,0 days 00:02:55.318958,806.0,4.0,19.0,constant,matern0.5,,0.0002344546477756823,512.0,662.0,False,random,53.0,COMPLETE,
42225.0,diamonds,5.0,95.0,0.0010126865236088634,2022-10-29 08:36:28.448116,2022-10-29 08:39:59.564938,0 days 00:03:31.116822,804.0,4.0,19.0,constant,matern0.5,,0.00023482249383805626,512.0,707.0,False,random,64.0,COMPLETE,
42225.0,diamonds,5.0,96.0,0.0010619228705763817,2022-10-29 08:39:59.565540,2022-10-29 08:44:24.433271,0 days 00:04:24.867731,898.0,4.0,20.0,constant,matern0.5,,0.00010213373492913759,512.0,820.0,False,random,77.0,COMPLETE,
42225.0,diamonds,5.0,97.0,0.0010321197332814336,2022-10-29 08:44:24.433871,2022-10-29 08:48:54.722164,0 days 00:04:30.288293,756.0,4.0,19.0,linear,matern0.5,,0.0001237781823275593,512.0,615.0,False,random,87.0,COMPLETE,
42225.0,diamonds,5.0,98.0,0.0011539905099198222,2022-10-29 08:48:54.722775,2022-10-29 08:51:30.288300,0 days 00:02:35.565525,731.0,4.0,17.0,constant,matern0.5,,0.0003329780400757857,2048.0,456.0,False,kmeans,81.0,COMPLETE,
42225.0,diamonds,5.0,99.0,0.0010160363744944334,2022-10-29 08:51:30.288931,2022-10-29 08:56:08.841671,0 days 00:04:38.552740,777.0,4.0,20.0,constant,matern0.5,,0.0001575266199278004,512.0,950.0,False,random,80.0,COMPLETE,
